Unable to add response to browser cache: [Exception... "File error: No device space"  nsresult: "0x80520010 (NS_ERROR_FILE_NO_DEVICE_SPACE)"  location: "<unknown>"  data: no]. chunk-ZSUJ56YB.js:5017:15
2026-10-04 18:51:29.855999 [I:onnxruntime:Default, device_discovery_common.cc:34 operator()] Discovered OrtHardwareDevice {vendor_id:0x0, device_id:0x0, vendor:unknown, type:0, metadata: []} d95923ea-2a75-4757-a86c-99d425e3974a:92:232
2026-10-04 18:51:30.811000 [V:onnxruntime:Default, webgpu_provider_factory.cc:158 ParseEpConfig] WebGPU EP preferred layout: 1 d95923ea-2a75-4757-a86c-99d425e3974a:92:232
2026-10-04 18:51:30.811000 [V:onnxruntime:Default, webgpu_provider_factory.cc:159 ParseEpConfig] WebGPU EP graph capture enable: 0 d95923ea-2a75-4757-a86c-99d425e3974a:92:232
2026-10-04 18:51:30.811999 [V:onnxruntime:Default, webgpu_provider_factory.cc:160 ParseEpConfig] WebGPU EP force CPU node count: 0 d95923ea-2a75-4757-a86c-99d425e3974a:92:232
2026-10-04 18:51:30.811999 [V:onnxruntime:Default, webgpu_provider_factory.cc:161 ParseEpConfig] WebGPU EP pix capture enable: 0 d95923ea-2a75-4757-a86c-99d425e3974a:92:232
2026-10-04 18:51:30.811999 [V:onnxruntime:Default, webgpu_provider_factory.cc:162 ParseEpConfig] WebGPU EP enable int64: 0 d95923ea-2a75-4757-a86c-99d425e3974a:92:232
2026-10-04 18:51:30.811999 [V:onnxruntime:Default, webgpu_provider_factory.cc:163 ParseEpConfig] WebGPU EP multi rotary cache concat offset: 0 d95923ea-2a75-4757-a86c-99d425e3974a:92:232
2026-10-04 18:51:30.813000 [V:onnxruntime:Default, webgpu_provider_factory.cc:164 ParseEpConfig] WebGPU EP session buffer pool generations: 1 d95923ea-2a75-4757-a86c-99d425e3974a:92:232
2026-10-04 18:51:30.813000 [V:onnxruntime:Default, webgpu_provider_factory.cc:283 ParseWebGpuContextConfig] WebGPU EP Device ID: 0 d95923ea-2a75-4757-a86c-99d425e3974a:92:232
2026-10-04 18:51:30.813000 [V:onnxruntime:Default, webgpu_provider_factory.cc:284 ParseWebGpuContextConfig] WebGPU EP WGPUInstance: 0 d95923ea-2a75-4757-a86c-99d425e3974a:92:232
2026-10-04 18:51:30.813000 [V:onnxruntime:Default, webgpu_provider_factory.cc:285 ParseWebGpuContextConfig] WebGPU EP WGPUDevice: 0 d95923ea-2a75-4757-a86c-99d425e3974a:92:232
2026-10-04 18:51:30.814000 [V:onnxruntime:Default, webgpu_provider_factory.cc:286 ParseWebGpuContextConfig] WebGPU EP DawnProcTable: 0 d95923ea-2a75-4757-a86c-99d425e3974a:92:232
2026-10-04 18:51:30.814000 [V:onnxruntime:Default, webgpu_provider_factory.cc:287 ParseWebGpuContextConfig] WebGPU EP ValidationMode: Basic d95923ea-2a75-4757-a86c-99d425e3974a:92:232
2026-10-04 18:51:30.814000 [V:onnxruntime:Default, webgpu_provider_factory.cc:288 ParseWebGpuContextConfig] WebGPU EP enable robustness: 0 d95923ea-2a75-4757-a86c-99d425e3974a:92:232
2026-10-04 18:51:30.814000 [V:onnxruntime:Default, webgpu_provider_factory.cc:289 ParseWebGpuContextConfig] WebGPU EP PreserveDevice: 0 d95923ea-2a75-4757-a86c-99d425e3974a:92:232
2026-10-04 18:51:30.814000 [V:onnxruntime:Default, webgpu_provider_factory.cc:290 ParseWebGpuContextConfig] WebGPU EP CompileOnly: 0 d95923ea-2a75-4757-a86c-99d425e3974a:92:232
2026-10-04 18:51:30.815000 [V:onnxruntime:Default, webgpu_provider_factory.cc:291 ParseWebGpuContextConfig] WebGPU EP max storage buffer binding size: 0 d95923ea-2a75-4757-a86c-99d425e3974a:92:232
2026-10-04 18:51:30.815000 [V:onnxruntime:Default, webgpu_provider_factory.cc:292 ParseWebGpuContextConfig] WebGPU EP max pending dispatches: 16 d95923ea-2a75-4757-a86c-99d425e3974a:92:232
2026-10-04 18:51:30.815000 [V:onnxruntime:Default, webgpu_provider_factory.cc:343 ParseWebGpuContextConfig] WebGPU EP storage buffer cache mode: Bucket d95923ea-2a75-4757-a86c-99d425e3974a:92:232
2026-10-04 18:51:30.815000 [V:onnxruntime:Default, webgpu_provider_factory.cc:344 ParseWebGpuContextConfig] WebGPU EP uniform buffer cache mode: Simple d95923ea-2a75-4757-a86c-99d425e3974a:92:232
2026-10-04 18:51:30.815999 [V:onnxruntime:Default, webgpu_provider_factory.cc:345 ParseWebGpuContextConfig] WebGPU EP query resolve buffer cache mode: Disabled d95923ea-2a75-4757-a86c-99d425e3974a:92:232
2026-10-04 18:51:30.815999 [V:onnxruntime:Default, webgpu_provider_factory.cc:346 ParseWebGpuContextConfig] WebGPU EP default buffer cache mode: Disabled d95923ea-2a75-4757-a86c-99d425e3974a:92:232
2026-10-04 18:51:30.815999 [V:onnxruntime:Default, webgpu_provider_factory.cc:348 ParseWebGpuContextConfig] WebGPU EP power preference: 2 d95923ea-2a75-4757-a86c-99d425e3974a:92:232
2026-10-04 18:51:30.815999 [V:onnxruntime:Default, webgpu_provider_factory.cc:349 ParseWebGpuContextConfig] WebGPU EP Dawn backend type: 0 d95923ea-2a75-4757-a86c-99d425e3974a:92:232
2026-10-04 18:51:31.414000 [V:onnxruntime:Default, webgpu_context.cc:213 operator()] WebGPU EP Context is created for: Instance=0x97d260, Device=0x97bad0. d95923ea-2a75-4757-a86c-99d425e3974a:92:232
2026-10-04 18:51:31.418000 [I:onnxruntime:, inference_session.cc:764 TraceSessionOptions] Session Options {  execution_mode:0 execution_order:DEFAULT enable_profiling:0 optimized_model_filepath:"" enable_mem_pattern:0 enable_mem_reuse:1 enable_cpu_mem_arena:0 profile_file_prefix: session_logid: session_log_severity_level:0 session_log_verbosity_level:1 max_num_graph_transformation_steps:10 graph_optimization_level:4 intra_op_param:OrtThreadPoolParams { thread_pool_size: 0 auto_set_affinity: 0 allow_spinning: 1 spin_duration_us: -1 spin_backoff_max: 1 dynamic_block_base_: 0 stack_size: 0 affinity_str:  set_denormal_as_zero: 0 } inter_op_param:OrtThreadPoolParams { thread_pool_size: 0 auto_set_affinity: 0 allow_spinning: 1 spin_duration_us: -1 spin_backoff_max: 1 dynamic_block_base_: 0 stack_size: 0 affinity_str:  set_denormal_as_zero: 0 } use_per_session_threads:0 thread_pool_allow_spinning:1 use_deterministic_compute:0 ep_selection_policy:0 config_options: {   session.use_ort_model_bytes_directly: 1 } } d95923ea-2a75-4757-a86c-99d425e3974a:92:232
2026-10-04 18:51:31.419000 [I:onnxruntime:, inference_session.cc:526 operator()] Flush-to-zero and denormal-as-zero are off d95923ea-2a75-4757-a86c-99d425e3974a:92:232
2026-10-04 18:51:31.419000 [I:onnxruntime:, inference_session.cc:660 ConstructorCommon] Using global/env threadpools since use_per_session_threads_ is false d95923ea-2a75-4757-a86c-99d425e3974a:92:232
2026-10-04 18:51:31.658000 [I:onnxruntime:, inference_session.cc:2610 Initialize] Initializing session. d95923ea-2a75-4757-a86c-99d425e3974a:92:232
2026-10-04 18:51:31.658000 [I:onnxruntime:, inference_session.cc:2657 Initialize] Adding default CPU execution provider. d95923ea-2a75-4757-a86c-99d425e3974a:92:232
2026-10-04 18:51:31.664999 [I:onnxruntime:, graph_partitioner.cc:1738 InlineFunctionsAOT] This model does not have any local functions defined. AOT Inlining is not performed d95923ea-2a75-4757-a86c-99d425e3974a:92:232
2026-10-04 18:51:31.758000 [I:onnxruntime:, graph_transformer.cc:15 Apply] GraphTransformer EnsureUniqueDQForNodeUnit modified: 0 with status: OK d95923ea-2a75-4757-a86c-99d425e3974a:92:232
2026-10-04 18:51:31.758000 [V:onnxruntime:, graph_transformer_mgr.cc:31 ApplyTransformers] No graph transformers registered for level 0. d95923ea-2a75-4757-a86c-99d425e3974a:92:232
2026-10-04 18:51:31.759000 [V:onnxruntime:, graph_transformer_mgr.cc:35 ApplyTransformers] Applying 16 graph transformer(s) for level 1 for up to 10 step(s). d95923ea-2a75-4757-a86c-99d425e3974a:92:232
2026-10-04 18:51:31.759000 [V:onnxruntime:, graph_transformer_mgr.cc:43 ApplyTransformers] Graph transformer step 1 of 10 for level 1 started. d95923ea-2a75-4757-a86c-99d425e3974a:92:232
2026-10-04 18:51:31.759000 [V:onnxruntime:, graph_transformer_mgr.cc:55 ApplyTransformers] Applying graph transformer Level1_RuleBasedTransformer on step 1. d95923ea-2a75-4757-a86c-99d425e3974a:92:232
2026-10-04 18:51:31.763999 [I:onnxruntime:, graph_transformer.cc:15 Apply] GraphTransformer Level1_RuleBasedTransformer modified: 1 with status: OK d95923ea-2a75-4757-a86c-99d425e3974a:92:232
2026-10-04 18:51:31.819000 [I:onnxruntime:, graph.cc:5610 CleanUnusedInitializersAndNodeArgs] Removing initializer '/model/layers.0/input_layernorm/Constant_2_output_0'. It is no longer used by any node. d95923ea-2a75-4757-a86c-99d425e3974a:92:232
2026-10-04 18:51:31.819999 [V:onnxruntime:, graph_transformer_mgr.cc:55 ApplyTransformers] Applying graph transformer DoubleQDQPairsRemover on step 1. d95923ea-2a75-4757-a86c-99d425e3974a:92:232
2026-10-04 18:51:31.822000 [I:onnxruntime:, graph_transformer.cc:15 Apply] GraphTransformer DoubleQDQPairsRemover modified: 0 with status: OK d95923ea-2a75-4757-a86c-99d425e3974a:92:232
2026-10-04 18:51:31.823000 [V:onnxruntime:, graph_transformer_mgr.cc:55 ApplyTransformers] Applying graph transformer ConstantSharing on step 1. d95923ea-2a75-4757-a86c-99d425e3974a:92:232
2026-10-04 18:51:31.826000 [I:onnxruntime:, constant_sharing.cc:248 ApplyImpl] Total shared scalar initializer count: 3 d95923ea-2a75-4757-a86c-99d425e3974a:92:232
2026-10-04 18:51:31.826000 [I:onnxruntime:, graph_transformer.cc:15 Apply] GraphTransformer ConstantSharing modified: 1 with status: OK d95923ea-2a75-4757-a86c-99d425e3974a:92:232
2026-10-04 18:51:31.898000 [V:onnxruntime:, graph_transformer_mgr.cc:55 ApplyTransformers] Applying graph transformer CommonSubexpressionElimination on step 1. d95923ea-2a75-4757-a86c-99d425e3974a:92:232
2026-10-04 18:51:31.907000 [I:onnxruntime:, graph_transformer.cc:15 Apply] GraphTransformer CommonSubexpressionElimination modified: 0 with status: OK d95923ea-2a75-4757-a86c-99d425e3974a:92:232
2026-10-04 18:51:31.907999 [V:onnxruntime:, graph_transformer_mgr.cc:55 ApplyTransformers] Applying graph transformer ConstantFolding on step 1. d95923ea-2a75-4757-a86c-99d425e3974a:92:232
2026-10-04 18:51:32.251999 [I:onnxruntime:, graph_transformer.cc:15 Apply] GraphTransformer ConstantFolding modified: 1 with status: OK d95923ea-2a75-4757-a86c-99d425e3974a:92:232
2026-10-04 18:51:32.307000 [V:onnxruntime:, graph_transformer_mgr.cc:55 ApplyTransformers] Applying graph transformer MatMulAddFusion on step 1. d95923ea-2a75-4757-a86c-99d425e3974a:92:232
2026-10-04 18:51:32.309000 [I:onnxruntime:, graph_transformer.cc:15 Apply] GraphTransformer MatMulAddFusion modified: 0 with status: OK d95923ea-2a75-4757-a86c-99d425e3974a:92:232
2026-10-04 18:51:32.309000 [V:onnxruntime:, graph_transformer_mgr.cc:55 ApplyTransformers] Applying graph transformer ReshapeFusion on step 1. d95923ea-2a75-4757-a86c-99d425e3974a:92:232
2026-10-04 18:51:32.311000 [I:onnxruntime:, reshape_fusion.cc:54 ApplyImpl] Fused reshape node: /model/layers.0/self_attn/Reshape_4_output_0 d95923ea-2a75-4757-a86c-99d425e3974a:92:232
2026-10-04 18:51:32.311000 [I:onnxruntime:, reshape_fusion.cc:54 ApplyImpl] Fused reshape node: /model/layers.0/self_attn/Reshape_6_output_0 d95923ea-2a75-4757-a86c-99d425e3974a:92:232
2026-10-04 18:51:32.311999 [I:onnxruntime:, reshape_fusion.cc:54 ApplyImpl] Fused reshape node: /model/layers.0/self_attn/Reshape_7_output_0 d95923ea-2a75-4757-a86c-99d425e3974a:92:232
2026-10-04 18:51:32.311999 [I:onnxruntime:, reshape_fusion.cc:54 ApplyImpl] Fused reshape node: /model/layers.1/self_attn/Reshape_4_output_0 d95923ea-2a75-4757-a86c-99d425e3974a:92:232
2026-10-04 18:51:32.311999 [I:onnxruntime:, reshape_fusion.cc:54 ApplyImpl] Fused reshape node: /model/layers.1/self_attn/Reshape_6_output_0 d95923ea-2a75-4757-a86c-99d425e3974a:92:232
2026-10-04 18:51:32.312999 [I:onnxruntime:, reshape_fusion.cc:54 ApplyImpl] Fused reshape node: /model/layers.1/self_attn/Reshape_7_output_0 d95923ea-2a75-4757-a86c-99d425e3974a:92:232
2026-10-04 18:51:32.314000 [I:onnxruntime:, reshape_fusion.cc:54 ApplyImpl] Fused reshape node: /model/layers.2/self_attn/Reshape_4_output_0 d95923ea-2a75-4757-a86c-99d425e3974a:92:232
2026-10-04 18:51:32.314000 [I:onnxruntime:, reshape_fusion.cc:54 ApplyImpl] Fused reshape node: /model/layers.2/self_attn/Reshape_6_output_0 d95923ea-2a75-4757-a86c-99d425e3974a:92:232
2026-10-04 18:51:32.314000 [I:onnxruntime:, reshape_fusion.cc:54 ApplyImpl] Fused reshape node: /model/layers.2/self_attn/Reshape_7_output_0 d95923ea-2a75-4757-a86c-99d425e3974a:92:232
2026-10-04 18:51:32.314000 [I:onnxruntime:, reshape_fusion.cc:54 ApplyImpl] Fused reshape node: /model/layers.3/self_attn/Reshape_4_output_0 d95923ea-2a75-4757-a86c-99d425e3974a:92:232
2026-10-04 18:51:32.315000 [I:onnxruntime:, reshape_fusion.cc:54 ApplyImpl] Fused reshape node: /model/layers.3/self_attn/Reshape_6_output_0 d95923ea-2a75-4757-a86c-99d425e3974a:92:232
2026-10-04 18:51:32.315000 [I:onnxruntime:, reshape_fusion.cc:54 ApplyImpl] Fused reshape node: /model/layers.3/self_attn/Reshape_7_output_0 d95923ea-2a75-4757-a86c-99d425e3974a:92:232
2026-10-04 18:51:32.315000 [I:onnxruntime:, reshape_fusion.cc:54 ApplyImpl] Fused reshape node: /model/layers.4/self_attn/Reshape_4_output_0 d95923ea-2a75-4757-a86c-99d425e3974a:92:232
2026-10-04 18:51:32.315000 [I:onnxruntime:, reshape_fusion.cc:54 ApplyImpl] Fused reshape node: /model/layers.4/self_attn/Reshape_6_output_0 d95923ea-2a75-4757-a86c-99d425e3974a:92:232
2026-10-04 18:51:32.315999 [I:onnxruntime:, reshape_fusion.cc:54 ApplyImpl] Fused reshape node: /model/layers.4/self_attn/Reshape_7_output_0 d95923ea-2a75-4757-a86c-99d425e3974a:92:232
2026-10-04 18:51:32.315999 [I:onnxruntime:, reshape_fusion.cc:54 ApplyImpl] Fused reshape node: /model/layers.5/self_attn/Reshape_4_output_0 d95923ea-2a75-4757-a86c-99d425e3974a:92:232
2026-10-04 18:51:32.315999 [I:onnxruntime:, reshape_fusion.cc:54 ApplyImpl] Fused reshape node: /model/layers.5/self_attn/Reshape_6_output_0 d95923ea-2a75-4757-a86c-99d425e3974a:92:232
2026-10-04 18:51:32.315999 [I:onnxruntime:, reshape_fusion.cc:54 ApplyImpl] Fused reshape node: /model/layers.5/self_attn/Reshape_7_output_0 d95923ea-2a75-4757-a86c-99d425e3974a:92:232
2026-10-04 18:51:32.317000 [I:onnxruntime:, reshape_fusion.cc:54 ApplyImpl] Fused reshape node: /model/layers.6/self_attn/Reshape_4_output_0 d95923ea-2a75-4757-a86c-99d425e3974a:92:232
2026-10-04 18:51:32.317000 [I:onnxruntime:, reshape_fusion.cc:54 ApplyImpl] Fused reshape node: /model/layers.6/self_attn/Reshape_6_output_0 d95923ea-2a75-4757-a86c-99d425e3974a:92:232
2026-10-04 18:51:32.318000 [I:onnxruntime:, reshape_fusion.cc:54 ApplyImpl] Fused reshape node: /model/layers.6/self_attn/Reshape_7_output_0 d95923ea-2a75-4757-a86c-99d425e3974a:92:232
2026-10-04 18:51:32.318000 [I:onnxruntime:, reshape_fusion.cc:54 ApplyImpl] Fused reshape node: /model/layers.7/self_attn/Reshape_4_output_0 d95923ea-2a75-4757-a86c-99d425e3974a:92:232
2026-10-04 18:51:32.318000 [I:onnxruntime:, reshape_fusion.cc:54 ApplyImpl] Fused reshape node: /model/layers.7/self_attn/Reshape_6_output_0 d95923ea-2a75-4757-a86c-99d425e3974a:92:232
2026-10-04 18:51:32.319000 [I:onnxruntime:, reshape_fusion.cc:54 ApplyImpl] Fused reshape node: /model/layers.7/self_attn/Reshape_7_output_0 d95923ea-2a75-4757-a86c-99d425e3974a:92:232
2026-10-04 18:51:32.319000 [I:onnxruntime:, reshape_fusion.cc:54 ApplyImpl] Fused reshape node: /model/layers.8/self_attn/Reshape_4_output_0 d95923ea-2a75-4757-a86c-99d425e3974a:92:232
2026-10-04 18:51:32.319000 [I:onnxruntime:, reshape_fusion.cc:54 ApplyImpl] Fused reshape node: /model/layers.8/self_attn/Reshape_6_output_0 d95923ea-2a75-4757-a86c-99d425e3974a:92:232
2026-10-04 18:51:32.319000 [I:onnxruntime:, reshape_fusion.cc:54 ApplyImpl] Fused reshape node: /model/layers.8/self_attn/Reshape_7_output_0 d95923ea-2a75-4757-a86c-99d425e3974a:92:232
2026-10-04 18:51:32.319999 [I:onnxruntime:, reshape_fusion.cc:54 ApplyImpl] Fused reshape node: /model/layers.9/self_attn/Reshape_4_output_0 d95923ea-2a75-4757-a86c-99d425e3974a:92:232
2026-10-04 18:51:32.319999 [I:onnxruntime:, reshape_fusion.cc:54 ApplyImpl] Fused reshape node: /model/layers.9/self_attn/Reshape_6_output_0 d95923ea-2a75-4757-a86c-99d425e3974a:92:232
2026-10-04 18:51:32.319999 [I:onnxruntime:, reshape_fusion.cc:54 ApplyImpl] Fused reshape node: /model/layers.9/self_attn/Reshape_7_output_0 d95923ea-2a75-4757-a86c-99d425e3974a:92:232
2026-10-04 18:51:32.319999 [I:onnxruntime:, reshape_fusion.cc:54 ApplyImpl] Fused reshape node: /model/layers.10/self_attn/Reshape_4_output_0 d95923ea-2a75-4757-a86c-99d425e3974a:92:232
2026-10-04 18:51:32.320999 [I:onnxruntime:, reshape_fusion.cc:54 ApplyImpl] Fused reshape node: /model/layers.10/self_attn/Reshape_6_output_0 d95923ea-2a75-4757-a86c-99d425e3974a:92:232
2026-10-04 18:51:32.320999 [I:onnxruntime:, reshape_fusion.cc:54 ApplyImpl] Fused reshape node: /model/layers.10/self_attn/Reshape_7_output_0 d95923ea-2a75-4757-a86c-99d425e3974a:92:232
2026-10-04 18:51:32.320999 [I:onnxruntime:, reshape_fusion.cc:54 ApplyImpl] Fused reshape node: /model/layers.11/self_attn/Reshape_4_output_0 d95923ea-2a75-4757-a86c-99d425e3974a:92:232
2026-10-04 18:51:32.322000 [I:onnxruntime:, reshape_fusion.cc:54 ApplyImpl] Fused reshape node: /model/layers.11/self_attn/Reshape_6_output_0 d95923ea-2a75-4757-a86c-99d425e3974a:92:232
2026-10-04 18:51:32.322000 [I:onnxruntime:, reshape_fusion.cc:54 ApplyImpl] Fused reshape node: /model/layers.11/self_attn/Reshape_7_output_0 d95923ea-2a75-4757-a86c-99d425e3974a:92:232
2026-10-04 18:51:32.322000 [I:onnxruntime:, reshape_fusion.cc:54 ApplyImpl] Fused reshape node: /model/layers.12/self_attn/Reshape_4_output_0 d95923ea-2a75-4757-a86c-99d425e3974a:92:232
2026-10-04 18:51:32.323000 [I:onnxruntime:, reshape_fusion.cc:54 ApplyImpl] Fused reshape node: /model/layers.12/self_attn/Reshape_6_output_0 d95923ea-2a75-4757-a86c-99d425e3974a:92:232
2026-10-04 18:51:32.323000 [I:onnxruntime:, reshape_fusion.cc:54 ApplyImpl] Fused reshape node: /model/layers.12/self_attn/Reshape_7_output_0 d95923ea-2a75-4757-a86c-99d425e3974a:92:232
2026-10-04 18:51:32.323000 [I:onnxruntime:, reshape_fusion.cc:54 ApplyImpl] Fused reshape node: /model/layers.13/self_attn/Reshape_4_output_0 d95923ea-2a75-4757-a86c-99d425e3974a:92:232
2026-10-04 18:51:32.323000 [I:onnxruntime:, reshape_fusion.cc:54 ApplyImpl] Fused reshape node: /model/layers.13/self_attn/Reshape_6_output_0 d95923ea-2a75-4757-a86c-99d425e3974a:92:232
2026-10-04 18:51:32.323999 [I:onnxruntime:, reshape_fusion.cc:54 ApplyImpl] Fused reshape node: /model/layers.13/self_attn/Reshape_7_output_0 d95923ea-2a75-4757-a86c-99d425e3974a:92:232
2026-10-04 18:51:32.323999 [I:onnxruntime:, reshape_fusion.cc:54 ApplyImpl] Fused reshape node: /model/layers.14/self_attn/Reshape_4_output_0 d95923ea-2a75-4757-a86c-99d425e3974a:92:232
2026-10-04 18:51:32.323999 [I:onnxruntime:, reshape_fusion.cc:54 ApplyImpl] Fused reshape node: /model/layers.14/self_attn/Reshape_6_output_0 d95923ea-2a75-4757-a86c-99d425e3974a:92:232
2026-10-04 18:51:32.323999 [I:onnxruntime:, reshape_fusion.cc:54 ApplyImpl] Fused reshape node: /model/layers.14/self_attn/Reshape_7_output_0 d95923ea-2a75-4757-a86c-99d425e3974a:92:232
2026-10-04 18:51:32.325000 [I:onnxruntime:, reshape_fusion.cc:54 ApplyImpl] Fused reshape node: /model/layers.15/self_attn/Reshape_4_output_0 d95923ea-2a75-4757-a86c-99d425e3974a:92:232
2026-10-04 18:51:32.325000 [I:onnxruntime:, reshape_fusion.cc:54 ApplyImpl] Fused reshape node: /model/layers.15/self_attn/Reshape_6_output_0 d95923ea-2a75-4757-a86c-99d425e3974a:92:232
2026-10-04 18:51:32.325000 [I:onnxruntime:, reshape_fusion.cc:54 ApplyImpl] Fused reshape node: /model/layers.15/self_attn/Reshape_7_output_0 d95923ea-2a75-4757-a86c-99d425e3974a:92:232
2026-10-04 18:51:32.326000 [I:onnxruntime:, reshape_fusion.cc:54 ApplyImpl] Fused reshape node: /model/layers.16/self_attn/Reshape_4_output_0 d95923ea-2a75-4757-a86c-99d425e3974a:92:232
2026-10-04 18:51:32.326000 [I:onnxruntime:, reshape_fusion.cc:54 ApplyImpl] Fused reshape node: /model/layers.16/self_attn/Reshape_6_output_0 d95923ea-2a75-4757-a86c-99d425e3974a:92:232
2026-10-04 18:51:32.327000 [I:onnxruntime:, reshape_fusion.cc:54 ApplyImpl] Fused reshape node: /model/layers.16/self_attn/Reshape_7_output_0 d95923ea-2a75-4757-a86c-99d425e3974a:92:232
2026-10-04 18:51:32.327999 [I:onnxruntime:, reshape_fusion.cc:54 ApplyImpl] Fused reshape node: /model/layers.17/self_attn/Reshape_4_output_0 d95923ea-2a75-4757-a86c-99d425e3974a:92:232
2026-10-04 18:51:32.327999 [I:onnxruntime:, reshape_fusion.cc:54 ApplyImpl] Fused reshape node: /model/layers.17/self_attn/Reshape_6_output_0 d95923ea-2a75-4757-a86c-99d425e3974a:92:232
2026-10-04 18:51:32.328999 [I:onnxruntime:, reshape_fusion.cc:54 ApplyImpl] Fused reshape node: /model/layers.17/self_attn/Reshape_7_output_0 d95923ea-2a75-4757-a86c-99d425e3974a:92:232
2026-10-04 18:51:32.328999 [I:onnxruntime:, reshape_fusion.cc:54 ApplyImpl] Fused reshape node: /model/layers.18/self_attn/Reshape_4_output_0 d95923ea-2a75-4757-a86c-99d425e3974a:92:232
2026-10-04 18:51:32.330000 [I:onnxruntime:, reshape_fusion.cc:54 ApplyImpl] Fused reshape node: /model/layers.18/self_attn/Reshape_6_output_0 d95923ea-2a75-4757-a86c-99d425e3974a:92:232
2026-10-04 18:51:32.330000 [I:onnxruntime:, reshape_fusion.cc:54 ApplyImpl] Fused reshape node: /model/layers.18/self_attn/Reshape_7_output_0 d95923ea-2a75-4757-a86c-99d425e3974a:92:232
2026-10-04 18:51:32.331000 [I:onnxruntime:, reshape_fusion.cc:54 ApplyImpl] Fused reshape node: /model/layers.19/self_attn/Reshape_4_output_0 d95923ea-2a75-4757-a86c-99d425e3974a:92:232
2026-10-04 18:51:32.355999 [I:onnxruntime:, reshape_fusion.cc:54 ApplyImpl] Fused reshape node: /model/layers.19/self_attn/Reshape_6_output_0 d95923ea-2a75-4757-a86c-99d425e3974a:92:232
2026-10-04 18:51:32.357000 [I:onnxruntime:, reshape_fusion.cc:54 ApplyImpl] Fused reshape node: /model/layers.19/self_attn/Reshape_7_output_0 d95923ea-2a75-4757-a86c-99d425e3974a:92:232
2026-10-04 18:51:32.357000 [I:onnxruntime:, reshape_fusion.cc:54 ApplyImpl] Fused reshape node: /model/layers.20/self_attn/Reshape_4_output_0 d95923ea-2a75-4757-a86c-99d425e3974a:92:232
2026-10-04 18:51:32.358000 [I:onnxruntime:, reshape_fusion.cc:54 ApplyImpl] Fused reshape node: /model/layers.20/self_attn/Reshape_6_output_0 d95923ea-2a75-4757-a86c-99d425e3974a:92:232
2026-10-04 18:51:32.358000 [I:onnxruntime:, reshape_fusion.cc:54 ApplyImpl] Fused reshape node: /model/layers.20/self_attn/Reshape_7_output_0 d95923ea-2a75-4757-a86c-99d425e3974a:92:232
2026-10-04 18:51:32.359000 [I:onnxruntime:, reshape_fusion.cc:54 ApplyImpl] Fused reshape node: /model/layers.21/self_attn/Reshape_4_output_0 d95923ea-2a75-4757-a86c-99d425e3974a:92:232
2026-10-04 18:51:32.359000 [I:onnxruntime:, reshape_fusion.cc:54 ApplyImpl] Fused reshape node: /model/layers.21/self_attn/Reshape_6_output_0 d95923ea-2a75-4757-a86c-99d425e3974a:92:232
2026-10-04 18:51:32.359999 [I:onnxruntime:, reshape_fusion.cc:54 ApplyImpl] Fused reshape node: /model/layers.21/self_attn/Reshape_7_output_0 d95923ea-2a75-4757-a86c-99d425e3974a:92:232
2026-10-04 18:51:32.359999 [I:onnxruntime:, reshape_fusion.cc:54 ApplyImpl] Fused reshape node: /model/layers.22/self_attn/Reshape_4_output_0 d95923ea-2a75-4757-a86c-99d425e3974a:92:232
2026-10-04 18:51:32.359999 [I:onnxruntime:, reshape_fusion.cc:54 ApplyImpl] Fused reshape node: /model/layers.22/self_attn/Reshape_6_output_0 d95923ea-2a75-4757-a86c-99d425e3974a:92:232
2026-10-04 18:51:32.360999 [I:onnxruntime:, reshape_fusion.cc:54 ApplyImpl] Fused reshape node: /model/layers.22/self_attn/Reshape_7_output_0 d95923ea-2a75-4757-a86c-99d425e3974a:92:232
2026-10-04 18:51:32.360999 [I:onnxruntime:, reshape_fusion.cc:54 ApplyImpl] Fused reshape node: /model/layers.23/self_attn/Reshape_4_output_0 d95923ea-2a75-4757-a86c-99d425e3974a:92:232
2026-10-04 18:51:32.362000 [I:onnxruntime:, reshape_fusion.cc:54 ApplyImpl] Fused reshape node: /model/layers.23/self_attn/Reshape_6_output_0 d95923ea-2a75-4757-a86c-99d425e3974a:92:232
2026-10-04 18:51:32.363000 [I:onnxruntime:, reshape_fusion.cc:54 ApplyImpl] Fused reshape node: /model/layers.23/self_attn/Reshape_7_output_0 d95923ea-2a75-4757-a86c-99d425e3974a:92:232
2026-10-04 18:51:32.363000 [I:onnxruntime:, reshape_fusion.cc:54 ApplyImpl] Fused reshape node: /model/layers.24/self_attn/Reshape_4_output_0 d95923ea-2a75-4757-a86c-99d425e3974a:92:232
2026-10-04 18:51:32.363999 [I:onnxruntime:, reshape_fusion.cc:54 ApplyImpl] Fused reshape node: /model/layers.24/self_attn/Reshape_6_output_0 d95923ea-2a75-4757-a86c-99d425e3974a:92:232
2026-10-04 18:51:32.363999 [I:onnxruntime:, reshape_fusion.cc:54 ApplyImpl] Fused reshape node: /model/layers.24/self_attn/Reshape_7_output_0 d95923ea-2a75-4757-a86c-99d425e3974a:92:232
2026-10-04 18:51:32.365000 [I:onnxruntime:, reshape_fusion.cc:54 ApplyImpl] Fused reshape node: /model/layers.25/self_attn/Reshape_4_output_0 d95923ea-2a75-4757-a86c-99d425e3974a:92:232
2026-10-04 18:51:32.365000 [I:onnxruntime:, reshape_fusion.cc:54 ApplyImpl] Fused reshape node: /model/layers.25/self_attn/Reshape_6_output_0 d95923ea-2a75-4757-a86c-99d425e3974a:92:232
2026-10-04 18:51:32.365000 [I:onnxruntime:, reshape_fusion.cc:54 ApplyImpl] Fused reshape node: /model/layers.25/self_attn/Reshape_7_output_0 d95923ea-2a75-4757-a86c-99d425e3974a:92:232
2026-10-04 18:51:32.366000 [I:onnxruntime:, reshape_fusion.cc:54 ApplyImpl] Fused reshape node: /model/layers.26/self_attn/Reshape_4_output_0 d95923ea-2a75-4757-a86c-99d425e3974a:92:232
2026-10-04 18:51:32.367000 [I:onnxruntime:, reshape_fusion.cc:54 ApplyImpl] Fused reshape node: /model/layers.26/self_attn/Reshape_6_output_0 d95923ea-2a75-4757-a86c-99d425e3974a:92:232
2026-10-04 18:51:32.367000 [I:onnxruntime:, reshape_fusion.cc:54 ApplyImpl] Fused reshape node: /model/layers.26/self_attn/Reshape_7_output_0 d95923ea-2a75-4757-a86c-99d425e3974a:92:232
2026-10-04 18:51:32.367000 [I:onnxruntime:, reshape_fusion.cc:54 ApplyImpl] Fused reshape node: /model/layers.27/self_attn/Reshape_4_output_0 d95923ea-2a75-4757-a86c-99d425e3974a:92:232
2026-10-04 18:51:32.367000 [I:onnxruntime:, reshape_fusion.cc:54 ApplyImpl] Fused reshape node: /model/layers.27/self_attn/Reshape_6_output_0 d95923ea-2a75-4757-a86c-99d425e3974a:92:232
2026-10-04 18:51:32.367999 [I:onnxruntime:, reshape_fusion.cc:54 ApplyImpl] Fused reshape node: /model/layers.27/self_attn/Reshape_7_output_0 d95923ea-2a75-4757-a86c-99d425e3974a:92:232
2026-10-04 18:51:32.367999 [I:onnxruntime:, reshape_fusion.cc:54 ApplyImpl] Fused reshape node: /model/layers.28/self_attn/Reshape_4_output_0 d95923ea-2a75-4757-a86c-99d425e3974a:92:232
2026-10-04 18:51:32.367999 [I:onnxruntime:, reshape_fusion.cc:54 ApplyImpl] Fused reshape node: /model/layers.28/self_attn/Reshape_6_output_0 d95923ea-2a75-4757-a86c-99d425e3974a:92:232
2026-10-04 18:51:32.367999 [I:onnxruntime:, reshape_fusion.cc:54 ApplyImpl] Fused reshape node: /model/layers.28/self_attn/Reshape_7_output_0 d95923ea-2a75-4757-a86c-99d425e3974a:92:232
2026-10-04 18:51:32.368999 [I:onnxruntime:, reshape_fusion.cc:54 ApplyImpl] Fused reshape node: /model/layers.29/self_attn/Reshape_4_output_0 d95923ea-2a75-4757-a86c-99d425e3974a:92:232
2026-10-04 18:51:32.368999 [I:onnxruntime:, reshape_fusion.cc:54 ApplyImpl] Fused reshape node: /model/layers.29/self_attn/Reshape_6_output_0 d95923ea-2a75-4757-a86c-99d425e3974a:92:232
2026-10-04 18:51:32.368999 [I:onnxruntime:, reshape_fusion.cc:54 ApplyImpl] Fused reshape node: /model/layers.29/self_attn/Reshape_7_output_0 d95923ea-2a75-4757-a86c-99d425e3974a:92:232
2026-10-04 18:51:32.368999 [I:onnxruntime:, reshape_fusion.cc:62 ApplyImpl] Total fused reshape node count: 90 d95923ea-2a75-4757-a86c-99d425e3974a:92:232
2026-10-04 18:51:32.370000 [I:onnxruntime:, graph_transformer.cc:15 Apply] GraphTransformer ReshapeFusion modified: 1 with status: OK d95923ea-2a75-4757-a86c-99d425e3974a:92:232
2026-10-04 18:51:32.419000 [I:onnxruntime:, graph.cc:5610 CleanUnusedInitializersAndNodeArgs] Removing initializer '/model/layers.0/self_attn/Unsqueeze_27_output_0'. It is no longer used by any node. d95923ea-2a75-4757-a86c-99d425e3974a:92:232
2026-10-04 18:51:32.419999 [V:onnxruntime:, graph_transformer_mgr.cc:55 ApplyTransformers] Applying graph transformer FreeDimensionOverrideTransformer on step 1. d95923ea-2a75-4757-a86c-99d425e3974a:92:232
2026-10-04 18:51:32.419999 [I:onnxruntime:, graph_transformer.cc:15 Apply] GraphTransformer FreeDimensionOverrideTransformer modified: 0 with status: OK d95923ea-2a75-4757-a86c-99d425e3974a:92:232
2026-10-04 18:51:32.419999 [V:onnxruntime:, graph_transformer_mgr.cc:55 ApplyTransformers] Applying graph transformer SliceConcatToSpaceToDepthFusion on step 1. d95923ea-2a75-4757-a86c-99d425e3974a:92:232
2026-10-04 18:51:32.422000 [I:onnxruntime:, graph_transformer.cc:15 Apply] GraphTransformer SliceConcatToSpaceToDepthFusion modified: 0 with status: OK d95923ea-2a75-4757-a86c-99d425e3974a:92:232
2026-10-04 18:51:32.422000 [V:onnxruntime:, graph_transformer_mgr.cc:55 ApplyTransformers] Applying graph transformer GeluFusionL1 on step 1. d95923ea-2a75-4757-a86c-99d425e3974a:92:232
2026-10-04 18:51:32.423000 [I:onnxruntime:, graph_transformer.cc:15 Apply] GraphTransformer GeluFusionL1 modified: 0 with status: OK d95923ea-2a75-4757-a86c-99d425e3974a:92:232
2026-10-04 18:51:32.423000 [V:onnxruntime:, graph_transformer_mgr.cc:55 ApplyTransformers] Applying graph transformer LayerNormFusionL1 on step 1. d95923ea-2a75-4757-a86c-99d425e3974a:92:232
2026-10-04 18:51:32.423000 [I:onnxruntime:, graph_transformer.cc:15 Apply] GraphTransformer LayerNormFusionL1 modified: 0 with status: OK d95923ea-2a75-4757-a86c-99d425e3974a:92:232
2026-10-04 18:51:32.423999 [V:onnxruntime:, graph_transformer_mgr.cc:55 ApplyTransformers] Applying graph transformer QDQPropagationTransformer on step 1. d95923ea-2a75-4757-a86c-99d425e3974a:92:232
2026-10-04 18:51:32.427000 [I:onnxruntime:, graph_transformer.cc:15 Apply] GraphTransformer QDQPropagationTransformer modified: 0 with status: OK d95923ea-2a75-4757-a86c-99d425e3974a:92:232
2026-10-04 18:51:32.427999 [V:onnxruntime:, graph_transformer_mgr.cc:55 ApplyTransformers] Applying graph transformer WeightBiasQuantization on step 1. d95923ea-2a75-4757-a86c-99d425e3974a:92:232
2026-10-04 18:51:32.431000 [I:onnxruntime:, graph_transformer.cc:15 Apply] GraphTransformer WeightBiasQuantization modified: 0 with status: OK d95923ea-2a75-4757-a86c-99d425e3974a:92:232
2026-10-04 18:51:32.431000 [V:onnxruntime:, graph_transformer_mgr.cc:55 ApplyTransformers] Applying graph transformer EnsureUniqueDQForNodeUnit on step 1. d95923ea-2a75-4757-a86c-99d425e3974a:92:232
2026-10-04 18:51:32.434000 [I:onnxruntime:, graph_transformer.cc:15 Apply] GraphTransformer EnsureUniqueDQForNodeUnit modified: 0 with status: OK d95923ea-2a75-4757-a86c-99d425e3974a:92:232
2026-10-04 18:51:32.435000 [V:onnxruntime:, graph_transformer_mgr.cc:55 ApplyTransformers] Applying graph transformer WhereDummyDq on step 1. d95923ea-2a75-4757-a86c-99d425e3974a:92:232
2026-10-04 18:51:32.435999 [I:onnxruntime:, graph_transformer.cc:15 Apply] GraphTransformer WhereDummyDq modified: 0 with status: OK d95923ea-2a75-4757-a86c-99d425e3974a:92:232
2026-10-04 18:51:32.435999 [V:onnxruntime:, graph_transformer_mgr.cc:55 ApplyTransformers] Applying graph transformer TransposeOptimizer on step 1. d95923ea-2a75-4757-a86c-99d425e3974a:92:232
2026-10-04 18:51:32.446000 [I:onnxruntime:, graph_transformer.cc:15 Apply] GraphTransformer TransposeOptimizer modified: 1 with status: OK d95923ea-2a75-4757-a86c-99d425e3974a:92:232
2026-10-04 18:51:32.517000 [I:onnxruntime:, graph.cc:5673 CleanUnusedInitializersAndNodeArgs] Removing NodeArg 'Transpose_out0'. It is no longer used by any node. d95923ea-2a75-4757-a86c-99d425e3974a:92:232
2026-10-04 18:51:32.519999 [V:onnxruntime:, graph_transformer_mgr.cc:62 ApplyTransformers] Graph transformer step 1 of 10 for level 1 completed. graph_changed: 1. d95923ea-2a75-4757-a86c-99d425e3974a:92:232
2026-10-04 18:51:32.519999 [V:onnxruntime:, graph_transformer_mgr.cc:43 ApplyTransformers] Graph transformer step 2 of 10 for level 1 started. d95923ea-2a75-4757-a86c-99d425e3974a:92:232
2026-10-04 18:51:32.519999 [V:onnxruntime:, graph_transformer_mgr.cc:55 ApplyTransformers] Applying graph transformer Level1_RuleBasedTransformer on step 2. d95923ea-2a75-4757-a86c-99d425e3974a:92:232
2026-10-04 18:51:32.523999 [I:onnxruntime:, graph_transformer.cc:15 Apply] GraphTransformer Level1_RuleBasedTransformer modified: 0 with status: OK d95923ea-2a75-4757-a86c-99d425e3974a:92:232
2026-10-04 18:51:32.523999 [V:onnxruntime:, graph_transformer_mgr.cc:55 ApplyTransformers] Applying graph transformer DoubleQDQPairsRemover on step 2. d95923ea-2a75-4757-a86c-99d425e3974a:92:232
2026-10-04 18:51:32.525000 [I:onnxruntime:, graph_transformer.cc:15 Apply] GraphTransformer DoubleQDQPairsRemover modified: 0 with status: OK d95923ea-2a75-4757-a86c-99d425e3974a:92:232
2026-10-04 18:51:32.526000 [V:onnxruntime:, graph_transformer_mgr.cc:49 ApplyTransformers] Skipping graph transformer ConstantSharing on step 2 because it should only apply once. d95923ea-2a75-4757-a86c-99d425e3974a:92:232
2026-10-04 18:51:32.526000 [V:onnxruntime:, graph_transformer_mgr.cc:55 ApplyTransformers] Applying graph transformer CommonSubexpressionElimination on step 2. d95923ea-2a75-4757-a86c-99d425e3974a:92:232
2026-10-04 18:51:32.533000 [I:onnxruntime:, graph_transformer.cc:15 Apply] GraphTransformer CommonSubexpressionElimination modified: 0 with status: OK d95923ea-2a75-4757-a86c-99d425e3974a:92:232
2026-10-04 18:51:32.534000 [V:onnxruntime:, graph_transformer_mgr.cc:55 ApplyTransformers] Applying graph transformer ConstantFolding on step 2. d95923ea-2a75-4757-a86c-99d425e3974a:92:232
2026-10-04 18:51:32.538000 [I:onnxruntime:, graph_transformer.cc:15 Apply] GraphTransformer ConstantFolding modified: 0 with status: OK d95923ea-2a75-4757-a86c-99d425e3974a:92:232
2026-10-04 18:51:32.538000 [V:onnxruntime:, graph_transformer_mgr.cc:55 ApplyTransformers] Applying graph transformer MatMulAddFusion on step 2. d95923ea-2a75-4757-a86c-99d425e3974a:92:232
2026-10-04 18:51:32.541000 [I:onnxruntime:, graph_transformer.cc:15 Apply] GraphTransformer MatMulAddFusion modified: 0 with status: OK d95923ea-2a75-4757-a86c-99d425e3974a:92:232
2026-10-04 18:51:32.541000 [V:onnxruntime:, graph_transformer_mgr.cc:55 ApplyTransformers] Applying graph transformer ReshapeFusion on step 2. d95923ea-2a75-4757-a86c-99d425e3974a:92:232
2026-10-04 18:51:32.543000 [I:onnxruntime:, graph_transformer.cc:15 Apply] GraphTransformer ReshapeFusion modified: 0 with status: OK d95923ea-2a75-4757-a86c-99d425e3974a:92:232
2026-10-04 18:51:32.543999 [V:onnxruntime:, graph_transformer_mgr.cc:55 ApplyTransformers] Applying graph transformer FreeDimensionOverrideTransformer on step 2. d95923ea-2a75-4757-a86c-99d425e3974a:92:232
2026-10-04 18:51:32.543999 [I:onnxruntime:, graph_transformer.cc:15 Apply] GraphTransformer FreeDimensionOverrideTransformer modified: 0 with status: OK d95923ea-2a75-4757-a86c-99d425e3974a:92:232
2026-10-04 18:51:32.544999 [V:onnxruntime:, graph_transformer_mgr.cc:55 ApplyTransformers] Applying graph transformer SliceConcatToSpaceToDepthFusion on step 2. d95923ea-2a75-4757-a86c-99d425e3974a:92:232
2026-10-04 18:51:32.547000 [I:onnxruntime:, graph_transformer.cc:15 Apply] GraphTransformer SliceConcatToSpaceToDepthFusion modified: 0 with status: OK d95923ea-2a75-4757-a86c-99d425e3974a:92:232
2026-10-04 18:51:32.547999 [V:onnxruntime:, graph_transformer_mgr.cc:55 ApplyTransformers] Applying graph transformer GeluFusionL1 on step 2. d95923ea-2a75-4757-a86c-99d425e3974a:92:232
2026-10-04 18:51:32.547999 [I:onnxruntime:, graph_transformer.cc:15 Apply] GraphTransformer GeluFusionL1 modified: 0 with status: OK d95923ea-2a75-4757-a86c-99d425e3974a:92:232
2026-10-04 18:51:32.547999 [V:onnxruntime:, graph_transformer_mgr.cc:55 ApplyTransformers] Applying graph transformer LayerNormFusionL1 on step 2. d95923ea-2a75-4757-a86c-99d425e3974a:92:232
2026-10-04 18:51:32.547999 [I:onnxruntime:, graph_transformer.cc:15 Apply] GraphTransformer LayerNormFusionL1 modified: 0 with status: OK d95923ea-2a75-4757-a86c-99d425e3974a:92:232
2026-10-04 18:51:32.549000 [V:onnxruntime:, graph_transformer_mgr.cc:55 ApplyTransformers] Applying graph transformer QDQPropagationTransformer on step 2. d95923ea-2a75-4757-a86c-99d425e3974a:92:232
2026-10-04 18:51:32.550000 [I:onnxruntime:, graph_transformer.cc:15 Apply] GraphTransformer QDQPropagationTransformer modified: 0 with status: OK d95923ea-2a75-4757-a86c-99d425e3974a:92:232
2026-10-04 18:51:32.551000 [V:onnxruntime:, graph_transformer_mgr.cc:55 ApplyTransformers] Applying graph transformer WeightBiasQuantization on step 2. d95923ea-2a75-4757-a86c-99d425e3974a:92:232
2026-10-04 18:51:32.551999 [I:onnxruntime:, graph_transformer.cc:15 Apply] GraphTransformer WeightBiasQuantization modified: 0 with status: OK d95923ea-2a75-4757-a86c-99d425e3974a:92:232
2026-10-04 18:51:32.551999 [V:onnxruntime:, graph_transformer_mgr.cc:55 ApplyTransformers] Applying graph transformer EnsureUniqueDQForNodeUnit on step 2. d95923ea-2a75-4757-a86c-99d425e3974a:92:232
2026-10-04 18:51:32.552999 [I:onnxruntime:, graph_transformer.cc:15 Apply] GraphTransformer EnsureUniqueDQForNodeUnit modified: 0 with status: OK d95923ea-2a75-4757-a86c-99d425e3974a:92:232
2026-10-04 18:51:32.554000 [V:onnxruntime:, graph_transformer_mgr.cc:55 ApplyTransformers] Applying graph transformer WhereDummyDq on step 2. d95923ea-2a75-4757-a86c-99d425e3974a:92:232
2026-10-04 18:51:32.555000 [I:onnxruntime:, graph_transformer.cc:15 Apply] GraphTransformer WhereDummyDq modified: 0 with status: OK d95923ea-2a75-4757-a86c-99d425e3974a:92:232
2026-10-04 18:51:32.555000 [V:onnxruntime:, graph_transformer_mgr.cc:49 ApplyTransformers] Skipping graph transformer TransposeOptimizer on step 2 because it should only apply once. d95923ea-2a75-4757-a86c-99d425e3974a:92:232
2026-10-04 18:51:32.555000 [V:onnxruntime:, graph_transformer_mgr.cc:62 ApplyTransformers] Graph transformer step 2 of 10 for level 1 completed. graph_changed: 0. d95923ea-2a75-4757-a86c-99d425e3974a:92:232
2026-10-04 18:51:32.555999 [V:onnxruntime:, graph_transformer_mgr.cc:67 ApplyTransformers] Stopping graph transformer iteration for level 1 after step 2 because the graph was not modified. d95923ea-2a75-4757-a86c-99d425e3974a:92:232
2026-10-04 18:51:32.557000 [I:onnxruntime:, webgpu_execution_provider.cc:666 GetCapability] webgpu kernel not found in registries for Op type: Gather node name: /model/layers.0/self_attn/Gather_1 d95923ea-2a75-4757-a86c-99d425e3974a:92:232
2026-10-04 18:51:32.557000 [I:onnxruntime:, webgpu_execution_provider.cc:666 GetCapability] webgpu kernel not found in registries for Op type: Unsqueeze node name: /model/layers.0/self_attn/Unsqueeze_1 d95923ea-2a75-4757-a86c-99d425e3974a:92:232
2026-10-04 18:51:32.557000 [I:onnxruntime:, webgpu_execution_provider.cc:666 GetCapability] webgpu kernel not found in registries for Op type: Gather node name: /model/layers.0/self_attn/Gather d95923ea-2a75-4757-a86c-99d425e3974a:92:232
2026-10-04 18:51:32.558000 [I:onnxruntime:, webgpu_execution_provider.cc:666 GetCapability] webgpu kernel not found in registries for Op type: Unsqueeze node name: /model/layers.0/self_attn/Unsqueeze d95923ea-2a75-4757-a86c-99d425e3974a:92:232
2026-10-04 18:51:32.558000 [I:onnxruntime:, webgpu_execution_provider.cc:666 GetCapability] webgpu kernel not found in registries for Op type: Concat node name: /model/layers.0/self_attn/Concat d95923ea-2a75-4757-a86c-99d425e3974a:92:232
2026-10-04 18:51:32.559000 [I:onnxruntime:, webgpu_execution_provider.cc:666 GetCapability] webgpu kernel not found in registries for Op type: Shape node name: /model/rotary_emb/Shape d95923ea-2a75-4757-a86c-99d425e3974a:92:232
2026-10-04 18:51:32.559999 [I:onnxruntime:, webgpu_execution_provider.cc:666 GetCapability] webgpu kernel not found in registries for Op type: Gather node name: /model/rotary_emb/Gather d95923ea-2a75-4757-a86c-99d425e3974a:92:232
2026-10-04 18:51:32.559999 [I:onnxruntime:, webgpu_execution_provider.cc:666 GetCapability] webgpu kernel not found in registries for Op type: Unsqueeze node name: /model/rotary_emb/Unsqueeze d95923ea-2a75-4757-a86c-99d425e3974a:92:232
2026-10-04 18:51:32.559999 [I:onnxruntime:, webgpu_execution_provider.cc:666 GetCapability] webgpu kernel not found in registries for Op type: Concat node name: /model/rotary_emb/Concat d95923ea-2a75-4757-a86c-99d425e3974a:92:232
2026-10-04 18:51:32.559999 [I:onnxruntime:, webgpu_execution_provider.cc:666 GetCapability] webgpu kernel not found in registries for Op type: Equal node name: /model/rotary_emb/Equal d95923ea-2a75-4757-a86c-99d425e3974a:92:232
2026-10-04 18:51:32.560999 [I:onnxruntime:, webgpu_execution_provider.cc:666 GetCapability] webgpu kernel not found in registries for Op type: Where node name: /model/rotary_emb/Where d95923ea-2a75-4757-a86c-99d425e3974a:92:232
2026-10-04 18:51:32.560999 [I:onnxruntime:, webgpu_execution_provider.cc:666 GetCapability] webgpu kernel not found in registries for Op type: Unsqueeze node name: /model/rotary_emb/Unsqueeze_1 d95923ea-2a75-4757-a86c-99d425e3974a:92:232
2026-10-04 18:51:32.560999 [I:onnxruntime:, webgpu_execution_provider.cc:666 GetCapability] webgpu kernel not found in registries for Op type: Cast node name: /model/rotary_emb/Cast d95923ea-2a75-4757-a86c-99d425e3974a:92:232
2026-10-04 18:51:32.562000 [I:onnxruntime:, webgpu_execution_provider.cc:666 GetCapability] webgpu kernel not found in registries for Op type: Gather node name: /model/layers.0/self_attn/Gather_6 d95923ea-2a75-4757-a86c-99d425e3974a:92:232
2026-10-04 18:51:32.562000 [I:onnxruntime:, webgpu_execution_provider.cc:666 GetCapability] webgpu kernel not found in registries for Op type: Unsqueeze node name: /model/layers.0/self_attn/Unsqueeze_15 d95923ea-2a75-4757-a86c-99d425e3974a:92:232
2026-10-04 18:51:32.562000 [I:onnxruntime:, webgpu_execution_provider.cc:666 GetCapability] webgpu kernel not found in registries for Op type: Gather node name: /model/layers.0/self_attn/Gather_4 d95923ea-2a75-4757-a86c-99d425e3974a:92:232
2026-10-04 18:51:32.563000 [I:onnxruntime:, webgpu_execution_provider.cc:666 GetCapability] webgpu kernel not found in registries for Op type: Unsqueeze node name: /model/layers.0/self_attn/Unsqueeze_13 d95923ea-2a75-4757-a86c-99d425e3974a:92:232
2026-10-04 18:51:32.563000 [I:onnxruntime:, webgpu_execution_provider.cc:666 GetCapability] webgpu kernel not found in registries for Op type: Concat node name: /model/layers.0/self_attn/Concat_7 d95923ea-2a75-4757-a86c-99d425e3974a:92:232
2026-10-04 18:51:32.563000 [I:onnxruntime:, webgpu_execution_provider.cc:666 GetCapability] webgpu kernel not found in registries for Op type: Equal node name: /model/layers.0/self_attn/Equal d95923ea-2a75-4757-a86c-99d425e3974a:92:232
2026-10-04 18:51:32.563000 [I:onnxruntime:, webgpu_execution_provider.cc:666 GetCapability] webgpu kernel not found in registries for Op type: Where node name: /model/layers.0/self_attn/Where d95923ea-2a75-4757-a86c-99d425e3974a:92:232
2026-10-04 18:51:32.563999 [I:onnxruntime:, webgpu_execution_provider.cc:666 GetCapability] webgpu kernel not found in registries for Op type: Gather node name: /model/layers.0/self_attn/Gather_12 d95923ea-2a75-4757-a86c-99d425e3974a:92:232
2026-10-04 18:51:32.563999 [I:onnxruntime:, webgpu_execution_provider.cc:666 GetCapability] webgpu kernel not found in registries for Op type: Unsqueeze node name: /model/layers.0/self_attn/Unsqueeze_30 d95923ea-2a75-4757-a86c-99d425e3974a:92:232
2026-10-04 18:51:32.565000 [I:onnxruntime:, webgpu_execution_provider.cc:666 GetCapability] webgpu kernel not found in registries for Op type: Gather node name: /model/Gather_1 d95923ea-2a75-4757-a86c-99d425e3974a:92:232
2026-10-04 18:51:32.565000 [I:onnxruntime:, webgpu_execution_provider.cc:666 GetCapability] webgpu kernel not found in registries for Op type: Gather node name: /model/Gather d95923ea-2a75-4757-a86c-99d425e3974a:92:232
2026-10-04 18:51:32.565000 [I:onnxruntime:, webgpu_execution_provider.cc:666 GetCapability] webgpu kernel not found in registries for Op type: Add node name: /model/Add d95923ea-2a75-4757-a86c-99d425e3974a:92:232
2026-10-04 18:51:32.565000 [I:onnxruntime:, webgpu_execution_provider.cc:666 GetCapability] webgpu kernel not found in registries for Op type: Range node name: /model/Range d95923ea-2a75-4757-a86c-99d425e3974a:92:232
2026-10-04 18:51:32.566000 [I:onnxruntime:, webgpu_execution_provider.cc:666 GetCapability] webgpu kernel not found in registries for Op type: Reshape node name: /model/Reshape d95923ea-2a75-4757-a86c-99d425e3974a:92:232
2026-10-04 18:51:32.566000 [I:onnxruntime:, webgpu_execution_provider.cc:666 GetCapability] webgpu kernel not found in registries for Op type: Shape node name: /model/Shape_2 d95923ea-2a75-4757-a86c-99d425e3974a:92:232
2026-10-04 18:51:32.566000 [I:onnxruntime:, webgpu_execution_provider.cc:666 GetCapability] webgpu kernel not found in registries for Op type: Gather node name: /model/Gather_2 d95923ea-2a75-4757-a86c-99d425e3974a:92:232
2026-10-04 18:51:32.566000 [I:onnxruntime:, webgpu_execution_provider.cc:666 GetCapability] webgpu kernel not found in registries for Op type: Range node name: /model/Range_1 d95923ea-2a75-4757-a86c-99d425e3974a:92:232
2026-10-04 18:51:32.567000 [I:onnxruntime:, webgpu_execution_provider.cc:666 GetCapability] webgpu kernel not found in registries for Op type: Greater node name: /model/Greater d95923ea-2a75-4757-a86c-99d425e3974a:92:232
2026-10-04 18:51:32.567000 [I:onnxruntime:, webgpu_execution_provider.cc:666 GetCapability] webgpu kernel not found in registries for Op type: Unsqueeze node name: /model/Unsqueeze d95923ea-2a75-4757-a86c-99d425e3974a:92:232
2026-10-04 18:51:32.567000 [I:onnxruntime:, webgpu_execution_provider.cc:666 GetCapability] webgpu kernel not found in registries for Op type: Unsqueeze node name: /model/Unsqueeze_1 d95923ea-2a75-4757-a86c-99d425e3974a:92:232
2026-10-04 18:51:32.567000 [I:onnxruntime:, webgpu_execution_provider.cc:666 GetCapability] webgpu kernel not found in registries for Op type: Concat node name: /model/Concat d95923ea-2a75-4757-a86c-99d425e3974a:92:232
2026-10-04 18:51:32.567000 [I:onnxruntime:, webgpu_execution_provider.cc:666 GetCapability] webgpu kernel not found in registries for Op type: ConstantOfShape node name: /model/ConstantOfShape d95923ea-2a75-4757-a86c-99d425e3974a:92:232
2026-10-04 18:51:32.567000 [I:onnxruntime:, webgpu_execution_provider.cc:666 GetCapability] webgpu kernel not found in registries for Op type: Gather node name: /model/Gather_3 d95923ea-2a75-4757-a86c-99d425e3974a:92:232
2026-10-04 18:51:32.567999 [I:onnxruntime:, webgpu_execution_provider.cc:666 GetCapability] webgpu kernel not found in registries for Op type: Unsqueeze node name: /model/Unsqueeze_4 d95923ea-2a75-4757-a86c-99d425e3974a:92:232
2026-10-04 18:51:32.567999 [I:onnxruntime:, webgpu_execution_provider.cc:666 GetCapability] webgpu kernel not found in registries for Op type: Concat node name: /model/Concat_1 d95923ea-2a75-4757-a86c-99d425e3974a:92:232
2026-10-04 18:51:32.567999 [I:onnxruntime:, webgpu_execution_provider.cc:666 GetCapability] webgpu kernel not found in registries for Op type: Equal node name: /model/Equal d95923ea-2a75-4757-a86c-99d425e3974a:92:232
2026-10-04 18:51:32.567999 [I:onnxruntime:, webgpu_execution_provider.cc:666 GetCapability] webgpu kernel not found in registries for Op type: Where node name: /model/Where d95923ea-2a75-4757-a86c-99d425e3974a:92:232
2026-10-04 18:51:32.568999 [I:onnxruntime:, webgpu_execution_provider.cc:666 GetCapability] webgpu kernel not found in registries for Op type: Gather node name: Gather_2702 d95923ea-2a75-4757-a86c-99d425e3974a:92:232
2026-10-04 18:51:32.568999 [I:onnxruntime:, webgpu_execution_provider.cc:666 GetCapability] webgpu kernel not found in registries for Op type: Range node name: Range_2706 d95923ea-2a75-4757-a86c-99d425e3974a:92:232
2026-10-04 18:51:32.568999 [I:onnxruntime:, webgpu_execution_provider.cc:666 GetCapability] webgpu kernel not found in registries for Op type: Reshape node name: Reshape_2725 d95923ea-2a75-4757-a86c-99d425e3974a:92:232
2026-10-04 18:51:32.568999 [I:onnxruntime:, webgpu_execution_provider.cc:666 GetCapability] webgpu kernel not found in registries for Op type: Gather node name: Gather_2688 d95923ea-2a75-4757-a86c-99d425e3974a:92:232
2026-10-04 18:51:32.568999 [I:onnxruntime:, webgpu_execution_provider.cc:666 GetCapability] webgpu kernel not found in registries for Op type: Range node name: Range_2692 d95923ea-2a75-4757-a86c-99d425e3974a:92:232
2026-10-04 18:51:32.570000 [I:onnxruntime:, webgpu_execution_provider.cc:666 GetCapability] webgpu kernel not found in registries for Op type: Reshape node name: Reshape_2721 d95923ea-2a75-4757-a86c-99d425e3974a:92:232
2026-10-04 18:51:32.570000 [I:onnxruntime:, webgpu_execution_provider.cc:666 GetCapability] webgpu kernel not found in registries for Op type: Add node name: /model/Add_3 d95923ea-2a75-4757-a86c-99d425e3974a:92:232
2026-10-04 18:51:32.570000 [I:onnxruntime:, webgpu_execution_provider.cc:666 GetCapability] webgpu kernel not found in registries for Op type: Gather node name: Gather_2709 d95923ea-2a75-4757-a86c-99d425e3974a:92:232
2026-10-04 18:51:32.570000 [I:onnxruntime:, webgpu_execution_provider.cc:666 GetCapability] webgpu kernel not found in registries for Op type: Range node name: Range_2713 d95923ea-2a75-4757-a86c-99d425e3974a:92:232
2026-10-04 18:51:32.571000 [I:onnxruntime:, webgpu_execution_provider.cc:666 GetCapability] webgpu kernel not found in registries for Op type: Slice node name: /model/Slice_3 d95923ea-2a75-4757-a86c-99d425e3974a:92:232
2026-10-04 18:51:32.571000 [I:onnxruntime:, webgpu_execution_provider.cc:666 GetCapability] webgpu kernel not found in registries for Op type: Add node name: /model/Add_4 d95923ea-2a75-4757-a86c-99d425e3974a:92:232
2026-10-04 18:51:32.571000 [I:onnxruntime:, webgpu_execution_provider.cc:666 GetCapability] webgpu kernel not found in registries for Op type: Shape node name: /model/Shape_6 d95923ea-2a75-4757-a86c-99d425e3974a:92:232
2026-10-04 18:51:32.571999 [I:onnxruntime:, webgpu_execution_provider.cc:666 GetCapability] webgpu kernel not found in registries for Op type: Equal node name: /model/Equal_2 d95923ea-2a75-4757-a86c-99d425e3974a:92:232
2026-10-04 18:51:32.571999 [I:onnxruntime:, webgpu_execution_provider.cc:666 GetCapability] webgpu kernel not found in registries for Op type: Where node name: /model/Where_2 d95923ea-2a75-4757-a86c-99d425e3974a:92:232
2026-10-04 18:51:32.571999 [I:onnxruntime:, webgpu_execution_provider.cc:666 GetCapability] webgpu kernel not found in registries for Op type: Expand node name: /model/Expand_5 d95923ea-2a75-4757-a86c-99d425e3974a:92:232
2026-10-04 18:51:32.571999 [I:onnxruntime:, webgpu_execution_provider.cc:666 GetCapability] webgpu kernel not found in registries for Op type: Unsqueeze node name: /model/Unsqueeze_14 d95923ea-2a75-4757-a86c-99d425e3974a:92:232
2026-10-04 18:51:32.573000 [I:onnxruntime:, webgpu_execution_provider.cc:666 GetCapability] webgpu kernel not found in registries for Op type: Expand node name: /model/Expand_4 d95923ea-2a75-4757-a86c-99d425e3974a:92:232
2026-10-04 18:51:32.573000 [I:onnxruntime:, webgpu_execution_provider.cc:666 GetCapability] webgpu kernel not found in registries for Op type: Unsqueeze node name: /model/Unsqueeze_13 d95923ea-2a75-4757-a86c-99d425e3974a:92:232
2026-10-04 18:51:32.573000 [I:onnxruntime:, webgpu_execution_provider.cc:666 GetCapability] webgpu kernel not found in registries for Op type: Expand node name: /model/Expand_3 d95923ea-2a75-4757-a86c-99d425e3974a:92:232
2026-10-04 18:51:32.573000 [I:onnxruntime:, webgpu_execution_provider.cc:666 GetCapability] webgpu kernel not found in registries for Op type: Unsqueeze node name: /model/Unsqueeze_12 d95923ea-2a75-4757-a86c-99d425e3974a:92:232
2026-10-04 18:51:32.574000 [I:onnxruntime:, webgpu_execution_provider.cc:666 GetCapability] webgpu kernel not found in registries for Op type: Expand node name: /model/Expand_2 d95923ea-2a75-4757-a86c-99d425e3974a:92:232
2026-10-04 18:51:32.574000 [I:onnxruntime:, webgpu_execution_provider.cc:666 GetCapability] webgpu kernel not found in registries for Op type: Unsqueeze node name: /model/Unsqueeze_11 d95923ea-2a75-4757-a86c-99d425e3974a:92:232
2026-10-04 18:51:32.574000 [I:onnxruntime:, webgpu_execution_provider.cc:666 GetCapability] webgpu kernel not found in registries for Op type: Concat node name: /model/Concat_2 d95923ea-2a75-4757-a86c-99d425e3974a:92:232
2026-10-04 18:51:32.575999 [I:onnxruntime:, webgpu_execution_provider.cc:666 GetCapability] webgpu kernel not found in registries for Op type: Unsqueeze node name: /model/Unsqueeze_6 d95923ea-2a75-4757-a86c-99d425e3974a:92:232
2026-10-04 18:51:32.575999 [I:onnxruntime:, webgpu_execution_provider.cc:666 GetCapability] webgpu kernel not found in registries for Op type: Cast node name: /model/Cast_4 d95923ea-2a75-4757-a86c-99d425e3974a:92:232
2026-10-04 18:51:32.576999 [I:onnxruntime:, webgpu_execution_provider.cc:666 GetCapability] webgpu kernel not found in registries for Op type: Gather node name: /model/layers.0/self_attn/Gather_10 d95923ea-2a75-4757-a86c-99d425e3974a:92:232
2026-10-04 18:51:32.578000 [I:onnxruntime:, webgpu_execution_provider.cc:666 GetCapability] webgpu kernel not found in registries for Op type: Unsqueeze node name: /model/layers.0/self_attn/Unsqueeze_24 d95923ea-2a75-4757-a86c-99d425e3974a:92:232
2026-10-04 18:51:32.578000 [I:onnxruntime:, webgpu_execution_provider.cc:666 GetCapability] webgpu kernel not found in registries for Op type: Gather node name: /model/layers.0/self_attn/Gather_8 d95923ea-2a75-4757-a86c-99d425e3974a:92:232
2026-10-04 18:51:32.579000 [I:onnxruntime:, webgpu_execution_provider.cc:666 GetCapability] webgpu kernel not found in registries for Op type: Unsqueeze node name: /model/layers.0/self_attn/Unsqueeze_22 d95923ea-2a75-4757-a86c-99d425e3974a:92:232
2026-10-04 18:51:32.579999 [I:onnxruntime:, webgpu_execution_provider.cc:666 GetCapability] webgpu kernel not found in registries for Op type: Concat node name: /model/layers.0/self_attn/Concat_9 d95923ea-2a75-4757-a86c-99d425e3974a:92:232
2026-10-04 18:51:32.579999 [I:onnxruntime:, webgpu_execution_provider.cc:666 GetCapability] webgpu kernel not found in registries for Op type: Equal node name: /model/layers.0/self_attn/Equal_1 d95923ea-2a75-4757-a86c-99d425e3974a:92:232
2026-10-04 18:51:32.581000 [I:onnxruntime:, webgpu_execution_provider.cc:666 GetCapability] webgpu kernel not found in registries for Op type: Where node name: /model/layers.0/self_attn/Where_1 d95923ea-2a75-4757-a86c-99d425e3974a:92:232
2026-10-04 18:51:32.582000 [I:onnxruntime:, webgpu_execution_provider.cc:666 GetCapability] webgpu kernel not found in registries for Op type: Gather node name: /model/layers.1/self_attn/Gather_1 d95923ea-2a75-4757-a86c-99d425e3974a:92:232
2026-10-04 18:51:32.582000 [I:onnxruntime:, webgpu_execution_provider.cc:666 GetCapability] webgpu kernel not found in registries for Op type: Unsqueeze node name: /model/layers.1/self_attn/Unsqueeze_1 d95923ea-2a75-4757-a86c-99d425e3974a:92:232
2026-10-04 18:51:32.582000 [I:onnxruntime:, webgpu_execution_provider.cc:666 GetCapability] webgpu kernel not found in registries for Op type: Gather node name: /model/layers.1/self_attn/Gather d95923ea-2a75-4757-a86c-99d425e3974a:92:232
2026-10-04 18:51:32.582000 [I:onnxruntime:, webgpu_execution_provider.cc:666 GetCapability] webgpu kernel not found in registries for Op type: Unsqueeze node name: /model/layers.1/self_attn/Unsqueeze d95923ea-2a75-4757-a86c-99d425e3974a:92:232
2026-10-04 18:51:32.583000 [I:onnxruntime:, webgpu_execution_provider.cc:666 GetCapability] webgpu kernel not found in registries for Op type: Concat node name: /model/layers.1/self_attn/Concat d95923ea-2a75-4757-a86c-99d425e3974a:92:232
2026-10-04 18:51:32.583000 [I:onnxruntime:, webgpu_execution_provider.cc:666 GetCapability] webgpu kernel not found in registries for Op type: Gather node name: /model/layers.1/self_attn/Gather_6 d95923ea-2a75-4757-a86c-99d425e3974a:92:232
2026-10-04 18:51:32.583000 [I:onnxruntime:, webgpu_execution_provider.cc:666 GetCapability] webgpu kernel not found in registries for Op type: Unsqueeze node name: /model/layers.1/self_attn/Unsqueeze_13 d95923ea-2a75-4757-a86c-99d425e3974a:92:232
2026-10-04 18:51:32.583999 [I:onnxruntime:, webgpu_execution_provider.cc:666 GetCapability] webgpu kernel not found in registries for Op type: Gather node name: /model/layers.1/self_attn/Gather_4 d95923ea-2a75-4757-a86c-99d425e3974a:92:232
2026-10-04 18:51:32.583999 [I:onnxruntime:, webgpu_execution_provider.cc:666 GetCapability] webgpu kernel not found in registries for Op type: Unsqueeze node name: /model/layers.1/self_attn/Unsqueeze_11 d95923ea-2a75-4757-a86c-99d425e3974a:92:232
2026-10-04 18:51:32.583999 [I:onnxruntime:, webgpu_execution_provider.cc:666 GetCapability] webgpu kernel not found in registries for Op type: Concat node name: /model/layers.1/self_attn/Concat_7 d95923ea-2a75-4757-a86c-99d425e3974a:92:232
2026-10-04 18:51:32.583999 [I:onnxruntime:, webgpu_execution_provider.cc:666 GetCapability] webgpu kernel not found in registries for Op type: Equal node name: /model/layers.1/self_attn/Equal d95923ea-2a75-4757-a86c-99d425e3974a:92:232
2026-10-04 18:51:32.584999 [I:onnxruntime:, webgpu_execution_provider.cc:666 GetCapability] webgpu kernel not found in registries for Op type: Where node name: /model/layers.1/self_attn/Where d95923ea-2a75-4757-a86c-99d425e3974a:92:232
2026-10-04 18:51:32.584999 [I:onnxruntime:, webgpu_execution_provider.cc:666 GetCapability] webgpu kernel not found in registries for Op type: Gather node name: /model/layers.1/self_attn/Gather_12 d95923ea-2a75-4757-a86c-99d425e3974a:92:232
2026-10-04 18:51:32.584999 [I:onnxruntime:, webgpu_execution_provider.cc:666 GetCapability] webgpu kernel not found in registries for Op type: Unsqueeze node name: /model/layers.1/self_attn/Unsqueeze_28 d95923ea-2a75-4757-a86c-99d425e3974a:92:232
2026-10-04 18:51:32.586000 [I:onnxruntime:, webgpu_execution_provider.cc:666 GetCapability] webgpu kernel not found in registries for Op type: Gather node name: /model/layers.1/self_attn/Gather_10 d95923ea-2a75-4757-a86c-99d425e3974a:92:232
2026-10-04 18:51:32.586000 [I:onnxruntime:, webgpu_execution_provider.cc:666 GetCapability] webgpu kernel not found in registries for Op type: Unsqueeze node name: /model/layers.1/self_attn/Unsqueeze_22 d95923ea-2a75-4757-a86c-99d425e3974a:92:232
2026-10-04 18:51:32.587000 [I:onnxruntime:, webgpu_execution_provider.cc:666 GetCapability] webgpu kernel not found in registries for Op type: Gather node name: /model/layers.1/self_attn/Gather_8 d95923ea-2a75-4757-a86c-99d425e3974a:92:232
2026-10-04 18:51:32.587000 [I:onnxruntime:, webgpu_execution_provider.cc:666 GetCapability] webgpu kernel not found in registries for Op type: Unsqueeze node name: /model/layers.1/self_attn/Unsqueeze_20 d95923ea-2a75-4757-a86c-99d425e3974a:92:232
2026-10-04 18:51:32.587000 [I:onnxruntime:, webgpu_execution_provider.cc:666 GetCapability] webgpu kernel not found in registries for Op type: Concat node name: /model/layers.1/self_attn/Concat_9 d95923ea-2a75-4757-a86c-99d425e3974a:92:232
2026-10-04 18:51:32.587000 [I:onnxruntime:, webgpu_execution_provider.cc:666 GetCapability] webgpu kernel not found in registries for Op type: Equal node name: /model/layers.1/self_attn/Equal_1 d95923ea-2a75-4757-a86c-99d425e3974a:92:232
2026-10-04 18:51:32.587999 [I:onnxruntime:, webgpu_execution_provider.cc:666 GetCapability] webgpu kernel not found in registries for Op type: Where node name: /model/layers.1/self_attn/Where_1 d95923ea-2a75-4757-a86c-99d425e3974a:92:232
2026-10-04 18:51:32.587999 [I:onnxruntime:, webgpu_execution_provider.cc:666 GetCapability] webgpu kernel not found in registries for Op type: Gather node name: /model/layers.2/self_attn/Gather_1 d95923ea-2a75-4757-a86c-99d425e3974a:92:232
2026-10-04 18:51:32.589000 [I:onnxruntime:, webgpu_execution_provider.cc:666 GetCapability] webgpu kernel not found in registries for Op type: Unsqueeze node name: /model/layers.2/self_attn/Unsqueeze_1 d95923ea-2a75-4757-a86c-99d425e3974a:92:232
2026-10-04 18:51:32.589000 [I:onnxruntime:, webgpu_execution_provider.cc:666 GetCapability] webgpu kernel not found in registries for Op type: Gather node name: /model/layers.2/self_attn/Gather d95923ea-2a75-4757-a86c-99d425e3974a:92:232
2026-10-04 18:51:32.589000 [I:onnxruntime:, webgpu_execution_provider.cc:666 GetCapability] webgpu kernel not found in registries for Op type: Unsqueeze node name: /model/layers.2/self_attn/Unsqueeze d95923ea-2a75-4757-a86c-99d425e3974a:92:232
2026-10-04 18:51:32.589000 [I:onnxruntime:, webgpu_execution_provider.cc:666 GetCapability] webgpu kernel not found in registries for Op type: Concat node name: /model/layers.2/self_attn/Concat d95923ea-2a75-4757-a86c-99d425e3974a:92:232
2026-10-04 18:51:32.590000 [I:onnxruntime:, webgpu_execution_provider.cc:666 GetCapability] webgpu kernel not found in registries for Op type: Gather node name: /model/layers.2/self_attn/Gather_6 d95923ea-2a75-4757-a86c-99d425e3974a:92:232
2026-10-04 18:51:32.591000 [I:onnxruntime:, webgpu_execution_provider.cc:666 GetCapability] webgpu kernel not found in registries for Op type: Unsqueeze node name: /model/layers.2/self_attn/Unsqueeze_13 d95923ea-2a75-4757-a86c-99d425e3974a:92:232
2026-10-04 18:51:32.591000 [I:onnxruntime:, webgpu_execution_provider.cc:666 GetCapability] webgpu kernel not found in registries for Op type: Gather node name: /model/layers.2/self_attn/Gather_4 d95923ea-2a75-4757-a86c-99d425e3974a:92:232
2026-10-04 18:51:32.591999 [I:onnxruntime:, webgpu_execution_provider.cc:666 GetCapability] webgpu kernel not found in registries for Op type: Unsqueeze node name: /model/layers.2/self_attn/Unsqueeze_11 d95923ea-2a75-4757-a86c-99d425e3974a:92:232
2026-10-04 18:51:32.591999 [I:onnxruntime:, webgpu_execution_provider.cc:666 GetCapability] webgpu kernel not found in registries for Op type: Concat node name: /model/layers.2/self_attn/Concat_7 d95923ea-2a75-4757-a86c-99d425e3974a:92:232
2026-10-04 18:51:32.591999 [I:onnxruntime:, webgpu_execution_provider.cc:666 GetCapability] webgpu kernel not found in registries for Op type: Equal node name: /model/layers.2/self_attn/Equal d95923ea-2a75-4757-a86c-99d425e3974a:92:232
2026-10-04 18:51:32.592999 [I:onnxruntime:, webgpu_execution_provider.cc:666 GetCapability] webgpu kernel not found in registries for Op type: Where node name: /model/layers.2/self_attn/Where d95923ea-2a75-4757-a86c-99d425e3974a:92:232
2026-10-04 18:51:32.592999 [I:onnxruntime:, webgpu_execution_provider.cc:666 GetCapability] webgpu kernel not found in registries for Op type: Gather node name: /model/layers.2/self_attn/Gather_12 d95923ea-2a75-4757-a86c-99d425e3974a:92:232
2026-10-04 18:51:32.594000 [I:onnxruntime:, webgpu_execution_provider.cc:666 GetCapability] webgpu kernel not found in registries for Op type: Unsqueeze node name: /model/layers.2/self_attn/Unsqueeze_28 d95923ea-2a75-4757-a86c-99d425e3974a:92:232
2026-10-04 18:51:32.594000 [I:onnxruntime:, webgpu_execution_provider.cc:666 GetCapability] webgpu kernel not found in registries for Op type: Gather node name: /model/layers.2/self_attn/Gather_10 d95923ea-2a75-4757-a86c-99d425e3974a:92:232
2026-10-04 18:51:32.595000 [I:onnxruntime:, webgpu_execution_provider.cc:666 GetCapability] webgpu kernel not found in registries for Op type: Unsqueeze node name: /model/layers.2/self_attn/Unsqueeze_22 d95923ea-2a75-4757-a86c-99d425e3974a:92:232
2026-10-04 18:51:32.595000 [I:onnxruntime:, webgpu_execution_provider.cc:666 GetCapability] webgpu kernel not found in registries for Op type: Gather node name: /model/layers.2/self_attn/Gather_8 d95923ea-2a75-4757-a86c-99d425e3974a:92:232
2026-10-04 18:51:32.595000 [I:onnxruntime:, webgpu_execution_provider.cc:666 GetCapability] webgpu kernel not found in registries for Op type: Unsqueeze node name: /model/layers.2/self_attn/Unsqueeze_20 d95923ea-2a75-4757-a86c-99d425e3974a:92:232
2026-10-04 18:51:32.595999 [I:onnxruntime:, webgpu_execution_provider.cc:666 GetCapability] webgpu kernel not found in registries for Op type: Concat node name: /model/layers.2/self_attn/Concat_9 d95923ea-2a75-4757-a86c-99d425e3974a:92:232
2026-10-04 18:51:32.595999 [I:onnxruntime:, webgpu_execution_provider.cc:666 GetCapability] webgpu kernel not found in registries for Op type: Equal node name: /model/layers.2/self_attn/Equal_1 d95923ea-2a75-4757-a86c-99d425e3974a:92:232
2026-10-04 18:51:32.595999 [I:onnxruntime:, webgpu_execution_provider.cc:666 GetCapability] webgpu kernel not found in registries for Op type: Where node name: /model/layers.2/self_attn/Where_1 d95923ea-2a75-4757-a86c-99d425e3974a:92:232
2026-10-04 18:51:32.597000 [I:onnxruntime:, webgpu_execution_provider.cc:666 GetCapability] webgpu kernel not found in registries for Op type: Gather node name: /model/layers.3/self_attn/Gather_1 d95923ea-2a75-4757-a86c-99d425e3974a:92:232
2026-10-04 18:51:32.598000 [I:onnxruntime:, webgpu_execution_provider.cc:666 GetCapability] webgpu kernel not found in registries for Op type: Unsqueeze node name: /model/layers.3/self_attn/Unsqueeze_1 d95923ea-2a75-4757-a86c-99d425e3974a:92:232
2026-10-04 18:51:32.598000 [I:onnxruntime:, webgpu_execution_provider.cc:666 GetCapability] webgpu kernel not found in registries for Op type: Gather node name: /model/layers.3/self_attn/Gather d95923ea-2a75-4757-a86c-99d425e3974a:92:232
2026-10-04 18:51:32.598000 [I:onnxruntime:, webgpu_execution_provider.cc:666 GetCapability] webgpu kernel not found in registries for Op type: Unsqueeze node name: /model/layers.3/self_attn/Unsqueeze d95923ea-2a75-4757-a86c-99d425e3974a:92:232
2026-10-04 18:51:32.599000 [I:onnxruntime:, webgpu_execution_provider.cc:666 GetCapability] webgpu kernel not found in registries for Op type: Concat node name: /model/layers.3/self_attn/Concat d95923ea-2a75-4757-a86c-99d425e3974a:92:232
2026-10-04 18:51:32.599000 [I:onnxruntime:, webgpu_execution_provider.cc:666 GetCapability] webgpu kernel not found in registries for Op type: Gather node name: /model/layers.3/self_attn/Gather_6 d95923ea-2a75-4757-a86c-99d425e3974a:92:232
2026-10-04 18:51:32.599999 [I:onnxruntime:, webgpu_execution_provider.cc:666 GetCapability] webgpu kernel not found in registries for Op type: Unsqueeze node name: /model/layers.3/self_attn/Unsqueeze_13 d95923ea-2a75-4757-a86c-99d425e3974a:92:232
2026-10-04 18:51:32.599999 [I:onnxruntime:, webgpu_execution_provider.cc:666 GetCapability] webgpu kernel not found in registries for Op type: Gather node name: /model/layers.3/self_attn/Gather_4 d95923ea-2a75-4757-a86c-99d425e3974a:92:232
2026-10-04 18:51:32.600999 [I:onnxruntime:, webgpu_execution_provider.cc:666 GetCapability] webgpu kernel not found in registries for Op type: Unsqueeze node name: /model/layers.3/self_attn/Unsqueeze_11 d95923ea-2a75-4757-a86c-99d425e3974a:92:232
2026-10-04 18:51:32.600999 [I:onnxruntime:, webgpu_execution_provider.cc:666 GetCapability] webgpu kernel not found in registries for Op type: Concat node name: /model/layers.3/self_attn/Concat_7 d95923ea-2a75-4757-a86c-99d425e3974a:92:232
2026-10-04 18:51:32.600999 [I:onnxruntime:, webgpu_execution_provider.cc:666 GetCapability] webgpu kernel not found in registries for Op type: Equal node name: /model/layers.3/self_attn/Equal d95923ea-2a75-4757-a86c-99d425e3974a:92:232
2026-10-04 18:51:32.602000 [I:onnxruntime:, webgpu_execution_provider.cc:666 GetCapability] webgpu kernel not found in registries for Op type: Where node name: /model/layers.3/self_attn/Where d95923ea-2a75-4757-a86c-99d425e3974a:92:232
2026-10-04 18:51:32.602000 [I:onnxruntime:, webgpu_execution_provider.cc:666 GetCapability] webgpu kernel not found in registries for Op type: Gather node name: /model/layers.3/self_attn/Gather_12 d95923ea-2a75-4757-a86c-99d425e3974a:92:232
2026-10-04 18:51:32.603000 [I:onnxruntime:, webgpu_execution_provider.cc:666 GetCapability] webgpu kernel not found in registries for Op type: Unsqueeze node name: /model/layers.3/self_attn/Unsqueeze_28 d95923ea-2a75-4757-a86c-99d425e3974a:92:232
2026-10-04 18:51:32.603000 [I:onnxruntime:, webgpu_execution_provider.cc:666 GetCapability] webgpu kernel not found in registries for Op type: Gather node name: /model/layers.3/self_attn/Gather_10 d95923ea-2a75-4757-a86c-99d425e3974a:92:232
2026-10-04 18:51:32.603999 [I:onnxruntime:, webgpu_execution_provider.cc:666 GetCapability] webgpu kernel not found in registries for Op type: Unsqueeze node name: /model/layers.3/self_attn/Unsqueeze_22 d95923ea-2a75-4757-a86c-99d425e3974a:92:232
2026-10-04 18:51:32.603999 [I:onnxruntime:, webgpu_execution_provider.cc:666 GetCapability] webgpu kernel not found in registries for Op type: Gather node name: /model/layers.3/self_attn/Gather_8 d95923ea-2a75-4757-a86c-99d425e3974a:92:232
2026-10-04 18:51:32.603999 [I:onnxruntime:, webgpu_execution_provider.cc:666 GetCapability] webgpu kernel not found in registries for Op type: Unsqueeze node name: /model/layers.3/self_attn/Unsqueeze_20 d95923ea-2a75-4757-a86c-99d425e3974a:92:232
2026-10-04 18:51:32.605000 [I:onnxruntime:, webgpu_execution_provider.cc:666 GetCapability] webgpu kernel not found in registries for Op type: Concat node name: /model/layers.3/self_attn/Concat_9 d95923ea-2a75-4757-a86c-99d425e3974a:92:232
2026-10-04 18:51:32.605000 [I:onnxruntime:, webgpu_execution_provider.cc:666 GetCapability] webgpu kernel not found in registries for Op type: Equal node name: /model/layers.3/self_attn/Equal_1 d95923ea-2a75-4757-a86c-99d425e3974a:92:232
2026-10-04 18:51:32.605000 [I:onnxruntime:, webgpu_execution_provider.cc:666 GetCapability] webgpu kernel not found in registries for Op type: Where node name: /model/layers.3/self_attn/Where_1 d95923ea-2a75-4757-a86c-99d425e3974a:92:232
2026-10-04 18:51:32.606000 [I:onnxruntime:, webgpu_execution_provider.cc:666 GetCapability] webgpu kernel not found in registries for Op type: Gather node name: /model/layers.4/self_attn/Gather_1 d95923ea-2a75-4757-a86c-99d425e3974a:92:232
2026-10-04 18:51:32.606000 [I:onnxruntime:, webgpu_execution_provider.cc:666 GetCapability] webgpu kernel not found in registries for Op type: Unsqueeze node name: /model/layers.4/self_attn/Unsqueeze_1 d95923ea-2a75-4757-a86c-99d425e3974a:92:232
2026-10-04 18:51:32.606000 [I:onnxruntime:, webgpu_execution_provider.cc:666 GetCapability] webgpu kernel not found in registries for Op type: Gather node name: /model/layers.4/self_attn/Gather d95923ea-2a75-4757-a86c-99d425e3974a:92:232
2026-10-04 18:51:32.607000 [I:onnxruntime:, webgpu_execution_provider.cc:666 GetCapability] webgpu kernel not found in registries for Op type: Unsqueeze node name: /model/layers.4/self_attn/Unsqueeze d95923ea-2a75-4757-a86c-99d425e3974a:92:232
2026-10-04 18:51:32.607000 [I:onnxruntime:, webgpu_execution_provider.cc:666 GetCapability] webgpu kernel not found in registries for Op type: Concat node name: /model/layers.4/self_attn/Concat d95923ea-2a75-4757-a86c-99d425e3974a:92:232
2026-10-04 18:51:32.607000 [I:onnxruntime:, webgpu_execution_provider.cc:666 GetCapability] webgpu kernel not found in registries for Op type: Gather node name: /model/layers.4/self_attn/Gather_6 d95923ea-2a75-4757-a86c-99d425e3974a:92:232
2026-10-04 18:51:32.607999 [I:onnxruntime:, webgpu_execution_provider.cc:666 GetCapability] webgpu kernel not found in registries for Op type: Unsqueeze node name: /model/layers.4/self_attn/Unsqueeze_13 d95923ea-2a75-4757-a86c-99d425e3974a:92:232
2026-10-04 18:51:32.607999 [I:onnxruntime:, webgpu_execution_provider.cc:666 GetCapability] webgpu kernel not found in registries for Op type: Gather node name: /model/layers.4/self_attn/Gather_4 d95923ea-2a75-4757-a86c-99d425e3974a:92:232
2026-10-04 18:51:32.607999 [I:onnxruntime:, webgpu_execution_provider.cc:666 GetCapability] webgpu kernel not found in registries for Op type: Unsqueeze node name: /model/layers.4/self_attn/Unsqueeze_11 d95923ea-2a75-4757-a86c-99d425e3974a:92:232
2026-10-04 18:51:32.607999 [I:onnxruntime:, webgpu_execution_provider.cc:666 GetCapability] webgpu kernel not found in registries for Op type: Concat node name: /model/layers.4/self_attn/Concat_7 d95923ea-2a75-4757-a86c-99d425e3974a:92:232
2026-10-04 18:51:32.608999 [I:onnxruntime:, webgpu_execution_provider.cc:666 GetCapability] webgpu kernel not found in registries for Op type: Equal node name: /model/layers.4/self_attn/Equal d95923ea-2a75-4757-a86c-99d425e3974a:92:232
2026-10-04 18:51:32.608999 [I:onnxruntime:, webgpu_execution_provider.cc:666 GetCapability] webgpu kernel not found in registries for Op type: Where node name: /model/layers.4/self_attn/Where d95923ea-2a75-4757-a86c-99d425e3974a:92:232
2026-10-04 18:51:32.608999 [I:onnxruntime:, webgpu_execution_provider.cc:666 GetCapability] webgpu kernel not found in registries for Op type: Gather node name: /model/layers.4/self_attn/Gather_12 d95923ea-2a75-4757-a86c-99d425e3974a:92:232
2026-10-04 18:51:32.610000 [I:onnxruntime:, webgpu_execution_provider.cc:666 GetCapability] webgpu kernel not found in registries for Op type: Unsqueeze node name: /model/layers.4/self_attn/Unsqueeze_28 d95923ea-2a75-4757-a86c-99d425e3974a:92:232
2026-10-04 18:51:32.610000 [I:onnxruntime:, webgpu_execution_provider.cc:666 GetCapability] webgpu kernel not found in registries for Op type: Gather node name: /model/layers.4/self_attn/Gather_10 d95923ea-2a75-4757-a86c-99d425e3974a:92:232
2026-10-04 18:51:32.611000 [I:onnxruntime:, webgpu_execution_provider.cc:666 GetCapability] webgpu kernel not found in registries for Op type: Unsqueeze node name: /model/layers.4/self_attn/Unsqueeze_22 d95923ea-2a75-4757-a86c-99d425e3974a:92:232
2026-10-04 18:51:32.611000 [I:onnxruntime:, webgpu_execution_provider.cc:666 GetCapability] webgpu kernel not found in registries for Op type: Gather node name: /model/layers.4/self_attn/Gather_8 d95923ea-2a75-4757-a86c-99d425e3974a:92:232
2026-10-04 18:51:32.611000 [I:onnxruntime:, webgpu_execution_provider.cc:666 GetCapability] webgpu kernel not found in registries for Op type: Unsqueeze node name: /model/layers.4/self_attn/Unsqueeze_20 d95923ea-2a75-4757-a86c-99d425e3974a:92:232
2026-10-04 18:51:32.611000 [I:onnxruntime:, webgpu_execution_provider.cc:666 GetCapability] webgpu kernel not found in registries for Op type: Concat node name: /model/layers.4/self_attn/Concat_9 d95923ea-2a75-4757-a86c-99d425e3974a:92:232
2026-10-04 18:51:32.611999 [I:onnxruntime:, webgpu_execution_provider.cc:666 GetCapability] webgpu kernel not found in registries for Op type: Equal node name: /model/layers.4/self_attn/Equal_1 d95923ea-2a75-4757-a86c-99d425e3974a:92:232
2026-10-04 18:51:32.611999 [I:onnxruntime:, webgpu_execution_provider.cc:666 GetCapability] webgpu kernel not found in registries for Op type: Where node name: /model/layers.4/self_attn/Where_1 d95923ea-2a75-4757-a86c-99d425e3974a:92:232
2026-10-04 18:51:32.613000 [I:onnxruntime:, webgpu_execution_provider.cc:666 GetCapability] webgpu kernel not found in registries for Op type: Gather node name: /model/layers.5/self_attn/Gather_1 d95923ea-2a75-4757-a86c-99d425e3974a:92:232
2026-10-04 18:51:32.613000 [I:onnxruntime:, webgpu_execution_provider.cc:666 GetCapability] webgpu kernel not found in registries for Op type: Unsqueeze node name: /model/layers.5/self_attn/Unsqueeze_1 d95923ea-2a75-4757-a86c-99d425e3974a:92:232
2026-10-04 18:51:32.614000 [I:onnxruntime:, webgpu_execution_provider.cc:666 GetCapability] webgpu kernel not found in registries for Op type: Gather node name: /model/layers.5/self_attn/Gather d95923ea-2a75-4757-a86c-99d425e3974a:92:232
2026-10-04 18:51:32.614000 [I:onnxruntime:, webgpu_execution_provider.cc:666 GetCapability] webgpu kernel not found in registries for Op type: Unsqueeze node name: /model/layers.5/self_attn/Unsqueeze d95923ea-2a75-4757-a86c-99d425e3974a:92:232
2026-10-04 18:51:32.614000 [I:onnxruntime:, webgpu_execution_provider.cc:666 GetCapability] webgpu kernel not found in registries for Op type: Concat node name: /model/layers.5/self_attn/Concat d95923ea-2a75-4757-a86c-99d425e3974a:92:232
2026-10-04 18:51:32.615000 [I:onnxruntime:, webgpu_execution_provider.cc:666 GetCapability] webgpu kernel not found in registries for Op type: Gather node name: /model/layers.5/self_attn/Gather_6 d95923ea-2a75-4757-a86c-99d425e3974a:92:232
2026-10-04 18:51:32.615000 [I:onnxruntime:, webgpu_execution_provider.cc:666 GetCapability] webgpu kernel not found in registries for Op type: Unsqueeze node name: /model/layers.5/self_attn/Unsqueeze_13 d95923ea-2a75-4757-a86c-99d425e3974a:92:232
2026-10-04 18:51:32.615000 [I:onnxruntime:, webgpu_execution_provider.cc:666 GetCapability] webgpu kernel not found in registries for Op type: Gather node name: /model/layers.5/self_attn/Gather_4 d95923ea-2a75-4757-a86c-99d425e3974a:92:232
2026-10-04 18:51:32.615000 [I:onnxruntime:, webgpu_execution_provider.cc:666 GetCapability] webgpu kernel not found in registries for Op type: Unsqueeze node name: /model/layers.5/self_attn/Unsqueeze_11 d95923ea-2a75-4757-a86c-99d425e3974a:92:232
2026-10-04 18:51:32.615999 [I:onnxruntime:, webgpu_execution_provider.cc:666 GetCapability] webgpu kernel not found in registries for Op type: Concat node name: /model/layers.5/self_attn/Concat_7 d95923ea-2a75-4757-a86c-99d425e3974a:92:232
2026-10-04 18:51:32.615999 [I:onnxruntime:, webgpu_execution_provider.cc:666 GetCapability] webgpu kernel not found in registries for Op type: Equal node name: /model/layers.5/self_attn/Equal d95923ea-2a75-4757-a86c-99d425e3974a:92:232
2026-10-04 18:51:32.624999 [I:onnxruntime:, webgpu_execution_provider.cc:666 GetCapability] webgpu kernel not found in registries for Op type: Where node name: /model/layers.5/self_attn/Where d95923ea-2a75-4757-a86c-99d425e3974a:92:232
2026-10-04 18:51:32.626000 [I:onnxruntime:, webgpu_execution_provider.cc:666 GetCapability] webgpu kernel not found in registries for Op type: Gather node name: /model/layers.5/self_attn/Gather_12 d95923ea-2a75-4757-a86c-99d425e3974a:92:232
2026-10-04 18:51:32.627000 [I:onnxruntime:, webgpu_execution_provider.cc:666 GetCapability] webgpu kernel not found in registries for Op type: Unsqueeze node name: /model/layers.5/self_attn/Unsqueeze_28 d95923ea-2a75-4757-a86c-99d425e3974a:92:232
2026-10-04 18:51:32.630000 [I:onnxruntime:, webgpu_execution_provider.cc:666 GetCapability] webgpu kernel not found in registries for Op type: Gather node name: /model/layers.5/self_attn/Gather_10 d95923ea-2a75-4757-a86c-99d425e3974a:92:232
2026-10-04 18:51:32.631999 [I:onnxruntime:, webgpu_execution_provider.cc:666 GetCapability] webgpu kernel not found in registries for Op type: Unsqueeze node name: /model/layers.5/self_attn/Unsqueeze_22 d95923ea-2a75-4757-a86c-99d425e3974a:92:232
2026-10-04 18:51:32.632999 [I:onnxruntime:, webgpu_execution_provider.cc:666 GetCapability] webgpu kernel not found in registries for Op type: Gather node name: /model/layers.5/self_attn/Gather_8 d95923ea-2a75-4757-a86c-99d425e3974a:92:232
2026-10-04 18:51:32.634000 [I:onnxruntime:, webgpu_execution_provider.cc:666 GetCapability] webgpu kernel not found in registries for Op type: Unsqueeze node name: /model/layers.5/self_attn/Unsqueeze_20 d95923ea-2a75-4757-a86c-99d425e3974a:92:232
2026-10-04 18:51:32.635000 [I:onnxruntime:, webgpu_execution_provider.cc:666 GetCapability] webgpu kernel not found in registries for Op type: Concat node name: /model/layers.5/self_attn/Concat_9 d95923ea-2a75-4757-a86c-99d425e3974a:92:232
2026-10-04 18:51:32.635000 [I:onnxruntime:, webgpu_execution_provider.cc:666 GetCapability] webgpu kernel not found in registries for Op type: Equal node name: /model/layers.5/self_attn/Equal_1 d95923ea-2a75-4757-a86c-99d425e3974a:92:232
2026-10-04 18:51:32.635000 [I:onnxruntime:, webgpu_execution_provider.cc:666 GetCapability] webgpu kernel not found in registries for Op type: Where node name: /model/layers.5/self_attn/Where_1 d95923ea-2a75-4757-a86c-99d425e3974a:92:232
2026-10-04 18:51:32.635999 [I:onnxruntime:, webgpu_execution_provider.cc:666 GetCapability] webgpu kernel not found in registries for Op type: Gather node name: /model/layers.6/self_attn/Gather_1 d95923ea-2a75-4757-a86c-99d425e3974a:92:232
2026-10-04 18:51:32.637000 [I:onnxruntime:, webgpu_execution_provider.cc:666 GetCapability] webgpu kernel not found in registries for Op type: Unsqueeze node name: /model/layers.6/self_attn/Unsqueeze_1 d95923ea-2a75-4757-a86c-99d425e3974a:92:232
2026-10-04 18:51:32.637000 [I:onnxruntime:, webgpu_execution_provider.cc:666 GetCapability] webgpu kernel not found in registries for Op type: Gather node name: /model/layers.6/self_attn/Gather d95923ea-2a75-4757-a86c-99d425e3974a:92:232
2026-10-04 18:51:32.637000 [I:onnxruntime:, webgpu_execution_provider.cc:666 GetCapability] webgpu kernel not found in registries for Op type: Unsqueeze node name: /model/layers.6/self_attn/Unsqueeze d95923ea-2a75-4757-a86c-99d425e3974a:92:232
2026-10-04 18:51:32.638000 [I:onnxruntime:, webgpu_execution_provider.cc:666 GetCapability] webgpu kernel not found in registries for Op type: Concat node name: /model/layers.6/self_attn/Concat d95923ea-2a75-4757-a86c-99d425e3974a:92:232
2026-10-04 18:51:32.638000 [I:onnxruntime:, webgpu_execution_provider.cc:666 GetCapability] webgpu kernel not found in registries for Op type: Gather node name: /model/layers.6/self_attn/Gather_6 d95923ea-2a75-4757-a86c-99d425e3974a:92:232
2026-10-04 18:51:32.639000 [I:onnxruntime:, webgpu_execution_provider.cc:666 GetCapability] webgpu kernel not found in registries for Op type: Unsqueeze node name: /model/layers.6/self_attn/Unsqueeze_13 d95923ea-2a75-4757-a86c-99d425e3974a:92:232
2026-10-04 18:51:32.639000 [I:onnxruntime:, webgpu_execution_provider.cc:666 GetCapability] webgpu kernel not found in registries for Op type: Gather node name: /model/layers.6/self_attn/Gather_4 d95923ea-2a75-4757-a86c-99d425e3974a:92:232
2026-10-04 18:51:32.639000 [I:onnxruntime:, webgpu_execution_provider.cc:666 GetCapability] webgpu kernel not found in registries for Op type: Unsqueeze node name: /model/layers.6/self_attn/Unsqueeze_11 d95923ea-2a75-4757-a86c-99d425e3974a:92:232
2026-10-04 18:51:32.639000 [I:onnxruntime:, webgpu_execution_provider.cc:666 GetCapability] webgpu kernel not found in registries for Op type: Concat node name: /model/layers.6/self_attn/Concat_7 d95923ea-2a75-4757-a86c-99d425e3974a:92:232
2026-10-04 18:51:32.639999 [I:onnxruntime:, webgpu_execution_provider.cc:666 GetCapability] webgpu kernel not found in registries for Op type: Equal node name: /model/layers.6/self_attn/Equal d95923ea-2a75-4757-a86c-99d425e3974a:92:232
2026-10-04 18:51:32.639999 [I:onnxruntime:, webgpu_execution_provider.cc:666 GetCapability] webgpu kernel not found in registries for Op type: Where node name: /model/layers.6/self_attn/Where d95923ea-2a75-4757-a86c-99d425e3974a:92:232
2026-10-04 18:51:32.639999 [I:onnxruntime:, webgpu_execution_provider.cc:666 GetCapability] webgpu kernel not found in registries for Op type: Gather node name: /model/layers.6/self_attn/Gather_12 d95923ea-2a75-4757-a86c-99d425e3974a:92:232
2026-10-04 18:51:32.642000 [I:onnxruntime:, webgpu_execution_provider.cc:666 GetCapability] webgpu kernel not found in registries for Op type: Unsqueeze node name: /model/layers.6/self_attn/Unsqueeze_28 d95923ea-2a75-4757-a86c-99d425e3974a:92:232
2026-10-04 18:51:32.642000 [I:onnxruntime:, webgpu_execution_provider.cc:666 GetCapability] webgpu kernel not found in registries for Op type: Gather node name: /model/layers.6/self_attn/Gather_10 d95923ea-2a75-4757-a86c-99d425e3974a:92:232
2026-10-04 18:51:32.643000 [I:onnxruntime:, webgpu_execution_provider.cc:666 GetCapability] webgpu kernel not found in registries for Op type: Unsqueeze node name: /model/layers.6/self_attn/Unsqueeze_22 d95923ea-2a75-4757-a86c-99d425e3974a:92:232
2026-10-04 18:51:32.643000 [I:onnxruntime:, webgpu_execution_provider.cc:666 GetCapability] webgpu kernel not found in registries for Op type: Gather node name: /model/layers.6/self_attn/Gather_8 d95923ea-2a75-4757-a86c-99d425e3974a:92:232
2026-10-04 18:51:32.643000 [I:onnxruntime:, webgpu_execution_provider.cc:666 GetCapability] webgpu kernel not found in registries for Op type: Unsqueeze node name: /model/layers.6/self_attn/Unsqueeze_20 d95923ea-2a75-4757-a86c-99d425e3974a:92:232
2026-10-04 18:51:32.643000 [I:onnxruntime:, webgpu_execution_provider.cc:666 GetCapability] webgpu kernel not found in registries for Op type: Concat node name: /model/layers.6/self_attn/Concat_9 d95923ea-2a75-4757-a86c-99d425e3974a:92:232
2026-10-04 18:51:32.643999 [I:onnxruntime:, webgpu_execution_provider.cc:666 GetCapability] webgpu kernel not found in registries for Op type: Equal node name: /model/layers.6/self_attn/Equal_1 d95923ea-2a75-4757-a86c-99d425e3974a:92:232
2026-10-04 18:51:32.643999 [I:onnxruntime:, webgpu_execution_provider.cc:666 GetCapability] webgpu kernel not found in registries for Op type: Where node name: /model/layers.6/self_attn/Where_1 d95923ea-2a75-4757-a86c-99d425e3974a:92:232
2026-10-04 18:51:32.645000 [I:onnxruntime:, webgpu_execution_provider.cc:666 GetCapability] webgpu kernel not found in registries for Op type: Gather node name: /model/layers.7/self_attn/Gather_1 d95923ea-2a75-4757-a86c-99d425e3974a:92:232
2026-10-04 18:51:32.645000 [I:onnxruntime:, webgpu_execution_provider.cc:666 GetCapability] webgpu kernel not found in registries for Op type: Unsqueeze node name: /model/layers.7/self_attn/Unsqueeze_1 d95923ea-2a75-4757-a86c-99d425e3974a:92:232
2026-10-04 18:51:32.646000 [I:onnxruntime:, webgpu_execution_provider.cc:666 GetCapability] webgpu kernel not found in registries for Op type: Gather node name: /model/layers.7/self_attn/Gather d95923ea-2a75-4757-a86c-99d425e3974a:92:232
2026-10-04 18:51:32.646000 [I:onnxruntime:, webgpu_execution_provider.cc:666 GetCapability] webgpu kernel not found in registries for Op type: Unsqueeze node name: /model/layers.7/self_attn/Unsqueeze d95923ea-2a75-4757-a86c-99d425e3974a:92:232
2026-10-04 18:51:32.646000 [I:onnxruntime:, webgpu_execution_provider.cc:666 GetCapability] webgpu kernel not found in registries for Op type: Concat node name: /model/layers.7/self_attn/Concat d95923ea-2a75-4757-a86c-99d425e3974a:92:232
2026-10-04 18:51:32.647000 [I:onnxruntime:, webgpu_execution_provider.cc:666 GetCapability] webgpu kernel not found in registries for Op type: Gather node name: /model/layers.7/self_attn/Gather_6 d95923ea-2a75-4757-a86c-99d425e3974a:92:232
2026-10-04 18:51:32.647000 [I:onnxruntime:, webgpu_execution_provider.cc:666 GetCapability] webgpu kernel not found in registries for Op type: Unsqueeze node name: /model/layers.7/self_attn/Unsqueeze_13 d95923ea-2a75-4757-a86c-99d425e3974a:92:232
2026-10-04 18:51:32.647000 [I:onnxruntime:, webgpu_execution_provider.cc:666 GetCapability] webgpu kernel not found in registries for Op type: Gather node name: /model/layers.7/self_attn/Gather_4 d95923ea-2a75-4757-a86c-99d425e3974a:92:232
2026-10-04 18:51:32.647000 [I:onnxruntime:, webgpu_execution_provider.cc:666 GetCapability] webgpu kernel not found in registries for Op type: Unsqueeze node name: /model/layers.7/self_attn/Unsqueeze_11 d95923ea-2a75-4757-a86c-99d425e3974a:92:232
2026-10-04 18:51:32.647999 [I:onnxruntime:, webgpu_execution_provider.cc:666 GetCapability] webgpu kernel not found in registries for Op type: Concat node name: /model/layers.7/self_attn/Concat_7 d95923ea-2a75-4757-a86c-99d425e3974a:92:232
2026-10-04 18:51:32.647999 [I:onnxruntime:, webgpu_execution_provider.cc:666 GetCapability] webgpu kernel not found in registries for Op type: Equal node name: /model/layers.7/self_attn/Equal d95923ea-2a75-4757-a86c-99d425e3974a:92:232
2026-10-04 18:51:32.647999 [I:onnxruntime:, webgpu_execution_provider.cc:666 GetCapability] webgpu kernel not found in registries for Op type: Where node name: /model/layers.7/self_attn/Where d95923ea-2a75-4757-a86c-99d425e3974a:92:232
2026-10-04 18:51:32.648999 [I:onnxruntime:, webgpu_execution_provider.cc:666 GetCapability] webgpu kernel not found in registries for Op type: Gather node name: /model/layers.7/self_attn/Gather_12 d95923ea-2a75-4757-a86c-99d425e3974a:92:232
2026-10-04 18:51:32.648999 [I:onnxruntime:, webgpu_execution_provider.cc:666 GetCapability] webgpu kernel not found in registries for Op type: Unsqueeze node name: /model/layers.7/self_attn/Unsqueeze_28 d95923ea-2a75-4757-a86c-99d425e3974a:92:232
2026-10-04 18:51:32.648999 [I:onnxruntime:, webgpu_execution_provider.cc:666 GetCapability] webgpu kernel not found in registries for Op type: Gather node name: /model/layers.7/self_attn/Gather_10 d95923ea-2a75-4757-a86c-99d425e3974a:92:232
2026-10-04 18:51:32.650000 [I:onnxruntime:, webgpu_execution_provider.cc:666 GetCapability] webgpu kernel not found in registries for Op type: Unsqueeze node name: /model/layers.7/self_attn/Unsqueeze_22 d95923ea-2a75-4757-a86c-99d425e3974a:92:232
2026-10-04 18:51:32.650000 [I:onnxruntime:, webgpu_execution_provider.cc:666 GetCapability] webgpu kernel not found in registries for Op type: Gather node name: /model/layers.7/self_attn/Gather_8 d95923ea-2a75-4757-a86c-99d425e3974a:92:232
2026-10-04 18:51:32.650000 [I:onnxruntime:, webgpu_execution_provider.cc:666 GetCapability] webgpu kernel not found in registries for Op type: Unsqueeze node name: /model/layers.7/self_attn/Unsqueeze_20 d95923ea-2a75-4757-a86c-99d425e3974a:92:232
2026-10-04 18:51:32.651000 [I:onnxruntime:, webgpu_execution_provider.cc:666 GetCapability] webgpu kernel not found in registries for Op type: Concat node name: /model/layers.7/self_attn/Concat_9 d95923ea-2a75-4757-a86c-99d425e3974a:92:232
2026-10-04 18:51:32.651000 [I:onnxruntime:, webgpu_execution_provider.cc:666 GetCapability] webgpu kernel not found in registries for Op type: Equal node name: /model/layers.7/self_attn/Equal_1 d95923ea-2a75-4757-a86c-99d425e3974a:92:232
2026-10-04 18:51:32.651000 [I:onnxruntime:, webgpu_execution_provider.cc:666 GetCapability] webgpu kernel not found in registries for Op type: Where node name: /model/layers.7/self_attn/Where_1 d95923ea-2a75-4757-a86c-99d425e3974a:92:232
2026-10-04 18:51:32.651999 [I:onnxruntime:, webgpu_execution_provider.cc:666 GetCapability] webgpu kernel not found in registries for Op type: Gather node name: /model/layers.8/self_attn/Gather_1 d95923ea-2a75-4757-a86c-99d425e3974a:92:232
2026-10-04 18:51:32.653000 [I:onnxruntime:, webgpu_execution_provider.cc:666 GetCapability] webgpu kernel not found in registries for Op type: Unsqueeze node name: /model/layers.8/self_attn/Unsqueeze_1 d95923ea-2a75-4757-a86c-99d425e3974a:92:232
2026-10-04 18:51:32.653000 [I:onnxruntime:, webgpu_execution_provider.cc:666 GetCapability] webgpu kernel not found in registries for Op type: Gather node name: /model/layers.8/self_attn/Gather d95923ea-2a75-4757-a86c-99d425e3974a:92:232
2026-10-04 18:51:32.653000 [I:onnxruntime:, webgpu_execution_provider.cc:666 GetCapability] webgpu kernel not found in registries for Op type: Unsqueeze node name: /model/layers.8/self_attn/Unsqueeze d95923ea-2a75-4757-a86c-99d425e3974a:92:232
2026-10-04 18:51:32.654000 [I:onnxruntime:, webgpu_execution_provider.cc:666 GetCapability] webgpu kernel not found in registries for Op type: Concat node name: /model/layers.8/self_attn/Concat d95923ea-2a75-4757-a86c-99d425e3974a:92:232
2026-10-04 18:51:32.654000 [I:onnxruntime:, webgpu_execution_provider.cc:666 GetCapability] webgpu kernel not found in registries for Op type: Gather node name: /model/layers.8/self_attn/Gather_6 d95923ea-2a75-4757-a86c-99d425e3974a:92:232
2026-10-04 18:51:32.654000 [I:onnxruntime:, webgpu_execution_provider.cc:666 GetCapability] webgpu kernel not found in registries for Op type: Unsqueeze node name: /model/layers.8/self_attn/Unsqueeze_13 d95923ea-2a75-4757-a86c-99d425e3974a:92:232
2026-10-04 18:51:32.655000 [I:onnxruntime:, webgpu_execution_provider.cc:666 GetCapability] webgpu kernel not found in registries for Op type: Gather node name: /model/layers.8/self_attn/Gather_4 d95923ea-2a75-4757-a86c-99d425e3974a:92:232
2026-10-04 18:51:32.655000 [I:onnxruntime:, webgpu_execution_provider.cc:666 GetCapability] webgpu kernel not found in registries for Op type: Unsqueeze node name: /model/layers.8/self_attn/Unsqueeze_11 d95923ea-2a75-4757-a86c-99d425e3974a:92:232
2026-10-04 18:51:32.655000 [I:onnxruntime:, webgpu_execution_provider.cc:666 GetCapability] webgpu kernel not found in registries for Op type: Concat node name: /model/layers.8/self_attn/Concat_7 d95923ea-2a75-4757-a86c-99d425e3974a:92:232
2026-10-04 18:51:32.655000 [I:onnxruntime:, webgpu_execution_provider.cc:666 GetCapability] webgpu kernel not found in registries for Op type: Equal node name: /model/layers.8/self_attn/Equal d95923ea-2a75-4757-a86c-99d425e3974a:92:232
2026-10-04 18:51:32.655999 [I:onnxruntime:, webgpu_execution_provider.cc:666 GetCapability] webgpu kernel not found in registries for Op type: Where node name: /model/layers.8/self_attn/Where d95923ea-2a75-4757-a86c-99d425e3974a:92:232
2026-10-04 18:51:32.655999 [I:onnxruntime:, webgpu_execution_provider.cc:666 GetCapability] webgpu kernel not found in registries for Op type: Gather node name: /model/layers.8/self_attn/Gather_12 d95923ea-2a75-4757-a86c-99d425e3974a:92:232
2026-10-04 18:51:32.655999 [I:onnxruntime:, webgpu_execution_provider.cc:666 GetCapability] webgpu kernel not found in registries for Op type: Unsqueeze node name: /model/layers.8/self_attn/Unsqueeze_28 d95923ea-2a75-4757-a86c-99d425e3974a:92:232
2026-10-04 18:51:32.656999 [I:onnxruntime:, webgpu_execution_provider.cc:666 GetCapability] webgpu kernel not found in registries for Op type: Gather node name: /model/layers.8/self_attn/Gather_10 d95923ea-2a75-4757-a86c-99d425e3974a:92:232
2026-10-04 18:51:32.656999 [I:onnxruntime:, webgpu_execution_provider.cc:666 GetCapability] webgpu kernel not found in registries for Op type: Unsqueeze node name: /model/layers.8/self_attn/Unsqueeze_22 d95923ea-2a75-4757-a86c-99d425e3974a:92:232
2026-10-04 18:51:32.656999 [I:onnxruntime:, webgpu_execution_provider.cc:666 GetCapability] webgpu kernel not found in registries for Op type: Gather node name: /model/layers.8/self_attn/Gather_8 d95923ea-2a75-4757-a86c-99d425e3974a:92:232
2026-10-04 18:51:32.658000 [I:onnxruntime:, webgpu_execution_provider.cc:666 GetCapability] webgpu kernel not found in registries for Op type: Unsqueeze node name: /model/layers.8/self_attn/Unsqueeze_20 d95923ea-2a75-4757-a86c-99d425e3974a:92:232
2026-10-04 18:51:32.658000 [I:onnxruntime:, webgpu_execution_provider.cc:666 GetCapability] webgpu kernel not found in registries for Op type: Concat node name: /model/layers.8/self_attn/Concat_9 d95923ea-2a75-4757-a86c-99d425e3974a:92:232
2026-10-04 18:51:32.658000 [I:onnxruntime:, webgpu_execution_provider.cc:666 GetCapability] webgpu kernel not found in registries for Op type: Equal node name: /model/layers.8/self_attn/Equal_1 d95923ea-2a75-4757-a86c-99d425e3974a:92:232
2026-10-04 18:51:32.658000 [I:onnxruntime:, webgpu_execution_provider.cc:666 GetCapability] webgpu kernel not found in registries for Op type: Where node name: /model/layers.8/self_attn/Where_1 d95923ea-2a75-4757-a86c-99d425e3974a:92:232
2026-10-04 18:51:32.659000 [I:onnxruntime:, webgpu_execution_provider.cc:666 GetCapability] webgpu kernel not found in registries for Op type: Gather node name: /model/layers.9/self_attn/Gather_1 d95923ea-2a75-4757-a86c-99d425e3974a:92:232
2026-10-04 18:51:32.659000 [I:onnxruntime:, webgpu_execution_provider.cc:666 GetCapability] webgpu kernel not found in registries for Op type: Unsqueeze node name: /model/layers.9/self_attn/Unsqueeze_1 d95923ea-2a75-4757-a86c-99d425e3974a:92:232
2026-10-04 18:51:32.659999 [I:onnxruntime:, webgpu_execution_provider.cc:666 GetCapability] webgpu kernel not found in registries for Op type: Gather node name: /model/layers.9/self_attn/Gather d95923ea-2a75-4757-a86c-99d425e3974a:92:232
2026-10-04 18:51:32.659999 [I:onnxruntime:, webgpu_execution_provider.cc:666 GetCapability] webgpu kernel not found in registries for Op type: Unsqueeze node name: /model/layers.9/self_attn/Unsqueeze d95923ea-2a75-4757-a86c-99d425e3974a:92:232
2026-10-04 18:51:32.659999 [I:onnxruntime:, webgpu_execution_provider.cc:666 GetCapability] webgpu kernel not found in registries for Op type: Concat node name: /model/layers.9/self_attn/Concat d95923ea-2a75-4757-a86c-99d425e3974a:92:232
2026-10-04 18:51:32.661000 [I:onnxruntime:, webgpu_execution_provider.cc:666 GetCapability] webgpu kernel not found in registries for Op type: Gather node name: /model/layers.9/self_attn/Gather_6 d95923ea-2a75-4757-a86c-99d425e3974a:92:232
2026-10-04 18:51:32.661000 [I:onnxruntime:, webgpu_execution_provider.cc:666 GetCapability] webgpu kernel not found in registries for Op type: Unsqueeze node name: /model/layers.9/self_attn/Unsqueeze_13 d95923ea-2a75-4757-a86c-99d425e3974a:92:232
2026-10-04 18:51:32.662000 [I:onnxruntime:, webgpu_execution_provider.cc:666 GetCapability] webgpu kernel not found in registries for Op type: Gather node name: /model/layers.9/self_attn/Gather_4 d95923ea-2a75-4757-a86c-99d425e3974a:92:232
2026-10-04 18:51:32.662000 [I:onnxruntime:, webgpu_execution_provider.cc:666 GetCapability] webgpu kernel not found in registries for Op type: Unsqueeze node name: /model/layers.9/self_attn/Unsqueeze_11 d95923ea-2a75-4757-a86c-99d425e3974a:92:232
2026-10-04 18:51:32.662000 [I:onnxruntime:, webgpu_execution_provider.cc:666 GetCapability] webgpu kernel not found in registries for Op type: Concat node name: /model/layers.9/self_attn/Concat_7 d95923ea-2a75-4757-a86c-99d425e3974a:92:232
2026-10-04 18:51:32.662000 [I:onnxruntime:, webgpu_execution_provider.cc:666 GetCapability] webgpu kernel not found in registries for Op type: Equal node name: /model/layers.9/self_attn/Equal d95923ea-2a75-4757-a86c-99d425e3974a:92:232
2026-10-04 18:51:32.663000 [I:onnxruntime:, webgpu_execution_provider.cc:666 GetCapability] webgpu kernel not found in registries for Op type: Where node name: /model/layers.9/self_attn/Where d95923ea-2a75-4757-a86c-99d425e3974a:92:232
2026-10-04 18:51:32.663000 [I:onnxruntime:, webgpu_execution_provider.cc:666 GetCapability] webgpu kernel not found in registries for Op type: Gather node name: /model/layers.9/self_attn/Gather_12 d95923ea-2a75-4757-a86c-99d425e3974a:92:232
2026-10-04 18:51:32.663000 [I:onnxruntime:, webgpu_execution_provider.cc:666 GetCapability] webgpu kernel not found in registries for Op type: Unsqueeze node name: /model/layers.9/self_attn/Unsqueeze_28 d95923ea-2a75-4757-a86c-99d425e3974a:92:232
2026-10-04 18:51:32.663999 [I:onnxruntime:, webgpu_execution_provider.cc:666 GetCapability] webgpu kernel not found in registries for Op type: Gather node name: /model/layers.9/self_attn/Gather_10 d95923ea-2a75-4757-a86c-99d425e3974a:92:232
2026-10-04 18:51:32.664999 [I:onnxruntime:, webgpu_execution_provider.cc:666 GetCapability] webgpu kernel not found in registries for Op type: Unsqueeze node name: /model/layers.9/self_attn/Unsqueeze_22 d95923ea-2a75-4757-a86c-99d425e3974a:92:232
2026-10-04 18:51:32.666000 [I:onnxruntime:, webgpu_execution_provider.cc:666 GetCapability] webgpu kernel not found in registries for Op type: Gather node name: /model/layers.9/self_attn/Gather_8 d95923ea-2a75-4757-a86c-99d425e3974a:92:232
2026-10-04 18:51:32.666000 [I:onnxruntime:, webgpu_execution_provider.cc:666 GetCapability] webgpu kernel not found in registries for Op type: Unsqueeze node name: /model/layers.9/self_attn/Unsqueeze_20 d95923ea-2a75-4757-a86c-99d425e3974a:92:232
2026-10-04 18:51:32.667000 [I:onnxruntime:, webgpu_execution_provider.cc:666 GetCapability] webgpu kernel not found in registries for Op type: Concat node name: /model/layers.9/self_attn/Concat_9 d95923ea-2a75-4757-a86c-99d425e3974a:92:232
2026-10-04 18:51:32.667000 [I:onnxruntime:, webgpu_execution_provider.cc:666 GetCapability] webgpu kernel not found in registries for Op type: Equal node name: /model/layers.9/self_attn/Equal_1 d95923ea-2a75-4757-a86c-99d425e3974a:92:232
2026-10-04 18:51:32.667000 [I:onnxruntime:, webgpu_execution_provider.cc:666 GetCapability] webgpu kernel not found in registries for Op type: Where node name: /model/layers.9/self_attn/Where_1 d95923ea-2a75-4757-a86c-99d425e3974a:92:232
2026-10-04 18:51:32.667999 [I:onnxruntime:, webgpu_execution_provider.cc:666 GetCapability] webgpu kernel not found in registries for Op type: Gather node name: /model/layers.10/self_attn/Gather_1 d95923ea-2a75-4757-a86c-99d425e3974a:92:232
2026-10-04 18:51:32.669000 [I:onnxruntime:, webgpu_execution_provider.cc:666 GetCapability] webgpu kernel not found in registries for Op type: Unsqueeze node name: /model/layers.10/self_attn/Unsqueeze_1 d95923ea-2a75-4757-a86c-99d425e3974a:92:232
2026-10-04 18:51:32.669000 [I:onnxruntime:, webgpu_execution_provider.cc:666 GetCapability] webgpu kernel not found in registries for Op type: Gather node name: /model/layers.10/self_attn/Gather d95923ea-2a75-4757-a86c-99d425e3974a:92:232
2026-10-04 18:51:32.669000 [I:onnxruntime:, webgpu_execution_provider.cc:666 GetCapability] webgpu kernel not found in registries for Op type: Unsqueeze node name: /model/layers.10/self_attn/Unsqueeze d95923ea-2a75-4757-a86c-99d425e3974a:92:232
2026-10-04 18:51:32.670000 [I:onnxruntime:, webgpu_execution_provider.cc:666 GetCapability] webgpu kernel not found in registries for Op type: Concat node name: /model/layers.10/self_attn/Concat d95923ea-2a75-4757-a86c-99d425e3974a:92:232
2026-10-04 18:51:32.670000 [I:onnxruntime:, webgpu_execution_provider.cc:666 GetCapability] webgpu kernel not found in registries for Op type: Gather node name: /model/layers.10/self_attn/Gather_6 d95923ea-2a75-4757-a86c-99d425e3974a:92:232
2026-10-04 18:51:32.671000 [I:onnxruntime:, webgpu_execution_provider.cc:666 GetCapability] webgpu kernel not found in registries for Op type: Unsqueeze node name: /model/layers.10/self_attn/Unsqueeze_13 d95923ea-2a75-4757-a86c-99d425e3974a:92:232
2026-10-04 18:51:32.671000 [I:onnxruntime:, webgpu_execution_provider.cc:666 GetCapability] webgpu kernel not found in registries for Op type: Gather node name: /model/layers.10/self_attn/Gather_4 d95923ea-2a75-4757-a86c-99d425e3974a:92:232
2026-10-04 18:51:32.671999 [I:onnxruntime:, webgpu_execution_provider.cc:666 GetCapability] webgpu kernel not found in registries for Op type: Unsqueeze node name: /model/layers.10/self_attn/Unsqueeze_11 d95923ea-2a75-4757-a86c-99d425e3974a:92:232
2026-10-04 18:51:32.671999 [I:onnxruntime:, webgpu_execution_provider.cc:666 GetCapability] webgpu kernel not found in registries for Op type: Concat node name: /model/layers.10/self_attn/Concat_7 d95923ea-2a75-4757-a86c-99d425e3974a:92:232
2026-10-04 18:51:32.674000 [I:onnxruntime:, webgpu_execution_provider.cc:666 GetCapability] webgpu kernel not found in registries for Op type: Equal node name: /model/layers.10/self_attn/Equal d95923ea-2a75-4757-a86c-99d425e3974a:92:232
2026-10-04 18:51:32.675000 [I:onnxruntime:, webgpu_execution_provider.cc:666 GetCapability] webgpu kernel not found in registries for Op type: Where node name: /model/layers.10/self_attn/Where d95923ea-2a75-4757-a86c-99d425e3974a:92:232
2026-10-04 18:51:32.675999 [I:onnxruntime:, webgpu_execution_provider.cc:666 GetCapability] webgpu kernel not found in registries for Op type: Gather node name: /model/layers.10/self_attn/Gather_12 d95923ea-2a75-4757-a86c-99d425e3974a:92:232
2026-10-04 18:51:32.675999 [I:onnxruntime:, webgpu_execution_provider.cc:666 GetCapability] webgpu kernel not found in registries for Op type: Unsqueeze node name: /model/layers.10/self_attn/Unsqueeze_28 d95923ea-2a75-4757-a86c-99d425e3974a:92:232
2026-10-04 18:51:32.677000 [I:onnxruntime:, webgpu_execution_provider.cc:666 GetCapability] webgpu kernel not found in registries for Op type: Gather node name: /model/layers.10/self_attn/Gather_10 d95923ea-2a75-4757-a86c-99d425e3974a:92:232
2026-10-04 18:51:32.677000 [I:onnxruntime:, webgpu_execution_provider.cc:666 GetCapability] webgpu kernel not found in registries for Op type: Unsqueeze node name: /model/layers.10/self_attn/Unsqueeze_22 d95923ea-2a75-4757-a86c-99d425e3974a:92:232
2026-10-04 18:51:32.678000 [I:onnxruntime:, webgpu_execution_provider.cc:666 GetCapability] webgpu kernel not found in registries for Op type: Gather node name: /model/layers.10/self_attn/Gather_8 d95923ea-2a75-4757-a86c-99d425e3974a:92:232
2026-10-04 18:51:32.678000 [I:onnxruntime:, webgpu_execution_provider.cc:666 GetCapability] webgpu kernel not found in registries for Op type: Unsqueeze node name: /model/layers.10/self_attn/Unsqueeze_20 d95923ea-2a75-4757-a86c-99d425e3974a:92:232
2026-10-04 18:51:32.678000 [I:onnxruntime:, webgpu_execution_provider.cc:666 GetCapability] webgpu kernel not found in registries for Op type: Concat node name: /model/layers.10/self_attn/Concat_9 d95923ea-2a75-4757-a86c-99d425e3974a:92:232
2026-10-04 18:51:32.679000 [I:onnxruntime:, webgpu_execution_provider.cc:666 GetCapability] webgpu kernel not found in registries for Op type: Equal node name: /model/layers.10/self_attn/Equal_1 d95923ea-2a75-4757-a86c-99d425e3974a:92:232
2026-10-04 18:51:32.679000 [I:onnxruntime:, webgpu_execution_provider.cc:666 GetCapability] webgpu kernel not found in registries for Op type: Where node name: /model/layers.10/self_attn/Where_1 d95923ea-2a75-4757-a86c-99d425e3974a:92:232
2026-10-04 18:51:32.679999 [I:onnxruntime:, webgpu_execution_provider.cc:666 GetCapability] webgpu kernel not found in registries for Op type: Gather node name: /model/layers.11/self_attn/Gather_1 d95923ea-2a75-4757-a86c-99d425e3974a:92:232
2026-10-04 18:51:32.679999 [I:onnxruntime:, webgpu_execution_provider.cc:666 GetCapability] webgpu kernel not found in registries for Op type: Unsqueeze node name: /model/layers.11/self_attn/Unsqueeze_1 d95923ea-2a75-4757-a86c-99d425e3974a:92:232
2026-10-04 18:51:32.679999 [I:onnxruntime:, webgpu_execution_provider.cc:666 GetCapability] webgpu kernel not found in registries for Op type: Gather node name: /model/layers.11/self_attn/Gather d95923ea-2a75-4757-a86c-99d425e3974a:92:232
2026-10-04 18:51:32.679999 [I:onnxruntime:, webgpu_execution_provider.cc:666 GetCapability] webgpu kernel not found in registries for Op type: Unsqueeze node name: /model/layers.11/self_attn/Unsqueeze d95923ea-2a75-4757-a86c-99d425e3974a:92:232
2026-10-04 18:51:32.680999 [I:onnxruntime:, webgpu_execution_provider.cc:666 GetCapability] webgpu kernel not found in registries for Op type: Concat node name: /model/layers.11/self_attn/Concat d95923ea-2a75-4757-a86c-99d425e3974a:92:232
2026-10-04 18:51:32.680999 [I:onnxruntime:, webgpu_execution_provider.cc:666 GetCapability] webgpu kernel not found in registries for Op type: Gather node name: /model/layers.11/self_attn/Gather_6 d95923ea-2a75-4757-a86c-99d425e3974a:92:232
2026-10-04 18:51:32.682000 [I:onnxruntime:, webgpu_execution_provider.cc:666 GetCapability] webgpu kernel not found in registries for Op type: Unsqueeze node name: /model/layers.11/self_attn/Unsqueeze_13 d95923ea-2a75-4757-a86c-99d425e3974a:92:232
2026-10-04 18:51:32.682000 [I:onnxruntime:, webgpu_execution_provider.cc:666 GetCapability] webgpu kernel not found in registries for Op type: Gather node name: /model/layers.11/self_attn/Gather_4 d95923ea-2a75-4757-a86c-99d425e3974a:92:232
2026-10-04 18:51:32.682000 [I:onnxruntime:, webgpu_execution_provider.cc:666 GetCapability] webgpu kernel not found in registries for Op type: Unsqueeze node name: /model/layers.11/self_attn/Unsqueeze_11 d95923ea-2a75-4757-a86c-99d425e3974a:92:232
2026-10-04 18:51:32.682000 [I:onnxruntime:, webgpu_execution_provider.cc:666 GetCapability] webgpu kernel not found in registries for Op type: Concat node name: /model/layers.11/self_attn/Concat_7 d95923ea-2a75-4757-a86c-99d425e3974a:92:232
2026-10-04 18:51:32.683000 [I:onnxruntime:, webgpu_execution_provider.cc:666 GetCapability] webgpu kernel not found in registries for Op type: Equal node name: /model/layers.11/self_attn/Equal d95923ea-2a75-4757-a86c-99d425e3974a:92:232
2026-10-04 18:51:32.683000 [I:onnxruntime:, webgpu_execution_provider.cc:666 GetCapability] webgpu kernel not found in registries for Op type: Where node name: /model/layers.11/self_attn/Where d95923ea-2a75-4757-a86c-99d425e3974a:92:232
2026-10-04 18:51:32.683000 [I:onnxruntime:, webgpu_execution_provider.cc:666 GetCapability] webgpu kernel not found in registries for Op type: Gather node name: /model/layers.11/self_attn/Gather_12 d95923ea-2a75-4757-a86c-99d425e3974a:92:232
2026-10-04 18:51:32.683999 [I:onnxruntime:, webgpu_execution_provider.cc:666 GetCapability] webgpu kernel not found in registries for Op type: Unsqueeze node name: /model/layers.11/self_attn/Unsqueeze_28 d95923ea-2a75-4757-a86c-99d425e3974a:92:232
2026-10-04 18:51:32.683999 [I:onnxruntime:, webgpu_execution_provider.cc:666 GetCapability] webgpu kernel not found in registries for Op type: Gather node name: /model/layers.11/self_attn/Gather_10 d95923ea-2a75-4757-a86c-99d425e3974a:92:232
2026-10-04 18:51:32.683999 [I:onnxruntime:, webgpu_execution_provider.cc:666 GetCapability] webgpu kernel not found in registries for Op type: Unsqueeze node name: /model/layers.11/self_attn/Unsqueeze_22 d95923ea-2a75-4757-a86c-99d425e3974a:92:232
2026-10-04 18:51:32.685000 [I:onnxruntime:, webgpu_execution_provider.cc:666 GetCapability] webgpu kernel not found in registries for Op type: Gather node name: /model/layers.11/self_attn/Gather_8 d95923ea-2a75-4757-a86c-99d425e3974a:92:232
2026-10-04 18:51:32.685000 [I:onnxruntime:, webgpu_execution_provider.cc:666 GetCapability] webgpu kernel not found in registries for Op type: Unsqueeze node name: /model/layers.11/self_attn/Unsqueeze_20 d95923ea-2a75-4757-a86c-99d425e3974a:92:232
2026-10-04 18:51:32.685000 [I:onnxruntime:, webgpu_execution_provider.cc:666 GetCapability] webgpu kernel not found in registries for Op type: Concat node name: /model/layers.11/self_attn/Concat_9 d95923ea-2a75-4757-a86c-99d425e3974a:92:232
2026-10-04 18:51:32.686000 [I:onnxruntime:, webgpu_execution_provider.cc:666 GetCapability] webgpu kernel not found in registries for Op type: Equal node name: /model/layers.11/self_attn/Equal_1 d95923ea-2a75-4757-a86c-99d425e3974a:92:232
2026-10-04 18:51:32.686000 [I:onnxruntime:, webgpu_execution_provider.cc:666 GetCapability] webgpu kernel not found in registries for Op type: Where node name: /model/layers.11/self_attn/Where_1 d95923ea-2a75-4757-a86c-99d425e3974a:92:232
2026-10-04 18:51:32.687000 [I:onnxruntime:, webgpu_execution_provider.cc:666 GetCapability] webgpu kernel not found in registries for Op type: Gather node name: /model/layers.12/self_attn/Gather_1 d95923ea-2a75-4757-a86c-99d425e3974a:92:232
2026-10-04 18:51:32.687000 [I:onnxruntime:, webgpu_execution_provider.cc:666 GetCapability] webgpu kernel not found in registries for Op type: Unsqueeze node name: /model/layers.12/self_attn/Unsqueeze_1 d95923ea-2a75-4757-a86c-99d425e3974a:92:232
2026-10-04 18:51:32.687000 [I:onnxruntime:, webgpu_execution_provider.cc:666 GetCapability] webgpu kernel not found in registries for Op type: Gather node name: /model/layers.12/self_attn/Gather d95923ea-2a75-4757-a86c-99d425e3974a:92:232
2026-10-04 18:51:32.687999 [I:onnxruntime:, webgpu_execution_provider.cc:666 GetCapability] webgpu kernel not found in registries for Op type: Unsqueeze node name: /model/layers.12/self_attn/Unsqueeze d95923ea-2a75-4757-a86c-99d425e3974a:92:232
2026-10-04 18:51:32.687999 [I:onnxruntime:, webgpu_execution_provider.cc:666 GetCapability] webgpu kernel not found in registries for Op type: Concat node name: /model/layers.12/self_attn/Concat d95923ea-2a75-4757-a86c-99d425e3974a:92:232
2026-10-04 18:51:32.687999 [I:onnxruntime:, webgpu_execution_provider.cc:666 GetCapability] webgpu kernel not found in registries for Op type: Gather node name: /model/layers.12/self_attn/Gather_6 d95923ea-2a75-4757-a86c-99d425e3974a:92:232
2026-10-04 18:51:32.688999 [I:onnxruntime:, webgpu_execution_provider.cc:666 GetCapability] webgpu kernel not found in registries for Op type: Unsqueeze node name: /model/layers.12/self_attn/Unsqueeze_13 d95923ea-2a75-4757-a86c-99d425e3974a:92:232
2026-10-04 18:51:32.688999 [I:onnxruntime:, webgpu_execution_provider.cc:666 GetCapability] webgpu kernel not found in registries for Op type: Gather node name: /model/layers.12/self_attn/Gather_4 d95923ea-2a75-4757-a86c-99d425e3974a:92:232
2026-10-04 18:51:32.688999 [I:onnxruntime:, webgpu_execution_provider.cc:666 GetCapability] webgpu kernel not found in registries for Op type: Unsqueeze node name: /model/layers.12/self_attn/Unsqueeze_11 d95923ea-2a75-4757-a86c-99d425e3974a:92:232
2026-10-04 18:51:32.688999 [I:onnxruntime:, webgpu_execution_provider.cc:666 GetCapability] webgpu kernel not found in registries for Op type: Concat node name: /model/layers.12/self_attn/Concat_7 d95923ea-2a75-4757-a86c-99d425e3974a:92:232
2026-10-04 18:51:32.690000 [I:onnxruntime:, webgpu_execution_provider.cc:666 GetCapability] webgpu kernel not found in registries for Op type: Equal node name: /model/layers.12/self_attn/Equal d95923ea-2a75-4757-a86c-99d425e3974a:92:232
2026-10-04 18:51:32.691000 [I:onnxruntime:, webgpu_execution_provider.cc:666 GetCapability] webgpu kernel not found in registries for Op type: Where node name: /model/layers.12/self_attn/Where d95923ea-2a75-4757-a86c-99d425e3974a:92:232
2026-10-04 18:51:32.691000 [I:onnxruntime:, webgpu_execution_provider.cc:666 GetCapability] webgpu kernel not found in registries for Op type: Gather node name: /model/layers.12/self_attn/Gather_12 d95923ea-2a75-4757-a86c-99d425e3974a:92:232
2026-10-04 18:51:32.691000 [I:onnxruntime:, webgpu_execution_provider.cc:666 GetCapability] webgpu kernel not found in registries for Op type: Unsqueeze node name: /model/layers.12/self_attn/Unsqueeze_28 d95923ea-2a75-4757-a86c-99d425e3974a:92:232
2026-10-04 18:51:32.691999 [I:onnxruntime:, webgpu_execution_provider.cc:666 GetCapability] webgpu kernel not found in registries for Op type: Gather node name: /model/layers.12/self_attn/Gather_10 d95923ea-2a75-4757-a86c-99d425e3974a:92:232
2026-10-04 18:51:32.691999 [I:onnxruntime:, webgpu_execution_provider.cc:666 GetCapability] webgpu kernel not found in registries for Op type: Unsqueeze node name: /model/layers.12/self_attn/Unsqueeze_22 d95923ea-2a75-4757-a86c-99d425e3974a:92:232
2026-10-04 18:51:32.691999 [I:onnxruntime:, webgpu_execution_provider.cc:666 GetCapability] webgpu kernel not found in registries for Op type: Gather node name: /model/layers.12/self_attn/Gather_8 d95923ea-2a75-4757-a86c-99d425e3974a:92:232
2026-10-04 18:51:32.693000 [I:onnxruntime:, webgpu_execution_provider.cc:666 GetCapability] webgpu kernel not found in registries for Op type: Unsqueeze node name: /model/layers.12/self_attn/Unsqueeze_20 d95923ea-2a75-4757-a86c-99d425e3974a:92:232
2026-10-04 18:51:32.693000 [I:onnxruntime:, webgpu_execution_provider.cc:666 GetCapability] webgpu kernel not found in registries for Op type: Concat node name: /model/layers.12/self_attn/Concat_9 d95923ea-2a75-4757-a86c-99d425e3974a:92:232
2026-10-04 18:51:32.693000 [I:onnxruntime:, webgpu_execution_provider.cc:666 GetCapability] webgpu kernel not found in registries for Op type: Equal node name: /model/layers.12/self_attn/Equal_1 d95923ea-2a75-4757-a86c-99d425e3974a:92:232
2026-10-04 18:51:32.693000 [I:onnxruntime:, webgpu_execution_provider.cc:666 GetCapability] webgpu kernel not found in registries for Op type: Where node name: /model/layers.12/self_attn/Where_1 d95923ea-2a75-4757-a86c-99d425e3974a:92:232
2026-10-04 18:51:32.694000 [I:onnxruntime:, webgpu_execution_provider.cc:666 GetCapability] webgpu kernel not found in registries for Op type: Gather node name: /model/layers.13/self_attn/Gather_1 d95923ea-2a75-4757-a86c-99d425e3974a:92:232
2026-10-04 18:51:32.695000 [I:onnxruntime:, webgpu_execution_provider.cc:666 GetCapability] webgpu kernel not found in registries for Op type: Unsqueeze node name: /model/layers.13/self_attn/Unsqueeze_1 d95923ea-2a75-4757-a86c-99d425e3974a:92:232
2026-10-04 18:51:32.695000 [I:onnxruntime:, webgpu_execution_provider.cc:666 GetCapability] webgpu kernel not found in registries for Op type: Gather node name: /model/layers.13/self_attn/Gather d95923ea-2a75-4757-a86c-99d425e3974a:92:232
2026-10-04 18:51:32.695000 [I:onnxruntime:, webgpu_execution_provider.cc:666 GetCapability] webgpu kernel not found in registries for Op type: Unsqueeze node name: /model/layers.13/self_attn/Unsqueeze d95923ea-2a75-4757-a86c-99d425e3974a:92:232
2026-10-04 18:51:32.695000 [I:onnxruntime:, webgpu_execution_provider.cc:666 GetCapability] webgpu kernel not found in registries for Op type: Concat node name: /model/layers.13/self_attn/Concat d95923ea-2a75-4757-a86c-99d425e3974a:92:232
2026-10-04 18:51:32.695999 [I:onnxruntime:, webgpu_execution_provider.cc:666 GetCapability] webgpu kernel not found in registries for Op type: Gather node name: /model/layers.13/self_attn/Gather_6 d95923ea-2a75-4757-a86c-99d425e3974a:92:232
2026-10-04 18:51:32.695999 [I:onnxruntime:, webgpu_execution_provider.cc:666 GetCapability] webgpu kernel not found in registries for Op type: Unsqueeze node name: /model/layers.13/self_attn/Unsqueeze_13 d95923ea-2a75-4757-a86c-99d425e3974a:92:232
2026-10-04 18:51:32.695999 [I:onnxruntime:, webgpu_execution_provider.cc:666 GetCapability] webgpu kernel not found in registries for Op type: Gather node name: /model/layers.13/self_attn/Gather_4 d95923ea-2a75-4757-a86c-99d425e3974a:92:232
2026-10-04 18:51:32.696999 [I:onnxruntime:, webgpu_execution_provider.cc:666 GetCapability] webgpu kernel not found in registries for Op type: Unsqueeze node name: /model/layers.13/self_attn/Unsqueeze_11 d95923ea-2a75-4757-a86c-99d425e3974a:92:232
2026-10-04 18:51:32.696999 [I:onnxruntime:, webgpu_execution_provider.cc:666 GetCapability] webgpu kernel not found in registries for Op type: Concat node name: /model/layers.13/self_attn/Concat_7 d95923ea-2a75-4757-a86c-99d425e3974a:92:232
2026-10-04 18:51:32.698000 [I:onnxruntime:, webgpu_execution_provider.cc:666 GetCapability] webgpu kernel not found in registries for Op type: Equal node name: /model/layers.13/self_attn/Equal d95923ea-2a75-4757-a86c-99d425e3974a:92:232
2026-10-04 18:51:32.698000 [I:onnxruntime:, webgpu_execution_provider.cc:666 GetCapability] webgpu kernel not found in registries for Op type: Where node name: /model/layers.13/self_attn/Where d95923ea-2a75-4757-a86c-99d425e3974a:92:232
2026-10-04 18:51:32.698000 [I:onnxruntime:, webgpu_execution_provider.cc:666 GetCapability] webgpu kernel not found in registries for Op type: Gather node name: /model/layers.13/self_attn/Gather_12 d95923ea-2a75-4757-a86c-99d425e3974a:92:232
2026-10-04 18:51:32.698000 [I:onnxruntime:, webgpu_execution_provider.cc:666 GetCapability] webgpu kernel not found in registries for Op type: Unsqueeze node name: /model/layers.13/self_attn/Unsqueeze_28 d95923ea-2a75-4757-a86c-99d425e3974a:92:232
2026-10-04 18:51:32.699000 [I:onnxruntime:, webgpu_execution_provider.cc:666 GetCapability] webgpu kernel not found in registries for Op type: Gather node name: /model/layers.13/self_attn/Gather_10 d95923ea-2a75-4757-a86c-99d425e3974a:92:232
2026-10-04 18:51:32.699000 [I:onnxruntime:, webgpu_execution_provider.cc:666 GetCapability] webgpu kernel not found in registries for Op type: Unsqueeze node name: /model/layers.13/self_attn/Unsqueeze_22 d95923ea-2a75-4757-a86c-99d425e3974a:92:232
2026-10-04 18:51:32.699000 [I:onnxruntime:, webgpu_execution_provider.cc:666 GetCapability] webgpu kernel not found in registries for Op type: Gather node name: /model/layers.13/self_attn/Gather_8 d95923ea-2a75-4757-a86c-99d425e3974a:92:232
2026-10-04 18:51:32.699999 [I:onnxruntime:, webgpu_execution_provider.cc:666 GetCapability] webgpu kernel not found in registries for Op type: Unsqueeze node name: /model/layers.13/self_attn/Unsqueeze_20 d95923ea-2a75-4757-a86c-99d425e3974a:92:232
2026-10-04 18:51:32.699999 [I:onnxruntime:, webgpu_execution_provider.cc:666 GetCapability] webgpu kernel not found in registries for Op type: Concat node name: /model/layers.13/self_attn/Concat_9 d95923ea-2a75-4757-a86c-99d425e3974a:92:232
2026-10-04 18:51:32.699999 [I:onnxruntime:, webgpu_execution_provider.cc:666 GetCapability] webgpu kernel not found in registries for Op type: Equal node name: /model/layers.13/self_attn/Equal_1 d95923ea-2a75-4757-a86c-99d425e3974a:92:232
2026-10-04 18:51:32.701000 [I:onnxruntime:, webgpu_execution_provider.cc:666 GetCapability] webgpu kernel not found in registries for Op type: Where node name: /model/layers.13/self_attn/Where_1 d95923ea-2a75-4757-a86c-99d425e3974a:92:232
2026-10-04 18:51:32.702000 [I:onnxruntime:, webgpu_execution_provider.cc:666 GetCapability] webgpu kernel not found in registries for Op type: Gather node name: /model/layers.14/self_attn/Gather_1 d95923ea-2a75-4757-a86c-99d425e3974a:92:232
2026-10-04 18:51:32.702000 [I:onnxruntime:, webgpu_execution_provider.cc:666 GetCapability] webgpu kernel not found in registries for Op type: Unsqueeze node name: /model/layers.14/self_attn/Unsqueeze_1 d95923ea-2a75-4757-a86c-99d425e3974a:92:232
2026-10-04 18:51:32.702000 [I:onnxruntime:, webgpu_execution_provider.cc:666 GetCapability] webgpu kernel not found in registries for Op type: Gather node name: /model/layers.14/self_attn/Gather d95923ea-2a75-4757-a86c-99d425e3974a:92:232
2026-10-04 18:51:32.703000 [I:onnxruntime:, webgpu_execution_provider.cc:666 GetCapability] webgpu kernel not found in registries for Op type: Unsqueeze node name: /model/layers.14/self_attn/Unsqueeze d95923ea-2a75-4757-a86c-99d425e3974a:92:232
2026-10-04 18:51:32.703000 [I:onnxruntime:, webgpu_execution_provider.cc:666 GetCapability] webgpu kernel not found in registries for Op type: Concat node name: /model/layers.14/self_attn/Concat d95923ea-2a75-4757-a86c-99d425e3974a:92:232
2026-10-04 18:51:32.703000 [I:onnxruntime:, webgpu_execution_provider.cc:666 GetCapability] webgpu kernel not found in registries for Op type: Gather node name: /model/layers.14/self_attn/Gather_6 d95923ea-2a75-4757-a86c-99d425e3974a:92:232
2026-10-04 18:51:32.703999 [I:onnxruntime:, webgpu_execution_provider.cc:666 GetCapability] webgpu kernel not found in registries for Op type: Unsqueeze node name: /model/layers.14/self_attn/Unsqueeze_13 d95923ea-2a75-4757-a86c-99d425e3974a:92:232
2026-10-04 18:51:32.703999 [I:onnxruntime:, webgpu_execution_provider.cc:666 GetCapability] webgpu kernel not found in registries for Op type: Gather node name: /model/layers.14/self_attn/Gather_4 d95923ea-2a75-4757-a86c-99d425e3974a:92:232
2026-10-04 18:51:32.703999 [I:onnxruntime:, webgpu_execution_provider.cc:666 GetCapability] webgpu kernel not found in registries for Op type: Unsqueeze node name: /model/layers.14/self_attn/Unsqueeze_11 d95923ea-2a75-4757-a86c-99d425e3974a:92:232
2026-10-04 18:51:32.704999 [I:onnxruntime:, webgpu_execution_provider.cc:666 GetCapability] webgpu kernel not found in registries for Op type: Concat node name: /model/layers.14/self_attn/Concat_7 d95923ea-2a75-4757-a86c-99d425e3974a:92:232
2026-10-04 18:51:32.704999 [I:onnxruntime:, webgpu_execution_provider.cc:666 GetCapability] webgpu kernel not found in registries for Op type: Equal node name: /model/layers.14/self_attn/Equal d95923ea-2a75-4757-a86c-99d425e3974a:92:232
2026-10-04 18:51:32.704999 [I:onnxruntime:, webgpu_execution_provider.cc:666 GetCapability] webgpu kernel not found in registries for Op type: Where node name: /model/layers.14/self_attn/Where d95923ea-2a75-4757-a86c-99d425e3974a:92:232
2026-10-04 18:51:32.704999 [I:onnxruntime:, webgpu_execution_provider.cc:666 GetCapability] webgpu kernel not found in registries for Op type: Gather node name: /model/layers.14/self_attn/Gather_12 d95923ea-2a75-4757-a86c-99d425e3974a:92:232
2026-10-04 18:51:32.707000 [I:onnxruntime:, webgpu_execution_provider.cc:666 GetCapability] webgpu kernel not found in registries for Op type: Unsqueeze node name: /model/layers.14/self_attn/Unsqueeze_28 d95923ea-2a75-4757-a86c-99d425e3974a:92:232
2026-10-04 18:51:32.707000 [I:onnxruntime:, webgpu_execution_provider.cc:666 GetCapability] webgpu kernel not found in registries for Op type: Gather node name: /model/layers.14/self_attn/Gather_10 d95923ea-2a75-4757-a86c-99d425e3974a:92:232
2026-10-04 18:51:32.707999 [I:onnxruntime:, webgpu_execution_provider.cc:666 GetCapability] webgpu kernel not found in registries for Op type: Unsqueeze node name: /model/layers.14/self_attn/Unsqueeze_22 d95923ea-2a75-4757-a86c-99d425e3974a:92:232
2026-10-04 18:51:32.707999 [I:onnxruntime:, webgpu_execution_provider.cc:666 GetCapability] webgpu kernel not found in registries for Op type: Gather node name: /model/layers.14/self_attn/Gather_8 d95923ea-2a75-4757-a86c-99d425e3974a:92:232
2026-10-04 18:51:32.707999 [I:onnxruntime:, webgpu_execution_provider.cc:666 GetCapability] webgpu kernel not found in registries for Op type: Unsqueeze node name: /model/layers.14/self_attn/Unsqueeze_20 d95923ea-2a75-4757-a86c-99d425e3974a:92:232
2026-10-04 18:51:32.709000 [I:onnxruntime:, webgpu_execution_provider.cc:666 GetCapability] webgpu kernel not found in registries for Op type: Concat node name: /model/layers.14/self_attn/Concat_9 d95923ea-2a75-4757-a86c-99d425e3974a:92:232
2026-10-04 18:51:32.709000 [I:onnxruntime:, webgpu_execution_provider.cc:666 GetCapability] webgpu kernel not found in registries for Op type: Equal node name: /model/layers.14/self_attn/Equal_1 d95923ea-2a75-4757-a86c-99d425e3974a:92:232
2026-10-04 18:51:32.709000 [I:onnxruntime:, webgpu_execution_provider.cc:666 GetCapability] webgpu kernel not found in registries for Op type: Where node name: /model/layers.14/self_attn/Where_1 d95923ea-2a75-4757-a86c-99d425e3974a:92:232
2026-10-04 18:51:32.710000 [I:onnxruntime:, webgpu_execution_provider.cc:666 GetCapability] webgpu kernel not found in registries for Op type: Gather node name: /model/layers.15/self_attn/Gather_1 d95923ea-2a75-4757-a86c-99d425e3974a:92:232
2026-10-04 18:51:32.711000 [I:onnxruntime:, webgpu_execution_provider.cc:666 GetCapability] webgpu kernel not found in registries for Op type: Unsqueeze node name: /model/layers.15/self_attn/Unsqueeze_1 d95923ea-2a75-4757-a86c-99d425e3974a:92:232
2026-10-04 18:51:32.711000 [I:onnxruntime:, webgpu_execution_provider.cc:666 GetCapability] webgpu kernel not found in registries for Op type: Gather node name: /model/layers.15/self_attn/Gather d95923ea-2a75-4757-a86c-99d425e3974a:92:232
2026-10-04 18:51:32.711000 [I:onnxruntime:, webgpu_execution_provider.cc:666 GetCapability] webgpu kernel not found in registries for Op type: Unsqueeze node name: /model/layers.15/self_attn/Unsqueeze d95923ea-2a75-4757-a86c-99d425e3974a:92:232
2026-10-04 18:51:32.711000 [I:onnxruntime:, webgpu_execution_provider.cc:666 GetCapability] webgpu kernel not found in registries for Op type: Concat node name: /model/layers.15/self_attn/Concat d95923ea-2a75-4757-a86c-99d425e3974a:92:232
2026-10-04 18:51:32.711999 [I:onnxruntime:, webgpu_execution_provider.cc:666 GetCapability] webgpu kernel not found in registries for Op type: Gather node name: /model/layers.15/self_attn/Gather_6 d95923ea-2a75-4757-a86c-99d425e3974a:92:232
2026-10-04 18:51:32.711999 [I:onnxruntime:, webgpu_execution_provider.cc:666 GetCapability] webgpu kernel not found in registries for Op type: Unsqueeze node name: /model/layers.15/self_attn/Unsqueeze_13 d95923ea-2a75-4757-a86c-99d425e3974a:92:232
2026-10-04 18:51:32.711999 [I:onnxruntime:, webgpu_execution_provider.cc:666 GetCapability] webgpu kernel not found in registries for Op type: Gather node name: /model/layers.15/self_attn/Gather_4 d95923ea-2a75-4757-a86c-99d425e3974a:92:232
2026-10-04 18:51:32.712999 [I:onnxruntime:, webgpu_execution_provider.cc:666 GetCapability] webgpu kernel not found in registries for Op type: Unsqueeze node name: /model/layers.15/self_attn/Unsqueeze_11 d95923ea-2a75-4757-a86c-99d425e3974a:92:232
2026-10-04 18:51:32.712999 [I:onnxruntime:, webgpu_execution_provider.cc:666 GetCapability] webgpu kernel not found in registries for Op type: Concat node name: /model/layers.15/self_attn/Concat_7 d95923ea-2a75-4757-a86c-99d425e3974a:92:232
2026-10-04 18:51:32.712999 [I:onnxruntime:, webgpu_execution_provider.cc:666 GetCapability] webgpu kernel not found in registries for Op type: Equal node name: /model/layers.15/self_attn/Equal d95923ea-2a75-4757-a86c-99d425e3974a:92:232
2026-10-04 18:51:32.714000 [I:onnxruntime:, webgpu_execution_provider.cc:666 GetCapability] webgpu kernel not found in registries for Op type: Where node name: /model/layers.15/self_attn/Where d95923ea-2a75-4757-a86c-99d425e3974a:92:232
2026-10-04 18:51:32.714000 [I:onnxruntime:, webgpu_execution_provider.cc:666 GetCapability] webgpu kernel not found in registries for Op type: Gather node name: /model/layers.15/self_attn/Gather_12 d95923ea-2a75-4757-a86c-99d425e3974a:92:232
2026-10-04 18:51:32.714000 [I:onnxruntime:, webgpu_execution_provider.cc:666 GetCapability] webgpu kernel not found in registries for Op type: Unsqueeze node name: /model/layers.15/self_attn/Unsqueeze_28 d95923ea-2a75-4757-a86c-99d425e3974a:92:232
2026-10-04 18:51:32.715000 [I:onnxruntime:, webgpu_execution_provider.cc:666 GetCapability] webgpu kernel not found in registries for Op type: Gather node name: /model/layers.15/self_attn/Gather_10 d95923ea-2a75-4757-a86c-99d425e3974a:92:232
2026-10-04 18:51:32.715000 [I:onnxruntime:, webgpu_execution_provider.cc:666 GetCapability] webgpu kernel not found in registries for Op type: Unsqueeze node name: /model/layers.15/self_attn/Unsqueeze_22 d95923ea-2a75-4757-a86c-99d425e3974a:92:232
2026-10-04 18:51:32.715999 [I:onnxruntime:, webgpu_execution_provider.cc:666 GetCapability] webgpu kernel not found in registries for Op type: Gather node name: /model/layers.15/self_attn/Gather_8 d95923ea-2a75-4757-a86c-99d425e3974a:92:232
2026-10-04 18:51:32.715999 [I:onnxruntime:, webgpu_execution_provider.cc:666 GetCapability] webgpu kernel not found in registries for Op type: Unsqueeze node name: /model/layers.15/self_attn/Unsqueeze_20 d95923ea-2a75-4757-a86c-99d425e3974a:92:232
2026-10-04 18:51:32.715999 [I:onnxruntime:, webgpu_execution_provider.cc:666 GetCapability] webgpu kernel not found in registries for Op type: Concat node name: /model/layers.15/self_attn/Concat_9 d95923ea-2a75-4757-a86c-99d425e3974a:92:232
2026-10-04 18:51:32.723000 [I:onnxruntime:, webgpu_execution_provider.cc:666 GetCapability] webgpu kernel not found in registries for Op type: Equal node name: /model/layers.15/self_attn/Equal_1 d95923ea-2a75-4757-a86c-99d425e3974a:92:232
2026-10-04 18:51:32.723000 [I:onnxruntime:, webgpu_execution_provider.cc:666 GetCapability] webgpu kernel not found in registries for Op type: Where node name: /model/layers.15/self_attn/Where_1 d95923ea-2a75-4757-a86c-99d425e3974a:92:232
2026-10-04 18:51:32.723000 [I:onnxruntime:, webgpu_execution_provider.cc:666 GetCapability] webgpu kernel not found in registries for Op type: Gather node name: /model/layers.16/self_attn/Gather_1 d95923ea-2a75-4757-a86c-99d425e3974a:92:232
2026-10-04 18:51:32.723999 [I:onnxruntime:, webgpu_execution_provider.cc:666 GetCapability] webgpu kernel not found in registries for Op type: Unsqueeze node name: /model/layers.16/self_attn/Unsqueeze_1 d95923ea-2a75-4757-a86c-99d425e3974a:92:232
2026-10-04 18:51:32.723999 [I:onnxruntime:, webgpu_execution_provider.cc:666 GetCapability] webgpu kernel not found in registries for Op type: Gather node name: /model/layers.16/self_attn/Gather d95923ea-2a75-4757-a86c-99d425e3974a:92:232
2026-10-04 18:51:32.723999 [I:onnxruntime:, webgpu_execution_provider.cc:666 GetCapability] webgpu kernel not found in registries for Op type: Unsqueeze node name: /model/layers.16/self_attn/Unsqueeze d95923ea-2a75-4757-a86c-99d425e3974a:92:232
2026-10-04 18:51:32.725000 [I:onnxruntime:, webgpu_execution_provider.cc:666 GetCapability] webgpu kernel not found in registries for Op type: Concat node name: /model/layers.16/self_attn/Concat d95923ea-2a75-4757-a86c-99d425e3974a:92:232
2026-10-04 18:51:32.725000 [I:onnxruntime:, webgpu_execution_provider.cc:666 GetCapability] webgpu kernel not found in registries for Op type: Gather node name: /model/layers.16/self_attn/Gather_6 d95923ea-2a75-4757-a86c-99d425e3974a:92:232
2026-10-04 18:51:32.726000 [I:onnxruntime:, webgpu_execution_provider.cc:666 GetCapability] webgpu kernel not found in registries for Op type: Unsqueeze node name: /model/layers.16/self_attn/Unsqueeze_13 d95923ea-2a75-4757-a86c-99d425e3974a:92:232
2026-10-04 18:51:32.726000 [I:onnxruntime:, webgpu_execution_provider.cc:666 GetCapability] webgpu kernel not found in registries for Op type: Gather node name: /model/layers.16/self_attn/Gather_4 d95923ea-2a75-4757-a86c-99d425e3974a:92:232
2026-10-04 18:51:32.726000 [I:onnxruntime:, webgpu_execution_provider.cc:666 GetCapability] webgpu kernel not found in registries for Op type: Unsqueeze node name: /model/layers.16/self_attn/Unsqueeze_11 d95923ea-2a75-4757-a86c-99d425e3974a:92:232
2026-10-04 18:51:32.727000 [I:onnxruntime:, webgpu_execution_provider.cc:666 GetCapability] webgpu kernel not found in registries for Op type: Concat node name: /model/layers.16/self_attn/Concat_7 d95923ea-2a75-4757-a86c-99d425e3974a:92:232
2026-10-04 18:51:32.727000 [I:onnxruntime:, webgpu_execution_provider.cc:666 GetCapability] webgpu kernel not found in registries for Op type: Equal node name: /model/layers.16/self_attn/Equal d95923ea-2a75-4757-a86c-99d425e3974a:92:232
2026-10-04 18:51:32.727000 [I:onnxruntime:, webgpu_execution_provider.cc:666 GetCapability] webgpu kernel not found in registries for Op type: Where node name: /model/layers.16/self_attn/Where d95923ea-2a75-4757-a86c-99d425e3974a:92:232
2026-10-04 18:51:32.727000 [I:onnxruntime:, webgpu_execution_provider.cc:666 GetCapability] webgpu kernel not found in registries for Op type: Gather node name: /model/layers.16/self_attn/Gather_12 d95923ea-2a75-4757-a86c-99d425e3974a:92:232
2026-10-04 18:51:32.727999 [I:onnxruntime:, webgpu_execution_provider.cc:666 GetCapability] webgpu kernel not found in registries for Op type: Unsqueeze node name: /model/layers.16/self_attn/Unsqueeze_28 d95923ea-2a75-4757-a86c-99d425e3974a:92:232
2026-10-04 18:51:32.727999 [I:onnxruntime:, webgpu_execution_provider.cc:666 GetCapability] webgpu kernel not found in registries for Op type: Gather node name: /model/layers.16/self_attn/Gather_10 d95923ea-2a75-4757-a86c-99d425e3974a:92:232
2026-10-04 18:51:32.728999 [I:onnxruntime:, webgpu_execution_provider.cc:666 GetCapability] webgpu kernel not found in registries for Op type: Unsqueeze node name: /model/layers.16/self_attn/Unsqueeze_22 d95923ea-2a75-4757-a86c-99d425e3974a:92:232
2026-10-04 18:51:32.728999 [I:onnxruntime:, webgpu_execution_provider.cc:666 GetCapability] webgpu kernel not found in registries for Op type: Gather node name: /model/layers.16/self_attn/Gather_8 d95923ea-2a75-4757-a86c-99d425e3974a:92:232
2026-10-04 18:51:32.728999 [I:onnxruntime:, webgpu_execution_provider.cc:666 GetCapability] webgpu kernel not found in registries for Op type: Unsqueeze node name: /model/layers.16/self_attn/Unsqueeze_20 d95923ea-2a75-4757-a86c-99d425e3974a:92:232
2026-10-04 18:51:32.730000 [I:onnxruntime:, webgpu_execution_provider.cc:666 GetCapability] webgpu kernel not found in registries for Op type: Concat node name: /model/layers.16/self_attn/Concat_9 d95923ea-2a75-4757-a86c-99d425e3974a:92:232
2026-10-04 18:51:32.730000 [I:onnxruntime:, webgpu_execution_provider.cc:666 GetCapability] webgpu kernel not found in registries for Op type: Equal node name: /model/layers.16/self_attn/Equal_1 d95923ea-2a75-4757-a86c-99d425e3974a:92:232
2026-10-04 18:51:32.730000 [I:onnxruntime:, webgpu_execution_provider.cc:666 GetCapability] webgpu kernel not found in registries for Op type: Where node name: /model/layers.16/self_attn/Where_1 d95923ea-2a75-4757-a86c-99d425e3974a:92:232
2026-10-04 18:51:32.731000 [I:onnxruntime:, webgpu_execution_provider.cc:666 GetCapability] webgpu kernel not found in registries for Op type: Gather node name: /model/layers.17/self_attn/Gather_1 d95923ea-2a75-4757-a86c-99d425e3974a:92:232
2026-10-04 18:51:32.731999 [I:onnxruntime:, webgpu_execution_provider.cc:666 GetCapability] webgpu kernel not found in registries for Op type: Unsqueeze node name: /model/layers.17/self_attn/Unsqueeze_1 d95923ea-2a75-4757-a86c-99d425e3974a:92:232
2026-10-04 18:51:32.731999 [I:onnxruntime:, webgpu_execution_provider.cc:666 GetCapability] webgpu kernel not found in registries for Op type: Gather node name: /model/layers.17/self_attn/Gather d95923ea-2a75-4757-a86c-99d425e3974a:92:232
2026-10-04 18:51:32.731999 [I:onnxruntime:, webgpu_execution_provider.cc:666 GetCapability] webgpu kernel not found in registries for Op type: Unsqueeze node name: /model/layers.17/self_attn/Unsqueeze d95923ea-2a75-4757-a86c-99d425e3974a:92:232
2026-10-04 18:51:32.731999 [I:onnxruntime:, webgpu_execution_provider.cc:666 GetCapability] webgpu kernel not found in registries for Op type: Concat node name: /model/layers.17/self_attn/Concat d95923ea-2a75-4757-a86c-99d425e3974a:92:232
2026-10-04 18:51:32.733000 [I:onnxruntime:, webgpu_execution_provider.cc:666 GetCapability] webgpu kernel not found in registries for Op type: Gather node name: /model/layers.17/self_attn/Gather_6 d95923ea-2a75-4757-a86c-99d425e3974a:92:232
2026-10-04 18:51:32.733000 [I:onnxruntime:, webgpu_execution_provider.cc:666 GetCapability] webgpu kernel not found in registries for Op type: Unsqueeze node name: /model/layers.17/self_attn/Unsqueeze_13 d95923ea-2a75-4757-a86c-99d425e3974a:92:232
2026-10-04 18:51:32.733000 [I:onnxruntime:, webgpu_execution_provider.cc:666 GetCapability] webgpu kernel not found in registries for Op type: Gather node name: /model/layers.17/self_attn/Gather_4 d95923ea-2a75-4757-a86c-99d425e3974a:92:232
2026-10-04 18:51:32.734000 [I:onnxruntime:, webgpu_execution_provider.cc:666 GetCapability] webgpu kernel not found in registries for Op type: Unsqueeze node name: /model/layers.17/self_attn/Unsqueeze_11 d95923ea-2a75-4757-a86c-99d425e3974a:92:232
2026-10-04 18:51:32.734000 [I:onnxruntime:, webgpu_execution_provider.cc:666 GetCapability] webgpu kernel not found in registries for Op type: Concat node name: /model/layers.17/self_attn/Concat_7 d95923ea-2a75-4757-a86c-99d425e3974a:92:232
2026-10-04 18:51:32.734000 [I:onnxruntime:, webgpu_execution_provider.cc:666 GetCapability] webgpu kernel not found in registries for Op type: Equal node name: /model/layers.17/self_attn/Equal d95923ea-2a75-4757-a86c-99d425e3974a:92:232
2026-10-04 18:51:32.734000 [I:onnxruntime:, webgpu_execution_provider.cc:666 GetCapability] webgpu kernel not found in registries for Op type: Where node name: /model/layers.17/self_attn/Where d95923ea-2a75-4757-a86c-99d425e3974a:92:232
2026-10-04 18:51:32.735000 [I:onnxruntime:, webgpu_execution_provider.cc:666 GetCapability] webgpu kernel not found in registries for Op type: Gather node name: /model/layers.17/self_attn/Gather_12 d95923ea-2a75-4757-a86c-99d425e3974a:92:232
2026-10-04 18:51:32.735000 [I:onnxruntime:, webgpu_execution_provider.cc:666 GetCapability] webgpu kernel not found in registries for Op type: Unsqueeze node name: /model/layers.17/self_attn/Unsqueeze_28 d95923ea-2a75-4757-a86c-99d425e3974a:92:232
2026-10-04 18:51:32.735999 [I:onnxruntime:, webgpu_execution_provider.cc:666 GetCapability] webgpu kernel not found in registries for Op type: Gather node name: /model/layers.17/self_attn/Gather_10 d95923ea-2a75-4757-a86c-99d425e3974a:92:232
2026-10-04 18:51:32.735999 [I:onnxruntime:, webgpu_execution_provider.cc:666 GetCapability] webgpu kernel not found in registries for Op type: Unsqueeze node name: /model/layers.17/self_attn/Unsqueeze_22 d95923ea-2a75-4757-a86c-99d425e3974a:92:232
2026-10-04 18:51:32.736999 [I:onnxruntime:, webgpu_execution_provider.cc:666 GetCapability] webgpu kernel not found in registries for Op type: Gather node name: /model/layers.17/self_attn/Gather_8 d95923ea-2a75-4757-a86c-99d425e3974a:92:232
2026-10-04 18:51:32.738000 [I:onnxruntime:, webgpu_execution_provider.cc:666 GetCapability] webgpu kernel not found in registries for Op type: Unsqueeze node name: /model/layers.17/self_attn/Unsqueeze_20 d95923ea-2a75-4757-a86c-99d425e3974a:92:232
2026-10-04 18:51:32.739000 [I:onnxruntime:, webgpu_execution_provider.cc:666 GetCapability] webgpu kernel not found in registries for Op type: Concat node name: /model/layers.17/self_attn/Concat_9 d95923ea-2a75-4757-a86c-99d425e3974a:92:232
2026-10-04 18:51:32.739000 [I:onnxruntime:, webgpu_execution_provider.cc:666 GetCapability] webgpu kernel not found in registries for Op type: Equal node name: /model/layers.17/self_attn/Equal_1 d95923ea-2a75-4757-a86c-99d425e3974a:92:232
2026-10-04 18:51:32.739999 [I:onnxruntime:, webgpu_execution_provider.cc:666 GetCapability] webgpu kernel not found in registries for Op type: Where node name: /model/layers.17/self_attn/Where_1 d95923ea-2a75-4757-a86c-99d425e3974a:92:232
2026-10-04 18:51:32.741000 [I:onnxruntime:, webgpu_execution_provider.cc:666 GetCapability] webgpu kernel not found in registries for Op type: Gather node name: /model/layers.18/self_attn/Gather_1 d95923ea-2a75-4757-a86c-99d425e3974a:92:232
2026-10-04 18:51:32.742000 [I:onnxruntime:, webgpu_execution_provider.cc:666 GetCapability] webgpu kernel not found in registries for Op type: Unsqueeze node name: /model/layers.18/self_attn/Unsqueeze_1 d95923ea-2a75-4757-a86c-99d425e3974a:92:232
2026-10-04 18:51:32.743000 [I:onnxruntime:, webgpu_execution_provider.cc:666 GetCapability] webgpu kernel not found in registries for Op type: Gather node name: /model/layers.18/self_attn/Gather d95923ea-2a75-4757-a86c-99d425e3974a:92:232
2026-10-04 18:51:32.743999 [I:onnxruntime:, webgpu_execution_provider.cc:666 GetCapability] webgpu kernel not found in registries for Op type: Unsqueeze node name: /model/layers.18/self_attn/Unsqueeze d95923ea-2a75-4757-a86c-99d425e3974a:92:232
2026-10-04 18:51:32.744999 [I:onnxruntime:, webgpu_execution_provider.cc:666 GetCapability] webgpu kernel not found in registries for Op type: Concat node name: /model/layers.18/self_attn/Concat d95923ea-2a75-4757-a86c-99d425e3974a:92:232
2026-10-04 18:51:32.747000 [I:onnxruntime:, webgpu_execution_provider.cc:666 GetCapability] webgpu kernel not found in registries for Op type: Gather node name: /model/layers.18/self_attn/Gather_6 d95923ea-2a75-4757-a86c-99d425e3974a:92:232
2026-10-04 18:51:32.747999 [I:onnxruntime:, webgpu_execution_provider.cc:666 GetCapability] webgpu kernel not found in registries for Op type: Unsqueeze node name: /model/layers.18/self_attn/Unsqueeze_13 d95923ea-2a75-4757-a86c-99d425e3974a:92:232
2026-10-04 18:51:32.749000 [I:onnxruntime:, webgpu_execution_provider.cc:666 GetCapability] webgpu kernel not found in registries for Op type: Gather node name: /model/layers.18/self_attn/Gather_4 d95923ea-2a75-4757-a86c-99d425e3974a:92:232
2026-10-04 18:51:32.750000 [I:onnxruntime:, webgpu_execution_provider.cc:666 GetCapability] webgpu kernel not found in registries for Op type: Unsqueeze node name: /model/layers.18/self_attn/Unsqueeze_11 d95923ea-2a75-4757-a86c-99d425e3974a:92:232
2026-10-04 18:51:32.751000 [I:onnxruntime:, webgpu_execution_provider.cc:666 GetCapability] webgpu kernel not found in registries for Op type: Concat node name: /model/layers.18/self_attn/Concat_7 d95923ea-2a75-4757-a86c-99d425e3974a:92:232
2026-10-04 18:51:32.751999 [I:onnxruntime:, webgpu_execution_provider.cc:666 GetCapability] webgpu kernel not found in registries for Op type: Equal node name: /model/layers.18/self_attn/Equal d95923ea-2a75-4757-a86c-99d425e3974a:92:232
2026-10-04 18:51:32.751999 [I:onnxruntime:, webgpu_execution_provider.cc:666 GetCapability] webgpu kernel not found in registries for Op type: Where node name: /model/layers.18/self_attn/Where d95923ea-2a75-4757-a86c-99d425e3974a:92:232
2026-10-04 18:51:32.752999 [I:onnxruntime:, webgpu_execution_provider.cc:666 GetCapability] webgpu kernel not found in registries for Op type: Gather node name: /model/layers.18/self_attn/Gather_12 d95923ea-2a75-4757-a86c-99d425e3974a:92:232
2026-10-04 18:51:32.752999 [I:onnxruntime:, webgpu_execution_provider.cc:666 GetCapability] webgpu kernel not found in registries for Op type: Unsqueeze node name: /model/layers.18/self_attn/Unsqueeze_28 d95923ea-2a75-4757-a86c-99d425e3974a:92:232
2026-10-04 18:51:32.754000 [I:onnxruntime:, webgpu_execution_provider.cc:666 GetCapability] webgpu kernel not found in registries for Op type: Gather node name: /model/layers.18/self_attn/Gather_10 d95923ea-2a75-4757-a86c-99d425e3974a:92:232
2026-10-04 18:51:32.754000 [I:onnxruntime:, webgpu_execution_provider.cc:666 GetCapability] webgpu kernel not found in registries for Op type: Unsqueeze node name: /model/layers.18/self_attn/Unsqueeze_22 d95923ea-2a75-4757-a86c-99d425e3974a:92:232
2026-10-04 18:51:32.755999 [I:onnxruntime:, webgpu_execution_provider.cc:666 GetCapability] webgpu kernel not found in registries for Op type: Gather node name: /model/layers.18/self_attn/Gather_8 d95923ea-2a75-4757-a86c-99d425e3974a:92:232
2026-10-04 18:51:32.757000 [I:onnxruntime:, webgpu_execution_provider.cc:666 GetCapability] webgpu kernel not found in registries for Op type: Unsqueeze node name: /model/layers.18/self_attn/Unsqueeze_20 d95923ea-2a75-4757-a86c-99d425e3974a:92:232
2026-10-04 18:51:32.758000 [I:onnxruntime:, webgpu_execution_provider.cc:666 GetCapability] webgpu kernel not found in registries for Op type: Concat node name: /model/layers.18/self_attn/Concat_9 d95923ea-2a75-4757-a86c-99d425e3974a:92:232
2026-10-04 18:51:32.759999 [I:onnxruntime:, webgpu_execution_provider.cc:666 GetCapability] webgpu kernel not found in registries for Op type: Equal node name: /model/layers.18/self_attn/Equal_1 d95923ea-2a75-4757-a86c-99d425e3974a:92:232
2026-10-04 18:51:32.762000 [I:onnxruntime:, webgpu_execution_provider.cc:666 GetCapability] webgpu kernel not found in registries for Op type: Where node name: /model/layers.18/self_attn/Where_1 d95923ea-2a75-4757-a86c-99d425e3974a:92:232
2026-10-04 18:51:32.763000 [I:onnxruntime:, webgpu_execution_provider.cc:666 GetCapability] webgpu kernel not found in registries for Op type: Gather node name: /model/layers.19/self_attn/Gather_1 d95923ea-2a75-4757-a86c-99d425e3974a:92:232
2026-10-04 18:51:32.763000 [I:onnxruntime:, webgpu_execution_provider.cc:666 GetCapability] webgpu kernel not found in registries for Op type: Unsqueeze node name: /model/layers.19/self_attn/Unsqueeze_1 d95923ea-2a75-4757-a86c-99d425e3974a:92:232
2026-10-04 18:51:32.763000 [I:onnxruntime:, webgpu_execution_provider.cc:666 GetCapability] webgpu kernel not found in registries for Op type: Gather node name: /model/layers.19/self_attn/Gather d95923ea-2a75-4757-a86c-99d425e3974a:92:232
2026-10-04 18:51:32.763999 [I:onnxruntime:, webgpu_execution_provider.cc:666 GetCapability] webgpu kernel not found in registries for Op type: Unsqueeze node name: /model/layers.19/self_attn/Unsqueeze d95923ea-2a75-4757-a86c-99d425e3974a:92:232
2026-10-04 18:51:32.763999 [I:onnxruntime:, webgpu_execution_provider.cc:666 GetCapability] webgpu kernel not found in registries for Op type: Concat node name: /model/layers.19/self_attn/Concat d95923ea-2a75-4757-a86c-99d425e3974a:92:232
2026-10-04 18:51:32.763999 [I:onnxruntime:, webgpu_execution_provider.cc:666 GetCapability] webgpu kernel not found in registries for Op type: Gather node name: /model/layers.19/self_attn/Gather_6 d95923ea-2a75-4757-a86c-99d425e3974a:92:232
2026-10-04 18:51:32.765000 [I:onnxruntime:, webgpu_execution_provider.cc:666 GetCapability] webgpu kernel not found in registries for Op type: Unsqueeze node name: /model/layers.19/self_attn/Unsqueeze_13 d95923ea-2a75-4757-a86c-99d425e3974a:92:232
2026-10-04 18:51:32.765000 [I:onnxruntime:, webgpu_execution_provider.cc:666 GetCapability] webgpu kernel not found in registries for Op type: Gather node name: /model/layers.19/self_attn/Gather_4 d95923ea-2a75-4757-a86c-99d425e3974a:92:232
2026-10-04 18:51:32.766000 [I:onnxruntime:, webgpu_execution_provider.cc:666 GetCapability] webgpu kernel not found in registries for Op type: Unsqueeze node name: /model/layers.19/self_attn/Unsqueeze_11 d95923ea-2a75-4757-a86c-99d425e3974a:92:232
2026-10-04 18:51:32.766000 [I:onnxruntime:, webgpu_execution_provider.cc:666 GetCapability] webgpu kernel not found in registries for Op type: Concat node name: /model/layers.19/self_attn/Concat_7 d95923ea-2a75-4757-a86c-99d425e3974a:92:232
2026-10-04 18:51:32.766000 [I:onnxruntime:, webgpu_execution_provider.cc:666 GetCapability] webgpu kernel not found in registries for Op type: Equal node name: /model/layers.19/self_attn/Equal d95923ea-2a75-4757-a86c-99d425e3974a:92:232
2026-10-04 18:51:32.766000 [I:onnxruntime:, webgpu_execution_provider.cc:666 GetCapability] webgpu kernel not found in registries for Op type: Where node name: /model/layers.19/self_attn/Where d95923ea-2a75-4757-a86c-99d425e3974a:92:232
2026-10-04 18:51:32.767000 [I:onnxruntime:, webgpu_execution_provider.cc:666 GetCapability] webgpu kernel not found in registries for Op type: Gather node name: /model/layers.19/self_attn/Gather_12 d95923ea-2a75-4757-a86c-99d425e3974a:92:232
2026-10-04 18:51:32.767000 [I:onnxruntime:, webgpu_execution_provider.cc:666 GetCapability] webgpu kernel not found in registries for Op type: Unsqueeze node name: /model/layers.19/self_attn/Unsqueeze_28 d95923ea-2a75-4757-a86c-99d425e3974a:92:232
2026-10-04 18:51:32.768999 [I:onnxruntime:, webgpu_execution_provider.cc:666 GetCapability] webgpu kernel not found in registries for Op type: Gather node name: /model/layers.19/self_attn/Gather_10 d95923ea-2a75-4757-a86c-99d425e3974a:92:232
2026-10-04 18:51:32.768999 [I:onnxruntime:, webgpu_execution_provider.cc:666 GetCapability] webgpu kernel not found in registries for Op type: Unsqueeze node name: /model/layers.19/self_attn/Unsqueeze_22 d95923ea-2a75-4757-a86c-99d425e3974a:92:232
2026-10-04 18:51:32.770000 [I:onnxruntime:, webgpu_execution_provider.cc:666 GetCapability] webgpu kernel not found in registries for Op type: Gather node name: /model/layers.19/self_attn/Gather_8 d95923ea-2a75-4757-a86c-99d425e3974a:92:232
2026-10-04 18:51:32.770000 [I:onnxruntime:, webgpu_execution_provider.cc:666 GetCapability] webgpu kernel not found in registries for Op type: Unsqueeze node name: /model/layers.19/self_attn/Unsqueeze_20 d95923ea-2a75-4757-a86c-99d425e3974a:92:232
2026-10-04 18:51:32.771000 [I:onnxruntime:, webgpu_execution_provider.cc:666 GetCapability] webgpu kernel not found in registries for Op type: Concat node name: /model/layers.19/self_attn/Concat_9 d95923ea-2a75-4757-a86c-99d425e3974a:92:232
2026-10-04 18:51:32.773000 [I:onnxruntime:, webgpu_execution_provider.cc:666 GetCapability] webgpu kernel not found in registries for Op type: Equal node name: /model/layers.19/self_attn/Equal_1 d95923ea-2a75-4757-a86c-99d425e3974a:92:232
2026-10-04 18:51:32.773000 [I:onnxruntime:, webgpu_execution_provider.cc:666 GetCapability] webgpu kernel not found in registries for Op type: Where node name: /model/layers.19/self_attn/Where_1 d95923ea-2a75-4757-a86c-99d425e3974a:92:232
2026-10-04 18:51:32.774000 [I:onnxruntime:, webgpu_execution_provider.cc:666 GetCapability] webgpu kernel not found in registries for Op type: Gather node name: /model/layers.20/self_attn/Gather_1 d95923ea-2a75-4757-a86c-99d425e3974a:92:232
2026-10-04 18:51:32.775000 [I:onnxruntime:, webgpu_execution_provider.cc:666 GetCapability] webgpu kernel not found in registries for Op type: Unsqueeze node name: /model/layers.20/self_attn/Unsqueeze_1 d95923ea-2a75-4757-a86c-99d425e3974a:92:232
2026-10-04 18:51:32.775000 [I:onnxruntime:, webgpu_execution_provider.cc:666 GetCapability] webgpu kernel not found in registries for Op type: Gather node name: /model/layers.20/self_attn/Gather d95923ea-2a75-4757-a86c-99d425e3974a:92:232
2026-10-04 18:51:32.775000 [I:onnxruntime:, webgpu_execution_provider.cc:666 GetCapability] webgpu kernel not found in registries for Op type: Unsqueeze node name: /model/layers.20/self_attn/Unsqueeze d95923ea-2a75-4757-a86c-99d425e3974a:92:232
2026-10-04 18:51:32.775999 [I:onnxruntime:, webgpu_execution_provider.cc:666 GetCapability] webgpu kernel not found in registries for Op type: Concat node name: /model/layers.20/self_attn/Concat d95923ea-2a75-4757-a86c-99d425e3974a:92:232
2026-10-04 18:51:32.776999 [I:onnxruntime:, webgpu_execution_provider.cc:666 GetCapability] webgpu kernel not found in registries for Op type: Gather node name: /model/layers.20/self_attn/Gather_6 d95923ea-2a75-4757-a86c-99d425e3974a:92:232
2026-10-04 18:51:32.776999 [I:onnxruntime:, webgpu_execution_provider.cc:666 GetCapability] webgpu kernel not found in registries for Op type: Unsqueeze node name: /model/layers.20/self_attn/Unsqueeze_13 d95923ea-2a75-4757-a86c-99d425e3974a:92:232
2026-10-04 18:51:32.778000 [I:onnxruntime:, webgpu_execution_provider.cc:666 GetCapability] webgpu kernel not found in registries for Op type: Gather node name: /model/layers.20/self_attn/Gather_4 d95923ea-2a75-4757-a86c-99d425e3974a:92:232
2026-10-04 18:51:32.778000 [I:onnxruntime:, webgpu_execution_provider.cc:666 GetCapability] webgpu kernel not found in registries for Op type: Unsqueeze node name: /model/layers.20/self_attn/Unsqueeze_11 d95923ea-2a75-4757-a86c-99d425e3974a:92:232
2026-10-04 18:51:32.778000 [I:onnxruntime:, webgpu_execution_provider.cc:666 GetCapability] webgpu kernel not found in registries for Op type: Concat node name: /model/layers.20/self_attn/Concat_7 d95923ea-2a75-4757-a86c-99d425e3974a:92:232
2026-10-04 18:51:32.779000 [I:onnxruntime:, webgpu_execution_provider.cc:666 GetCapability] webgpu kernel not found in registries for Op type: Equal node name: /model/layers.20/self_attn/Equal d95923ea-2a75-4757-a86c-99d425e3974a:92:232
2026-10-04 18:51:32.779000 [I:onnxruntime:, webgpu_execution_provider.cc:666 GetCapability] webgpu kernel not found in registries for Op type: Where node name: /model/layers.20/self_attn/Where d95923ea-2a75-4757-a86c-99d425e3974a:92:232
2026-10-04 18:51:32.779000 [I:onnxruntime:, webgpu_execution_provider.cc:666 GetCapability] webgpu kernel not found in registries for Op type: Gather node name: /model/layers.20/self_attn/Gather_12 d95923ea-2a75-4757-a86c-99d425e3974a:92:232
2026-10-04 18:51:32.779999 [I:onnxruntime:, webgpu_execution_provider.cc:666 GetCapability] webgpu kernel not found in registries for Op type: Unsqueeze node name: /model/layers.20/self_attn/Unsqueeze_28 d95923ea-2a75-4757-a86c-99d425e3974a:92:232
2026-10-04 18:51:32.781000 [I:onnxruntime:, webgpu_execution_provider.cc:666 GetCapability] webgpu kernel not found in registries for Op type: Gather node name: /model/layers.20/self_attn/Gather_10 d95923ea-2a75-4757-a86c-99d425e3974a:92:232
2026-10-04 18:51:32.781000 [I:onnxruntime:, webgpu_execution_provider.cc:666 GetCapability] webgpu kernel not found in registries for Op type: Unsqueeze node name: /model/layers.20/self_attn/Unsqueeze_22 d95923ea-2a75-4757-a86c-99d425e3974a:92:232
2026-10-04 18:51:32.782000 [I:onnxruntime:, webgpu_execution_provider.cc:666 GetCapability] webgpu kernel not found in registries for Op type: Gather node name: /model/layers.20/self_attn/Gather_8 d95923ea-2a75-4757-a86c-99d425e3974a:92:232
2026-10-04 18:51:32.782000 [I:onnxruntime:, webgpu_execution_provider.cc:666 GetCapability] webgpu kernel not found in registries for Op type: Unsqueeze node name: /model/layers.20/self_attn/Unsqueeze_20 d95923ea-2a75-4757-a86c-99d425e3974a:92:232
2026-10-04 18:51:32.782000 [I:onnxruntime:, webgpu_execution_provider.cc:666 GetCapability] webgpu kernel not found in registries for Op type: Concat node name: /model/layers.20/self_attn/Concat_9 d95923ea-2a75-4757-a86c-99d425e3974a:92:232
2026-10-04 18:51:32.783000 [I:onnxruntime:, webgpu_execution_provider.cc:666 GetCapability] webgpu kernel not found in registries for Op type: Equal node name: /model/layers.20/self_attn/Equal_1 d95923ea-2a75-4757-a86c-99d425e3974a:92:232
2026-10-04 18:51:32.783000 [I:onnxruntime:, webgpu_execution_provider.cc:666 GetCapability] webgpu kernel not found in registries for Op type: Where node name: /model/layers.20/self_attn/Where_1 d95923ea-2a75-4757-a86c-99d425e3974a:92:232
2026-10-04 18:51:32.783999 [I:onnxruntime:, webgpu_execution_provider.cc:666 GetCapability] webgpu kernel not found in registries for Op type: Gather node name: /model/layers.21/self_attn/Gather_1 d95923ea-2a75-4757-a86c-99d425e3974a:92:232
2026-10-04 18:51:32.783999 [I:onnxruntime:, webgpu_execution_provider.cc:666 GetCapability] webgpu kernel not found in registries for Op type: Unsqueeze node name: /model/layers.21/self_attn/Unsqueeze_1 d95923ea-2a75-4757-a86c-99d425e3974a:92:232
2026-10-04 18:51:32.784999 [I:onnxruntime:, webgpu_execution_provider.cc:666 GetCapability] webgpu kernel not found in registries for Op type: Gather node name: /model/layers.21/self_attn/Gather d95923ea-2a75-4757-a86c-99d425e3974a:92:232
2026-10-04 18:51:32.784999 [I:onnxruntime:, webgpu_execution_provider.cc:666 GetCapability] webgpu kernel not found in registries for Op type: Unsqueeze node name: /model/layers.21/self_attn/Unsqueeze d95923ea-2a75-4757-a86c-99d425e3974a:92:232
2026-10-04 18:51:32.786000 [I:onnxruntime:, webgpu_execution_provider.cc:666 GetCapability] webgpu kernel not found in registries for Op type: Concat node name: /model/layers.21/self_attn/Concat d95923ea-2a75-4757-a86c-99d425e3974a:92:232
2026-10-04 18:51:32.787000 [I:onnxruntime:, webgpu_execution_provider.cc:666 GetCapability] webgpu kernel not found in registries for Op type: Gather node name: /model/layers.21/self_attn/Gather_6 d95923ea-2a75-4757-a86c-99d425e3974a:92:232
2026-10-04 18:51:32.787000 [I:onnxruntime:, webgpu_execution_provider.cc:666 GetCapability] webgpu kernel not found in registries for Op type: Unsqueeze node name: /model/layers.21/self_attn/Unsqueeze_13 d95923ea-2a75-4757-a86c-99d425e3974a:92:232
2026-10-04 18:51:32.787999 [I:onnxruntime:, webgpu_execution_provider.cc:666 GetCapability] webgpu kernel not found in registries for Op type: Gather node name: /model/layers.21/self_attn/Gather_4 d95923ea-2a75-4757-a86c-99d425e3974a:92:232
2026-10-04 18:51:32.787999 [I:onnxruntime:, webgpu_execution_provider.cc:666 GetCapability] webgpu kernel not found in registries for Op type: Unsqueeze node name: /model/layers.21/self_attn/Unsqueeze_11 d95923ea-2a75-4757-a86c-99d425e3974a:92:232
2026-10-04 18:51:32.789000 [I:onnxruntime:, webgpu_execution_provider.cc:666 GetCapability] webgpu kernel not found in registries for Op type: Concat node name: /model/layers.21/self_attn/Concat_7 d95923ea-2a75-4757-a86c-99d425e3974a:92:232
2026-10-04 18:51:32.789000 [I:onnxruntime:, webgpu_execution_provider.cc:666 GetCapability] webgpu kernel not found in registries for Op type: Equal node name: /model/layers.21/self_attn/Equal d95923ea-2a75-4757-a86c-99d425e3974a:92:232
2026-10-04 18:51:32.790000 [I:onnxruntime:, webgpu_execution_provider.cc:666 GetCapability] webgpu kernel not found in registries for Op type: Where node name: /model/layers.21/self_attn/Where d95923ea-2a75-4757-a86c-99d425e3974a:92:232
2026-10-04 18:51:32.790000 [I:onnxruntime:, webgpu_execution_provider.cc:666 GetCapability] webgpu kernel not found in registries for Op type: Gather node name: /model/layers.21/self_attn/Gather_12 d95923ea-2a75-4757-a86c-99d425e3974a:92:232
2026-10-04 18:51:32.790000 [I:onnxruntime:, webgpu_execution_provider.cc:666 GetCapability] webgpu kernel not found in registries for Op type: Unsqueeze node name: /model/layers.21/self_attn/Unsqueeze_28 d95923ea-2a75-4757-a86c-99d425e3974a:92:232
2026-10-04 18:51:32.791000 [I:onnxruntime:, webgpu_execution_provider.cc:666 GetCapability] webgpu kernel not found in registries for Op type: Gather node name: /model/layers.21/self_attn/Gather_10 d95923ea-2a75-4757-a86c-99d425e3974a:92:232
2026-10-04 18:51:32.791999 [I:onnxruntime:, webgpu_execution_provider.cc:666 GetCapability] webgpu kernel not found in registries for Op type: Unsqueeze node name: /model/layers.21/self_attn/Unsqueeze_22 d95923ea-2a75-4757-a86c-99d425e3974a:92:232
2026-10-04 18:51:32.792999 [I:onnxruntime:, webgpu_execution_provider.cc:666 GetCapability] webgpu kernel not found in registries for Op type: Gather node name: /model/layers.21/self_attn/Gather_8 d95923ea-2a75-4757-a86c-99d425e3974a:92:232
2026-10-04 18:51:32.792999 [I:onnxruntime:, webgpu_execution_provider.cc:666 GetCapability] webgpu kernel not found in registries for Op type: Unsqueeze node name: /model/layers.21/self_attn/Unsqueeze_20 d95923ea-2a75-4757-a86c-99d425e3974a:92:232
2026-10-04 18:51:32.794000 [I:onnxruntime:, webgpu_execution_provider.cc:666 GetCapability] webgpu kernel not found in registries for Op type: Concat node name: /model/layers.21/self_attn/Concat_9 d95923ea-2a75-4757-a86c-99d425e3974a:92:232
2026-10-04 18:51:32.794000 [I:onnxruntime:, webgpu_execution_provider.cc:666 GetCapability] webgpu kernel not found in registries for Op type: Equal node name: /model/layers.21/self_attn/Equal_1 d95923ea-2a75-4757-a86c-99d425e3974a:92:232
2026-10-04 18:51:32.794000 [I:onnxruntime:, webgpu_execution_provider.cc:666 GetCapability] webgpu kernel not found in registries for Op type: Where node name: /model/layers.21/self_attn/Where_1 d95923ea-2a75-4757-a86c-99d425e3974a:92:232
2026-10-04 18:51:32.795999 [I:onnxruntime:, webgpu_execution_provider.cc:666 GetCapability] webgpu kernel not found in registries for Op type: Gather node name: /model/layers.22/self_attn/Gather_1 d95923ea-2a75-4757-a86c-99d425e3974a:92:232
2026-10-04 18:51:32.797000 [I:onnxruntime:, webgpu_execution_provider.cc:666 GetCapability] webgpu kernel not found in registries for Op type: Unsqueeze node name: /model/layers.22/self_attn/Unsqueeze_1 d95923ea-2a75-4757-a86c-99d425e3974a:92:232
2026-10-04 18:51:32.797000 [I:onnxruntime:, webgpu_execution_provider.cc:666 GetCapability] webgpu kernel not found in registries for Op type: Gather node name: /model/layers.22/self_attn/Gather d95923ea-2a75-4757-a86c-99d425e3974a:92:232
2026-10-04 18:51:32.798000 [I:onnxruntime:, webgpu_execution_provider.cc:666 GetCapability] webgpu kernel not found in registries for Op type: Unsqueeze node name: /model/layers.22/self_attn/Unsqueeze d95923ea-2a75-4757-a86c-99d425e3974a:92:232
2026-10-04 18:51:32.798000 [I:onnxruntime:, webgpu_execution_provider.cc:666 GetCapability] webgpu kernel not found in registries for Op type: Concat node name: /model/layers.22/self_attn/Concat d95923ea-2a75-4757-a86c-99d425e3974a:92:232
2026-10-04 18:51:32.799000 [I:onnxruntime:, webgpu_execution_provider.cc:666 GetCapability] webgpu kernel not found in registries for Op type: Gather node name: /model/layers.22/self_attn/Gather_6 d95923ea-2a75-4757-a86c-99d425e3974a:92:232
2026-10-04 18:51:32.799000 [I:onnxruntime:, webgpu_execution_provider.cc:666 GetCapability] webgpu kernel not found in registries for Op type: Unsqueeze node name: /model/layers.22/self_attn/Unsqueeze_13 d95923ea-2a75-4757-a86c-99d425e3974a:92:232
2026-10-04 18:51:32.799000 [I:onnxruntime:, webgpu_execution_provider.cc:666 GetCapability] webgpu kernel not found in registries for Op type: Gather node name: /model/layers.22/self_attn/Gather_4 d95923ea-2a75-4757-a86c-99d425e3974a:92:232
2026-10-04 18:51:32.799999 [I:onnxruntime:, webgpu_execution_provider.cc:666 GetCapability] webgpu kernel not found in registries for Op type: Unsqueeze node name: /model/layers.22/self_attn/Unsqueeze_11 d95923ea-2a75-4757-a86c-99d425e3974a:92:232
2026-10-04 18:51:32.799999 [I:onnxruntime:, webgpu_execution_provider.cc:666 GetCapability] webgpu kernel not found in registries for Op type: Concat node name: /model/layers.22/self_attn/Concat_7 d95923ea-2a75-4757-a86c-99d425e3974a:92:232
2026-10-04 18:51:32.800999 [I:onnxruntime:, webgpu_execution_provider.cc:666 GetCapability] webgpu kernel not found in registries for Op type: Equal node name: /model/layers.22/self_attn/Equal d95923ea-2a75-4757-a86c-99d425e3974a:92:232
2026-10-04 18:51:32.800999 [I:onnxruntime:, webgpu_execution_provider.cc:666 GetCapability] webgpu kernel not found in registries for Op type: Where node name: /model/layers.22/self_attn/Where d95923ea-2a75-4757-a86c-99d425e3974a:92:232
2026-10-04 18:51:32.802000 [I:onnxruntime:, webgpu_execution_provider.cc:666 GetCapability] webgpu kernel not found in registries for Op type: Gather node name: /model/layers.22/self_attn/Gather_12 d95923ea-2a75-4757-a86c-99d425e3974a:92:232
2026-10-04 18:51:32.803000 [I:onnxruntime:, webgpu_execution_provider.cc:666 GetCapability] webgpu kernel not found in registries for Op type: Unsqueeze node name: /model/layers.22/self_attn/Unsqueeze_28 d95923ea-2a75-4757-a86c-99d425e3974a:92:232
2026-10-04 18:51:32.803999 [I:onnxruntime:, webgpu_execution_provider.cc:666 GetCapability] webgpu kernel not found in registries for Op type: Gather node name: /model/layers.22/self_attn/Gather_10 d95923ea-2a75-4757-a86c-99d425e3974a:92:232
2026-10-04 18:51:32.803999 [I:onnxruntime:, webgpu_execution_provider.cc:666 GetCapability] webgpu kernel not found in registries for Op type: Unsqueeze node name: /model/layers.22/self_attn/Unsqueeze_22 d95923ea-2a75-4757-a86c-99d425e3974a:92:232
2026-10-04 18:51:32.805000 [I:onnxruntime:, webgpu_execution_provider.cc:666 GetCapability] webgpu kernel not found in registries for Op type: Gather node name: /model/layers.22/self_attn/Gather_8 d95923ea-2a75-4757-a86c-99d425e3974a:92:232
2026-10-04 18:51:32.805000 [I:onnxruntime:, webgpu_execution_provider.cc:666 GetCapability] webgpu kernel not found in registries for Op type: Unsqueeze node name: /model/layers.22/self_attn/Unsqueeze_20 d95923ea-2a75-4757-a86c-99d425e3974a:92:232
2026-10-04 18:51:32.805000 [I:onnxruntime:, webgpu_execution_provider.cc:666 GetCapability] webgpu kernel not found in registries for Op type: Concat node name: /model/layers.22/self_attn/Concat_9 d95923ea-2a75-4757-a86c-99d425e3974a:92:232
2026-10-04 18:51:32.805000 [I:onnxruntime:, webgpu_execution_provider.cc:666 GetCapability] webgpu kernel not found in registries for Op type: Equal node name: /model/layers.22/self_attn/Equal_1 d95923ea-2a75-4757-a86c-99d425e3974a:92:232
2026-10-04 18:51:32.806000 [I:onnxruntime:, webgpu_execution_provider.cc:666 GetCapability] webgpu kernel not found in registries for Op type: Where node name: /model/layers.22/self_attn/Where_1 d95923ea-2a75-4757-a86c-99d425e3974a:92:232
2026-10-04 18:51:32.806000 [I:onnxruntime:, webgpu_execution_provider.cc:666 GetCapability] webgpu kernel not found in registries for Op type: Gather node name: /model/layers.23/self_attn/Gather_1 d95923ea-2a75-4757-a86c-99d425e3974a:92:232
2026-10-04 18:51:32.807000 [I:onnxruntime:, webgpu_execution_provider.cc:666 GetCapability] webgpu kernel not found in registries for Op type: Unsqueeze node name: /model/layers.23/self_attn/Unsqueeze_1 d95923ea-2a75-4757-a86c-99d425e3974a:92:232
2026-10-04 18:51:32.807000 [I:onnxruntime:, webgpu_execution_provider.cc:666 GetCapability] webgpu kernel not found in registries for Op type: Gather node name: /model/layers.23/self_attn/Gather d95923ea-2a75-4757-a86c-99d425e3974a:92:232
2026-10-04 18:51:32.807000 [I:onnxruntime:, webgpu_execution_provider.cc:666 GetCapability] webgpu kernel not found in registries for Op type: Unsqueeze node name: /model/layers.23/self_attn/Unsqueeze d95923ea-2a75-4757-a86c-99d425e3974a:92:232
2026-10-04 18:51:32.807999 [I:onnxruntime:, webgpu_execution_provider.cc:666 GetCapability] webgpu kernel not found in registries for Op type: Concat node name: /model/layers.23/self_attn/Concat d95923ea-2a75-4757-a86c-99d425e3974a:92:232
2026-10-04 18:51:32.807999 [I:onnxruntime:, webgpu_execution_provider.cc:666 GetCapability] webgpu kernel not found in registries for Op type: Gather node name: /model/layers.23/self_attn/Gather_6 d95923ea-2a75-4757-a86c-99d425e3974a:92:232
2026-10-04 18:51:32.807999 [I:onnxruntime:, webgpu_execution_provider.cc:666 GetCapability] webgpu kernel not found in registries for Op type: Unsqueeze node name: /model/layers.23/self_attn/Unsqueeze_13 d95923ea-2a75-4757-a86c-99d425e3974a:92:232
2026-10-04 18:51:32.808999 [I:onnxruntime:, webgpu_execution_provider.cc:666 GetCapability] webgpu kernel not found in registries for Op type: Gather node name: /model/layers.23/self_attn/Gather_4 d95923ea-2a75-4757-a86c-99d425e3974a:92:232
2026-10-04 18:51:32.808999 [I:onnxruntime:, webgpu_execution_provider.cc:666 GetCapability] webgpu kernel not found in registries for Op type: Unsqueeze node name: /model/layers.23/self_attn/Unsqueeze_11 d95923ea-2a75-4757-a86c-99d425e3974a:92:232
2026-10-04 18:51:32.808999 [I:onnxruntime:, webgpu_execution_provider.cc:666 GetCapability] webgpu kernel not found in registries for Op type: Concat node name: /model/layers.23/self_attn/Concat_7 d95923ea-2a75-4757-a86c-99d425e3974a:92:232
2026-10-04 18:51:32.810000 [I:onnxruntime:, webgpu_execution_provider.cc:666 GetCapability] webgpu kernel not found in registries for Op type: Equal node name: /model/layers.23/self_attn/Equal d95923ea-2a75-4757-a86c-99d425e3974a:92:232
2026-10-04 18:51:32.810000 [I:onnxruntime:, webgpu_execution_provider.cc:666 GetCapability] webgpu kernel not found in registries for Op type: Where node name: /model/layers.23/self_attn/Where d95923ea-2a75-4757-a86c-99d425e3974a:92:232
2026-10-04 18:51:32.810000 [I:onnxruntime:, webgpu_execution_provider.cc:666 GetCapability] webgpu kernel not found in registries for Op type: Gather node name: /model/layers.23/self_attn/Gather_12 d95923ea-2a75-4757-a86c-99d425e3974a:92:232
2026-10-04 18:51:32.811000 [I:onnxruntime:, webgpu_execution_provider.cc:666 GetCapability] webgpu kernel not found in registries for Op type: Unsqueeze node name: /model/layers.23/self_attn/Unsqueeze_28 d95923ea-2a75-4757-a86c-99d425e3974a:92:232
2026-10-04 18:51:32.811000 [I:onnxruntime:, webgpu_execution_provider.cc:666 GetCapability] webgpu kernel not found in registries for Op type: Gather node name: /model/layers.23/self_attn/Gather_10 d95923ea-2a75-4757-a86c-99d425e3974a:92:232
2026-10-04 18:51:32.811000 [I:onnxruntime:, webgpu_execution_provider.cc:666 GetCapability] webgpu kernel not found in registries for Op type: Unsqueeze node name: /model/layers.23/self_attn/Unsqueeze_22 d95923ea-2a75-4757-a86c-99d425e3974a:92:232
2026-10-04 18:51:32.811999 [I:onnxruntime:, webgpu_execution_provider.cc:666 GetCapability] webgpu kernel not found in registries for Op type: Gather node name: /model/layers.23/self_attn/Gather_8 d95923ea-2a75-4757-a86c-99d425e3974a:92:232
2026-10-04 18:51:32.811999 [I:onnxruntime:, webgpu_execution_provider.cc:666 GetCapability] webgpu kernel not found in registries for Op type: Unsqueeze node name: /model/layers.23/self_attn/Unsqueeze_20 d95923ea-2a75-4757-a86c-99d425e3974a:92:232
2026-10-04 18:51:32.811999 [I:onnxruntime:, webgpu_execution_provider.cc:666 GetCapability] webgpu kernel not found in registries for Op type: Concat node name: /model/layers.23/self_attn/Concat_9 d95923ea-2a75-4757-a86c-99d425e3974a:92:232
2026-10-04 18:51:32.813000 [I:onnxruntime:, webgpu_execution_provider.cc:666 GetCapability] webgpu kernel not found in registries for Op type: Equal node name: /model/layers.23/self_attn/Equal_1 d95923ea-2a75-4757-a86c-99d425e3974a:92:232
2026-10-04 18:51:32.813000 [I:onnxruntime:, webgpu_execution_provider.cc:666 GetCapability] webgpu kernel not found in registries for Op type: Where node name: /model/layers.23/self_attn/Where_1 d95923ea-2a75-4757-a86c-99d425e3974a:92:232
2026-10-04 18:51:32.814000 [I:onnxruntime:, webgpu_execution_provider.cc:666 GetCapability] webgpu kernel not found in registries for Op type: Gather node name: /model/layers.24/self_attn/Gather_1 d95923ea-2a75-4757-a86c-99d425e3974a:92:232
2026-10-04 18:51:32.814000 [I:onnxruntime:, webgpu_execution_provider.cc:666 GetCapability] webgpu kernel not found in registries for Op type: Unsqueeze node name: /model/layers.24/self_attn/Unsqueeze_1 d95923ea-2a75-4757-a86c-99d425e3974a:92:232
2026-10-04 18:51:32.814000 [I:onnxruntime:, webgpu_execution_provider.cc:666 GetCapability] webgpu kernel not found in registries for Op type: Gather node name: /model/layers.24/self_attn/Gather d95923ea-2a75-4757-a86c-99d425e3974a:92:232
2026-10-04 18:51:32.814000 [I:onnxruntime:, webgpu_execution_provider.cc:666 GetCapability] webgpu kernel not found in registries for Op type: Unsqueeze node name: /model/layers.24/self_attn/Unsqueeze d95923ea-2a75-4757-a86c-99d425e3974a:92:232
2026-10-04 18:51:32.815000 [I:onnxruntime:, webgpu_execution_provider.cc:666 GetCapability] webgpu kernel not found in registries for Op type: Concat node name: /model/layers.24/self_attn/Concat d95923ea-2a75-4757-a86c-99d425e3974a:92:232
2026-10-04 18:51:32.815000 [I:onnxruntime:, webgpu_execution_provider.cc:666 GetCapability] webgpu kernel not found in registries for Op type: Gather node name: /model/layers.24/self_attn/Gather_6 d95923ea-2a75-4757-a86c-99d425e3974a:92:232
2026-10-04 18:51:32.815000 [I:onnxruntime:, webgpu_execution_provider.cc:666 GetCapability] webgpu kernel not found in registries for Op type: Unsqueeze node name: /model/layers.24/self_attn/Unsqueeze_13 d95923ea-2a75-4757-a86c-99d425e3974a:92:232
2026-10-04 18:51:32.815999 [I:onnxruntime:, webgpu_execution_provider.cc:666 GetCapability] webgpu kernel not found in registries for Op type: Gather node name: /model/layers.24/self_attn/Gather_4 d95923ea-2a75-4757-a86c-99d425e3974a:92:232
2026-10-04 18:51:32.823000 [I:onnxruntime:, webgpu_execution_provider.cc:666 GetCapability] webgpu kernel not found in registries for Op type: Unsqueeze node name: /model/layers.24/self_attn/Unsqueeze_11 d95923ea-2a75-4757-a86c-99d425e3974a:92:232
2026-10-04 18:51:32.823000 [I:onnxruntime:, webgpu_execution_provider.cc:666 GetCapability] webgpu kernel not found in registries for Op type: Concat node name: /model/layers.24/self_attn/Concat_7 d95923ea-2a75-4757-a86c-99d425e3974a:92:232
2026-10-04 18:51:32.823999 [I:onnxruntime:, webgpu_execution_provider.cc:666 GetCapability] webgpu kernel not found in registries for Op type: Equal node name: /model/layers.24/self_attn/Equal d95923ea-2a75-4757-a86c-99d425e3974a:92:232
2026-10-04 18:51:32.823999 [I:onnxruntime:, webgpu_execution_provider.cc:666 GetCapability] webgpu kernel not found in registries for Op type: Where node name: /model/layers.24/self_attn/Where d95923ea-2a75-4757-a86c-99d425e3974a:92:232
2026-10-04 18:51:32.823999 [I:onnxruntime:, webgpu_execution_provider.cc:666 GetCapability] webgpu kernel not found in registries for Op type: Gather node name: /model/layers.24/self_attn/Gather_12 d95923ea-2a75-4757-a86c-99d425e3974a:92:232
2026-10-04 18:51:32.824999 [I:onnxruntime:, webgpu_execution_provider.cc:666 GetCapability] webgpu kernel not found in registries for Op type: Unsqueeze node name: /model/layers.24/self_attn/Unsqueeze_28 d95923ea-2a75-4757-a86c-99d425e3974a:92:232
2026-10-04 18:51:32.824999 [I:onnxruntime:, webgpu_execution_provider.cc:666 GetCapability] webgpu kernel not found in registries for Op type: Gather node name: /model/layers.24/self_attn/Gather_10 d95923ea-2a75-4757-a86c-99d425e3974a:92:232
2026-10-04 18:51:32.826000 [I:onnxruntime:, webgpu_execution_provider.cc:666 GetCapability] webgpu kernel not found in registries for Op type: Unsqueeze node name: /model/layers.24/self_attn/Unsqueeze_22 d95923ea-2a75-4757-a86c-99d425e3974a:92:232
2026-10-04 18:51:32.826000 [I:onnxruntime:, webgpu_execution_provider.cc:666 GetCapability] webgpu kernel not found in registries for Op type: Gather node name: /model/layers.24/self_attn/Gather_8 d95923ea-2a75-4757-a86c-99d425e3974a:92:232
2026-10-04 18:51:32.826000 [I:onnxruntime:, webgpu_execution_provider.cc:666 GetCapability] webgpu kernel not found in registries for Op type: Unsqueeze node name: /model/layers.24/self_attn/Unsqueeze_20 d95923ea-2a75-4757-a86c-99d425e3974a:92:232
2026-10-04 18:51:32.827000 [I:onnxruntime:, webgpu_execution_provider.cc:666 GetCapability] webgpu kernel not found in registries for Op type: Concat node name: /model/layers.24/self_attn/Concat_9 d95923ea-2a75-4757-a86c-99d425e3974a:92:232
2026-10-04 18:51:32.827000 [I:onnxruntime:, webgpu_execution_provider.cc:666 GetCapability] webgpu kernel not found in registries for Op type: Equal node name: /model/layers.24/self_attn/Equal_1 d95923ea-2a75-4757-a86c-99d425e3974a:92:232
2026-10-04 18:51:32.827000 [I:onnxruntime:, webgpu_execution_provider.cc:666 GetCapability] webgpu kernel not found in registries for Op type: Where node name: /model/layers.24/self_attn/Where_1 d95923ea-2a75-4757-a86c-99d425e3974a:92:232
2026-10-04 18:51:32.827999 [I:onnxruntime:, webgpu_execution_provider.cc:666 GetCapability] webgpu kernel not found in registries for Op type: Gather node name: /model/layers.25/self_attn/Gather_1 d95923ea-2a75-4757-a86c-99d425e3974a:92:232
2026-10-04 18:51:32.827999 [I:onnxruntime:, webgpu_execution_provider.cc:666 GetCapability] webgpu kernel not found in registries for Op type: Unsqueeze node name: /model/layers.25/self_attn/Unsqueeze_1 d95923ea-2a75-4757-a86c-99d425e3974a:92:232
2026-10-04 18:51:32.827999 [I:onnxruntime:, webgpu_execution_provider.cc:666 GetCapability] webgpu kernel not found in registries for Op type: Gather node name: /model/layers.25/self_attn/Gather d95923ea-2a75-4757-a86c-99d425e3974a:92:232
2026-10-04 18:51:32.827999 [I:onnxruntime:, webgpu_execution_provider.cc:666 GetCapability] webgpu kernel not found in registries for Op type: Unsqueeze node name: /model/layers.25/self_attn/Unsqueeze d95923ea-2a75-4757-a86c-99d425e3974a:92:232
2026-10-04 18:51:32.829000 [I:onnxruntime:, webgpu_execution_provider.cc:666 GetCapability] webgpu kernel not found in registries for Op type: Concat node name: /model/layers.25/self_attn/Concat d95923ea-2a75-4757-a86c-99d425e3974a:92:232
2026-10-04 18:51:32.829000 [I:onnxruntime:, webgpu_execution_provider.cc:666 GetCapability] webgpu kernel not found in registries for Op type: Gather node name: /model/layers.25/self_attn/Gather_6 d95923ea-2a75-4757-a86c-99d425e3974a:92:232
2026-10-04 18:51:32.829000 [I:onnxruntime:, webgpu_execution_provider.cc:666 GetCapability] webgpu kernel not found in registries for Op type: Unsqueeze node name: /model/layers.25/self_attn/Unsqueeze_13 d95923ea-2a75-4757-a86c-99d425e3974a:92:232
2026-10-04 18:51:32.829000 [I:onnxruntime:, webgpu_execution_provider.cc:666 GetCapability] webgpu kernel not found in registries for Op type: Gather node name: /model/layers.25/self_attn/Gather_4 d95923ea-2a75-4757-a86c-99d425e3974a:92:232
2026-10-04 18:51:32.830000 [I:onnxruntime:, webgpu_execution_provider.cc:666 GetCapability] webgpu kernel not found in registries for Op type: Unsqueeze node name: /model/layers.25/self_attn/Unsqueeze_11 d95923ea-2a75-4757-a86c-99d425e3974a:92:232
2026-10-04 18:51:32.830000 [I:onnxruntime:, webgpu_execution_provider.cc:666 GetCapability] webgpu kernel not found in registries for Op type: Concat node name: /model/layers.25/self_attn/Concat_7 d95923ea-2a75-4757-a86c-99d425e3974a:92:232
2026-10-04 18:51:32.830000 [I:onnxruntime:, webgpu_execution_provider.cc:666 GetCapability] webgpu kernel not found in registries for Op type: Equal node name: /model/layers.25/self_attn/Equal d95923ea-2a75-4757-a86c-99d425e3974a:92:232
2026-10-04 18:51:32.831000 [I:onnxruntime:, webgpu_execution_provider.cc:666 GetCapability] webgpu kernel not found in registries for Op type: Where node name: /model/layers.25/self_attn/Where d95923ea-2a75-4757-a86c-99d425e3974a:92:232
2026-10-04 18:51:32.831000 [I:onnxruntime:, webgpu_execution_provider.cc:666 GetCapability] webgpu kernel not found in registries for Op type: Gather node name: /model/layers.25/self_attn/Gather_12 d95923ea-2a75-4757-a86c-99d425e3974a:92:232
2026-10-04 18:51:32.831000 [I:onnxruntime:, webgpu_execution_provider.cc:666 GetCapability] webgpu kernel not found in registries for Op type: Unsqueeze node name: /model/layers.25/self_attn/Unsqueeze_28 d95923ea-2a75-4757-a86c-99d425e3974a:92:232
2026-10-04 18:51:32.831999 [I:onnxruntime:, webgpu_execution_provider.cc:666 GetCapability] webgpu kernel not found in registries for Op type: Gather node name: /model/layers.25/self_attn/Gather_10 d95923ea-2a75-4757-a86c-99d425e3974a:92:232
2026-10-04 18:51:32.831999 [I:onnxruntime:, webgpu_execution_provider.cc:666 GetCapability] webgpu kernel not found in registries for Op type: Unsqueeze node name: /model/layers.25/self_attn/Unsqueeze_22 d95923ea-2a75-4757-a86c-99d425e3974a:92:232
2026-10-04 18:51:32.831999 [I:onnxruntime:, webgpu_execution_provider.cc:666 GetCapability] webgpu kernel not found in registries for Op type: Gather node name: /model/layers.25/self_attn/Gather_8 d95923ea-2a75-4757-a86c-99d425e3974a:92:232
2026-10-04 18:51:32.832999 [I:onnxruntime:, webgpu_execution_provider.cc:666 GetCapability] webgpu kernel not found in registries for Op type: Unsqueeze node name: /model/layers.25/self_attn/Unsqueeze_20 d95923ea-2a75-4757-a86c-99d425e3974a:92:232
2026-10-04 18:51:32.832999 [I:onnxruntime:, webgpu_execution_provider.cc:666 GetCapability] webgpu kernel not found in registries for Op type: Concat node name: /model/layers.25/self_attn/Concat_9 d95923ea-2a75-4757-a86c-99d425e3974a:92:232
2026-10-04 18:51:32.832999 [I:onnxruntime:, webgpu_execution_provider.cc:666 GetCapability] webgpu kernel not found in registries for Op type: Equal node name: /model/layers.25/self_attn/Equal_1 d95923ea-2a75-4757-a86c-99d425e3974a:92:232
2026-10-04 18:51:32.832999 [I:onnxruntime:, webgpu_execution_provider.cc:666 GetCapability] webgpu kernel not found in registries for Op type: Where node name: /model/layers.25/self_attn/Where_1 d95923ea-2a75-4757-a86c-99d425e3974a:92:232
2026-10-04 18:51:32.834000 [I:onnxruntime:, webgpu_execution_provider.cc:666 GetCapability] webgpu kernel not found in registries for Op type: Gather node name: /model/layers.26/self_attn/Gather_1 d95923ea-2a75-4757-a86c-99d425e3974a:92:232
2026-10-04 18:51:32.834000 [I:onnxruntime:, webgpu_execution_provider.cc:666 GetCapability] webgpu kernel not found in registries for Op type: Unsqueeze node name: /model/layers.26/self_attn/Unsqueeze_1 d95923ea-2a75-4757-a86c-99d425e3974a:92:232
2026-10-04 18:51:32.835000 [I:onnxruntime:, webgpu_execution_provider.cc:666 GetCapability] webgpu kernel not found in registries for Op type: Gather node name: /model/layers.26/self_attn/Gather d95923ea-2a75-4757-a86c-99d425e3974a:92:232
2026-10-04 18:51:32.835000 [I:onnxruntime:, webgpu_execution_provider.cc:666 GetCapability] webgpu kernel not found in registries for Op type: Unsqueeze node name: /model/layers.26/self_attn/Unsqueeze d95923ea-2a75-4757-a86c-99d425e3974a:92:232
2026-10-04 18:51:32.835000 [I:onnxruntime:, webgpu_execution_provider.cc:666 GetCapability] webgpu kernel not found in registries for Op type: Concat node name: /model/layers.26/self_attn/Concat d95923ea-2a75-4757-a86c-99d425e3974a:92:232
2026-10-04 18:51:32.835999 [I:onnxruntime:, webgpu_execution_provider.cc:666 GetCapability] webgpu kernel not found in registries for Op type: Gather node name: /model/layers.26/self_attn/Gather_6 d95923ea-2a75-4757-a86c-99d425e3974a:92:232
2026-10-04 18:51:32.837000 [I:onnxruntime:, webgpu_execution_provider.cc:666 GetCapability] webgpu kernel not found in registries for Op type: Unsqueeze node name: /model/layers.26/self_attn/Unsqueeze_13 d95923ea-2a75-4757-a86c-99d425e3974a:92:232
2026-10-04 18:51:32.838000 [I:onnxruntime:, webgpu_execution_provider.cc:666 GetCapability] webgpu kernel not found in registries for Op type: Gather node name: /model/layers.26/self_attn/Gather_4 d95923ea-2a75-4757-a86c-99d425e3974a:92:232
2026-10-04 18:51:32.838000 [I:onnxruntime:, webgpu_execution_provider.cc:666 GetCapability] webgpu kernel not found in registries for Op type: Unsqueeze node name: /model/layers.26/self_attn/Unsqueeze_11 d95923ea-2a75-4757-a86c-99d425e3974a:92:232
2026-10-04 18:51:32.839000 [I:onnxruntime:, webgpu_execution_provider.cc:666 GetCapability] webgpu kernel not found in registries for Op type: Concat node name: /model/layers.26/self_attn/Concat_7 d95923ea-2a75-4757-a86c-99d425e3974a:92:232
2026-10-04 18:51:32.839000 [I:onnxruntime:, webgpu_execution_provider.cc:666 GetCapability] webgpu kernel not found in registries for Op type: Equal node name: /model/layers.26/self_attn/Equal d95923ea-2a75-4757-a86c-99d425e3974a:92:232
2026-10-04 18:51:32.839000 [I:onnxruntime:, webgpu_execution_provider.cc:666 GetCapability] webgpu kernel not found in registries for Op type: Where node name: /model/layers.26/self_attn/Where d95923ea-2a75-4757-a86c-99d425e3974a:92:232
2026-10-04 18:51:32.839000 [I:onnxruntime:, webgpu_execution_provider.cc:666 GetCapability] webgpu kernel not found in registries for Op type: Gather node name: /model/layers.26/self_attn/Gather_12 d95923ea-2a75-4757-a86c-99d425e3974a:92:232
2026-10-04 18:51:32.839999 [I:onnxruntime:, webgpu_execution_provider.cc:666 GetCapability] webgpu kernel not found in registries for Op type: Unsqueeze node name: /model/layers.26/self_attn/Unsqueeze_28 d95923ea-2a75-4757-a86c-99d425e3974a:92:232
2026-10-04 18:51:32.839999 [I:onnxruntime:, webgpu_execution_provider.cc:666 GetCapability] webgpu kernel not found in registries for Op type: Gather node name: /model/layers.26/self_attn/Gather_10 d95923ea-2a75-4757-a86c-99d425e3974a:92:232
2026-10-04 18:51:32.840999 [I:onnxruntime:, webgpu_execution_provider.cc:666 GetCapability] webgpu kernel not found in registries for Op type: Unsqueeze node name: /model/layers.26/self_attn/Unsqueeze_22 d95923ea-2a75-4757-a86c-99d425e3974a:92:232
2026-10-04 18:51:32.840999 [I:onnxruntime:, webgpu_execution_provider.cc:666 GetCapability] webgpu kernel not found in registries for Op type: Gather node name: /model/layers.26/self_attn/Gather_8 d95923ea-2a75-4757-a86c-99d425e3974a:92:232
2026-10-04 18:51:32.840999 [I:onnxruntime:, webgpu_execution_provider.cc:666 GetCapability] webgpu kernel not found in registries for Op type: Unsqueeze node name: /model/layers.26/self_attn/Unsqueeze_20 d95923ea-2a75-4757-a86c-99d425e3974a:92:232
2026-10-04 18:51:32.842000 [I:onnxruntime:, webgpu_execution_provider.cc:666 GetCapability] webgpu kernel not found in registries for Op type: Concat node name: /model/layers.26/self_attn/Concat_9 d95923ea-2a75-4757-a86c-99d425e3974a:92:232
2026-10-04 18:51:32.843000 [I:onnxruntime:, webgpu_execution_provider.cc:666 GetCapability] webgpu kernel not found in registries for Op type: Equal node name: /model/layers.26/self_attn/Equal_1 d95923ea-2a75-4757-a86c-99d425e3974a:92:232
2026-10-04 18:51:32.843000 [I:onnxruntime:, webgpu_execution_provider.cc:666 GetCapability] webgpu kernel not found in registries for Op type: Where node name: /model/layers.26/self_attn/Where_1 d95923ea-2a75-4757-a86c-99d425e3974a:92:232
2026-10-04 18:51:32.843999 [I:onnxruntime:, webgpu_execution_provider.cc:666 GetCapability] webgpu kernel not found in registries for Op type: Gather node name: /model/layers.27/self_attn/Gather_1 d95923ea-2a75-4757-a86c-99d425e3974a:92:232
2026-10-04 18:51:32.845000 [I:onnxruntime:, webgpu_execution_provider.cc:666 GetCapability] webgpu kernel not found in registries for Op type: Unsqueeze node name: /model/layers.27/self_attn/Unsqueeze_1 d95923ea-2a75-4757-a86c-99d425e3974a:92:232
2026-10-04 18:51:32.846000 [I:onnxruntime:, webgpu_execution_provider.cc:666 GetCapability] webgpu kernel not found in registries for Op type: Gather node name: /model/layers.27/self_attn/Gather d95923ea-2a75-4757-a86c-99d425e3974a:92:232
2026-10-04 18:51:32.847000 [I:onnxruntime:, webgpu_execution_provider.cc:666 GetCapability] webgpu kernel not found in registries for Op type: Unsqueeze node name: /model/layers.27/self_attn/Unsqueeze d95923ea-2a75-4757-a86c-99d425e3974a:92:232
2026-10-04 18:51:32.847999 [I:onnxruntime:, webgpu_execution_provider.cc:666 GetCapability] webgpu kernel not found in registries for Op type: Concat node name: /model/layers.27/self_attn/Concat d95923ea-2a75-4757-a86c-99d425e3974a:92:232
2026-10-04 18:51:32.848999 [I:onnxruntime:, webgpu_execution_provider.cc:666 GetCapability] webgpu kernel not found in registries for Op type: Gather node name: /model/layers.27/self_attn/Gather_6 d95923ea-2a75-4757-a86c-99d425e3974a:92:232
2026-10-04 18:51:32.851000 [I:onnxruntime:, webgpu_execution_provider.cc:666 GetCapability] webgpu kernel not found in registries for Op type: Unsqueeze node name: /model/layers.27/self_attn/Unsqueeze_13 d95923ea-2a75-4757-a86c-99d425e3974a:92:232
2026-10-04 18:51:32.853000 [I:onnxruntime:, webgpu_execution_provider.cc:666 GetCapability] webgpu kernel not found in registries for Op type: Gather node name: /model/layers.27/self_attn/Gather_4 d95923ea-2a75-4757-a86c-99d425e3974a:92:232
2026-10-04 18:51:32.853000 [I:onnxruntime:, webgpu_execution_provider.cc:666 GetCapability] webgpu kernel not found in registries for Op type: Unsqueeze node name: /model/layers.27/self_attn/Unsqueeze_11 d95923ea-2a75-4757-a86c-99d425e3974a:92:232
2026-10-04 18:51:32.853000 [I:onnxruntime:, webgpu_execution_provider.cc:666 GetCapability] webgpu kernel not found in registries for Op type: Concat node name: /model/layers.27/self_attn/Concat_7 d95923ea-2a75-4757-a86c-99d425e3974a:92:232
2026-10-04 18:51:32.854000 [I:onnxruntime:, webgpu_execution_provider.cc:666 GetCapability] webgpu kernel not found in registries for Op type: Equal node name: /model/layers.27/self_attn/Equal d95923ea-2a75-4757-a86c-99d425e3974a:92:232
2026-10-04 18:51:32.854000 [I:onnxruntime:, webgpu_execution_provider.cc:666 GetCapability] webgpu kernel not found in registries for Op type: Where node name: /model/layers.27/self_attn/Where d95923ea-2a75-4757-a86c-99d425e3974a:92:232
2026-10-04 18:51:32.854000 [I:onnxruntime:, webgpu_execution_provider.cc:666 GetCapability] webgpu kernel not found in registries for Op type: Gather node name: /model/layers.27/self_attn/Gather_12 d95923ea-2a75-4757-a86c-99d425e3974a:92:232
2026-10-04 18:51:32.855000 [I:onnxruntime:, webgpu_execution_provider.cc:666 GetCapability] webgpu kernel not found in registries for Op type: Unsqueeze node name: /model/layers.27/self_attn/Unsqueeze_28 d95923ea-2a75-4757-a86c-99d425e3974a:92:232
2026-10-04 18:51:32.855000 [I:onnxruntime:, webgpu_execution_provider.cc:666 GetCapability] webgpu kernel not found in registries for Op type: Gather node name: /model/layers.27/self_attn/Gather_10 d95923ea-2a75-4757-a86c-99d425e3974a:92:232
2026-10-04 18:51:32.855999 [I:onnxruntime:, webgpu_execution_provider.cc:666 GetCapability] webgpu kernel not found in registries for Op type: Unsqueeze node name: /model/layers.27/self_attn/Unsqueeze_22 d95923ea-2a75-4757-a86c-99d425e3974a:92:232
2026-10-04 18:51:32.863999 [I:onnxruntime:, webgpu_execution_provider.cc:666 GetCapability] webgpu kernel not found in registries for Op type: Gather node name: /model/layers.27/self_attn/Gather_8 d95923ea-2a75-4757-a86c-99d425e3974a:92:232
2026-10-04 18:51:32.863999 [I:onnxruntime:, webgpu_execution_provider.cc:666 GetCapability] webgpu kernel not found in registries for Op type: Unsqueeze node name: /model/layers.27/self_attn/Unsqueeze_20 d95923ea-2a75-4757-a86c-99d425e3974a:92:232
2026-10-04 18:51:32.863999 [I:onnxruntime:, webgpu_execution_provider.cc:666 GetCapability] webgpu kernel not found in registries for Op type: Concat node name: /model/layers.27/self_attn/Concat_9 d95923ea-2a75-4757-a86c-99d425e3974a:92:232
2026-10-04 18:51:32.864999 [I:onnxruntime:, webgpu_execution_provider.cc:666 GetCapability] webgpu kernel not found in registries for Op type: Equal node name: /model/layers.27/self_attn/Equal_1 d95923ea-2a75-4757-a86c-99d425e3974a:92:232
2026-10-04 18:51:32.864999 [I:onnxruntime:, webgpu_execution_provider.cc:666 GetCapability] webgpu kernel not found in registries for Op type: Where node name: /model/layers.27/self_attn/Where_1 d95923ea-2a75-4757-a86c-99d425e3974a:92:232
2026-10-04 18:51:32.866000 [I:onnxruntime:, webgpu_execution_provider.cc:666 GetCapability] webgpu kernel not found in registries for Op type: Gather node name: /model/layers.28/self_attn/Gather_1 d95923ea-2a75-4757-a86c-99d425e3974a:92:232
2026-10-04 18:51:32.866000 [I:onnxruntime:, webgpu_execution_provider.cc:666 GetCapability] webgpu kernel not found in registries for Op type: Unsqueeze node name: /model/layers.28/self_attn/Unsqueeze_1 d95923ea-2a75-4757-a86c-99d425e3974a:92:232
2026-10-04 18:51:32.866000 [I:onnxruntime:, webgpu_execution_provider.cc:666 GetCapability] webgpu kernel not found in registries for Op type: Gather node name: /model/layers.28/self_attn/Gather d95923ea-2a75-4757-a86c-99d425e3974a:92:232
2026-10-04 18:51:32.867000 [I:onnxruntime:, webgpu_execution_provider.cc:666 GetCapability] webgpu kernel not found in registries for Op type: Unsqueeze node name: /model/layers.28/self_attn/Unsqueeze d95923ea-2a75-4757-a86c-99d425e3974a:92:232
2026-10-04 18:51:32.867000 [I:onnxruntime:, webgpu_execution_provider.cc:666 GetCapability] webgpu kernel not found in registries for Op type: Concat node name: /model/layers.28/self_attn/Concat d95923ea-2a75-4757-a86c-99d425e3974a:92:232
2026-10-04 18:51:32.867000 [I:onnxruntime:, webgpu_execution_provider.cc:666 GetCapability] webgpu kernel not found in registries for Op type: Gather node name: /model/layers.28/self_attn/Gather_6 d95923ea-2a75-4757-a86c-99d425e3974a:92:232
2026-10-04 18:51:32.867999 [I:onnxruntime:, webgpu_execution_provider.cc:666 GetCapability] webgpu kernel not found in registries for Op type: Unsqueeze node name: /model/layers.28/self_attn/Unsqueeze_13 d95923ea-2a75-4757-a86c-99d425e3974a:92:232
2026-10-04 18:51:32.867999 [I:onnxruntime:, webgpu_execution_provider.cc:666 GetCapability] webgpu kernel not found in registries for Op type: Gather node name: /model/layers.28/self_attn/Gather_4 d95923ea-2a75-4757-a86c-99d425e3974a:92:232
2026-10-04 18:51:32.867999 [I:onnxruntime:, webgpu_execution_provider.cc:666 GetCapability] webgpu kernel not found in registries for Op type: Unsqueeze node name: /model/layers.28/self_attn/Unsqueeze_11 d95923ea-2a75-4757-a86c-99d425e3974a:92:232
2026-10-04 18:51:32.869000 [I:onnxruntime:, webgpu_execution_provider.cc:666 GetCapability] webgpu kernel not found in registries for Op type: Concat node name: /model/layers.28/self_attn/Concat_7 d95923ea-2a75-4757-a86c-99d425e3974a:92:232
2026-10-04 18:51:32.869000 [I:onnxruntime:, webgpu_execution_provider.cc:666 GetCapability] webgpu kernel not found in registries for Op type: Equal node name: /model/layers.28/self_attn/Equal d95923ea-2a75-4757-a86c-99d425e3974a:92:232
2026-10-04 18:51:32.870000 [I:onnxruntime:, webgpu_execution_provider.cc:666 GetCapability] webgpu kernel not found in registries for Op type: Where node name: /model/layers.28/self_attn/Where d95923ea-2a75-4757-a86c-99d425e3974a:92:232
2026-10-04 18:51:32.870000 [I:onnxruntime:, webgpu_execution_provider.cc:666 GetCapability] webgpu kernel not found in registries for Op type: Gather node name: /model/layers.28/self_attn/Gather_12 d95923ea-2a75-4757-a86c-99d425e3974a:92:232
2026-10-04 18:51:32.870000 [I:onnxruntime:, webgpu_execution_provider.cc:666 GetCapability] webgpu kernel not found in registries for Op type: Unsqueeze node name: /model/layers.28/self_attn/Unsqueeze_28 d95923ea-2a75-4757-a86c-99d425e3974a:92:232
2026-10-04 18:51:32.871000 [I:onnxruntime:, webgpu_execution_provider.cc:666 GetCapability] webgpu kernel not found in registries for Op type: Gather node name: /model/layers.28/self_attn/Gather_10 d95923ea-2a75-4757-a86c-99d425e3974a:92:232
2026-10-04 18:51:32.871000 [I:onnxruntime:, webgpu_execution_provider.cc:666 GetCapability] webgpu kernel not found in registries for Op type: Unsqueeze node name: /model/layers.28/self_attn/Unsqueeze_22 d95923ea-2a75-4757-a86c-99d425e3974a:92:232
2026-10-04 18:51:32.871999 [I:onnxruntime:, webgpu_execution_provider.cc:666 GetCapability] webgpu kernel not found in registries for Op type: Gather node name: /model/layers.28/self_attn/Gather_8 d95923ea-2a75-4757-a86c-99d425e3974a:92:232
2026-10-04 18:51:32.871999 [I:onnxruntime:, webgpu_execution_provider.cc:666 GetCapability] webgpu kernel not found in registries for Op type: Unsqueeze node name: /model/layers.28/self_attn/Unsqueeze_20 d95923ea-2a75-4757-a86c-99d425e3974a:92:232
2026-10-04 18:51:32.871999 [I:onnxruntime:, webgpu_execution_provider.cc:666 GetCapability] webgpu kernel not found in registries for Op type: Concat node name: /model/layers.28/self_attn/Concat_9 d95923ea-2a75-4757-a86c-99d425e3974a:92:232
2026-10-04 18:51:32.872999 [I:onnxruntime:, webgpu_execution_provider.cc:666 GetCapability] webgpu kernel not found in registries for Op type: Equal node name: /model/layers.28/self_attn/Equal_1 d95923ea-2a75-4757-a86c-99d425e3974a:92:232
2026-10-04 18:51:32.872999 [I:onnxruntime:, webgpu_execution_provider.cc:666 GetCapability] webgpu kernel not found in registries for Op type: Where node name: /model/layers.28/self_attn/Where_1 d95923ea-2a75-4757-a86c-99d425e3974a:92:232
2026-10-04 18:51:32.874000 [I:onnxruntime:, webgpu_execution_provider.cc:666 GetCapability] webgpu kernel not found in registries for Op type: Gather node name: /model/layers.29/self_attn/Gather_1 d95923ea-2a75-4757-a86c-99d425e3974a:92:232
2026-10-04 18:51:32.874000 [I:onnxruntime:, webgpu_execution_provider.cc:666 GetCapability] webgpu kernel not found in registries for Op type: Unsqueeze node name: /model/layers.29/self_attn/Unsqueeze_1 d95923ea-2a75-4757-a86c-99d425e3974a:92:232
2026-10-04 18:51:32.874000 [I:onnxruntime:, webgpu_execution_provider.cc:666 GetCapability] webgpu kernel not found in registries for Op type: Gather node name: /model/layers.29/self_attn/Gather d95923ea-2a75-4757-a86c-99d425e3974a:92:232
2026-10-04 18:51:32.875000 [I:onnxruntime:, webgpu_execution_provider.cc:666 GetCapability] webgpu kernel not found in registries for Op type: Unsqueeze node name: /model/layers.29/self_attn/Unsqueeze d95923ea-2a75-4757-a86c-99d425e3974a:92:232
2026-10-04 18:51:32.875000 [I:onnxruntime:, webgpu_execution_provider.cc:666 GetCapability] webgpu kernel not found in registries for Op type: Concat node name: /model/layers.29/self_attn/Concat d95923ea-2a75-4757-a86c-99d425e3974a:92:232
2026-10-04 18:51:32.875000 [I:onnxruntime:, webgpu_execution_provider.cc:666 GetCapability] webgpu kernel not found in registries for Op type: Gather node name: /model/layers.29/self_attn/Gather_6 d95923ea-2a75-4757-a86c-99d425e3974a:92:232
2026-10-04 18:51:32.875999 [I:onnxruntime:, webgpu_execution_provider.cc:666 GetCapability] webgpu kernel not found in registries for Op type: Unsqueeze node name: /model/layers.29/self_attn/Unsqueeze_13 d95923ea-2a75-4757-a86c-99d425e3974a:92:232
2026-10-04 18:51:32.875999 [I:onnxruntime:, webgpu_execution_provider.cc:666 GetCapability] webgpu kernel not found in registries for Op type: Gather node name: /model/layers.29/self_attn/Gather_4 d95923ea-2a75-4757-a86c-99d425e3974a:92:232
2026-10-04 18:51:32.875999 [I:onnxruntime:, webgpu_execution_provider.cc:666 GetCapability] webgpu kernel not found in registries for Op type: Unsqueeze node name: /model/layers.29/self_attn/Unsqueeze_11 d95923ea-2a75-4757-a86c-99d425e3974a:92:232
2026-10-04 18:51:32.875999 [I:onnxruntime:, webgpu_execution_provider.cc:666 GetCapability] webgpu kernel not found in registries for Op type: Concat node name: /model/layers.29/self_attn/Concat_7 d95923ea-2a75-4757-a86c-99d425e3974a:92:232
2026-10-04 18:51:32.877000 [I:onnxruntime:, webgpu_execution_provider.cc:666 GetCapability] webgpu kernel not found in registries for Op type: Equal node name: /model/layers.29/self_attn/Equal d95923ea-2a75-4757-a86c-99d425e3974a:92:232
2026-10-04 18:51:32.877000 [I:onnxruntime:, webgpu_execution_provider.cc:666 GetCapability] webgpu kernel not found in registries for Op type: Where node name: /model/layers.29/self_attn/Where d95923ea-2a75-4757-a86c-99d425e3974a:92:232
2026-10-04 18:51:32.877000 [I:onnxruntime:, webgpu_execution_provider.cc:666 GetCapability] webgpu kernel not found in registries for Op type: Gather node name: /model/layers.29/self_attn/Gather_12 d95923ea-2a75-4757-a86c-99d425e3974a:92:232
2026-10-04 18:51:32.877000 [I:onnxruntime:, webgpu_execution_provider.cc:666 GetCapability] webgpu kernel not found in registries for Op type: Unsqueeze node name: /model/layers.29/self_attn/Unsqueeze_28 d95923ea-2a75-4757-a86c-99d425e3974a:92:232
2026-10-04 18:51:32.878000 [I:onnxruntime:, webgpu_execution_provider.cc:666 GetCapability] webgpu kernel not found in registries for Op type: Gather node name: /model/layers.29/self_attn/Gather_10 d95923ea-2a75-4757-a86c-99d425e3974a:92:232
2026-10-04 18:51:32.878000 [I:onnxruntime:, webgpu_execution_provider.cc:666 GetCapability] webgpu kernel not found in registries for Op type: Unsqueeze node name: /model/layers.29/self_attn/Unsqueeze_22 d95923ea-2a75-4757-a86c-99d425e3974a:92:232
2026-10-04 18:51:32.879000 [I:onnxruntime:, webgpu_execution_provider.cc:666 GetCapability] webgpu kernel not found in registries for Op type: Gather node name: /model/layers.29/self_attn/Gather_8 d95923ea-2a75-4757-a86c-99d425e3974a:92:232
2026-10-04 18:51:32.879000 [I:onnxruntime:, webgpu_execution_provider.cc:666 GetCapability] webgpu kernel not found in registries for Op type: Unsqueeze node name: /model/layers.29/self_attn/Unsqueeze_20 d95923ea-2a75-4757-a86c-99d425e3974a:92:232
2026-10-04 18:51:32.879000 [I:onnxruntime:, webgpu_execution_provider.cc:666 GetCapability] webgpu kernel not found in registries for Op type: Concat node name: /model/layers.29/self_attn/Concat_9 d95923ea-2a75-4757-a86c-99d425e3974a:92:232
2026-10-04 18:51:32.879000 [I:onnxruntime:, webgpu_execution_provider.cc:666 GetCapability] webgpu kernel not found in registries for Op type: Equal node name: /model/layers.29/self_attn/Equal_1 d95923ea-2a75-4757-a86c-99d425e3974a:92:232
2026-10-04 18:51:32.879999 [I:onnxruntime:, webgpu_execution_provider.cc:666 GetCapability] webgpu kernel not found in registries for Op type: Where node name: /model/layers.29/self_attn/Where_1 d95923ea-2a75-4757-a86c-99d425e3974a:92:232
2026-10-04 18:51:32.879999 [I:onnxruntime:, fallback_cpu_capability.cc:89 operator()] Candidate for fallback CPU execution: /model/layers.0/self_attn/Gather_1 d95923ea-2a75-4757-a86c-99d425e3974a:92:232
2026-10-04 18:51:32.880999 [I:onnxruntime:, fallback_cpu_capability.cc:89 operator()] Candidate for fallback CPU execution: /model/layers.0/self_attn/Gather d95923ea-2a75-4757-a86c-99d425e3974a:92:232
2026-10-04 18:51:32.880999 [I:onnxruntime:, fallback_cpu_capability.cc:89 operator()] Candidate for fallback CPU execution: /model/layers.0/self_attn/Gather_6 d95923ea-2a75-4757-a86c-99d425e3974a:92:232
2026-10-04 18:51:32.882000 [I:onnxruntime:, fallback_cpu_capability.cc:89 operator()] Candidate for fallback CPU execution: /model/layers.0/self_attn/Gather_4 d95923ea-2a75-4757-a86c-99d425e3974a:92:232
2026-10-04 18:51:32.882000 [I:onnxruntime:, fallback_cpu_capability.cc:89 operator()] Candidate for fallback CPU execution: /model/layers.0/self_attn/Gather_12 d95923ea-2a75-4757-a86c-99d425e3974a:92:232
2026-10-04 18:51:32.882000 [I:onnxruntime:, fallback_cpu_capability.cc:89 operator()] Candidate for fallback CPU execution: /model/Gather_3 d95923ea-2a75-4757-a86c-99d425e3974a:92:232
2026-10-04 18:51:32.883000 [I:onnxruntime:, fallback_cpu_capability.cc:89 operator()] Candidate for fallback CPU execution: /model/Gather_1 d95923ea-2a75-4757-a86c-99d425e3974a:92:232
2026-10-04 18:51:32.883000 [I:onnxruntime:, fallback_cpu_capability.cc:89 operator()] Candidate for fallback CPU execution: /model/Gather d95923ea-2a75-4757-a86c-99d425e3974a:92:232
2026-10-04 18:51:32.883000 [I:onnxruntime:, fallback_cpu_capability.cc:89 operator()] Candidate for fallback CPU execution: Gather_2709 d95923ea-2a75-4757-a86c-99d425e3974a:92:232
2026-10-04 18:51:32.883000 [I:onnxruntime:, fallback_cpu_capability.cc:89 operator()] Candidate for fallback CPU execution: Gather_2702 d95923ea-2a75-4757-a86c-99d425e3974a:92:232
2026-10-04 18:51:32.883000 [I:onnxruntime:, fallback_cpu_capability.cc:89 operator()] Candidate for fallback CPU execution: Gather_2688 d95923ea-2a75-4757-a86c-99d425e3974a:92:232
2026-10-04 18:51:32.883999 [I:onnxruntime:, fallback_cpu_capability.cc:89 operator()] Candidate for fallback CPU execution: /model/Expand_1 d95923ea-2a75-4757-a86c-99d425e3974a:92:232
2026-10-04 18:51:32.883999 [I:onnxruntime:, fallback_cpu_capability.cc:89 operator()] Candidate for fallback CPU execution: /model/layers.0/self_attn/Gather_10 d95923ea-2a75-4757-a86c-99d425e3974a:92:232
2026-10-04 18:51:32.885000 [I:onnxruntime:, fallback_cpu_capability.cc:89 operator()] Candidate for fallback CPU execution: /model/layers.0/self_attn/Gather_8 d95923ea-2a75-4757-a86c-99d425e3974a:92:232
2026-10-04 18:51:32.886000 [I:onnxruntime:, fallback_cpu_capability.cc:89 operator()] Candidate for fallback CPU execution: /model/layers.1/self_attn/Gather_1 d95923ea-2a75-4757-a86c-99d425e3974a:92:232
2026-10-04 18:51:32.886000 [I:onnxruntime:, fallback_cpu_capability.cc:89 operator()] Candidate for fallback CPU execution: /model/layers.1/self_attn/Gather d95923ea-2a75-4757-a86c-99d425e3974a:92:232
2026-10-04 18:51:32.886000 [I:onnxruntime:, fallback_cpu_capability.cc:89 operator()] Candidate for fallback CPU execution: /model/layers.1/self_attn/Gather_6 d95923ea-2a75-4757-a86c-99d425e3974a:92:232
2026-10-04 18:51:32.886000 [I:onnxruntime:, fallback_cpu_capability.cc:89 operator()] Candidate for fallback CPU execution: /model/layers.1/self_attn/Gather_4 d95923ea-2a75-4757-a86c-99d425e3974a:92:232
2026-10-04 18:51:32.887999 [I:onnxruntime:, fallback_cpu_capability.cc:89 operator()] Candidate for fallback CPU execution: /model/layers.1/self_attn/Gather_12 d95923ea-2a75-4757-a86c-99d425e3974a:92:232
2026-10-04 18:51:32.887999 [I:onnxruntime:, fallback_cpu_capability.cc:89 operator()] Candidate for fallback CPU execution: /model/layers.1/self_attn/Gather_10 d95923ea-2a75-4757-a86c-99d425e3974a:92:232
2026-10-04 18:51:32.888999 [I:onnxruntime:, fallback_cpu_capability.cc:89 operator()] Candidate for fallback CPU execution: /model/layers.1/self_attn/Gather_8 d95923ea-2a75-4757-a86c-99d425e3974a:92:232
2026-10-04 18:51:32.888999 [I:onnxruntime:, fallback_cpu_capability.cc:89 operator()] Candidate for fallback CPU execution: /model/layers.2/self_attn/Gather_1 d95923ea-2a75-4757-a86c-99d425e3974a:92:232
2026-10-04 18:51:32.890000 [I:onnxruntime:, fallback_cpu_capability.cc:89 operator()] Candidate for fallback CPU execution: /model/layers.2/self_attn/Gather d95923ea-2a75-4757-a86c-99d425e3974a:92:232
2026-10-04 18:51:32.890000 [I:onnxruntime:, fallback_cpu_capability.cc:89 operator()] Candidate for fallback CPU execution: /model/layers.2/self_attn/Gather_6 d95923ea-2a75-4757-a86c-99d425e3974a:92:232
2026-10-04 18:51:32.890000 [I:onnxruntime:, fallback_cpu_capability.cc:89 operator()] Candidate for fallback CPU execution: /model/layers.2/self_attn/Gather_4 d95923ea-2a75-4757-a86c-99d425e3974a:92:232
2026-10-04 18:51:32.891000 [I:onnxruntime:, fallback_cpu_capability.cc:89 operator()] Candidate for fallback CPU execution: /model/layers.2/self_attn/Gather_12 d95923ea-2a75-4757-a86c-99d425e3974a:92:232
2026-10-04 18:51:32.891999 [I:onnxruntime:, fallback_cpu_capability.cc:89 operator()] Candidate for fallback CPU execution: /model/layers.2/self_attn/Gather_10 d95923ea-2a75-4757-a86c-99d425e3974a:92:232
2026-10-04 18:51:32.891999 [I:onnxruntime:, fallback_cpu_capability.cc:89 operator()] Candidate for fallback CPU execution: /model/layers.2/self_attn/Gather_8 d95923ea-2a75-4757-a86c-99d425e3974a:92:232
2026-10-04 18:51:32.893000 [I:onnxruntime:, fallback_cpu_capability.cc:89 operator()] Candidate for fallback CPU execution: /model/layers.3/self_attn/Gather_1 d95923ea-2a75-4757-a86c-99d425e3974a:92:232
2026-10-04 18:51:32.894000 [I:onnxruntime:, fallback_cpu_capability.cc:89 operator()] Candidate for fallback CPU execution: /model/layers.3/self_attn/Gather d95923ea-2a75-4757-a86c-99d425e3974a:92:232
2026-10-04 18:51:32.894000 [I:onnxruntime:, fallback_cpu_capability.cc:89 operator()] Candidate for fallback CPU execution: /model/layers.3/self_attn/Gather_6 d95923ea-2a75-4757-a86c-99d425e3974a:92:232
2026-10-04 18:51:32.895000 [I:onnxruntime:, fallback_cpu_capability.cc:89 operator()] Candidate for fallback CPU execution: /model/layers.3/self_attn/Gather_4 d95923ea-2a75-4757-a86c-99d425e3974a:92:232
2026-10-04 18:51:32.895000 [I:onnxruntime:, fallback_cpu_capability.cc:89 operator()] Candidate for fallback CPU execution: /model/layers.3/self_attn/Gather_12 d95923ea-2a75-4757-a86c-99d425e3974a:92:232
2026-10-04 18:51:32.895000 [I:onnxruntime:, fallback_cpu_capability.cc:89 operator()] Candidate for fallback CPU execution: /model/layers.3/self_attn/Gather_10 d95923ea-2a75-4757-a86c-99d425e3974a:92:232
2026-10-04 18:51:32.895000 [I:onnxruntime:, fallback_cpu_capability.cc:89 operator()] Candidate for fallback CPU execution: /model/layers.3/self_attn/Gather_8 d95923ea-2a75-4757-a86c-99d425e3974a:92:232
2026-10-04 18:51:32.895999 [I:onnxruntime:, fallback_cpu_capability.cc:89 operator()] Candidate for fallback CPU execution: /model/layers.4/self_attn/Gather_1 d95923ea-2a75-4757-a86c-99d425e3974a:92:232
2026-10-04 18:51:32.895999 [I:onnxruntime:, fallback_cpu_capability.cc:89 operator()] Candidate for fallback CPU execution: /model/layers.4/self_attn/Gather d95923ea-2a75-4757-a86c-99d425e3974a:92:232
2026-10-04 18:51:32.896999 [I:onnxruntime:, fallback_cpu_capability.cc:89 operator()] Candidate for fallback CPU execution: /model/layers.4/self_attn/Gather_6 d95923ea-2a75-4757-a86c-99d425e3974a:92:232
2026-10-04 18:51:32.896999 [I:onnxruntime:, fallback_cpu_capability.cc:89 operator()] Candidate for fallback CPU execution: /model/layers.4/self_attn/Gather_4 d95923ea-2a75-4757-a86c-99d425e3974a:92:232
2026-10-04 18:51:32.896999 [I:onnxruntime:, fallback_cpu_capability.cc:89 operator()] Candidate for fallback CPU execution: /model/layers.4/self_attn/Gather_12 d95923ea-2a75-4757-a86c-99d425e3974a:92:232
2026-10-04 18:51:32.898000 [I:onnxruntime:, fallback_cpu_capability.cc:89 operator()] Candidate for fallback CPU execution: /model/layers.4/self_attn/Gather_10 d95923ea-2a75-4757-a86c-99d425e3974a:92:232
2026-10-04 18:51:32.898000 [I:onnxruntime:, fallback_cpu_capability.cc:89 operator()] Candidate for fallback CPU execution: /model/layers.4/self_attn/Gather_8 d95923ea-2a75-4757-a86c-99d425e3974a:92:232
2026-10-04 18:51:32.898000 [I:onnxruntime:, fallback_cpu_capability.cc:89 operator()] Candidate for fallback CPU execution: /model/layers.5/self_attn/Gather_1 d95923ea-2a75-4757-a86c-99d425e3974a:92:232
2026-10-04 18:51:32.899000 [I:onnxruntime:, fallback_cpu_capability.cc:89 operator()] Candidate for fallback CPU execution: /model/layers.5/self_attn/Gather d95923ea-2a75-4757-a86c-99d425e3974a:92:232
2026-10-04 18:51:32.899000 [I:onnxruntime:, fallback_cpu_capability.cc:89 operator()] Candidate for fallback CPU execution: /model/layers.5/self_attn/Gather_6 d95923ea-2a75-4757-a86c-99d425e3974a:92:232
2026-10-04 18:51:32.899000 [I:onnxruntime:, fallback_cpu_capability.cc:89 operator()] Candidate for fallback CPU execution: /model/layers.5/self_attn/Gather_4 d95923ea-2a75-4757-a86c-99d425e3974a:92:232
2026-10-04 18:51:32.899999 [I:onnxruntime:, fallback_cpu_capability.cc:89 operator()] Candidate for fallback CPU execution: /model/layers.5/self_attn/Gather_12 d95923ea-2a75-4757-a86c-99d425e3974a:92:232
2026-10-04 18:51:32.899999 [I:onnxruntime:, fallback_cpu_capability.cc:89 operator()] Candidate for fallback CPU execution: /model/layers.5/self_attn/Gather_10 d95923ea-2a75-4757-a86c-99d425e3974a:92:232
2026-10-04 18:51:32.899999 [I:onnxruntime:, fallback_cpu_capability.cc:89 operator()] Candidate for fallback CPU execution: /model/layers.5/self_attn/Gather_8 d95923ea-2a75-4757-a86c-99d425e3974a:92:232
2026-10-04 18:51:32.901000 [I:onnxruntime:, fallback_cpu_capability.cc:89 operator()] Candidate for fallback CPU execution: /model/layers.6/self_attn/Gather_1 d95923ea-2a75-4757-a86c-99d425e3974a:92:232
2026-10-04 18:51:32.901000 [I:onnxruntime:, fallback_cpu_capability.cc:89 operator()] Candidate for fallback CPU execution: /model/layers.6/self_attn/Gather d95923ea-2a75-4757-a86c-99d425e3974a:92:232
2026-10-04 18:51:32.902000 [I:onnxruntime:, fallback_cpu_capability.cc:89 operator()] Candidate for fallback CPU execution: /model/layers.6/self_attn/Gather_6 d95923ea-2a75-4757-a86c-99d425e3974a:92:232
2026-10-04 18:51:32.902000 [I:onnxruntime:, fallback_cpu_capability.cc:89 operator()] Candidate for fallback CPU execution: /model/layers.6/self_attn/Gather_4 d95923ea-2a75-4757-a86c-99d425e3974a:92:232
2026-10-04 18:51:32.902000 [I:onnxruntime:, fallback_cpu_capability.cc:89 operator()] Candidate for fallback CPU execution: /model/layers.6/self_attn/Gather_12 d95923ea-2a75-4757-a86c-99d425e3974a:92:232
2026-10-04 18:51:32.903000 [I:onnxruntime:, fallback_cpu_capability.cc:89 operator()] Candidate for fallback CPU execution: /model/layers.6/self_attn/Gather_10 d95923ea-2a75-4757-a86c-99d425e3974a:92:232
2026-10-04 18:51:32.903999 [I:onnxruntime:, fallback_cpu_capability.cc:89 operator()] Candidate for fallback CPU execution: /model/layers.6/self_attn/Gather_8 d95923ea-2a75-4757-a86c-99d425e3974a:92:232
2026-10-04 18:51:32.903999 [I:onnxruntime:, fallback_cpu_capability.cc:89 operator()] Candidate for fallback CPU execution: /model/layers.7/self_attn/Gather_1 d95923ea-2a75-4757-a86c-99d425e3974a:92:232
2026-10-04 18:51:32.903999 [I:onnxruntime:, fallback_cpu_capability.cc:89 operator()] Candidate for fallback CPU execution: /model/layers.7/self_attn/Gather d95923ea-2a75-4757-a86c-99d425e3974a:92:232
2026-10-04 18:51:32.904999 [I:onnxruntime:, fallback_cpu_capability.cc:89 operator()] Candidate for fallback CPU execution: /model/layers.7/self_attn/Gather_6 d95923ea-2a75-4757-a86c-99d425e3974a:92:232
2026-10-04 18:51:32.904999 [I:onnxruntime:, fallback_cpu_capability.cc:89 operator()] Candidate for fallback CPU execution: /model/layers.7/self_attn/Gather_4 d95923ea-2a75-4757-a86c-99d425e3974a:92:232
2026-10-04 18:51:32.904999 [I:onnxruntime:, fallback_cpu_capability.cc:89 operator()] Candidate for fallback CPU execution: /model/layers.7/self_attn/Gather_12 d95923ea-2a75-4757-a86c-99d425e3974a:92:232
2026-10-04 18:51:32.906000 [I:onnxruntime:, fallback_cpu_capability.cc:89 operator()] Candidate for fallback CPU execution: /model/layers.7/self_attn/Gather_10 d95923ea-2a75-4757-a86c-99d425e3974a:92:232
2026-10-04 18:51:32.907000 [I:onnxruntime:, fallback_cpu_capability.cc:89 operator()] Candidate for fallback CPU execution: /model/layers.7/self_attn/Gather_8 d95923ea-2a75-4757-a86c-99d425e3974a:92:232
2026-10-04 18:51:32.907999 [I:onnxruntime:, fallback_cpu_capability.cc:89 operator()] Candidate for fallback CPU execution: /model/layers.8/self_attn/Gather_1 d95923ea-2a75-4757-a86c-99d425e3974a:92:232
2026-10-04 18:51:32.909000 [I:onnxruntime:, fallback_cpu_capability.cc:89 operator()] Candidate for fallback CPU execution: /model/layers.8/self_attn/Gather d95923ea-2a75-4757-a86c-99d425e3974a:92:232
2026-10-04 18:51:32.909000 [I:onnxruntime:, fallback_cpu_capability.cc:89 operator()] Candidate for fallback CPU execution: /model/layers.8/self_attn/Gather_6 d95923ea-2a75-4757-a86c-99d425e3974a:92:232
2026-10-04 18:51:32.910000 [I:onnxruntime:, fallback_cpu_capability.cc:89 operator()] Candidate for fallback CPU execution: /model/layers.8/self_attn/Gather_4 d95923ea-2a75-4757-a86c-99d425e3974a:92:232
2026-10-04 18:51:32.910000 [I:onnxruntime:, fallback_cpu_capability.cc:89 operator()] Candidate for fallback CPU execution: /model/layers.8/self_attn/Gather_12 d95923ea-2a75-4757-a86c-99d425e3974a:92:232
2026-10-04 18:51:32.911000 [I:onnxruntime:, fallback_cpu_capability.cc:89 operator()] Candidate for fallback CPU execution: /model/layers.8/self_attn/Gather_10 d95923ea-2a75-4757-a86c-99d425e3974a:92:232
2026-10-04 18:51:32.911000 [I:onnxruntime:, fallback_cpu_capability.cc:89 operator()] Candidate for fallback CPU execution: /model/layers.8/self_attn/Gather_8 d95923ea-2a75-4757-a86c-99d425e3974a:92:232
2026-10-04 18:51:32.911999 [I:onnxruntime:, fallback_cpu_capability.cc:89 operator()] Candidate for fallback CPU execution: /model/layers.9/self_attn/Gather_1 d95923ea-2a75-4757-a86c-99d425e3974a:92:232
2026-10-04 18:51:32.911999 [I:onnxruntime:, fallback_cpu_capability.cc:89 operator()] Candidate for fallback CPU execution: /model/layers.9/self_attn/Gather d95923ea-2a75-4757-a86c-99d425e3974a:92:232
2026-10-04 18:51:32.911999 [I:onnxruntime:, fallback_cpu_capability.cc:89 operator()] Candidate for fallback CPU execution: /model/layers.9/self_attn/Gather_6 d95923ea-2a75-4757-a86c-99d425e3974a:92:232
2026-10-04 18:51:32.911999 [I:onnxruntime:, fallback_cpu_capability.cc:89 operator()] Candidate for fallback CPU execution: /model/layers.9/self_attn/Gather_4 d95923ea-2a75-4757-a86c-99d425e3974a:92:232
2026-10-04 18:51:32.912999 [I:onnxruntime:, fallback_cpu_capability.cc:89 operator()] Candidate for fallback CPU execution: /model/layers.9/self_attn/Gather_12 d95923ea-2a75-4757-a86c-99d425e3974a:92:232
2026-10-04 18:51:32.912999 [I:onnxruntime:, fallback_cpu_capability.cc:89 operator()] Candidate for fallback CPU execution: /model/layers.9/self_attn/Gather_10 d95923ea-2a75-4757-a86c-99d425e3974a:92:232
2026-10-04 18:51:32.912999 [I:onnxruntime:, fallback_cpu_capability.cc:89 operator()] Candidate for fallback CPU execution: /model/layers.9/self_attn/Gather_8 d95923ea-2a75-4757-a86c-99d425e3974a:92:232
2026-10-04 18:51:32.914000 [I:onnxruntime:, fallback_cpu_capability.cc:89 operator()] Candidate for fallback CPU execution: /model/layers.10/self_attn/Gather_1 d95923ea-2a75-4757-a86c-99d425e3974a:92:232
2026-10-04 18:51:32.914000 [I:onnxruntime:, fallback_cpu_capability.cc:89 operator()] Candidate for fallback CPU execution: /model/layers.10/self_attn/Gather d95923ea-2a75-4757-a86c-99d425e3974a:92:232
2026-10-04 18:51:32.914000 [I:onnxruntime:, fallback_cpu_capability.cc:89 operator()] Candidate for fallback CPU execution: /model/layers.10/self_attn/Gather_6 d95923ea-2a75-4757-a86c-99d425e3974a:92:232
2026-10-04 18:51:32.915000 [I:onnxruntime:, fallback_cpu_capability.cc:89 operator()] Candidate for fallback CPU execution: /model/layers.10/self_attn/Gather_4 d95923ea-2a75-4757-a86c-99d425e3974a:92:232
2026-10-04 18:51:32.915000 [I:onnxruntime:, fallback_cpu_capability.cc:89 operator()] Candidate for fallback CPU execution: /model/layers.10/self_attn/Gather_12 d95923ea-2a75-4757-a86c-99d425e3974a:92:232
2026-10-04 18:51:32.915999 [I:onnxruntime:, fallback_cpu_capability.cc:89 operator()] Candidate for fallback CPU execution: /model/layers.10/self_attn/Gather_10 d95923ea-2a75-4757-a86c-99d425e3974a:92:232
2026-10-04 18:51:32.915999 [I:onnxruntime:, fallback_cpu_capability.cc:89 operator()] Candidate for fallback CPU execution: /model/layers.10/self_attn/Gather_8 d95923ea-2a75-4757-a86c-99d425e3974a:92:232
2026-10-04 18:51:32.915999 [I:onnxruntime:, fallback_cpu_capability.cc:89 operator()] Candidate for fallback CPU execution: /model/layers.11/self_attn/Gather_1 d95923ea-2a75-4757-a86c-99d425e3974a:92:232
2026-10-04 18:51:32.923000 [I:onnxruntime:, fallback_cpu_capability.cc:89 operator()] Candidate for fallback CPU execution: /model/layers.11/self_attn/Gather d95923ea-2a75-4757-a86c-99d425e3974a:92:232
2026-10-04 18:51:32.923999 [I:onnxruntime:, fallback_cpu_capability.cc:89 operator()] Candidate for fallback CPU execution: /model/layers.11/self_attn/Gather_6 d95923ea-2a75-4757-a86c-99d425e3974a:92:232
2026-10-04 18:51:32.925000 [I:onnxruntime:, fallback_cpu_capability.cc:89 operator()] Candidate for fallback CPU execution: /model/layers.11/self_attn/Gather_4 d95923ea-2a75-4757-a86c-99d425e3974a:92:232
2026-10-04 18:51:32.925000 [I:onnxruntime:, fallback_cpu_capability.cc:89 operator()] Candidate for fallback CPU execution: /model/layers.11/self_attn/Gather_12 d95923ea-2a75-4757-a86c-99d425e3974a:92:232
2026-10-04 18:51:32.926000 [I:onnxruntime:, fallback_cpu_capability.cc:89 operator()] Candidate for fallback CPU execution: /model/layers.11/self_attn/Gather_10 d95923ea-2a75-4757-a86c-99d425e3974a:92:232
2026-10-04 18:51:32.926000 [I:onnxruntime:, fallback_cpu_capability.cc:89 operator()] Candidate for fallback CPU execution: /model/layers.11/self_attn/Gather_8 d95923ea-2a75-4757-a86c-99d425e3974a:92:232
2026-10-04 18:51:32.927999 [I:onnxruntime:, fallback_cpu_capability.cc:89 operator()] Candidate for fallback CPU execution: /model/layers.12/self_attn/Gather_1 d95923ea-2a75-4757-a86c-99d425e3974a:92:232
2026-10-04 18:51:32.927999 [I:onnxruntime:, fallback_cpu_capability.cc:89 operator()] Candidate for fallback CPU execution: /model/layers.12/self_attn/Gather d95923ea-2a75-4757-a86c-99d425e3974a:92:232
2026-10-04 18:51:32.928999 [I:onnxruntime:, fallback_cpu_capability.cc:89 operator()] Candidate for fallback CPU execution: /model/layers.12/self_attn/Gather_6 d95923ea-2a75-4757-a86c-99d425e3974a:92:232
2026-10-04 18:51:32.928999 [I:onnxruntime:, fallback_cpu_capability.cc:89 operator()] Candidate for fallback CPU execution: /model/layers.12/self_attn/Gather_4 d95923ea-2a75-4757-a86c-99d425e3974a:92:232
2026-10-04 18:51:32.930000 [I:onnxruntime:, fallback_cpu_capability.cc:89 operator()] Candidate for fallback CPU execution: /model/layers.12/self_attn/Gather_12 d95923ea-2a75-4757-a86c-99d425e3974a:92:232
2026-10-04 18:51:32.931000 [I:onnxruntime:, fallback_cpu_capability.cc:89 operator()] Candidate for fallback CPU execution: /model/layers.12/self_attn/Gather_10 d95923ea-2a75-4757-a86c-99d425e3974a:92:232
2026-10-04 18:51:32.931000 [I:onnxruntime:, fallback_cpu_capability.cc:89 operator()] Candidate for fallback CPU execution: /model/layers.12/self_attn/Gather_8 d95923ea-2a75-4757-a86c-99d425e3974a:92:232
2026-10-04 18:51:32.931999 [I:onnxruntime:, fallback_cpu_capability.cc:89 operator()] Candidate for fallback CPU execution: /model/layers.13/self_attn/Gather_1 d95923ea-2a75-4757-a86c-99d425e3974a:92:232
2026-10-04 18:51:32.933000 [I:onnxruntime:, fallback_cpu_capability.cc:89 operator()] Candidate for fallback CPU execution: /model/layers.13/self_attn/Gather d95923ea-2a75-4757-a86c-99d425e3974a:92:232
2026-10-04 18:51:32.933000 [I:onnxruntime:, fallback_cpu_capability.cc:89 operator()] Candidate for fallback CPU execution: /model/layers.13/self_attn/Gather_6 d95923ea-2a75-4757-a86c-99d425e3974a:92:232
2026-10-04 18:51:32.934000 [I:onnxruntime:, fallback_cpu_capability.cc:89 operator()] Candidate for fallback CPU execution: /model/layers.13/self_attn/Gather_4 d95923ea-2a75-4757-a86c-99d425e3974a:92:232
2026-10-04 18:51:32.934000 [I:onnxruntime:, fallback_cpu_capability.cc:89 operator()] Candidate for fallback CPU execution: /model/layers.13/self_attn/Gather_12 d95923ea-2a75-4757-a86c-99d425e3974a:92:232
2026-10-04 18:51:32.935000 [I:onnxruntime:, fallback_cpu_capability.cc:89 operator()] Candidate for fallback CPU execution: /model/layers.13/self_attn/Gather_10 d95923ea-2a75-4757-a86c-99d425e3974a:92:232
2026-10-04 18:51:32.935000 [I:onnxruntime:, fallback_cpu_capability.cc:89 operator()] Candidate for fallback CPU execution: /model/layers.13/self_attn/Gather_8 d95923ea-2a75-4757-a86c-99d425e3974a:92:232
2026-10-04 18:51:32.935999 [I:onnxruntime:, fallback_cpu_capability.cc:89 operator()] Candidate for fallback CPU execution: /model/layers.14/self_attn/Gather_1 d95923ea-2a75-4757-a86c-99d425e3974a:92:232
2026-10-04 18:51:32.935999 [I:onnxruntime:, fallback_cpu_capability.cc:89 operator()] Candidate for fallback CPU execution: /model/layers.14/self_attn/Gather d95923ea-2a75-4757-a86c-99d425e3974a:92:232
2026-10-04 18:51:32.936999 [I:onnxruntime:, fallback_cpu_capability.cc:89 operator()] Candidate for fallback CPU execution: /model/layers.14/self_attn/Gather_6 d95923ea-2a75-4757-a86c-99d425e3974a:92:232
2026-10-04 18:51:32.936999 [I:onnxruntime:, fallback_cpu_capability.cc:89 operator()] Candidate for fallback CPU execution: /model/layers.14/self_attn/Gather_4 d95923ea-2a75-4757-a86c-99d425e3974a:92:232
2026-10-04 18:51:32.936999 [I:onnxruntime:, fallback_cpu_capability.cc:89 operator()] Candidate for fallback CPU execution: /model/layers.14/self_attn/Gather_12 d95923ea-2a75-4757-a86c-99d425e3974a:92:232
2026-10-04 18:51:32.938000 [I:onnxruntime:, fallback_cpu_capability.cc:89 operator()] Candidate for fallback CPU execution: /model/layers.14/self_attn/Gather_10 d95923ea-2a75-4757-a86c-99d425e3974a:92:232
2026-10-04 18:51:32.938000 [I:onnxruntime:, fallback_cpu_capability.cc:89 operator()] Candidate for fallback CPU execution: /model/layers.14/self_attn/Gather_8 d95923ea-2a75-4757-a86c-99d425e3974a:92:232
2026-10-04 18:51:32.938000 [I:onnxruntime:, fallback_cpu_capability.cc:89 operator()] Candidate for fallback CPU execution: /model/layers.15/self_attn/Gather_1 d95923ea-2a75-4757-a86c-99d425e3974a:92:232
2026-10-04 18:51:32.939000 [I:onnxruntime:, fallback_cpu_capability.cc:89 operator()] Candidate for fallback CPU execution: /model/layers.15/self_attn/Gather d95923ea-2a75-4757-a86c-99d425e3974a:92:232
2026-10-04 18:51:32.939000 [I:onnxruntime:, fallback_cpu_capability.cc:89 operator()] Candidate for fallback CPU execution: /model/layers.15/self_attn/Gather_6 d95923ea-2a75-4757-a86c-99d425e3974a:92:232
2026-10-04 18:51:32.939000 [I:onnxruntime:, fallback_cpu_capability.cc:89 operator()] Candidate for fallback CPU execution: /model/layers.15/self_attn/Gather_4 d95923ea-2a75-4757-a86c-99d425e3974a:92:232
2026-10-04 18:51:32.939999 [I:onnxruntime:, fallback_cpu_capability.cc:89 operator()] Candidate for fallback CPU execution: /model/layers.15/self_attn/Gather_12 d95923ea-2a75-4757-a86c-99d425e3974a:92:232
2026-10-04 18:51:32.939999 [I:onnxruntime:, fallback_cpu_capability.cc:89 operator()] Candidate for fallback CPU execution: /model/layers.15/self_attn/Gather_10 d95923ea-2a75-4757-a86c-99d425e3974a:92:232
2026-10-04 18:51:32.939999 [I:onnxruntime:, fallback_cpu_capability.cc:89 operator()] Candidate for fallback CPU execution: /model/layers.15/self_attn/Gather_8 d95923ea-2a75-4757-a86c-99d425e3974a:92:232
2026-10-04 18:51:32.941000 [I:onnxruntime:, fallback_cpu_capability.cc:89 operator()] Candidate for fallback CPU execution: /model/layers.16/self_attn/Gather_1 d95923ea-2a75-4757-a86c-99d425e3974a:92:232
2026-10-04 18:51:32.941000 [I:onnxruntime:, fallback_cpu_capability.cc:89 operator()] Candidate for fallback CPU execution: /model/layers.16/self_attn/Gather d95923ea-2a75-4757-a86c-99d425e3974a:92:232
2026-10-04 18:51:32.942000 [I:onnxruntime:, fallback_cpu_capability.cc:89 operator()] Candidate for fallback CPU execution: /model/layers.16/self_attn/Gather_6 d95923ea-2a75-4757-a86c-99d425e3974a:92:232
2026-10-04 18:51:32.942000 [I:onnxruntime:, fallback_cpu_capability.cc:89 operator()] Candidate for fallback CPU execution: /model/layers.16/self_attn/Gather_4 d95923ea-2a75-4757-a86c-99d425e3974a:92:232
2026-10-04 18:51:32.942000 [I:onnxruntime:, fallback_cpu_capability.cc:89 operator()] Candidate for fallback CPU execution: /model/layers.16/self_attn/Gather_12 d95923ea-2a75-4757-a86c-99d425e3974a:92:232
2026-10-04 18:51:32.943000 [I:onnxruntime:, fallback_cpu_capability.cc:89 operator()] Candidate for fallback CPU execution: /model/layers.16/self_attn/Gather_10 d95923ea-2a75-4757-a86c-99d425e3974a:92:232
2026-10-04 18:51:32.943000 [I:onnxruntime:, fallback_cpu_capability.cc:89 operator()] Candidate for fallback CPU execution: /model/layers.16/self_attn/Gather_8 d95923ea-2a75-4757-a86c-99d425e3974a:92:232
2026-10-04 18:51:32.943000 [I:onnxruntime:, fallback_cpu_capability.cc:89 operator()] Candidate for fallback CPU execution: /model/layers.17/self_attn/Gather_1 d95923ea-2a75-4757-a86c-99d425e3974a:92:232
2026-10-04 18:51:32.943999 [I:onnxruntime:, fallback_cpu_capability.cc:89 operator()] Candidate for fallback CPU execution: /model/layers.17/self_attn/Gather d95923ea-2a75-4757-a86c-99d425e3974a:92:232
2026-10-04 18:51:32.943999 [I:onnxruntime:, fallback_cpu_capability.cc:89 operator()] Candidate for fallback CPU execution: /model/layers.17/self_attn/Gather_6 d95923ea-2a75-4757-a86c-99d425e3974a:92:232
2026-10-04 18:51:32.943999 [I:onnxruntime:, fallback_cpu_capability.cc:89 operator()] Candidate for fallback CPU execution: /model/layers.17/self_attn/Gather_4 d95923ea-2a75-4757-a86c-99d425e3974a:92:232
2026-10-04 18:51:32.943999 [I:onnxruntime:, fallback_cpu_capability.cc:89 operator()] Candidate for fallback CPU execution: /model/layers.17/self_attn/Gather_12 d95923ea-2a75-4757-a86c-99d425e3974a:92:232
2026-10-04 18:51:32.944999 [I:onnxruntime:, fallback_cpu_capability.cc:89 operator()] Candidate for fallback CPU execution: /model/layers.17/self_attn/Gather_10 d95923ea-2a75-4757-a86c-99d425e3974a:92:232
2026-10-04 18:51:32.944999 [I:onnxruntime:, fallback_cpu_capability.cc:89 operator()] Candidate for fallback CPU execution: /model/layers.17/self_attn/Gather_8 d95923ea-2a75-4757-a86c-99d425e3974a:92:232
2026-10-04 18:51:32.946000 [I:onnxruntime:, fallback_cpu_capability.cc:89 operator()] Candidate for fallback CPU execution: /model/layers.18/self_attn/Gather_1 d95923ea-2a75-4757-a86c-99d425e3974a:92:232
2026-10-04 18:51:32.946000 [I:onnxruntime:, fallback_cpu_capability.cc:89 operator()] Candidate for fallback CPU execution: /model/layers.18/self_attn/Gather d95923ea-2a75-4757-a86c-99d425e3974a:92:232
2026-10-04 18:51:32.946000 [I:onnxruntime:, fallback_cpu_capability.cc:89 operator()] Candidate for fallback CPU execution: /model/layers.18/self_attn/Gather_6 d95923ea-2a75-4757-a86c-99d425e3974a:92:232
2026-10-04 18:51:32.946000 [I:onnxruntime:, fallback_cpu_capability.cc:89 operator()] Candidate for fallback CPU execution: /model/layers.18/self_attn/Gather_4 d95923ea-2a75-4757-a86c-99d425e3974a:92:232
2026-10-04 18:51:32.946000 [I:onnxruntime:, fallback_cpu_capability.cc:89 operator()] Candidate for fallback CPU execution: /model/layers.18/self_attn/Gather_12 d95923ea-2a75-4757-a86c-99d425e3974a:92:232
2026-10-04 18:51:32.947000 [I:onnxruntime:, fallback_cpu_capability.cc:89 operator()] Candidate for fallback CPU execution: /model/layers.18/self_attn/Gather_10 d95923ea-2a75-4757-a86c-99d425e3974a:92:232
2026-10-04 18:51:32.947000 [I:onnxruntime:, fallback_cpu_capability.cc:89 operator()] Candidate for fallback CPU execution: /model/layers.18/self_attn/Gather_8 d95923ea-2a75-4757-a86c-99d425e3974a:92:232
2026-10-04 18:51:32.947999 [I:onnxruntime:, fallback_cpu_capability.cc:89 operator()] Candidate for fallback CPU execution: /model/layers.19/self_attn/Gather_1 d95923ea-2a75-4757-a86c-99d425e3974a:92:232
2026-10-04 18:51:32.947999 [I:onnxruntime:, fallback_cpu_capability.cc:89 operator()] Candidate for fallback CPU execution: /model/layers.19/self_attn/Gather d95923ea-2a75-4757-a86c-99d425e3974a:92:232
2026-10-04 18:51:32.947999 [I:onnxruntime:, fallback_cpu_capability.cc:89 operator()] Candidate for fallback CPU execution: /model/layers.19/self_attn/Gather_6 d95923ea-2a75-4757-a86c-99d425e3974a:92:232
2026-10-04 18:51:32.947999 [I:onnxruntime:, fallback_cpu_capability.cc:89 operator()] Candidate for fallback CPU execution: /model/layers.19/self_attn/Gather_4 d95923ea-2a75-4757-a86c-99d425e3974a:92:232
2026-10-04 18:51:32.949000 [I:onnxruntime:, fallback_cpu_capability.cc:89 operator()] Candidate for fallback CPU execution: /model/layers.19/self_attn/Gather_12 d95923ea-2a75-4757-a86c-99d425e3974a:92:232
2026-10-04 18:51:32.949000 [I:onnxruntime:, fallback_cpu_capability.cc:89 operator()] Candidate for fallback CPU execution: /model/layers.19/self_attn/Gather_10 d95923ea-2a75-4757-a86c-99d425e3974a:92:232
2026-10-04 18:51:32.949000 [I:onnxruntime:, fallback_cpu_capability.cc:89 operator()] Candidate for fallback CPU execution: /model/layers.19/self_attn/Gather_8 d95923ea-2a75-4757-a86c-99d425e3974a:92:232
2026-10-04 18:51:32.950000 [I:onnxruntime:, fallback_cpu_capability.cc:89 operator()] Candidate for fallback CPU execution: /model/layers.20/self_attn/Gather_1 d95923ea-2a75-4757-a86c-99d425e3974a:92:232
2026-10-04 18:51:32.950000 [I:onnxruntime:, fallback_cpu_capability.cc:89 operator()] Candidate for fallback CPU execution: /model/layers.20/self_attn/Gather d95923ea-2a75-4757-a86c-99d425e3974a:92:232
2026-10-04 18:51:32.951000 [I:onnxruntime:, fallback_cpu_capability.cc:89 operator()] Candidate for fallback CPU execution: /model/layers.20/self_attn/Gather_6 d95923ea-2a75-4757-a86c-99d425e3974a:92:232
2026-10-04 18:51:32.951000 [I:onnxruntime:, fallback_cpu_capability.cc:89 operator()] Candidate for fallback CPU execution: /model/layers.20/self_attn/Gather_4 d95923ea-2a75-4757-a86c-99d425e3974a:92:232
2026-10-04 18:51:32.951000 [I:onnxruntime:, fallback_cpu_capability.cc:89 operator()] Candidate for fallback CPU execution: /model/layers.20/self_attn/Gather_12 d95923ea-2a75-4757-a86c-99d425e3974a:92:232
2026-10-04 18:51:32.951000 [I:onnxruntime:, fallback_cpu_capability.cc:89 operator()] Candidate for fallback CPU execution: /model/layers.20/self_attn/Gather_10 d95923ea-2a75-4757-a86c-99d425e3974a:92:232
2026-10-04 18:51:32.951999 [I:onnxruntime:, fallback_cpu_capability.cc:89 operator()] Candidate for fallback CPU execution: /model/layers.20/self_attn/Gather_8 d95923ea-2a75-4757-a86c-99d425e3974a:92:232
2026-10-04 18:51:32.952999 [I:onnxruntime:, fallback_cpu_capability.cc:89 operator()] Candidate for fallback CPU execution: /model/layers.21/self_attn/Gather_1 d95923ea-2a75-4757-a86c-99d425e3974a:92:232
2026-10-04 18:51:32.952999 [I:onnxruntime:, fallback_cpu_capability.cc:89 operator()] Candidate for fallback CPU execution: /model/layers.21/self_attn/Gather d95923ea-2a75-4757-a86c-99d425e3974a:92:232
2026-10-04 18:51:32.954000 [I:onnxruntime:, fallback_cpu_capability.cc:89 operator()] Candidate for fallback CPU execution: /model/layers.21/self_attn/Gather_6 d95923ea-2a75-4757-a86c-99d425e3974a:92:232
2026-10-04 18:51:32.954000 [I:onnxruntime:, fallback_cpu_capability.cc:89 operator()] Candidate for fallback CPU execution: /model/layers.21/self_attn/Gather_4 d95923ea-2a75-4757-a86c-99d425e3974a:92:232
2026-10-04 18:51:32.954000 [I:onnxruntime:, fallback_cpu_capability.cc:89 operator()] Candidate for fallback CPU execution: /model/layers.21/self_attn/Gather_12 d95923ea-2a75-4757-a86c-99d425e3974a:92:232
2026-10-04 18:51:32.955000 [I:onnxruntime:, fallback_cpu_capability.cc:89 operator()] Candidate for fallback CPU execution: /model/layers.21/self_attn/Gather_10 d95923ea-2a75-4757-a86c-99d425e3974a:92:232
2026-10-04 18:51:32.955000 [I:onnxruntime:, fallback_cpu_capability.cc:89 operator()] Candidate for fallback CPU execution: /model/layers.21/self_attn/Gather_8 d95923ea-2a75-4757-a86c-99d425e3974a:92:232
2026-10-04 18:51:32.955999 [I:onnxruntime:, fallback_cpu_capability.cc:89 operator()] Candidate for fallback CPU execution: /model/layers.22/self_attn/Gather_1 d95923ea-2a75-4757-a86c-99d425e3974a:92:232
2026-10-04 18:51:32.955999 [I:onnxruntime:, fallback_cpu_capability.cc:89 operator()] Candidate for fallback CPU execution: /model/layers.22/self_attn/Gather d95923ea-2a75-4757-a86c-99d425e3974a:92:232
2026-10-04 18:51:32.957000 [I:onnxruntime:, fallback_cpu_capability.cc:89 operator()] Candidate for fallback CPU execution: /model/layers.22/self_attn/Gather_6 d95923ea-2a75-4757-a86c-99d425e3974a:92:232
2026-10-04 18:51:32.958000 [I:onnxruntime:, fallback_cpu_capability.cc:89 operator()] Candidate for fallback CPU execution: /model/layers.22/self_attn/Gather_4 d95923ea-2a75-4757-a86c-99d425e3974a:92:232
2026-10-04 18:51:32.958000 [I:onnxruntime:, fallback_cpu_capability.cc:89 operator()] Candidate for fallback CPU execution: /model/layers.22/self_attn/Gather_12 d95923ea-2a75-4757-a86c-99d425e3974a:92:232
2026-10-04 18:51:32.959000 [I:onnxruntime:, fallback_cpu_capability.cc:89 operator()] Candidate for fallback CPU execution: /model/layers.22/self_attn/Gather_10 d95923ea-2a75-4757-a86c-99d425e3974a:92:232
2026-10-04 18:51:32.959999 [I:onnxruntime:, fallback_cpu_capability.cc:89 operator()] Candidate for fallback CPU execution: /model/layers.22/self_attn/Gather_8 d95923ea-2a75-4757-a86c-99d425e3974a:92:232
2026-10-04 18:51:32.960999 [I:onnxruntime:, fallback_cpu_capability.cc:89 operator()] Candidate for fallback CPU execution: /model/layers.23/self_attn/Gather_1 d95923ea-2a75-4757-a86c-99d425e3974a:92:232
2026-10-04 18:51:32.960999 [I:onnxruntime:, fallback_cpu_capability.cc:89 operator()] Candidate for fallback CPU execution: /model/layers.23/self_attn/Gather d95923ea-2a75-4757-a86c-99d425e3974a:92:232
2026-10-04 18:51:32.962000 [I:onnxruntime:, fallback_cpu_capability.cc:89 operator()] Candidate for fallback CPU execution: /model/layers.23/self_attn/Gather_6 d95923ea-2a75-4757-a86c-99d425e3974a:92:232
2026-10-04 18:51:32.963000 [I:onnxruntime:, fallback_cpu_capability.cc:89 operator()] Candidate for fallback CPU execution: /model/layers.23/self_attn/Gather_4 d95923ea-2a75-4757-a86c-99d425e3974a:92:232
2026-10-04 18:51:32.963000 [I:onnxruntime:, fallback_cpu_capability.cc:89 operator()] Candidate for fallback CPU execution: /model/layers.23/self_attn/Gather_12 d95923ea-2a75-4757-a86c-99d425e3974a:92:232
2026-10-04 18:51:32.965000 [I:onnxruntime:, fallback_cpu_capability.cc:89 operator()] Candidate for fallback CPU execution: /model/layers.23/self_attn/Gather_10 d95923ea-2a75-4757-a86c-99d425e3974a:92:232
2026-10-04 18:51:32.966000 [I:onnxruntime:, fallback_cpu_capability.cc:89 operator()] Candidate for fallback CPU execution: /model/layers.23/self_attn/Gather_8 d95923ea-2a75-4757-a86c-99d425e3974a:92:232
2026-10-04 18:51:32.967000 [I:onnxruntime:, fallback_cpu_capability.cc:89 operator()] Candidate for fallback CPU execution: /model/layers.24/self_attn/Gather_1 d95923ea-2a75-4757-a86c-99d425e3974a:92:232
2026-10-04 18:51:32.967000 [I:onnxruntime:, fallback_cpu_capability.cc:89 operator()] Candidate for fallback CPU execution: /model/layers.24/self_attn/Gather d95923ea-2a75-4757-a86c-99d425e3974a:92:232
2026-10-04 18:51:32.967999 [I:onnxruntime:, fallback_cpu_capability.cc:89 operator()] Candidate for fallback CPU execution: /model/layers.24/self_attn/Gather_6 d95923ea-2a75-4757-a86c-99d425e3974a:92:232
2026-10-04 18:51:32.968999 [I:onnxruntime:, fallback_cpu_capability.cc:89 operator()] Candidate for fallback CPU execution: /model/layers.24/self_attn/Gather_4 d95923ea-2a75-4757-a86c-99d425e3974a:92:232
2026-10-04 18:51:32.968999 [I:onnxruntime:, fallback_cpu_capability.cc:89 operator()] Candidate for fallback CPU execution: /model/layers.24/self_attn/Gather_12 d95923ea-2a75-4757-a86c-99d425e3974a:92:232
2026-10-04 18:51:32.971000 [I:onnxruntime:, fallback_cpu_capability.cc:89 operator()] Candidate for fallback CPU execution: /model/layers.24/self_attn/Gather_10 d95923ea-2a75-4757-a86c-99d425e3974a:92:232
2026-10-04 18:51:32.973000 [I:onnxruntime:, fallback_cpu_capability.cc:89 operator()] Candidate for fallback CPU execution: /model/layers.24/self_attn/Gather_8 d95923ea-2a75-4757-a86c-99d425e3974a:92:232
2026-10-04 18:51:32.975000 [I:onnxruntime:, fallback_cpu_capability.cc:89 operator()] Candidate for fallback CPU execution: /model/layers.25/self_attn/Gather_1 d95923ea-2a75-4757-a86c-99d425e3974a:92:232
2026-10-04 18:51:32.976999 [I:onnxruntime:, fallback_cpu_capability.cc:89 operator()] Candidate for fallback CPU execution: /model/layers.25/self_attn/Gather d95923ea-2a75-4757-a86c-99d425e3974a:92:232
2026-10-04 18:51:32.979000 [I:onnxruntime:, fallback_cpu_capability.cc:89 operator()] Candidate for fallback CPU execution: /model/layers.25/self_attn/Gather_6 d95923ea-2a75-4757-a86c-99d425e3974a:92:232
2026-10-04 18:51:32.979000 [I:onnxruntime:, fallback_cpu_capability.cc:89 operator()] Candidate for fallback CPU execution: /model/layers.25/self_attn/Gather_4 d95923ea-2a75-4757-a86c-99d425e3974a:92:232
2026-10-04 18:51:32.979999 [I:onnxruntime:, fallback_cpu_capability.cc:89 operator()] Candidate for fallback CPU execution: /model/layers.25/self_attn/Gather_12 d95923ea-2a75-4757-a86c-99d425e3974a:92:232
2026-10-04 18:51:32.979999 [I:onnxruntime:, fallback_cpu_capability.cc:89 operator()] Candidate for fallback CPU execution: /model/layers.25/self_attn/Gather_10 d95923ea-2a75-4757-a86c-99d425e3974a:92:232
2026-10-04 18:51:32.981000 [I:onnxruntime:, fallback_cpu_capability.cc:89 operator()] Candidate for fallback CPU execution: /model/layers.25/self_attn/Gather_8 d95923ea-2a75-4757-a86c-99d425e3974a:92:232
2026-10-04 18:51:32.981000 [I:onnxruntime:, fallback_cpu_capability.cc:89 operator()] Candidate for fallback CPU execution: /model/layers.26/self_attn/Gather_1 d95923ea-2a75-4757-a86c-99d425e3974a:92:232
2026-10-04 18:51:32.982000 [I:onnxruntime:, fallback_cpu_capability.cc:89 operator()] Candidate for fallback CPU execution: /model/layers.26/self_attn/Gather d95923ea-2a75-4757-a86c-99d425e3974a:92:232
2026-10-04 18:51:32.982000 [I:onnxruntime:, fallback_cpu_capability.cc:89 operator()] Candidate for fallback CPU execution: /model/layers.26/self_attn/Gather_6 d95923ea-2a75-4757-a86c-99d425e3974a:92:232
2026-10-04 18:51:32.982000 [I:onnxruntime:, fallback_cpu_capability.cc:89 operator()] Candidate for fallback CPU execution: /model/layers.26/self_attn/Gather_4 d95923ea-2a75-4757-a86c-99d425e3974a:92:232
2026-10-04 18:51:32.983000 [I:onnxruntime:, fallback_cpu_capability.cc:89 operator()] Candidate for fallback CPU execution: /model/layers.26/self_attn/Gather_12 d95923ea-2a75-4757-a86c-99d425e3974a:92:232
2026-10-04 18:51:32.983000 [I:onnxruntime:, fallback_cpu_capability.cc:89 operator()] Candidate for fallback CPU execution: /model/layers.26/self_attn/Gather_10 d95923ea-2a75-4757-a86c-99d425e3974a:92:232
2026-10-04 18:51:32.983000 [I:onnxruntime:, fallback_cpu_capability.cc:89 operator()] Candidate for fallback CPU execution: /model/layers.26/self_attn/Gather_8 d95923ea-2a75-4757-a86c-99d425e3974a:92:232
2026-10-04 18:51:32.983999 [I:onnxruntime:, fallback_cpu_capability.cc:89 operator()] Candidate for fallback CPU execution: /model/layers.27/self_attn/Gather_1 d95923ea-2a75-4757-a86c-99d425e3974a:92:232
2026-10-04 18:51:32.983999 [I:onnxruntime:, fallback_cpu_capability.cc:89 operator()] Candidate for fallback CPU execution: /model/layers.27/self_attn/Gather d95923ea-2a75-4757-a86c-99d425e3974a:92:232
2026-10-04 18:51:32.984999 [I:onnxruntime:, fallback_cpu_capability.cc:89 operator()] Candidate for fallback CPU execution: /model/layers.27/self_attn/Gather_6 d95923ea-2a75-4757-a86c-99d425e3974a:92:232
2026-10-04 18:51:32.984999 [I:onnxruntime:, fallback_cpu_capability.cc:89 operator()] Candidate for fallback CPU execution: /model/layers.27/self_attn/Gather_4 d95923ea-2a75-4757-a86c-99d425e3974a:92:232
2026-10-04 18:51:32.984999 [I:onnxruntime:, fallback_cpu_capability.cc:89 operator()] Candidate for fallback CPU execution: /model/layers.27/self_attn/Gather_12 d95923ea-2a75-4757-a86c-99d425e3974a:92:232
2026-10-04 18:51:32.986000 [I:onnxruntime:, fallback_cpu_capability.cc:89 operator()] Candidate for fallback CPU execution: /model/layers.27/self_attn/Gather_10 d95923ea-2a75-4757-a86c-99d425e3974a:92:232
2026-10-04 18:51:32.986000 [I:onnxruntime:, fallback_cpu_capability.cc:89 operator()] Candidate for fallback CPU execution: /model/layers.27/self_attn/Gather_8 d95923ea-2a75-4757-a86c-99d425e3974a:92:232
2026-10-04 18:51:32.987000 [I:onnxruntime:, fallback_cpu_capability.cc:89 operator()] Candidate for fallback CPU execution: /model/layers.28/self_attn/Gather_1 d95923ea-2a75-4757-a86c-99d425e3974a:92:232
2026-10-04 18:51:32.987000 [I:onnxruntime:, fallback_cpu_capability.cc:89 operator()] Candidate for fallback CPU execution: /model/layers.28/self_attn/Gather d95923ea-2a75-4757-a86c-99d425e3974a:92:232
2026-10-04 18:51:32.987000 [I:onnxruntime:, fallback_cpu_capability.cc:89 operator()] Candidate for fallback CPU execution: /model/layers.28/self_attn/Gather_6 d95923ea-2a75-4757-a86c-99d425e3974a:92:232
2026-10-04 18:51:32.987999 [I:onnxruntime:, fallback_cpu_capability.cc:89 operator()] Candidate for fallback CPU execution: /model/layers.28/self_attn/Gather_4 d95923ea-2a75-4757-a86c-99d425e3974a:92:232
2026-10-04 18:51:32.987999 [I:onnxruntime:, fallback_cpu_capability.cc:89 operator()] Candidate for fallback CPU execution: /model/layers.28/self_attn/Gather_12 d95923ea-2a75-4757-a86c-99d425e3974a:92:232
2026-10-04 18:51:32.989000 [I:onnxruntime:, fallback_cpu_capability.cc:89 operator()] Candidate for fallback CPU execution: /model/layers.28/self_attn/Gather_10 d95923ea-2a75-4757-a86c-99d425e3974a:92:232
2026-10-04 18:51:32.989000 [I:onnxruntime:, fallback_cpu_capability.cc:89 operator()] Candidate for fallback CPU execution: /model/layers.28/self_attn/Gather_8 d95923ea-2a75-4757-a86c-99d425e3974a:92:232
2026-10-04 18:51:32.990000 [I:onnxruntime:, fallback_cpu_capability.cc:89 operator()] Candidate for fallback CPU execution: /model/layers.29/self_attn/Gather_1 d95923ea-2a75-4757-a86c-99d425e3974a:92:232
2026-10-04 18:51:32.990000 [I:onnxruntime:, fallback_cpu_capability.cc:89 operator()] Candidate for fallback CPU execution: /model/layers.29/self_attn/Gather d95923ea-2a75-4757-a86c-99d425e3974a:92:232
2026-10-04 18:51:32.990000 [I:onnxruntime:, fallback_cpu_capability.cc:89 operator()] Candidate for fallback CPU execution: /model/layers.29/self_attn/Gather_6 d95923ea-2a75-4757-a86c-99d425e3974a:92:232
2026-10-04 18:51:32.990000 [I:onnxruntime:, fallback_cpu_capability.cc:89 operator()] Candidate for fallback CPU execution: /model/layers.29/self_attn/Gather_4 d95923ea-2a75-4757-a86c-99d425e3974a:92:232
2026-10-04 18:51:32.991000 [I:onnxruntime:, fallback_cpu_capability.cc:89 operator()] Candidate for fallback CPU execution: /model/layers.29/self_attn/Gather_12 d95923ea-2a75-4757-a86c-99d425e3974a:92:232
2026-10-04 18:51:32.991000 [I:onnxruntime:, fallback_cpu_capability.cc:89 operator()] Candidate for fallback CPU execution: /model/layers.29/self_attn/Gather_10 d95923ea-2a75-4757-a86c-99d425e3974a:92:232
2026-10-04 18:51:32.991000 [I:onnxruntime:, fallback_cpu_capability.cc:89 operator()] Candidate for fallback CPU execution: /model/layers.29/self_attn/Gather_8 d95923ea-2a75-4757-a86c-99d425e3974a:92:232
2026-10-04 18:51:32.991999 [I:onnxruntime:, fallback_cpu_capability.cc:167 GetCpuPreferredNodes] ORT optimization- Force fallback to CPU execution for node: Cast_2633 because the CPU execution path is deemed faster than overhead involved with execution on other EPs capable of executing this node d95923ea-2a75-4757-a86c-99d425e3974a:92:232
2026-10-04 18:51:32.991999 [I:onnxruntime:, fallback_cpu_capability.cc:167 GetCpuPreferredNodes] ORT optimization- Force fallback to CPU execution for node: /model/Trilu because the CPU execution path is deemed faster than overhead involved with execution on other EPs capable of executing this node d95923ea-2a75-4757-a86c-99d425e3974a:92:232
2026-10-04 18:51:32.992999 [I:onnxruntime:, fallback_cpu_capability.cc:167 GetCpuPreferredNodes] ORT optimization- Force fallback to CPU execution for node: /model/Mul because the CPU execution path is deemed faster than overhead involved with execution on other EPs capable of executing this node d95923ea-2a75-4757-a86c-99d425e3974a:92:232
2026-10-04 18:51:32.992999 [I:onnxruntime:, fallback_cpu_capability.cc:167 GetCpuPreferredNodes] ORT optimization- Force fallback to CPU execution for node: /model/Unsqueeze_2 because the CPU execution path is deemed faster than overhead involved with execution on other EPs capable of executing this node d95923ea-2a75-4757-a86c-99d425e3974a:92:232
2026-10-04 18:51:33.011999 [I:onnxruntime:, webgpu_execution_provider.cc:666 GetCapability] webgpu kernel not found in registries for Op type: Shape node name: /model/rotary_emb/Shape d95923ea-2a75-4757-a86c-99d425e3974a:92:232
2026-10-04 18:51:33.013000 [I:onnxruntime:, webgpu_execution_provider.cc:666 GetCapability] webgpu kernel not found in registries for Op type: Gather node name: /model/rotary_emb/Gather d95923ea-2a75-4757-a86c-99d425e3974a:92:232
2026-10-04 18:51:33.013000 [I:onnxruntime:, webgpu_execution_provider.cc:666 GetCapability] webgpu kernel not found in registries for Op type: Unsqueeze node name: /model/rotary_emb/Unsqueeze d95923ea-2a75-4757-a86c-99d425e3974a:92:232
2026-10-04 18:51:33.013000 [I:onnxruntime:, webgpu_execution_provider.cc:666 GetCapability] webgpu kernel not found in registries for Op type: Concat node name: /model/rotary_emb/Concat d95923ea-2a75-4757-a86c-99d425e3974a:92:232
2026-10-04 18:51:33.014000 [I:onnxruntime:, webgpu_execution_provider.cc:666 GetCapability] webgpu kernel not found in registries for Op type: Equal node name: /model/rotary_emb/Equal d95923ea-2a75-4757-a86c-99d425e3974a:92:232
2026-10-04 18:51:33.014000 [I:onnxruntime:, webgpu_execution_provider.cc:666 GetCapability] webgpu kernel not found in registries for Op type: Where node name: /model/rotary_emb/Where d95923ea-2a75-4757-a86c-99d425e3974a:92:232
2026-10-04 18:51:33.014000 [I:onnxruntime:, webgpu_execution_provider.cc:666 GetCapability] webgpu kernel not found in registries for Op type: Unsqueeze node name: /model/rotary_emb/Unsqueeze_1 d95923ea-2a75-4757-a86c-99d425e3974a:92:232
2026-10-04 18:51:33.015000 [I:onnxruntime:, webgpu_execution_provider.cc:666 GetCapability] webgpu kernel not found in registries for Op type: Cast node name: /model/rotary_emb/Cast d95923ea-2a75-4757-a86c-99d425e3974a:92:232
2026-10-04 18:51:33.015000 [I:onnxruntime:, webgpu_execution_provider.cc:666 GetCapability] webgpu kernel not found in registries for Op type: Gather node name: /model/layers.0/self_attn/Gather_1 d95923ea-2a75-4757-a86c-99d425e3974a:92:232
2026-10-04 18:51:33.015000 [I:onnxruntime:, webgpu_execution_provider.cc:666 GetCapability] webgpu kernel not found in registries for Op type: Unsqueeze node name: /model/layers.0/self_attn/Unsqueeze_1 d95923ea-2a75-4757-a86c-99d425e3974a:92:232
2026-10-04 18:51:33.015000 [I:onnxruntime:, webgpu_execution_provider.cc:666 GetCapability] webgpu kernel not found in registries for Op type: Gather node name: /model/layers.0/self_attn/Gather d95923ea-2a75-4757-a86c-99d425e3974a:92:232
2026-10-04 18:51:33.015999 [I:onnxruntime:, webgpu_execution_provider.cc:666 GetCapability] webgpu kernel not found in registries for Op type: Unsqueeze node name: /model/layers.0/self_attn/Unsqueeze d95923ea-2a75-4757-a86c-99d425e3974a:92:232
2026-10-04 18:51:33.015999 [I:onnxruntime:, webgpu_execution_provider.cc:666 GetCapability] webgpu kernel not found in registries for Op type: Concat node name: /model/layers.0/self_attn/Concat d95923ea-2a75-4757-a86c-99d425e3974a:92:232
2026-10-04 18:51:33.021000 [I:onnxruntime:, webgpu_execution_provider.cc:666 GetCapability] webgpu kernel not found in registries for Op type: Gather node name: /model/layers.0/self_attn/Gather_6 d95923ea-2a75-4757-a86c-99d425e3974a:92:232
2026-10-04 18:51:33.022000 [I:onnxruntime:, webgpu_execution_provider.cc:666 GetCapability] webgpu kernel not found in registries for Op type: Unsqueeze node name: /model/layers.0/self_attn/Unsqueeze_15 d95923ea-2a75-4757-a86c-99d425e3974a:92:232
2026-10-04 18:51:33.022000 [I:onnxruntime:, webgpu_execution_provider.cc:666 GetCapability] webgpu kernel not found in registries for Op type: Gather node name: /model/layers.0/self_attn/Gather_4 d95923ea-2a75-4757-a86c-99d425e3974a:92:232
2026-10-04 18:51:33.023000 [I:onnxruntime:, webgpu_execution_provider.cc:666 GetCapability] webgpu kernel not found in registries for Op type: Unsqueeze node name: /model/layers.0/self_attn/Unsqueeze_13 d95923ea-2a75-4757-a86c-99d425e3974a:92:232
2026-10-04 18:51:33.023000 [I:onnxruntime:, webgpu_execution_provider.cc:666 GetCapability] webgpu kernel not found in registries for Op type: Concat node name: /model/layers.0/self_attn/Concat_7 d95923ea-2a75-4757-a86c-99d425e3974a:92:232
2026-10-04 18:51:33.023000 [I:onnxruntime:, webgpu_execution_provider.cc:666 GetCapability] webgpu kernel not found in registries for Op type: Equal node name: /model/layers.0/self_attn/Equal d95923ea-2a75-4757-a86c-99d425e3974a:92:232
2026-10-04 18:51:33.023000 [I:onnxruntime:, webgpu_execution_provider.cc:666 GetCapability] webgpu kernel not found in registries for Op type: Where node name: /model/layers.0/self_attn/Where d95923ea-2a75-4757-a86c-99d425e3974a:92:232
2026-10-04 18:51:33.023999 [I:onnxruntime:, webgpu_execution_provider.cc:666 GetCapability] webgpu kernel not found in registries for Op type: Gather node name: /model/layers.0/self_attn/Gather_12 d95923ea-2a75-4757-a86c-99d425e3974a:92:232
2026-10-04 18:51:33.023999 [I:onnxruntime:, webgpu_execution_provider.cc:666 GetCapability] webgpu kernel not found in registries for Op type: Unsqueeze node name: /model/layers.0/self_attn/Unsqueeze_30 d95923ea-2a75-4757-a86c-99d425e3974a:92:232
2026-10-04 18:51:33.023999 [I:onnxruntime:, webgpu_execution_provider.cc:666 GetCapability] webgpu kernel not found in registries for Op type: Gather node name: /model/Gather_1 d95923ea-2a75-4757-a86c-99d425e3974a:92:232
2026-10-04 18:51:33.023999 [I:onnxruntime:, webgpu_execution_provider.cc:666 GetCapability] webgpu kernel not found in registries for Op type: Gather node name: /model/Gather d95923ea-2a75-4757-a86c-99d425e3974a:92:232
2026-10-04 18:51:33.024999 [I:onnxruntime:, webgpu_execution_provider.cc:666 GetCapability] webgpu kernel not found in registries for Op type: Add node name: /model/Add d95923ea-2a75-4757-a86c-99d425e3974a:92:232
2026-10-04 18:51:33.024999 [I:onnxruntime:, webgpu_execution_provider.cc:666 GetCapability] webgpu kernel not found in registries for Op type: Range node name: /model/Range d95923ea-2a75-4757-a86c-99d425e3974a:92:232
2026-10-04 18:51:33.024999 [I:onnxruntime:, webgpu_execution_provider.cc:666 GetCapability] webgpu kernel not found in registries for Op type: Reshape node name: /model/Reshape d95923ea-2a75-4757-a86c-99d425e3974a:92:232
2026-10-04 18:51:33.024999 [I:onnxruntime:, webgpu_execution_provider.cc:666 GetCapability] webgpu kernel not found in registries for Op type: Shape node name: /model/Shape_2 d95923ea-2a75-4757-a86c-99d425e3974a:92:232
2026-10-04 18:51:33.026000 [I:onnxruntime:, webgpu_execution_provider.cc:666 GetCapability] webgpu kernel not found in registries for Op type: Gather node name: /model/Gather_2 d95923ea-2a75-4757-a86c-99d425e3974a:92:232
2026-10-04 18:51:33.026000 [I:onnxruntime:, webgpu_execution_provider.cc:666 GetCapability] webgpu kernel not found in registries for Op type: Range node name: /model/Range_1 d95923ea-2a75-4757-a86c-99d425e3974a:92:232
2026-10-04 18:51:33.026000 [I:onnxruntime:, webgpu_execution_provider.cc:666 GetCapability] webgpu kernel not found in registries for Op type: Greater node name: /model/Greater d95923ea-2a75-4757-a86c-99d425e3974a:92:232
2026-10-04 18:51:33.026000 [I:onnxruntime:, webgpu_execution_provider.cc:666 GetCapability] webgpu kernel not found in registries for Op type: Unsqueeze node name: /model/Unsqueeze d95923ea-2a75-4757-a86c-99d425e3974a:92:232
2026-10-04 18:51:33.026000 [I:onnxruntime:, webgpu_execution_provider.cc:666 GetCapability] webgpu kernel not found in registries for Op type: Unsqueeze node name: /model/Unsqueeze_1 d95923ea-2a75-4757-a86c-99d425e3974a:92:232
2026-10-04 18:51:33.026000 [I:onnxruntime:, webgpu_execution_provider.cc:666 GetCapability] webgpu kernel not found in registries for Op type: Concat node name: /model/Concat d95923ea-2a75-4757-a86c-99d425e3974a:92:232
2026-10-04 18:51:33.027000 [I:onnxruntime:, webgpu_execution_provider.cc:666 GetCapability] webgpu kernel not found in registries for Op type: ConstantOfShape node name: /model/ConstantOfShape d95923ea-2a75-4757-a86c-99d425e3974a:92:232
2026-10-04 18:51:33.027000 [I:onnxruntime:, webgpu_execution_provider.cc:666 GetCapability] webgpu kernel not found in registries for Op type: Gather node name: /model/Gather_3 d95923ea-2a75-4757-a86c-99d425e3974a:92:232
2026-10-04 18:51:33.027999 [I:onnxruntime:, webgpu_execution_provider.cc:666 GetCapability] webgpu kernel not found in registries for Op type: Unsqueeze node name: /model/Unsqueeze_4 d95923ea-2a75-4757-a86c-99d425e3974a:92:232
2026-10-04 18:51:33.027999 [I:onnxruntime:, webgpu_execution_provider.cc:666 GetCapability] webgpu kernel not found in registries for Op type: Concat node name: /model/Concat_1 d95923ea-2a75-4757-a86c-99d425e3974a:92:232
2026-10-04 18:51:33.027999 [I:onnxruntime:, webgpu_execution_provider.cc:666 GetCapability] webgpu kernel not found in registries for Op type: Equal node name: /model/Equal d95923ea-2a75-4757-a86c-99d425e3974a:92:232
2026-10-04 18:51:33.027999 [I:onnxruntime:, webgpu_execution_provider.cc:666 GetCapability] webgpu kernel not found in registries for Op type: Where node name: /model/Where d95923ea-2a75-4757-a86c-99d425e3974a:92:232
2026-10-04 18:51:33.029000 [I:onnxruntime:, webgpu_execution_provider.cc:666 GetCapability] webgpu kernel not found in registries for Op type: Gather node name: Gather_2702 d95923ea-2a75-4757-a86c-99d425e3974a:92:232
2026-10-04 18:51:33.029000 [I:onnxruntime:, webgpu_execution_provider.cc:666 GetCapability] webgpu kernel not found in registries for Op type: Range node name: Range_2706 d95923ea-2a75-4757-a86c-99d425e3974a:92:232
2026-10-04 18:51:33.029000 [I:onnxruntime:, webgpu_execution_provider.cc:666 GetCapability] webgpu kernel not found in registries for Op type: Reshape node name: Reshape_2725 d95923ea-2a75-4757-a86c-99d425e3974a:92:232
2026-10-04 18:51:33.029000 [I:onnxruntime:, webgpu_execution_provider.cc:666 GetCapability] webgpu kernel not found in registries for Op type: Gather node name: Gather_2688 d95923ea-2a75-4757-a86c-99d425e3974a:92:232
2026-10-04 18:51:33.030000 [I:onnxruntime:, webgpu_execution_provider.cc:666 GetCapability] webgpu kernel not found in registries for Op type: Range node name: Range_2692 d95923ea-2a75-4757-a86c-99d425e3974a:92:232
2026-10-04 18:51:33.030000 [I:onnxruntime:, webgpu_execution_provider.cc:666 GetCapability] webgpu kernel not found in registries for Op type: Reshape node name: Reshape_2721 d95923ea-2a75-4757-a86c-99d425e3974a:92:232
2026-10-04 18:51:33.030000 [I:onnxruntime:, webgpu_execution_provider.cc:666 GetCapability] webgpu kernel not found in registries for Op type: Add node name: /model/Add_3 d95923ea-2a75-4757-a86c-99d425e3974a:92:232
2026-10-04 18:51:33.030000 [I:onnxruntime:, webgpu_execution_provider.cc:666 GetCapability] webgpu kernel not found in registries for Op type: Gather node name: Gather_2709 d95923ea-2a75-4757-a86c-99d425e3974a:92:232
2026-10-04 18:51:33.031000 [I:onnxruntime:, webgpu_execution_provider.cc:666 GetCapability] webgpu kernel not found in registries for Op type: Range node name: Range_2713 d95923ea-2a75-4757-a86c-99d425e3974a:92:232
2026-10-04 18:51:33.031000 [I:onnxruntime:, webgpu_execution_provider.cc:666 GetCapability] webgpu kernel not found in registries for Op type: Slice node name: /model/Slice_3 d95923ea-2a75-4757-a86c-99d425e3974a:92:232
2026-10-04 18:51:33.031000 [I:onnxruntime:, webgpu_execution_provider.cc:666 GetCapability] webgpu kernel not found in registries for Op type: Add node name: /model/Add_4 d95923ea-2a75-4757-a86c-99d425e3974a:92:232
2026-10-04 18:51:33.031000 [I:onnxruntime:, webgpu_execution_provider.cc:666 GetCapability] webgpu kernel not found in registries for Op type: Shape node name: /model/Shape_6 d95923ea-2a75-4757-a86c-99d425e3974a:92:232
2026-10-04 18:51:33.031999 [I:onnxruntime:, webgpu_execution_provider.cc:666 GetCapability] webgpu kernel not found in registries for Op type: Equal node name: /model/Equal_2 d95923ea-2a75-4757-a86c-99d425e3974a:92:232
2026-10-04 18:51:33.031999 [I:onnxruntime:, webgpu_execution_provider.cc:666 GetCapability] webgpu kernel not found in registries for Op type: Where node name: /model/Where_2 d95923ea-2a75-4757-a86c-99d425e3974a:92:232
2026-10-04 18:51:33.031999 [I:onnxruntime:, webgpu_execution_provider.cc:666 GetCapability] webgpu kernel not found in registries for Op type: Expand node name: /model/Expand_5 d95923ea-2a75-4757-a86c-99d425e3974a:92:232
2026-10-04 18:51:33.031999 [I:onnxruntime:, webgpu_execution_provider.cc:666 GetCapability] webgpu kernel not found in registries for Op type: Unsqueeze node name: /model/Unsqueeze_14 d95923ea-2a75-4757-a86c-99d425e3974a:92:232
2026-10-04 18:51:33.032999 [I:onnxruntime:, webgpu_execution_provider.cc:666 GetCapability] webgpu kernel not found in registries for Op type: Expand node name: /model/Expand_4 d95923ea-2a75-4757-a86c-99d425e3974a:92:232
2026-10-04 18:51:33.032999 [I:onnxruntime:, webgpu_execution_provider.cc:666 GetCapability] webgpu kernel not found in registries for Op type: Unsqueeze node name: /model/Unsqueeze_13 d95923ea-2a75-4757-a86c-99d425e3974a:92:232
2026-10-04 18:51:33.032999 [I:onnxruntime:, webgpu_execution_provider.cc:666 GetCapability] webgpu kernel not found in registries for Op type: Expand node name: /model/Expand_3 d95923ea-2a75-4757-a86c-99d425e3974a:92:232
2026-10-04 18:51:33.032999 [I:onnxruntime:, webgpu_execution_provider.cc:666 GetCapability] webgpu kernel not found in registries for Op type: Unsqueeze node name: /model/Unsqueeze_12 d95923ea-2a75-4757-a86c-99d425e3974a:92:232
2026-10-04 18:51:33.034000 [I:onnxruntime:, webgpu_execution_provider.cc:666 GetCapability] webgpu kernel not found in registries for Op type: Expand node name: /model/Expand_2 d95923ea-2a75-4757-a86c-99d425e3974a:92:232
2026-10-04 18:51:33.035000 [I:onnxruntime:, webgpu_execution_provider.cc:666 GetCapability] webgpu kernel not found in registries for Op type: Unsqueeze node name: /model/Unsqueeze_11 d95923ea-2a75-4757-a86c-99d425e3974a:92:232
2026-10-04 18:51:33.035000 [I:onnxruntime:, webgpu_execution_provider.cc:666 GetCapability] webgpu kernel not found in registries for Op type: Concat node name: /model/Concat_2 d95923ea-2a75-4757-a86c-99d425e3974a:92:232
2026-10-04 18:51:33.035000 [I:onnxruntime:, webgpu_execution_provider.cc:666 GetCapability] webgpu kernel not found in registries for Op type: Unsqueeze node name: /model/Unsqueeze_6 d95923ea-2a75-4757-a86c-99d425e3974a:92:232
2026-10-04 18:51:33.035000 [I:onnxruntime:, webgpu_execution_provider.cc:666 GetCapability] webgpu kernel not found in registries for Op type: Cast node name: /model/Cast_4 d95923ea-2a75-4757-a86c-99d425e3974a:92:232
2026-10-04 18:51:33.035999 [I:onnxruntime:, webgpu_execution_provider.cc:666 GetCapability] webgpu kernel not found in registries for Op type: Gather node name: /model/layers.0/self_attn/Gather_10 d95923ea-2a75-4757-a86c-99d425e3974a:92:232
2026-10-04 18:51:33.035999 [I:onnxruntime:, webgpu_execution_provider.cc:666 GetCapability] webgpu kernel not found in registries for Op type: Unsqueeze node name: /model/layers.0/self_attn/Unsqueeze_24 d95923ea-2a75-4757-a86c-99d425e3974a:92:232
2026-10-04 18:51:33.035999 [I:onnxruntime:, webgpu_execution_provider.cc:666 GetCapability] webgpu kernel not found in registries for Op type: Gather node name: /model/layers.0/self_attn/Gather_8 d95923ea-2a75-4757-a86c-99d425e3974a:92:232
2026-10-04 18:51:33.035999 [I:onnxruntime:, webgpu_execution_provider.cc:666 GetCapability] webgpu kernel not found in registries for Op type: Unsqueeze node name: /model/layers.0/self_attn/Unsqueeze_22 d95923ea-2a75-4757-a86c-99d425e3974a:92:232
2026-10-04 18:51:33.037000 [I:onnxruntime:, webgpu_execution_provider.cc:666 GetCapability] webgpu kernel not found in registries for Op type: Concat node name: /model/layers.0/self_attn/Concat_9 d95923ea-2a75-4757-a86c-99d425e3974a:92:232
2026-10-04 18:51:33.037000 [I:onnxruntime:, webgpu_execution_provider.cc:666 GetCapability] webgpu kernel not found in registries for Op type: Equal node name: /model/layers.0/self_attn/Equal_1 d95923ea-2a75-4757-a86c-99d425e3974a:92:232
2026-10-04 18:51:33.037000 [I:onnxruntime:, webgpu_execution_provider.cc:666 GetCapability] webgpu kernel not found in registries for Op type: Where node name: /model/layers.0/self_attn/Where_1 d95923ea-2a75-4757-a86c-99d425e3974a:92:232
2026-10-04 18:51:33.037000 [I:onnxruntime:, webgpu_execution_provider.cc:666 GetCapability] webgpu kernel not found in registries for Op type: Gather node name: /model/layers.1/self_attn/Gather_1 d95923ea-2a75-4757-a86c-99d425e3974a:92:232
2026-10-04 18:51:33.037000 [I:onnxruntime:, webgpu_execution_provider.cc:666 GetCapability] webgpu kernel not found in registries for Op type: Unsqueeze node name: /model/layers.1/self_attn/Unsqueeze_1 d95923ea-2a75-4757-a86c-99d425e3974a:92:232
2026-10-04 18:51:33.038000 [I:onnxruntime:, webgpu_execution_provider.cc:666 GetCapability] webgpu kernel not found in registries for Op type: Gather node name: /model/layers.1/self_attn/Gather d95923ea-2a75-4757-a86c-99d425e3974a:92:232
2026-10-04 18:51:33.038000 [I:onnxruntime:, webgpu_execution_provider.cc:666 GetCapability] webgpu kernel not found in registries for Op type: Unsqueeze node name: /model/layers.1/self_attn/Unsqueeze d95923ea-2a75-4757-a86c-99d425e3974a:92:232
2026-10-04 18:51:33.038000 [I:onnxruntime:, webgpu_execution_provider.cc:666 GetCapability] webgpu kernel not found in registries for Op type: Concat node name: /model/layers.1/self_attn/Concat d95923ea-2a75-4757-a86c-99d425e3974a:92:232
2026-10-04 18:51:33.039000 [I:onnxruntime:, webgpu_execution_provider.cc:666 GetCapability] webgpu kernel not found in registries for Op type: Gather node name: /model/layers.1/self_attn/Gather_6 d95923ea-2a75-4757-a86c-99d425e3974a:92:232
2026-10-04 18:51:33.039000 [I:onnxruntime:, webgpu_execution_provider.cc:666 GetCapability] webgpu kernel not found in registries for Op type: Unsqueeze node name: /model/layers.1/self_attn/Unsqueeze_13 d95923ea-2a75-4757-a86c-99d425e3974a:92:232
2026-10-04 18:51:33.039000 [I:onnxruntime:, webgpu_execution_provider.cc:666 GetCapability] webgpu kernel not found in registries for Op type: Gather node name: /model/layers.1/self_attn/Gather_4 d95923ea-2a75-4757-a86c-99d425e3974a:92:232
2026-10-04 18:51:33.039000 [I:onnxruntime:, webgpu_execution_provider.cc:666 GetCapability] webgpu kernel not found in registries for Op type: Unsqueeze node name: /model/layers.1/self_attn/Unsqueeze_11 d95923ea-2a75-4757-a86c-99d425e3974a:92:232
2026-10-04 18:51:33.039999 [I:onnxruntime:, webgpu_execution_provider.cc:666 GetCapability] webgpu kernel not found in registries for Op type: Concat node name: /model/layers.1/self_attn/Concat_7 d95923ea-2a75-4757-a86c-99d425e3974a:92:232
2026-10-04 18:51:33.039999 [I:onnxruntime:, webgpu_execution_provider.cc:666 GetCapability] webgpu kernel not found in registries for Op type: Equal node name: /model/layers.1/self_attn/Equal d95923ea-2a75-4757-a86c-99d425e3974a:92:232
2026-10-04 18:51:33.039999 [I:onnxruntime:, webgpu_execution_provider.cc:666 GetCapability] webgpu kernel not found in registries for Op type: Where node name: /model/layers.1/self_attn/Where d95923ea-2a75-4757-a86c-99d425e3974a:92:232
2026-10-04 18:51:33.039999 [I:onnxruntime:, webgpu_execution_provider.cc:666 GetCapability] webgpu kernel not found in registries for Op type: Gather node name: /model/layers.1/self_attn/Gather_12 d95923ea-2a75-4757-a86c-99d425e3974a:92:232
2026-10-04 18:51:33.040999 [I:onnxruntime:, webgpu_execution_provider.cc:666 GetCapability] webgpu kernel not found in registries for Op type: Unsqueeze node name: /model/layers.1/self_attn/Unsqueeze_28 d95923ea-2a75-4757-a86c-99d425e3974a:92:232
2026-10-04 18:51:33.040999 [I:onnxruntime:, webgpu_execution_provider.cc:666 GetCapability] webgpu kernel not found in registries for Op type: Gather node name: /model/layers.1/self_attn/Gather_10 d95923ea-2a75-4757-a86c-99d425e3974a:92:232
2026-10-04 18:51:33.040999 [I:onnxruntime:, webgpu_execution_provider.cc:666 GetCapability] webgpu kernel not found in registries for Op type: Unsqueeze node name: /model/layers.1/self_attn/Unsqueeze_22 d95923ea-2a75-4757-a86c-99d425e3974a:92:232
2026-10-04 18:51:33.040999 [I:onnxruntime:, webgpu_execution_provider.cc:666 GetCapability] webgpu kernel not found in registries for Op type: Gather node name: /model/layers.1/self_attn/Gather_8 d95923ea-2a75-4757-a86c-99d425e3974a:92:232
2026-10-04 18:51:33.042000 [I:onnxruntime:, webgpu_execution_provider.cc:666 GetCapability] webgpu kernel not found in registries for Op type: Unsqueeze node name: /model/layers.1/self_attn/Unsqueeze_20 d95923ea-2a75-4757-a86c-99d425e3974a:92:232
2026-10-04 18:51:33.042000 [I:onnxruntime:, webgpu_execution_provider.cc:666 GetCapability] webgpu kernel not found in registries for Op type: Concat node name: /model/layers.1/self_attn/Concat_9 d95923ea-2a75-4757-a86c-99d425e3974a:92:232
2026-10-04 18:51:33.042000 [I:onnxruntime:, webgpu_execution_provider.cc:666 GetCapability] webgpu kernel not found in registries for Op type: Equal node name: /model/layers.1/self_attn/Equal_1 d95923ea-2a75-4757-a86c-99d425e3974a:92:232
2026-10-04 18:51:33.043000 [I:onnxruntime:, webgpu_execution_provider.cc:666 GetCapability] webgpu kernel not found in registries for Op type: Where node name: /model/layers.1/self_attn/Where_1 d95923ea-2a75-4757-a86c-99d425e3974a:92:232
2026-10-04 18:51:33.043000 [I:onnxruntime:, webgpu_execution_provider.cc:666 GetCapability] webgpu kernel not found in registries for Op type: Gather node name: /model/layers.2/self_attn/Gather_1 d95923ea-2a75-4757-a86c-99d425e3974a:92:232
2026-10-04 18:51:33.043000 [I:onnxruntime:, webgpu_execution_provider.cc:666 GetCapability] webgpu kernel not found in registries for Op type: Unsqueeze node name: /model/layers.2/self_attn/Unsqueeze_1 d95923ea-2a75-4757-a86c-99d425e3974a:92:232
2026-10-04 18:51:33.043000 [I:onnxruntime:, webgpu_execution_provider.cc:666 GetCapability] webgpu kernel not found in registries for Op type: Gather node name: /model/layers.2/self_attn/Gather d95923ea-2a75-4757-a86c-99d425e3974a:92:232
2026-10-04 18:51:33.043999 [I:onnxruntime:, webgpu_execution_provider.cc:666 GetCapability] webgpu kernel not found in registries for Op type: Unsqueeze node name: /model/layers.2/self_attn/Unsqueeze d95923ea-2a75-4757-a86c-99d425e3974a:92:232
2026-10-04 18:51:33.043999 [I:onnxruntime:, webgpu_execution_provider.cc:666 GetCapability] webgpu kernel not found in registries for Op type: Concat node name: /model/layers.2/self_attn/Concat d95923ea-2a75-4757-a86c-99d425e3974a:92:232
2026-10-04 18:51:33.043999 [I:onnxruntime:, webgpu_execution_provider.cc:666 GetCapability] webgpu kernel not found in registries for Op type: Gather node name: /model/layers.2/self_attn/Gather_6 d95923ea-2a75-4757-a86c-99d425e3974a:92:232
2026-10-04 18:51:33.043999 [I:onnxruntime:, webgpu_execution_provider.cc:666 GetCapability] webgpu kernel not found in registries for Op type: Unsqueeze node name: /model/layers.2/self_attn/Unsqueeze_13 d95923ea-2a75-4757-a86c-99d425e3974a:92:232
2026-10-04 18:51:33.045000 [I:onnxruntime:, webgpu_execution_provider.cc:666 GetCapability] webgpu kernel not found in registries for Op type: Gather node name: /model/layers.2/self_attn/Gather_4 d95923ea-2a75-4757-a86c-99d425e3974a:92:232
2026-10-04 18:51:33.045000 [I:onnxruntime:, webgpu_execution_provider.cc:666 GetCapability] webgpu kernel not found in registries for Op type: Unsqueeze node name: /model/layers.2/self_attn/Unsqueeze_11 d95923ea-2a75-4757-a86c-99d425e3974a:92:232
2026-10-04 18:51:33.045000 [I:onnxruntime:, webgpu_execution_provider.cc:666 GetCapability] webgpu kernel not found in registries for Op type: Concat node name: /model/layers.2/self_attn/Concat_7 d95923ea-2a75-4757-a86c-99d425e3974a:92:232
2026-10-04 18:51:33.045000 [I:onnxruntime:, webgpu_execution_provider.cc:666 GetCapability] webgpu kernel not found in registries for Op type: Equal node name: /model/layers.2/self_attn/Equal d95923ea-2a75-4757-a86c-99d425e3974a:92:232
2026-10-04 18:51:33.046000 [I:onnxruntime:, webgpu_execution_provider.cc:666 GetCapability] webgpu kernel not found in registries for Op type: Where node name: /model/layers.2/self_attn/Where d95923ea-2a75-4757-a86c-99d425e3974a:92:232
2026-10-04 18:51:33.046000 [I:onnxruntime:, webgpu_execution_provider.cc:666 GetCapability] webgpu kernel not found in registries for Op type: Gather node name: /model/layers.2/self_attn/Gather_12 d95923ea-2a75-4757-a86c-99d425e3974a:92:232
2026-10-04 18:51:33.046000 [I:onnxruntime:, webgpu_execution_provider.cc:666 GetCapability] webgpu kernel not found in registries for Op type: Unsqueeze node name: /model/layers.2/self_attn/Unsqueeze_28 d95923ea-2a75-4757-a86c-99d425e3974a:92:232
2026-10-04 18:51:33.046000 [I:onnxruntime:, webgpu_execution_provider.cc:666 GetCapability] webgpu kernel not found in registries for Op type: Gather node name: /model/layers.2/self_attn/Gather_10 d95923ea-2a75-4757-a86c-99d425e3974a:92:232
2026-10-04 18:51:33.047000 [I:onnxruntime:, webgpu_execution_provider.cc:666 GetCapability] webgpu kernel not found in registries for Op type: Unsqueeze node name: /model/layers.2/self_attn/Unsqueeze_22 d95923ea-2a75-4757-a86c-99d425e3974a:92:232
2026-10-04 18:51:33.047000 [I:onnxruntime:, webgpu_execution_provider.cc:666 GetCapability] webgpu kernel not found in registries for Op type: Gather node name: /model/layers.2/self_attn/Gather_8 d95923ea-2a75-4757-a86c-99d425e3974a:92:232
2026-10-04 18:51:33.047000 [I:onnxruntime:, webgpu_execution_provider.cc:666 GetCapability] webgpu kernel not found in registries for Op type: Unsqueeze node name: /model/layers.2/self_attn/Unsqueeze_20 d95923ea-2a75-4757-a86c-99d425e3974a:92:232
2026-10-04 18:51:33.047999 [I:onnxruntime:, webgpu_execution_provider.cc:666 GetCapability] webgpu kernel not found in registries for Op type: Concat node name: /model/layers.2/self_attn/Concat_9 d95923ea-2a75-4757-a86c-99d425e3974a:92:232
2026-10-04 18:51:33.047999 [I:onnxruntime:, webgpu_execution_provider.cc:666 GetCapability] webgpu kernel not found in registries for Op type: Equal node name: /model/layers.2/self_attn/Equal_1 d95923ea-2a75-4757-a86c-99d425e3974a:92:232
2026-10-04 18:51:33.047999 [I:onnxruntime:, webgpu_execution_provider.cc:666 GetCapability] webgpu kernel not found in registries for Op type: Where node name: /model/layers.2/self_attn/Where_1 d95923ea-2a75-4757-a86c-99d425e3974a:92:232
2026-10-04 18:51:33.047999 [I:onnxruntime:, webgpu_execution_provider.cc:666 GetCapability] webgpu kernel not found in registries for Op type: Gather node name: /model/layers.3/self_attn/Gather_1 d95923ea-2a75-4757-a86c-99d425e3974a:92:232
2026-10-04 18:51:33.047999 [I:onnxruntime:, webgpu_execution_provider.cc:666 GetCapability] webgpu kernel not found in registries for Op type: Unsqueeze node name: /model/layers.3/self_attn/Unsqueeze_1 d95923ea-2a75-4757-a86c-99d425e3974a:92:232
2026-10-04 18:51:33.048999 [I:onnxruntime:, webgpu_execution_provider.cc:666 GetCapability] webgpu kernel not found in registries for Op type: Gather node name: /model/layers.3/self_attn/Gather d95923ea-2a75-4757-a86c-99d425e3974a:92:232
2026-10-04 18:51:33.048999 [I:onnxruntime:, webgpu_execution_provider.cc:666 GetCapability] webgpu kernel not found in registries for Op type: Unsqueeze node name: /model/layers.3/self_attn/Unsqueeze d95923ea-2a75-4757-a86c-99d425e3974a:92:232
2026-10-04 18:51:33.048999 [I:onnxruntime:, webgpu_execution_provider.cc:666 GetCapability] webgpu kernel not found in registries for Op type: Concat node name: /model/layers.3/self_attn/Concat d95923ea-2a75-4757-a86c-99d425e3974a:92:232
2026-10-04 18:51:33.048999 [I:onnxruntime:, webgpu_execution_provider.cc:666 GetCapability] webgpu kernel not found in registries for Op type: Gather node name: /model/layers.3/self_attn/Gather_6 d95923ea-2a75-4757-a86c-99d425e3974a:92:232
2026-10-04 18:51:33.050000 [I:onnxruntime:, webgpu_execution_provider.cc:666 GetCapability] webgpu kernel not found in registries for Op type: Unsqueeze node name: /model/layers.3/self_attn/Unsqueeze_13 d95923ea-2a75-4757-a86c-99d425e3974a:92:232
2026-10-04 18:51:33.050000 [I:onnxruntime:, webgpu_execution_provider.cc:666 GetCapability] webgpu kernel not found in registries for Op type: Gather node name: /model/layers.3/self_attn/Gather_4 d95923ea-2a75-4757-a86c-99d425e3974a:92:232
2026-10-04 18:51:33.050000 [I:onnxruntime:, webgpu_execution_provider.cc:666 GetCapability] webgpu kernel not found in registries for Op type: Unsqueeze node name: /model/layers.3/self_attn/Unsqueeze_11 d95923ea-2a75-4757-a86c-99d425e3974a:92:232
2026-10-04 18:51:33.050000 [I:onnxruntime:, webgpu_execution_provider.cc:666 GetCapability] webgpu kernel not found in registries for Op type: Concat node name: /model/layers.3/self_attn/Concat_7 d95923ea-2a75-4757-a86c-99d425e3974a:92:232
2026-10-04 18:51:33.050000 [I:onnxruntime:, webgpu_execution_provider.cc:666 GetCapability] webgpu kernel not found in registries for Op type: Equal node name: /model/layers.3/self_attn/Equal d95923ea-2a75-4757-a86c-99d425e3974a:92:232
2026-10-04 18:51:33.051000 [I:onnxruntime:, webgpu_execution_provider.cc:666 GetCapability] webgpu kernel not found in registries for Op type: Where node name: /model/layers.3/self_attn/Where d95923ea-2a75-4757-a86c-99d425e3974a:92:232
2026-10-04 18:51:33.051000 [I:onnxruntime:, webgpu_execution_provider.cc:666 GetCapability] webgpu kernel not found in registries for Op type: Gather node name: /model/layers.3/self_attn/Gather_12 d95923ea-2a75-4757-a86c-99d425e3974a:92:232
2026-10-04 18:51:33.054000 [I:onnxruntime:, webgpu_execution_provider.cc:666 GetCapability] webgpu kernel not found in registries for Op type: Unsqueeze node name: /model/layers.3/self_attn/Unsqueeze_28 d95923ea-2a75-4757-a86c-99d425e3974a:92:232
2026-10-04 18:51:33.054000 [I:onnxruntime:, webgpu_execution_provider.cc:666 GetCapability] webgpu kernel not found in registries for Op type: Gather node name: /model/layers.3/self_attn/Gather_10 d95923ea-2a75-4757-a86c-99d425e3974a:92:232
2026-10-04 18:51:33.055000 [I:onnxruntime:, webgpu_execution_provider.cc:666 GetCapability] webgpu kernel not found in registries for Op type: Unsqueeze node name: /model/layers.3/self_attn/Unsqueeze_22 d95923ea-2a75-4757-a86c-99d425e3974a:92:232
2026-10-04 18:51:33.055000 [I:onnxruntime:, webgpu_execution_provider.cc:666 GetCapability] webgpu kernel not found in registries for Op type: Gather node name: /model/layers.3/self_attn/Gather_8 d95923ea-2a75-4757-a86c-99d425e3974a:92:232
2026-10-04 18:51:33.055000 [I:onnxruntime:, webgpu_execution_provider.cc:666 GetCapability] webgpu kernel not found in registries for Op type: Unsqueeze node name: /model/layers.3/self_attn/Unsqueeze_20 d95923ea-2a75-4757-a86c-99d425e3974a:92:232
2026-10-04 18:51:33.055000 [I:onnxruntime:, webgpu_execution_provider.cc:666 GetCapability] webgpu kernel not found in registries for Op type: Concat node name: /model/layers.3/self_attn/Concat_9 d95923ea-2a75-4757-a86c-99d425e3974a:92:232
2026-10-04 18:51:33.055999 [I:onnxruntime:, webgpu_execution_provider.cc:666 GetCapability] webgpu kernel not found in registries for Op type: Equal node name: /model/layers.3/self_attn/Equal_1 d95923ea-2a75-4757-a86c-99d425e3974a:92:232
2026-10-04 18:51:33.056999 [I:onnxruntime:, webgpu_execution_provider.cc:666 GetCapability] webgpu kernel not found in registries for Op type: Where node name: /model/layers.3/self_attn/Where_1 d95923ea-2a75-4757-a86c-99d425e3974a:92:232
2026-10-04 18:51:33.058000 [I:onnxruntime:, webgpu_execution_provider.cc:666 GetCapability] webgpu kernel not found in registries for Op type: Gather node name: /model/layers.4/self_attn/Gather_1 d95923ea-2a75-4757-a86c-99d425e3974a:92:232
2026-10-04 18:51:33.058000 [I:onnxruntime:, webgpu_execution_provider.cc:666 GetCapability] webgpu kernel not found in registries for Op type: Unsqueeze node name: /model/layers.4/self_attn/Unsqueeze_1 d95923ea-2a75-4757-a86c-99d425e3974a:92:232
2026-10-04 18:51:33.058000 [I:onnxruntime:, webgpu_execution_provider.cc:666 GetCapability] webgpu kernel not found in registries for Op type: Gather node name: /model/layers.4/self_attn/Gather d95923ea-2a75-4757-a86c-99d425e3974a:92:232
2026-10-04 18:51:33.058000 [I:onnxruntime:, webgpu_execution_provider.cc:666 GetCapability] webgpu kernel not found in registries for Op type: Unsqueeze node name: /model/layers.4/self_attn/Unsqueeze d95923ea-2a75-4757-a86c-99d425e3974a:92:232
2026-10-04 18:51:33.059000 [I:onnxruntime:, webgpu_execution_provider.cc:666 GetCapability] webgpu kernel not found in registries for Op type: Concat node name: /model/layers.4/self_attn/Concat d95923ea-2a75-4757-a86c-99d425e3974a:92:232
2026-10-04 18:51:33.059000 [I:onnxruntime:, webgpu_execution_provider.cc:666 GetCapability] webgpu kernel not found in registries for Op type: Gather node name: /model/layers.4/self_attn/Gather_6 d95923ea-2a75-4757-a86c-99d425e3974a:92:232
2026-10-04 18:51:33.059999 [I:onnxruntime:, webgpu_execution_provider.cc:666 GetCapability] webgpu kernel not found in registries for Op type: Unsqueeze node name: /model/layers.4/self_attn/Unsqueeze_13 d95923ea-2a75-4757-a86c-99d425e3974a:92:232
2026-10-04 18:51:33.059999 [I:onnxruntime:, webgpu_execution_provider.cc:666 GetCapability] webgpu kernel not found in registries for Op type: Gather node name: /model/layers.4/self_attn/Gather_4 d95923ea-2a75-4757-a86c-99d425e3974a:92:232
2026-10-04 18:51:33.059999 [I:onnxruntime:, webgpu_execution_provider.cc:666 GetCapability] webgpu kernel not found in registries for Op type: Unsqueeze node name: /model/layers.4/self_attn/Unsqueeze_11 d95923ea-2a75-4757-a86c-99d425e3974a:92:232
2026-10-04 18:51:33.059999 [I:onnxruntime:, webgpu_execution_provider.cc:666 GetCapability] webgpu kernel not found in registries for Op type: Concat node name: /model/layers.4/self_attn/Concat_7 d95923ea-2a75-4757-a86c-99d425e3974a:92:232
2026-10-04 18:51:33.061000 [I:onnxruntime:, webgpu_execution_provider.cc:666 GetCapability] webgpu kernel not found in registries for Op type: Equal node name: /model/layers.4/self_attn/Equal d95923ea-2a75-4757-a86c-99d425e3974a:92:232
2026-10-04 18:51:33.061000 [I:onnxruntime:, webgpu_execution_provider.cc:666 GetCapability] webgpu kernel not found in registries for Op type: Where node name: /model/layers.4/self_attn/Where d95923ea-2a75-4757-a86c-99d425e3974a:92:232
2026-10-04 18:51:33.061000 [I:onnxruntime:, webgpu_execution_provider.cc:666 GetCapability] webgpu kernel not found in registries for Op type: Gather node name: /model/layers.4/self_attn/Gather_12 d95923ea-2a75-4757-a86c-99d425e3974a:92:232
2026-10-04 18:51:33.061000 [I:onnxruntime:, webgpu_execution_provider.cc:666 GetCapability] webgpu kernel not found in registries for Op type: Unsqueeze node name: /model/layers.4/self_attn/Unsqueeze_28 d95923ea-2a75-4757-a86c-99d425e3974a:92:232
2026-10-04 18:51:33.061000 [I:onnxruntime:, webgpu_execution_provider.cc:666 GetCapability] webgpu kernel not found in registries for Op type: Gather node name: /model/layers.4/self_attn/Gather_10 d95923ea-2a75-4757-a86c-99d425e3974a:92:232
2026-10-04 18:51:33.062000 [I:onnxruntime:, webgpu_execution_provider.cc:666 GetCapability] webgpu kernel not found in registries for Op type: Unsqueeze node name: /model/layers.4/self_attn/Unsqueeze_22 d95923ea-2a75-4757-a86c-99d425e3974a:92:232
2026-10-04 18:51:33.062000 [I:onnxruntime:, webgpu_execution_provider.cc:666 GetCapability] webgpu kernel not found in registries for Op type: Gather node name: /model/layers.4/self_attn/Gather_8 d95923ea-2a75-4757-a86c-99d425e3974a:92:232
2026-10-04 18:51:33.062000 [I:onnxruntime:, webgpu_execution_provider.cc:666 GetCapability] webgpu kernel not found in registries for Op type: Unsqueeze node name: /model/layers.4/self_attn/Unsqueeze_20 d95923ea-2a75-4757-a86c-99d425e3974a:92:232
2026-10-04 18:51:33.062000 [I:onnxruntime:, webgpu_execution_provider.cc:666 GetCapability] webgpu kernel not found in registries for Op type: Concat node name: /model/layers.4/self_attn/Concat_9 d95923ea-2a75-4757-a86c-99d425e3974a:92:232
2026-10-04 18:51:33.063000 [I:onnxruntime:, webgpu_execution_provider.cc:666 GetCapability] webgpu kernel not found in registries for Op type: Equal node name: /model/layers.4/self_attn/Equal_1 d95923ea-2a75-4757-a86c-99d425e3974a:92:232
2026-10-04 18:51:33.063000 [I:onnxruntime:, webgpu_execution_provider.cc:666 GetCapability] webgpu kernel not found in registries for Op type: Where node name: /model/layers.4/self_attn/Where_1 d95923ea-2a75-4757-a86c-99d425e3974a:92:232
2026-10-04 18:51:33.063000 [I:onnxruntime:, webgpu_execution_provider.cc:666 GetCapability] webgpu kernel not found in registries for Op type: Gather node name: /model/layers.5/self_attn/Gather_1 d95923ea-2a75-4757-a86c-99d425e3974a:92:232
2026-10-04 18:51:33.063999 [I:onnxruntime:, webgpu_execution_provider.cc:666 GetCapability] webgpu kernel not found in registries for Op type: Unsqueeze node name: /model/layers.5/self_attn/Unsqueeze_1 d95923ea-2a75-4757-a86c-99d425e3974a:92:232
2026-10-04 18:51:33.063999 [I:onnxruntime:, webgpu_execution_provider.cc:666 GetCapability] webgpu kernel not found in registries for Op type: Gather node name: /model/layers.5/self_attn/Gather d95923ea-2a75-4757-a86c-99d425e3974a:92:232
2026-10-04 18:51:33.072999 [I:onnxruntime:, webgpu_execution_provider.cc:666 GetCapability] webgpu kernel not found in registries for Op type: Unsqueeze node name: /model/layers.5/self_attn/Unsqueeze d95923ea-2a75-4757-a86c-99d425e3974a:92:232
2026-10-04 18:51:33.072999 [I:onnxruntime:, webgpu_execution_provider.cc:666 GetCapability] webgpu kernel not found in registries for Op type: Concat node name: /model/layers.5/self_attn/Concat d95923ea-2a75-4757-a86c-99d425e3974a:92:232
2026-10-04 18:51:33.074000 [I:onnxruntime:, webgpu_execution_provider.cc:666 GetCapability] webgpu kernel not found in registries for Op type: Gather node name: /model/layers.5/self_attn/Gather_6 d95923ea-2a75-4757-a86c-99d425e3974a:92:232
2026-10-04 18:51:33.074000 [I:onnxruntime:, webgpu_execution_provider.cc:666 GetCapability] webgpu kernel not found in registries for Op type: Unsqueeze node name: /model/layers.5/self_attn/Unsqueeze_13 d95923ea-2a75-4757-a86c-99d425e3974a:92:232
2026-10-04 18:51:33.074000 [I:onnxruntime:, webgpu_execution_provider.cc:666 GetCapability] webgpu kernel not found in registries for Op type: Gather node name: /model/layers.5/self_attn/Gather_4 d95923ea-2a75-4757-a86c-99d425e3974a:92:232
2026-10-04 18:51:33.075000 [I:onnxruntime:, webgpu_execution_provider.cc:666 GetCapability] webgpu kernel not found in registries for Op type: Unsqueeze node name: /model/layers.5/self_attn/Unsqueeze_11 d95923ea-2a75-4757-a86c-99d425e3974a:92:232
2026-10-04 18:51:33.075000 [I:onnxruntime:, webgpu_execution_provider.cc:666 GetCapability] webgpu kernel not found in registries for Op type: Concat node name: /model/layers.5/self_attn/Concat_7 d95923ea-2a75-4757-a86c-99d425e3974a:92:232
2026-10-04 18:51:33.075000 [I:onnxruntime:, webgpu_execution_provider.cc:666 GetCapability] webgpu kernel not found in registries for Op type: Equal node name: /model/layers.5/self_attn/Equal d95923ea-2a75-4757-a86c-99d425e3974a:92:232
2026-10-04 18:51:33.075999 [I:onnxruntime:, webgpu_execution_provider.cc:666 GetCapability] webgpu kernel not found in registries for Op type: Where node name: /model/layers.5/self_attn/Where d95923ea-2a75-4757-a86c-99d425e3974a:92:232
2026-10-04 18:51:33.075999 [I:onnxruntime:, webgpu_execution_provider.cc:666 GetCapability] webgpu kernel not found in registries for Op type: Gather node name: /model/layers.5/self_attn/Gather_12 d95923ea-2a75-4757-a86c-99d425e3974a:92:232
2026-10-04 18:51:33.075999 [I:onnxruntime:, webgpu_execution_provider.cc:666 GetCapability] webgpu kernel not found in registries for Op type: Unsqueeze node name: /model/layers.5/self_attn/Unsqueeze_28 d95923ea-2a75-4757-a86c-99d425e3974a:92:232
2026-10-04 18:51:33.075999 [I:onnxruntime:, webgpu_execution_provider.cc:666 GetCapability] webgpu kernel not found in registries for Op type: Gather node name: /model/layers.5/self_attn/Gather_10 d95923ea-2a75-4757-a86c-99d425e3974a:92:232
2026-10-04 18:51:33.077000 [I:onnxruntime:, webgpu_execution_provider.cc:666 GetCapability] webgpu kernel not found in registries for Op type: Unsqueeze node name: /model/layers.5/self_attn/Unsqueeze_22 d95923ea-2a75-4757-a86c-99d425e3974a:92:232
2026-10-04 18:51:33.077000 [I:onnxruntime:, webgpu_execution_provider.cc:666 GetCapability] webgpu kernel not found in registries for Op type: Gather node name: /model/layers.5/self_attn/Gather_8 d95923ea-2a75-4757-a86c-99d425e3974a:92:232
2026-10-04 18:51:33.077000 [I:onnxruntime:, webgpu_execution_provider.cc:666 GetCapability] webgpu kernel not found in registries for Op type: Unsqueeze node name: /model/layers.5/self_attn/Unsqueeze_20 d95923ea-2a75-4757-a86c-99d425e3974a:92:232
2026-10-04 18:51:33.078000 [I:onnxruntime:, webgpu_execution_provider.cc:666 GetCapability] webgpu kernel not found in registries for Op type: Concat node name: /model/layers.5/self_attn/Concat_9 d95923ea-2a75-4757-a86c-99d425e3974a:92:232
2026-10-04 18:51:33.078000 [I:onnxruntime:, webgpu_execution_provider.cc:666 GetCapability] webgpu kernel not found in registries for Op type: Equal node name: /model/layers.5/self_attn/Equal_1 d95923ea-2a75-4757-a86c-99d425e3974a:92:232
2026-10-04 18:51:33.078000 [I:onnxruntime:, webgpu_execution_provider.cc:666 GetCapability] webgpu kernel not found in registries for Op type: Where node name: /model/layers.5/self_attn/Where_1 d95923ea-2a75-4757-a86c-99d425e3974a:92:232
2026-10-04 18:51:33.078000 [I:onnxruntime:, webgpu_execution_provider.cc:666 GetCapability] webgpu kernel not found in registries for Op type: Gather node name: /model/layers.6/self_attn/Gather_1 d95923ea-2a75-4757-a86c-99d425e3974a:92:232
2026-10-04 18:51:33.079000 [I:onnxruntime:, webgpu_execution_provider.cc:666 GetCapability] webgpu kernel not found in registries for Op type: Unsqueeze node name: /model/layers.6/self_attn/Unsqueeze_1 d95923ea-2a75-4757-a86c-99d425e3974a:92:232
2026-10-04 18:51:33.079000 [I:onnxruntime:, webgpu_execution_provider.cc:666 GetCapability] webgpu kernel not found in registries for Op type: Gather node name: /model/layers.6/self_attn/Gather d95923ea-2a75-4757-a86c-99d425e3974a:92:232
2026-10-04 18:51:33.079000 [I:onnxruntime:, webgpu_execution_provider.cc:666 GetCapability] webgpu kernel not found in registries for Op type: Unsqueeze node name: /model/layers.6/self_attn/Unsqueeze d95923ea-2a75-4757-a86c-99d425e3974a:92:232
2026-10-04 18:51:33.079000 [I:onnxruntime:, webgpu_execution_provider.cc:666 GetCapability] webgpu kernel not found in registries for Op type: Concat node name: /model/layers.6/self_attn/Concat d95923ea-2a75-4757-a86c-99d425e3974a:92:232
2026-10-04 18:51:33.079999 [I:onnxruntime:, webgpu_execution_provider.cc:666 GetCapability] webgpu kernel not found in registries for Op type: Gather node name: /model/layers.6/self_attn/Gather_6 d95923ea-2a75-4757-a86c-99d425e3974a:92:232
2026-10-04 18:51:33.079999 [I:onnxruntime:, webgpu_execution_provider.cc:666 GetCapability] webgpu kernel not found in registries for Op type: Unsqueeze node name: /model/layers.6/self_attn/Unsqueeze_13 d95923ea-2a75-4757-a86c-99d425e3974a:92:232
2026-10-04 18:51:33.079999 [I:onnxruntime:, webgpu_execution_provider.cc:666 GetCapability] webgpu kernel not found in registries for Op type: Gather node name: /model/layers.6/self_attn/Gather_4 d95923ea-2a75-4757-a86c-99d425e3974a:92:232
2026-10-04 18:51:33.080999 [I:onnxruntime:, webgpu_execution_provider.cc:666 GetCapability] webgpu kernel not found in registries for Op type: Unsqueeze node name: /model/layers.6/self_attn/Unsqueeze_11 d95923ea-2a75-4757-a86c-99d425e3974a:92:232
2026-10-04 18:51:33.080999 [I:onnxruntime:, webgpu_execution_provider.cc:666 GetCapability] webgpu kernel not found in registries for Op type: Concat node name: /model/layers.6/self_attn/Concat_7 d95923ea-2a75-4757-a86c-99d425e3974a:92:232
2026-10-04 18:51:33.080999 [I:onnxruntime:, webgpu_execution_provider.cc:666 GetCapability] webgpu kernel not found in registries for Op type: Equal node name: /model/layers.6/self_attn/Equal d95923ea-2a75-4757-a86c-99d425e3974a:92:232
2026-10-04 18:51:33.080999 [I:onnxruntime:, webgpu_execution_provider.cc:666 GetCapability] webgpu kernel not found in registries for Op type: Where node name: /model/layers.6/self_attn/Where d95923ea-2a75-4757-a86c-99d425e3974a:92:232
2026-10-04 18:51:33.080999 [I:onnxruntime:, webgpu_execution_provider.cc:666 GetCapability] webgpu kernel not found in registries for Op type: Gather node name: /model/layers.6/self_attn/Gather_12 d95923ea-2a75-4757-a86c-99d425e3974a:92:232
2026-10-04 18:51:33.082000 [I:onnxruntime:, webgpu_execution_provider.cc:666 GetCapability] webgpu kernel not found in registries for Op type: Unsqueeze node name: /model/layers.6/self_attn/Unsqueeze_28 d95923ea-2a75-4757-a86c-99d425e3974a:92:232
2026-10-04 18:51:33.082000 [I:onnxruntime:, webgpu_execution_provider.cc:666 GetCapability] webgpu kernel not found in registries for Op type: Gather node name: /model/layers.6/self_attn/Gather_10 d95923ea-2a75-4757-a86c-99d425e3974a:92:232
2026-10-04 18:51:33.082000 [I:onnxruntime:, webgpu_execution_provider.cc:666 GetCapability] webgpu kernel not found in registries for Op type: Unsqueeze node name: /model/layers.6/self_attn/Unsqueeze_22 d95923ea-2a75-4757-a86c-99d425e3974a:92:232
2026-10-04 18:51:33.083000 [I:onnxruntime:, webgpu_execution_provider.cc:666 GetCapability] webgpu kernel not found in registries for Op type: Gather node name: /model/layers.6/self_attn/Gather_8 d95923ea-2a75-4757-a86c-99d425e3974a:92:232
2026-10-04 18:51:33.083999 [I:onnxruntime:, webgpu_execution_provider.cc:666 GetCapability] webgpu kernel not found in registries for Op type: Unsqueeze node name: /model/layers.6/self_attn/Unsqueeze_20 d95923ea-2a75-4757-a86c-99d425e3974a:92:232
2026-10-04 18:51:33.083999 [I:onnxruntime:, webgpu_execution_provider.cc:666 GetCapability] webgpu kernel not found in registries for Op type: Concat node name: /model/layers.6/self_attn/Concat_9 d95923ea-2a75-4757-a86c-99d425e3974a:92:232
2026-10-04 18:51:33.085000 [I:onnxruntime:, webgpu_execution_provider.cc:666 GetCapability] webgpu kernel not found in registries for Op type: Equal node name: /model/layers.6/self_attn/Equal_1 d95923ea-2a75-4757-a86c-99d425e3974a:92:232
2026-10-04 18:51:33.085000 [I:onnxruntime:, webgpu_execution_provider.cc:666 GetCapability] webgpu kernel not found in registries for Op type: Where node name: /model/layers.6/self_attn/Where_1 d95923ea-2a75-4757-a86c-99d425e3974a:92:232
2026-10-04 18:51:33.086000 [I:onnxruntime:, webgpu_execution_provider.cc:666 GetCapability] webgpu kernel not found in registries for Op type: Gather node name: /model/layers.7/self_attn/Gather_1 d95923ea-2a75-4757-a86c-99d425e3974a:92:232
2026-10-04 18:51:33.086000 [I:onnxruntime:, webgpu_execution_provider.cc:666 GetCapability] webgpu kernel not found in registries for Op type: Unsqueeze node name: /model/layers.7/self_attn/Unsqueeze_1 d95923ea-2a75-4757-a86c-99d425e3974a:92:232
2026-10-04 18:51:33.086000 [I:onnxruntime:, webgpu_execution_provider.cc:666 GetCapability] webgpu kernel not found in registries for Op type: Gather node name: /model/layers.7/self_attn/Gather d95923ea-2a75-4757-a86c-99d425e3974a:92:232
2026-10-04 18:51:33.087000 [I:onnxruntime:, webgpu_execution_provider.cc:666 GetCapability] webgpu kernel not found in registries for Op type: Unsqueeze node name: /model/layers.7/self_attn/Unsqueeze d95923ea-2a75-4757-a86c-99d425e3974a:92:232
2026-10-04 18:51:33.087000 [I:onnxruntime:, webgpu_execution_provider.cc:666 GetCapability] webgpu kernel not found in registries for Op type: Concat node name: /model/layers.7/self_attn/Concat d95923ea-2a75-4757-a86c-99d425e3974a:92:232
2026-10-04 18:51:33.087000 [I:onnxruntime:, webgpu_execution_provider.cc:666 GetCapability] webgpu kernel not found in registries for Op type: Gather node name: /model/layers.7/self_attn/Gather_6 d95923ea-2a75-4757-a86c-99d425e3974a:92:232
2026-10-04 18:51:33.087999 [I:onnxruntime:, webgpu_execution_provider.cc:666 GetCapability] webgpu kernel not found in registries for Op type: Unsqueeze node name: /model/layers.7/self_attn/Unsqueeze_13 d95923ea-2a75-4757-a86c-99d425e3974a:92:232
2026-10-04 18:51:33.087999 [I:onnxruntime:, webgpu_execution_provider.cc:666 GetCapability] webgpu kernel not found in registries for Op type: Gather node name: /model/layers.7/self_attn/Gather_4 d95923ea-2a75-4757-a86c-99d425e3974a:92:232
2026-10-04 18:51:33.087999 [I:onnxruntime:, webgpu_execution_provider.cc:666 GetCapability] webgpu kernel not found in registries for Op type: Unsqueeze node name: /model/layers.7/self_attn/Unsqueeze_11 d95923ea-2a75-4757-a86c-99d425e3974a:92:232
2026-10-04 18:51:33.087999 [I:onnxruntime:, webgpu_execution_provider.cc:666 GetCapability] webgpu kernel not found in registries for Op type: Concat node name: /model/layers.7/self_attn/Concat_7 d95923ea-2a75-4757-a86c-99d425e3974a:92:232
2026-10-04 18:51:33.088999 [I:onnxruntime:, webgpu_execution_provider.cc:666 GetCapability] webgpu kernel not found in registries for Op type: Equal node name: /model/layers.7/self_attn/Equal d95923ea-2a75-4757-a86c-99d425e3974a:92:232
2026-10-04 18:51:33.088999 [I:onnxruntime:, webgpu_execution_provider.cc:666 GetCapability] webgpu kernel not found in registries for Op type: Where node name: /model/layers.7/self_attn/Where d95923ea-2a75-4757-a86c-99d425e3974a:92:232
2026-10-04 18:51:33.088999 [I:onnxruntime:, webgpu_execution_provider.cc:666 GetCapability] webgpu kernel not found in registries for Op type: Gather node name: /model/layers.7/self_attn/Gather_12 d95923ea-2a75-4757-a86c-99d425e3974a:92:232
2026-10-04 18:51:33.088999 [I:onnxruntime:, webgpu_execution_provider.cc:666 GetCapability] webgpu kernel not found in registries for Op type: Unsqueeze node name: /model/layers.7/self_attn/Unsqueeze_28 d95923ea-2a75-4757-a86c-99d425e3974a:92:232
2026-10-04 18:51:33.090000 [I:onnxruntime:, webgpu_execution_provider.cc:666 GetCapability] webgpu kernel not found in registries for Op type: Gather node name: /model/layers.7/self_attn/Gather_10 d95923ea-2a75-4757-a86c-99d425e3974a:92:232
2026-10-04 18:51:33.090000 [I:onnxruntime:, webgpu_execution_provider.cc:666 GetCapability] webgpu kernel not found in registries for Op type: Unsqueeze node name: /model/layers.7/self_attn/Unsqueeze_22 d95923ea-2a75-4757-a86c-99d425e3974a:92:232
2026-10-04 18:51:33.090000 [I:onnxruntime:, webgpu_execution_provider.cc:666 GetCapability] webgpu kernel not found in registries for Op type: Gather node name: /model/layers.7/self_attn/Gather_8 d95923ea-2a75-4757-a86c-99d425e3974a:92:232
2026-10-04 18:51:33.091000 [I:onnxruntime:, webgpu_execution_provider.cc:666 GetCapability] webgpu kernel not found in registries for Op type: Unsqueeze node name: /model/layers.7/self_attn/Unsqueeze_20 d95923ea-2a75-4757-a86c-99d425e3974a:92:232
2026-10-04 18:51:33.091000 [I:onnxruntime:, webgpu_execution_provider.cc:666 GetCapability] webgpu kernel not found in registries for Op type: Concat node name: /model/layers.7/self_attn/Concat_9 d95923ea-2a75-4757-a86c-99d425e3974a:92:232
2026-10-04 18:51:33.091000 [I:onnxruntime:, webgpu_execution_provider.cc:666 GetCapability] webgpu kernel not found in registries for Op type: Equal node name: /model/layers.7/self_attn/Equal_1 d95923ea-2a75-4757-a86c-99d425e3974a:92:232
2026-10-04 18:51:33.091000 [I:onnxruntime:, webgpu_execution_provider.cc:666 GetCapability] webgpu kernel not found in registries for Op type: Where node name: /model/layers.7/self_attn/Where_1 d95923ea-2a75-4757-a86c-99d425e3974a:92:232
2026-10-04 18:51:33.091000 [I:onnxruntime:, webgpu_execution_provider.cc:666 GetCapability] webgpu kernel not found in registries for Op type: Gather node name: /model/layers.8/self_attn/Gather_1 d95923ea-2a75-4757-a86c-99d425e3974a:92:232
2026-10-04 18:51:33.091000 [I:onnxruntime:, webgpu_execution_provider.cc:666 GetCapability] webgpu kernel not found in registries for Op type: Unsqueeze node name: /model/layers.8/self_attn/Unsqueeze_1 d95923ea-2a75-4757-a86c-99d425e3974a:92:232
2026-10-04 18:51:33.091999 [I:onnxruntime:, webgpu_execution_provider.cc:666 GetCapability] webgpu kernel not found in registries for Op type: Gather node name: /model/layers.8/self_attn/Gather d95923ea-2a75-4757-a86c-99d425e3974a:92:232
2026-10-04 18:51:33.091999 [I:onnxruntime:, webgpu_execution_provider.cc:666 GetCapability] webgpu kernel not found in registries for Op type: Unsqueeze node name: /model/layers.8/self_attn/Unsqueeze d95923ea-2a75-4757-a86c-99d425e3974a:92:232
2026-10-04 18:51:33.091999 [I:onnxruntime:, webgpu_execution_provider.cc:666 GetCapability] webgpu kernel not found in registries for Op type: Concat node name: /model/layers.8/self_attn/Concat d95923ea-2a75-4757-a86c-99d425e3974a:92:232
2026-10-04 18:51:33.091999 [I:onnxruntime:, webgpu_execution_provider.cc:666 GetCapability] webgpu kernel not found in registries for Op type: Gather node name: /model/layers.8/self_attn/Gather_6 d95923ea-2a75-4757-a86c-99d425e3974a:92:232
2026-10-04 18:51:33.093000 [I:onnxruntime:, webgpu_execution_provider.cc:666 GetCapability] webgpu kernel not found in registries for Op type: Unsqueeze node name: /model/layers.8/self_attn/Unsqueeze_13 d95923ea-2a75-4757-a86c-99d425e3974a:92:232
2026-10-04 18:51:33.093000 [I:onnxruntime:, webgpu_execution_provider.cc:666 GetCapability] webgpu kernel not found in registries for Op type: Gather node name: /model/layers.8/self_attn/Gather_4 d95923ea-2a75-4757-a86c-99d425e3974a:92:232
2026-10-04 18:51:33.093000 [I:onnxruntime:, webgpu_execution_provider.cc:666 GetCapability] webgpu kernel not found in registries for Op type: Unsqueeze node name: /model/layers.8/self_attn/Unsqueeze_11 d95923ea-2a75-4757-a86c-99d425e3974a:92:232
2026-10-04 18:51:33.093000 [I:onnxruntime:, webgpu_execution_provider.cc:666 GetCapability] webgpu kernel not found in registries for Op type: Concat node name: /model/layers.8/self_attn/Concat_7 d95923ea-2a75-4757-a86c-99d425e3974a:92:232
2026-10-04 18:51:33.094000 [I:onnxruntime:, webgpu_execution_provider.cc:666 GetCapability] webgpu kernel not found in registries for Op type: Equal node name: /model/layers.8/self_attn/Equal d95923ea-2a75-4757-a86c-99d425e3974a:92:232
2026-10-04 18:51:33.094000 [I:onnxruntime:, webgpu_execution_provider.cc:666 GetCapability] webgpu kernel not found in registries for Op type: Where node name: /model/layers.8/self_attn/Where d95923ea-2a75-4757-a86c-99d425e3974a:92:232
2026-10-04 18:51:33.094000 [I:onnxruntime:, webgpu_execution_provider.cc:666 GetCapability] webgpu kernel not found in registries for Op type: Gather node name: /model/layers.8/self_attn/Gather_12 d95923ea-2a75-4757-a86c-99d425e3974a:92:232
2026-10-04 18:51:33.094000 [I:onnxruntime:, webgpu_execution_provider.cc:666 GetCapability] webgpu kernel not found in registries for Op type: Unsqueeze node name: /model/layers.8/self_attn/Unsqueeze_28 d95923ea-2a75-4757-a86c-99d425e3974a:92:232
2026-10-04 18:51:33.094000 [I:onnxruntime:, webgpu_execution_provider.cc:666 GetCapability] webgpu kernel not found in registries for Op type: Gather node name: /model/layers.8/self_attn/Gather_10 d95923ea-2a75-4757-a86c-99d425e3974a:92:232
2026-10-04 18:51:33.095000 [I:onnxruntime:, webgpu_execution_provider.cc:666 GetCapability] webgpu kernel not found in registries for Op type: Unsqueeze node name: /model/layers.8/self_attn/Unsqueeze_22 d95923ea-2a75-4757-a86c-99d425e3974a:92:232
2026-10-04 18:51:33.095000 [I:onnxruntime:, webgpu_execution_provider.cc:666 GetCapability] webgpu kernel not found in registries for Op type: Gather node name: /model/layers.8/self_attn/Gather_8 d95923ea-2a75-4757-a86c-99d425e3974a:92:232
2026-10-04 18:51:33.095000 [I:onnxruntime:, webgpu_execution_provider.cc:666 GetCapability] webgpu kernel not found in registries for Op type: Unsqueeze node name: /model/layers.8/self_attn/Unsqueeze_20 d95923ea-2a75-4757-a86c-99d425e3974a:92:232
2026-10-04 18:51:33.095999 [I:onnxruntime:, webgpu_execution_provider.cc:666 GetCapability] webgpu kernel not found in registries for Op type: Concat node name: /model/layers.8/self_attn/Concat_9 d95923ea-2a75-4757-a86c-99d425e3974a:92:232
2026-10-04 18:51:33.095999 [I:onnxruntime:, webgpu_execution_provider.cc:666 GetCapability] webgpu kernel not found in registries for Op type: Equal node name: /model/layers.8/self_attn/Equal_1 d95923ea-2a75-4757-a86c-99d425e3974a:92:232
2026-10-04 18:51:33.095999 [I:onnxruntime:, webgpu_execution_provider.cc:666 GetCapability] webgpu kernel not found in registries for Op type: Where node name: /model/layers.8/self_attn/Where_1 d95923ea-2a75-4757-a86c-99d425e3974a:92:232
2026-10-04 18:51:33.095999 [I:onnxruntime:, webgpu_execution_provider.cc:666 GetCapability] webgpu kernel not found in registries for Op type: Gather node name: /model/layers.9/self_attn/Gather_1 d95923ea-2a75-4757-a86c-99d425e3974a:92:232
2026-10-04 18:51:33.096999 [I:onnxruntime:, webgpu_execution_provider.cc:666 GetCapability] webgpu kernel not found in registries for Op type: Unsqueeze node name: /model/layers.9/self_attn/Unsqueeze_1 d95923ea-2a75-4757-a86c-99d425e3974a:92:232
2026-10-04 18:51:33.096999 [I:onnxruntime:, webgpu_execution_provider.cc:666 GetCapability] webgpu kernel not found in registries for Op type: Gather node name: /model/layers.9/self_attn/Gather d95923ea-2a75-4757-a86c-99d425e3974a:92:232
2026-10-04 18:51:33.096999 [I:onnxruntime:, webgpu_execution_provider.cc:666 GetCapability] webgpu kernel not found in registries for Op type: Unsqueeze node name: /model/layers.9/self_attn/Unsqueeze d95923ea-2a75-4757-a86c-99d425e3974a:92:232
2026-10-04 18:51:33.096999 [I:onnxruntime:, webgpu_execution_provider.cc:666 GetCapability] webgpu kernel not found in registries for Op type: Concat node name: /model/layers.9/self_attn/Concat d95923ea-2a75-4757-a86c-99d425e3974a:92:232
2026-10-04 18:51:33.098000 [I:onnxruntime:, webgpu_execution_provider.cc:666 GetCapability] webgpu kernel not found in registries for Op type: Gather node name: /model/layers.9/self_attn/Gather_6 d95923ea-2a75-4757-a86c-99d425e3974a:92:232
2026-10-04 18:51:33.098000 [I:onnxruntime:, webgpu_execution_provider.cc:666 GetCapability] webgpu kernel not found in registries for Op type: Unsqueeze node name: /model/layers.9/self_attn/Unsqueeze_13 d95923ea-2a75-4757-a86c-99d425e3974a:92:232
2026-10-04 18:51:33.098000 [I:onnxruntime:, webgpu_execution_provider.cc:666 GetCapability] webgpu kernel not found in registries for Op type: Gather node name: /model/layers.9/self_attn/Gather_4 d95923ea-2a75-4757-a86c-99d425e3974a:92:232
2026-10-04 18:51:33.098000 [I:onnxruntime:, webgpu_execution_provider.cc:666 GetCapability] webgpu kernel not found in registries for Op type: Unsqueeze node name: /model/layers.9/self_attn/Unsqueeze_11 d95923ea-2a75-4757-a86c-99d425e3974a:92:232
2026-10-04 18:51:33.099000 [I:onnxruntime:, webgpu_execution_provider.cc:666 GetCapability] webgpu kernel not found in registries for Op type: Concat node name: /model/layers.9/self_attn/Concat_7 d95923ea-2a75-4757-a86c-99d425e3974a:92:232
2026-10-04 18:51:33.099000 [I:onnxruntime:, webgpu_execution_provider.cc:666 GetCapability] webgpu kernel not found in registries for Op type: Equal node name: /model/layers.9/self_attn/Equal d95923ea-2a75-4757-a86c-99d425e3974a:92:232
2026-10-04 18:51:33.099000 [I:onnxruntime:, webgpu_execution_provider.cc:666 GetCapability] webgpu kernel not found in registries for Op type: Where node name: /model/layers.9/self_attn/Where d95923ea-2a75-4757-a86c-99d425e3974a:92:232
2026-10-04 18:51:33.099000 [I:onnxruntime:, webgpu_execution_provider.cc:666 GetCapability] webgpu kernel not found in registries for Op type: Gather node name: /model/layers.9/self_attn/Gather_12 d95923ea-2a75-4757-a86c-99d425e3974a:92:232
2026-10-04 18:51:33.099999 [I:onnxruntime:, webgpu_execution_provider.cc:666 GetCapability] webgpu kernel not found in registries for Op type: Unsqueeze node name: /model/layers.9/self_attn/Unsqueeze_28 d95923ea-2a75-4757-a86c-99d425e3974a:92:232
2026-10-04 18:51:33.099999 [I:onnxruntime:, webgpu_execution_provider.cc:666 GetCapability] webgpu kernel not found in registries for Op type: Gather node name: /model/layers.9/self_attn/Gather_10 d95923ea-2a75-4757-a86c-99d425e3974a:92:232
2026-10-04 18:51:33.101000 [I:onnxruntime:, webgpu_execution_provider.cc:666 GetCapability] webgpu kernel not found in registries for Op type: Unsqueeze node name: /model/layers.9/self_attn/Unsqueeze_22 d95923ea-2a75-4757-a86c-99d425e3974a:92:232
2026-10-04 18:51:33.101000 [I:onnxruntime:, webgpu_execution_provider.cc:666 GetCapability] webgpu kernel not found in registries for Op type: Gather node name: /model/layers.9/self_attn/Gather_8 d95923ea-2a75-4757-a86c-99d425e3974a:92:232
2026-10-04 18:51:33.101000 [I:onnxruntime:, webgpu_execution_provider.cc:666 GetCapability] webgpu kernel not found in registries for Op type: Unsqueeze node name: /model/layers.9/self_attn/Unsqueeze_20 d95923ea-2a75-4757-a86c-99d425e3974a:92:232
2026-10-04 18:51:33.101000 [I:onnxruntime:, webgpu_execution_provider.cc:666 GetCapability] webgpu kernel not found in registries for Op type: Concat node name: /model/layers.9/self_attn/Concat_9 d95923ea-2a75-4757-a86c-99d425e3974a:92:232
2026-10-04 18:51:33.102000 [I:onnxruntime:, webgpu_execution_provider.cc:666 GetCapability] webgpu kernel not found in registries for Op type: Equal node name: /model/layers.9/self_attn/Equal_1 d95923ea-2a75-4757-a86c-99d425e3974a:92:232
2026-10-04 18:51:33.102000 [I:onnxruntime:, webgpu_execution_provider.cc:666 GetCapability] webgpu kernel not found in registries for Op type: Where node name: /model/layers.9/self_attn/Where_1 d95923ea-2a75-4757-a86c-99d425e3974a:92:232
2026-10-04 18:51:33.102000 [I:onnxruntime:, webgpu_execution_provider.cc:666 GetCapability] webgpu kernel not found in registries for Op type: Gather node name: /model/layers.10/self_attn/Gather_1 d95923ea-2a75-4757-a86c-99d425e3974a:92:232
2026-10-04 18:51:33.102000 [I:onnxruntime:, webgpu_execution_provider.cc:666 GetCapability] webgpu kernel not found in registries for Op type: Unsqueeze node name: /model/layers.10/self_attn/Unsqueeze_1 d95923ea-2a75-4757-a86c-99d425e3974a:92:232
2026-10-04 18:51:33.103000 [I:onnxruntime:, webgpu_execution_provider.cc:666 GetCapability] webgpu kernel not found in registries for Op type: Gather node name: /model/layers.10/self_attn/Gather d95923ea-2a75-4757-a86c-99d425e3974a:92:232
2026-10-04 18:51:33.103000 [I:onnxruntime:, webgpu_execution_provider.cc:666 GetCapability] webgpu kernel not found in registries for Op type: Unsqueeze node name: /model/layers.10/self_attn/Unsqueeze d95923ea-2a75-4757-a86c-99d425e3974a:92:232
2026-10-04 18:51:33.103000 [I:onnxruntime:, webgpu_execution_provider.cc:666 GetCapability] webgpu kernel not found in registries for Op type: Concat node name: /model/layers.10/self_attn/Concat d95923ea-2a75-4757-a86c-99d425e3974a:92:232
2026-10-04 18:51:33.103000 [I:onnxruntime:, webgpu_execution_provider.cc:666 GetCapability] webgpu kernel not found in registries for Op type: Gather node name: /model/layers.10/self_attn/Gather_6 d95923ea-2a75-4757-a86c-99d425e3974a:92:232
2026-10-04 18:51:33.103999 [I:onnxruntime:, webgpu_execution_provider.cc:666 GetCapability] webgpu kernel not found in registries for Op type: Unsqueeze node name: /model/layers.10/self_attn/Unsqueeze_13 d95923ea-2a75-4757-a86c-99d425e3974a:92:232
2026-10-04 18:51:33.103999 [I:onnxruntime:, webgpu_execution_provider.cc:666 GetCapability] webgpu kernel not found in registries for Op type: Gather node name: /model/layers.10/self_attn/Gather_4 d95923ea-2a75-4757-a86c-99d425e3974a:92:232
2026-10-04 18:51:33.103999 [I:onnxruntime:, webgpu_execution_provider.cc:666 GetCapability] webgpu kernel not found in registries for Op type: Unsqueeze node name: /model/layers.10/self_attn/Unsqueeze_11 d95923ea-2a75-4757-a86c-99d425e3974a:92:232
2026-10-04 18:51:33.103999 [I:onnxruntime:, webgpu_execution_provider.cc:666 GetCapability] webgpu kernel not found in registries for Op type: Concat node name: /model/layers.10/self_attn/Concat_7 d95923ea-2a75-4757-a86c-99d425e3974a:92:232
2026-10-04 18:51:33.104999 [I:onnxruntime:, webgpu_execution_provider.cc:666 GetCapability] webgpu kernel not found in registries for Op type: Equal node name: /model/layers.10/self_attn/Equal d95923ea-2a75-4757-a86c-99d425e3974a:92:232
2026-10-04 18:51:33.104999 [I:onnxruntime:, webgpu_execution_provider.cc:666 GetCapability] webgpu kernel not found in registries for Op type: Where node name: /model/layers.10/self_attn/Where d95923ea-2a75-4757-a86c-99d425e3974a:92:232
2026-10-04 18:51:33.104999 [I:onnxruntime:, webgpu_execution_provider.cc:666 GetCapability] webgpu kernel not found in registries for Op type: Gather node name: /model/layers.10/self_attn/Gather_12 d95923ea-2a75-4757-a86c-99d425e3974a:92:232
2026-10-04 18:51:33.104999 [I:onnxruntime:, webgpu_execution_provider.cc:666 GetCapability] webgpu kernel not found in registries for Op type: Unsqueeze node name: /model/layers.10/self_attn/Unsqueeze_28 d95923ea-2a75-4757-a86c-99d425e3974a:92:232
2026-10-04 18:51:33.106000 [I:onnxruntime:, webgpu_execution_provider.cc:666 GetCapability] webgpu kernel not found in registries for Op type: Gather node name: /model/layers.10/self_attn/Gather_10 d95923ea-2a75-4757-a86c-99d425e3974a:92:232
2026-10-04 18:51:33.106000 [I:onnxruntime:, webgpu_execution_provider.cc:666 GetCapability] webgpu kernel not found in registries for Op type: Unsqueeze node name: /model/layers.10/self_attn/Unsqueeze_22 d95923ea-2a75-4757-a86c-99d425e3974a:92:232
2026-10-04 18:51:33.106000 [I:onnxruntime:, webgpu_execution_provider.cc:666 GetCapability] webgpu kernel not found in registries for Op type: Gather node name: /model/layers.10/self_attn/Gather_8 d95923ea-2a75-4757-a86c-99d425e3974a:92:232
2026-10-04 18:51:33.106000 [I:onnxruntime:, webgpu_execution_provider.cc:666 GetCapability] webgpu kernel not found in registries for Op type: Unsqueeze node name: /model/layers.10/self_attn/Unsqueeze_20 d95923ea-2a75-4757-a86c-99d425e3974a:92:232
2026-10-04 18:51:33.107000 [I:onnxruntime:, webgpu_execution_provider.cc:666 GetCapability] webgpu kernel not found in registries for Op type: Concat node name: /model/layers.10/self_attn/Concat_9 d95923ea-2a75-4757-a86c-99d425e3974a:92:232
2026-10-04 18:51:33.107000 [I:onnxruntime:, webgpu_execution_provider.cc:666 GetCapability] webgpu kernel not found in registries for Op type: Equal node name: /model/layers.10/self_attn/Equal_1 d95923ea-2a75-4757-a86c-99d425e3974a:92:232
2026-10-04 18:51:33.107000 [I:onnxruntime:, webgpu_execution_provider.cc:666 GetCapability] webgpu kernel not found in registries for Op type: Where node name: /model/layers.10/self_attn/Where_1 d95923ea-2a75-4757-a86c-99d425e3974a:92:232
2026-10-04 18:51:33.107000 [I:onnxruntime:, webgpu_execution_provider.cc:666 GetCapability] webgpu kernel not found in registries for Op type: Gather node name: /model/layers.11/self_attn/Gather_1 d95923ea-2a75-4757-a86c-99d425e3974a:92:232
2026-10-04 18:51:33.107999 [I:onnxruntime:, webgpu_execution_provider.cc:666 GetCapability] webgpu kernel not found in registries for Op type: Unsqueeze node name: /model/layers.11/self_attn/Unsqueeze_1 d95923ea-2a75-4757-a86c-99d425e3974a:92:232
2026-10-04 18:51:33.107999 [I:onnxruntime:, webgpu_execution_provider.cc:666 GetCapability] webgpu kernel not found in registries for Op type: Gather node name: /model/layers.11/self_attn/Gather d95923ea-2a75-4757-a86c-99d425e3974a:92:232
2026-10-04 18:51:33.107999 [I:onnxruntime:, webgpu_execution_provider.cc:666 GetCapability] webgpu kernel not found in registries for Op type: Unsqueeze node name: /model/layers.11/self_attn/Unsqueeze d95923ea-2a75-4757-a86c-99d425e3974a:92:232
2026-10-04 18:51:33.107999 [I:onnxruntime:, webgpu_execution_provider.cc:666 GetCapability] webgpu kernel not found in registries for Op type: Concat node name: /model/layers.11/self_attn/Concat d95923ea-2a75-4757-a86c-99d425e3974a:92:232
2026-10-04 18:51:33.107999 [I:onnxruntime:, webgpu_execution_provider.cc:666 GetCapability] webgpu kernel not found in registries for Op type: Gather node name: /model/layers.11/self_attn/Gather_6 d95923ea-2a75-4757-a86c-99d425e3974a:92:232
2026-10-04 18:51:33.107999 [I:onnxruntime:, webgpu_execution_provider.cc:666 GetCapability] webgpu kernel not found in registries for Op type: Unsqueeze node name: /model/layers.11/self_attn/Unsqueeze_13 d95923ea-2a75-4757-a86c-99d425e3974a:92:232
2026-10-04 18:51:33.109000 [I:onnxruntime:, webgpu_execution_provider.cc:666 GetCapability] webgpu kernel not found in registries for Op type: Gather node name: /model/layers.11/self_attn/Gather_4 d95923ea-2a75-4757-a86c-99d425e3974a:92:232
2026-10-04 18:51:33.109000 [I:onnxruntime:, webgpu_execution_provider.cc:666 GetCapability] webgpu kernel not found in registries for Op type: Unsqueeze node name: /model/layers.11/self_attn/Unsqueeze_11 d95923ea-2a75-4757-a86c-99d425e3974a:92:232
2026-10-04 18:51:33.109000 [I:onnxruntime:, webgpu_execution_provider.cc:666 GetCapability] webgpu kernel not found in registries for Op type: Concat node name: /model/layers.11/self_attn/Concat_7 d95923ea-2a75-4757-a86c-99d425e3974a:92:232
2026-10-04 18:51:33.109000 [I:onnxruntime:, webgpu_execution_provider.cc:666 GetCapability] webgpu kernel not found in registries for Op type: Equal node name: /model/layers.11/self_attn/Equal d95923ea-2a75-4757-a86c-99d425e3974a:92:232
2026-10-04 18:51:33.110000 [I:onnxruntime:, webgpu_execution_provider.cc:666 GetCapability] webgpu kernel not found in registries for Op type: Where node name: /model/layers.11/self_attn/Where d95923ea-2a75-4757-a86c-99d425e3974a:92:232
2026-10-04 18:51:33.110000 [I:onnxruntime:, webgpu_execution_provider.cc:666 GetCapability] webgpu kernel not found in registries for Op type: Gather node name: /model/layers.11/self_attn/Gather_12 d95923ea-2a75-4757-a86c-99d425e3974a:92:232
2026-10-04 18:51:33.110000 [I:onnxruntime:, webgpu_execution_provider.cc:666 GetCapability] webgpu kernel not found in registries for Op type: Unsqueeze node name: /model/layers.11/self_attn/Unsqueeze_28 d95923ea-2a75-4757-a86c-99d425e3974a:92:232
2026-10-04 18:51:33.110000 [I:onnxruntime:, webgpu_execution_provider.cc:666 GetCapability] webgpu kernel not found in registries for Op type: Gather node name: /model/layers.11/self_attn/Gather_10 d95923ea-2a75-4757-a86c-99d425e3974a:92:232
2026-10-04 18:51:33.110000 [I:onnxruntime:, webgpu_execution_provider.cc:666 GetCapability] webgpu kernel not found in registries for Op type: Unsqueeze node name: /model/layers.11/self_attn/Unsqueeze_22 d95923ea-2a75-4757-a86c-99d425e3974a:92:232
2026-10-04 18:51:33.111000 [I:onnxruntime:, webgpu_execution_provider.cc:666 GetCapability] webgpu kernel not found in registries for Op type: Gather node name: /model/layers.11/self_attn/Gather_8 d95923ea-2a75-4757-a86c-99d425e3974a:92:232
2026-10-04 18:51:33.111000 [I:onnxruntime:, webgpu_execution_provider.cc:666 GetCapability] webgpu kernel not found in registries for Op type: Unsqueeze node name: /model/layers.11/self_attn/Unsqueeze_20 d95923ea-2a75-4757-a86c-99d425e3974a:92:232
2026-10-04 18:51:33.111000 [I:onnxruntime:, webgpu_execution_provider.cc:666 GetCapability] webgpu kernel not found in registries for Op type: Concat node name: /model/layers.11/self_attn/Concat_9 d95923ea-2a75-4757-a86c-99d425e3974a:92:232
2026-10-04 18:51:33.111000 [I:onnxruntime:, webgpu_execution_provider.cc:666 GetCapability] webgpu kernel not found in registries for Op type: Equal node name: /model/layers.11/self_attn/Equal_1 d95923ea-2a75-4757-a86c-99d425e3974a:92:232
2026-10-04 18:51:33.111000 [I:onnxruntime:, webgpu_execution_provider.cc:666 GetCapability] webgpu kernel not found in registries for Op type: Where node name: /model/layers.11/self_attn/Where_1 d95923ea-2a75-4757-a86c-99d425e3974a:92:232
2026-10-04 18:51:33.111999 [I:onnxruntime:, webgpu_execution_provider.cc:666 GetCapability] webgpu kernel not found in registries for Op type: Gather node name: /model/layers.12/self_attn/Gather_1 d95923ea-2a75-4757-a86c-99d425e3974a:92:232
2026-10-04 18:51:33.111999 [I:onnxruntime:, webgpu_execution_provider.cc:666 GetCapability] webgpu kernel not found in registries for Op type: Unsqueeze node name: /model/layers.12/self_attn/Unsqueeze_1 d95923ea-2a75-4757-a86c-99d425e3974a:92:232
2026-10-04 18:51:33.111999 [I:onnxruntime:, webgpu_execution_provider.cc:666 GetCapability] webgpu kernel not found in registries for Op type: Gather node name: /model/layers.12/self_attn/Gather d95923ea-2a75-4757-a86c-99d425e3974a:92:232
2026-10-04 18:51:33.112999 [I:onnxruntime:, webgpu_execution_provider.cc:666 GetCapability] webgpu kernel not found in registries for Op type: Unsqueeze node name: /model/layers.12/self_attn/Unsqueeze d95923ea-2a75-4757-a86c-99d425e3974a:92:232
2026-10-04 18:51:33.112999 [I:onnxruntime:, webgpu_execution_provider.cc:666 GetCapability] webgpu kernel not found in registries for Op type: Concat node name: /model/layers.12/self_attn/Concat d95923ea-2a75-4757-a86c-99d425e3974a:92:232
2026-10-04 18:51:33.112999 [I:onnxruntime:, webgpu_execution_provider.cc:666 GetCapability] webgpu kernel not found in registries for Op type: Gather node name: /model/layers.12/self_attn/Gather_6 d95923ea-2a75-4757-a86c-99d425e3974a:92:232
2026-10-04 18:51:33.112999 [I:onnxruntime:, webgpu_execution_provider.cc:666 GetCapability] webgpu kernel not found in registries for Op type: Unsqueeze node name: /model/layers.12/self_attn/Unsqueeze_13 d95923ea-2a75-4757-a86c-99d425e3974a:92:232
2026-10-04 18:51:33.112999 [I:onnxruntime:, webgpu_execution_provider.cc:666 GetCapability] webgpu kernel not found in registries for Op type: Gather node name: /model/layers.12/self_attn/Gather_4 d95923ea-2a75-4757-a86c-99d425e3974a:92:232
2026-10-04 18:51:33.114000 [I:onnxruntime:, webgpu_execution_provider.cc:666 GetCapability] webgpu kernel not found in registries for Op type: Unsqueeze node name: /model/layers.12/self_attn/Unsqueeze_11 d95923ea-2a75-4757-a86c-99d425e3974a:92:232
2026-10-04 18:51:33.114000 [I:onnxruntime:, webgpu_execution_provider.cc:666 GetCapability] webgpu kernel not found in registries for Op type: Concat node name: /model/layers.12/self_attn/Concat_7 d95923ea-2a75-4757-a86c-99d425e3974a:92:232
2026-10-04 18:51:33.114000 [I:onnxruntime:, webgpu_execution_provider.cc:666 GetCapability] webgpu kernel not found in registries for Op type: Equal node name: /model/layers.12/self_attn/Equal d95923ea-2a75-4757-a86c-99d425e3974a:92:232
2026-10-04 18:51:33.114000 [I:onnxruntime:, webgpu_execution_provider.cc:666 GetCapability] webgpu kernel not found in registries for Op type: Where node name: /model/layers.12/self_attn/Where d95923ea-2a75-4757-a86c-99d425e3974a:92:232
2026-10-04 18:51:33.115000 [I:onnxruntime:, webgpu_execution_provider.cc:666 GetCapability] webgpu kernel not found in registries for Op type: Gather node name: /model/layers.12/self_attn/Gather_12 d95923ea-2a75-4757-a86c-99d425e3974a:92:232
2026-10-04 18:51:33.115000 [I:onnxruntime:, webgpu_execution_provider.cc:666 GetCapability] webgpu kernel not found in registries for Op type: Unsqueeze node name: /model/layers.12/self_attn/Unsqueeze_28 d95923ea-2a75-4757-a86c-99d425e3974a:92:232
2026-10-04 18:51:33.115000 [I:onnxruntime:, webgpu_execution_provider.cc:666 GetCapability] webgpu kernel not found in registries for Op type: Gather node name: /model/layers.12/self_attn/Gather_10 d95923ea-2a75-4757-a86c-99d425e3974a:92:232
2026-10-04 18:51:33.115999 [I:onnxruntime:, webgpu_execution_provider.cc:666 GetCapability] webgpu kernel not found in registries for Op type: Unsqueeze node name: /model/layers.12/self_attn/Unsqueeze_22 d95923ea-2a75-4757-a86c-99d425e3974a:92:232
2026-10-04 18:51:33.115999 [I:onnxruntime:, webgpu_execution_provider.cc:666 GetCapability] webgpu kernel not found in registries for Op type: Gather node name: /model/layers.12/self_attn/Gather_8 d95923ea-2a75-4757-a86c-99d425e3974a:92:232
2026-10-04 18:51:33.123999 [I:onnxruntime:, webgpu_execution_provider.cc:666 GetCapability] webgpu kernel not found in registries for Op type: Unsqueeze node name: /model/layers.12/self_attn/Unsqueeze_20 d95923ea-2a75-4757-a86c-99d425e3974a:92:232
2026-10-04 18:51:33.125000 [I:onnxruntime:, webgpu_execution_provider.cc:666 GetCapability] webgpu kernel not found in registries for Op type: Concat node name: /model/layers.12/self_attn/Concat_9 d95923ea-2a75-4757-a86c-99d425e3974a:92:232
2026-10-04 18:51:33.125000 [I:onnxruntime:, webgpu_execution_provider.cc:666 GetCapability] webgpu kernel not found in registries for Op type: Equal node name: /model/layers.12/self_attn/Equal_1 d95923ea-2a75-4757-a86c-99d425e3974a:92:232
2026-10-04 18:51:33.125000 [I:onnxruntime:, webgpu_execution_provider.cc:666 GetCapability] webgpu kernel not found in registries for Op type: Where node name: /model/layers.12/self_attn/Where_1 d95923ea-2a75-4757-a86c-99d425e3974a:92:232
2026-10-04 18:51:33.125000 [I:onnxruntime:, webgpu_execution_provider.cc:666 GetCapability] webgpu kernel not found in registries for Op type: Gather node name: /model/layers.13/self_attn/Gather_1 d95923ea-2a75-4757-a86c-99d425e3974a:92:232
2026-10-04 18:51:33.126000 [I:onnxruntime:, webgpu_execution_provider.cc:666 GetCapability] webgpu kernel not found in registries for Op type: Unsqueeze node name: /model/layers.13/self_attn/Unsqueeze_1 d95923ea-2a75-4757-a86c-99d425e3974a:92:232
2026-10-04 18:51:33.126000 [I:onnxruntime:, webgpu_execution_provider.cc:666 GetCapability] webgpu kernel not found in registries for Op type: Gather node name: /model/layers.13/self_attn/Gather d95923ea-2a75-4757-a86c-99d425e3974a:92:232
2026-10-04 18:51:33.126000 [I:onnxruntime:, webgpu_execution_provider.cc:666 GetCapability] webgpu kernel not found in registries for Op type: Unsqueeze node name: /model/layers.13/self_attn/Unsqueeze d95923ea-2a75-4757-a86c-99d425e3974a:92:232
2026-10-04 18:51:33.126000 [I:onnxruntime:, webgpu_execution_provider.cc:666 GetCapability] webgpu kernel not found in registries for Op type: Concat node name: /model/layers.13/self_attn/Concat d95923ea-2a75-4757-a86c-99d425e3974a:92:232
2026-10-04 18:51:33.127000 [I:onnxruntime:, webgpu_execution_provider.cc:666 GetCapability] webgpu kernel not found in registries for Op type: Gather node name: /model/layers.13/self_attn/Gather_6 d95923ea-2a75-4757-a86c-99d425e3974a:92:232
2026-10-04 18:51:33.127000 [I:onnxruntime:, webgpu_execution_provider.cc:666 GetCapability] webgpu kernel not found in registries for Op type: Unsqueeze node name: /model/layers.13/self_attn/Unsqueeze_13 d95923ea-2a75-4757-a86c-99d425e3974a:92:232
2026-10-04 18:51:33.127000 [I:onnxruntime:, webgpu_execution_provider.cc:666 GetCapability] webgpu kernel not found in registries for Op type: Gather node name: /model/layers.13/self_attn/Gather_4 d95923ea-2a75-4757-a86c-99d425e3974a:92:232
2026-10-04 18:51:33.127000 [I:onnxruntime:, webgpu_execution_provider.cc:666 GetCapability] webgpu kernel not found in registries for Op type: Unsqueeze node name: /model/layers.13/self_attn/Unsqueeze_11 d95923ea-2a75-4757-a86c-99d425e3974a:92:232
2026-10-04 18:51:33.127999 [I:onnxruntime:, webgpu_execution_provider.cc:666 GetCapability] webgpu kernel not found in registries for Op type: Concat node name: /model/layers.13/self_attn/Concat_7 d95923ea-2a75-4757-a86c-99d425e3974a:92:232
2026-10-04 18:51:33.127999 [I:onnxruntime:, webgpu_execution_provider.cc:666 GetCapability] webgpu kernel not found in registries for Op type: Equal node name: /model/layers.13/self_attn/Equal d95923ea-2a75-4757-a86c-99d425e3974a:92:232
2026-10-04 18:51:33.127999 [I:onnxruntime:, webgpu_execution_provider.cc:666 GetCapability] webgpu kernel not found in registries for Op type: Where node name: /model/layers.13/self_attn/Where d95923ea-2a75-4757-a86c-99d425e3974a:92:232
2026-10-04 18:51:33.127999 [I:onnxruntime:, webgpu_execution_provider.cc:666 GetCapability] webgpu kernel not found in registries for Op type: Gather node name: /model/layers.13/self_attn/Gather_12 d95923ea-2a75-4757-a86c-99d425e3974a:92:232
2026-10-04 18:51:33.128999 [I:onnxruntime:, webgpu_execution_provider.cc:666 GetCapability] webgpu kernel not found in registries for Op type: Unsqueeze node name: /model/layers.13/self_attn/Unsqueeze_28 d95923ea-2a75-4757-a86c-99d425e3974a:92:232
2026-10-04 18:51:33.128999 [I:onnxruntime:, webgpu_execution_provider.cc:666 GetCapability] webgpu kernel not found in registries for Op type: Gather node name: /model/layers.13/self_attn/Gather_10 d95923ea-2a75-4757-a86c-99d425e3974a:92:232
2026-10-04 18:51:33.128999 [I:onnxruntime:, webgpu_execution_provider.cc:666 GetCapability] webgpu kernel not found in registries for Op type: Unsqueeze node name: /model/layers.13/self_attn/Unsqueeze_22 d95923ea-2a75-4757-a86c-99d425e3974a:92:232
2026-10-04 18:51:33.128999 [I:onnxruntime:, webgpu_execution_provider.cc:666 GetCapability] webgpu kernel not found in registries for Op type: Gather node name: /model/layers.13/self_attn/Gather_8 d95923ea-2a75-4757-a86c-99d425e3974a:92:232
2026-10-04 18:51:33.130000 [I:onnxruntime:, webgpu_execution_provider.cc:666 GetCapability] webgpu kernel not found in registries for Op type: Unsqueeze node name: /model/layers.13/self_attn/Unsqueeze_20 d95923ea-2a75-4757-a86c-99d425e3974a:92:232
2026-10-04 18:51:33.130000 [I:onnxruntime:, webgpu_execution_provider.cc:666 GetCapability] webgpu kernel not found in registries for Op type: Concat node name: /model/layers.13/self_attn/Concat_9 d95923ea-2a75-4757-a86c-99d425e3974a:92:232
2026-10-04 18:51:33.130000 [I:onnxruntime:, webgpu_execution_provider.cc:666 GetCapability] webgpu kernel not found in registries for Op type: Equal node name: /model/layers.13/self_attn/Equal_1 d95923ea-2a75-4757-a86c-99d425e3974a:92:232
2026-10-04 18:51:33.130000 [I:onnxruntime:, webgpu_execution_provider.cc:666 GetCapability] webgpu kernel not found in registries for Op type: Where node name: /model/layers.13/self_attn/Where_1 d95923ea-2a75-4757-a86c-99d425e3974a:92:232
2026-10-04 18:51:33.130000 [I:onnxruntime:, webgpu_execution_provider.cc:666 GetCapability] webgpu kernel not found in registries for Op type: Gather node name: /model/layers.14/self_attn/Gather_1 d95923ea-2a75-4757-a86c-99d425e3974a:92:232
2026-10-04 18:51:33.131000 [I:onnxruntime:, webgpu_execution_provider.cc:666 GetCapability] webgpu kernel not found in registries for Op type: Unsqueeze node name: /model/layers.14/self_attn/Unsqueeze_1 d95923ea-2a75-4757-a86c-99d425e3974a:92:232
2026-10-04 18:51:33.131000 [I:onnxruntime:, webgpu_execution_provider.cc:666 GetCapability] webgpu kernel not found in registries for Op type: Gather node name: /model/layers.14/self_attn/Gather d95923ea-2a75-4757-a86c-99d425e3974a:92:232
2026-10-04 18:51:33.131000 [I:onnxruntime:, webgpu_execution_provider.cc:666 GetCapability] webgpu kernel not found in registries for Op type: Unsqueeze node name: /model/layers.14/self_attn/Unsqueeze d95923ea-2a75-4757-a86c-99d425e3974a:92:232
2026-10-04 18:51:33.131000 [I:onnxruntime:, webgpu_execution_provider.cc:666 GetCapability] webgpu kernel not found in registries for Op type: Concat node name: /model/layers.14/self_attn/Concat d95923ea-2a75-4757-a86c-99d425e3974a:92:232
2026-10-04 18:51:33.131999 [I:onnxruntime:, webgpu_execution_provider.cc:666 GetCapability] webgpu kernel not found in registries for Op type: Gather node name: /model/layers.14/self_attn/Gather_6 d95923ea-2a75-4757-a86c-99d425e3974a:92:232
2026-10-04 18:51:33.131999 [I:onnxruntime:, webgpu_execution_provider.cc:666 GetCapability] webgpu kernel not found in registries for Op type: Unsqueeze node name: /model/layers.14/self_attn/Unsqueeze_13 d95923ea-2a75-4757-a86c-99d425e3974a:92:232
2026-10-04 18:51:33.131999 [I:onnxruntime:, webgpu_execution_provider.cc:666 GetCapability] webgpu kernel not found in registries for Op type: Gather node name: /model/layers.14/self_attn/Gather_4 d95923ea-2a75-4757-a86c-99d425e3974a:92:232
2026-10-04 18:51:33.131999 [I:onnxruntime:, webgpu_execution_provider.cc:666 GetCapability] webgpu kernel not found in registries for Op type: Unsqueeze node name: /model/layers.14/self_attn/Unsqueeze_11 d95923ea-2a75-4757-a86c-99d425e3974a:92:232
2026-10-04 18:51:33.131999 [I:onnxruntime:, webgpu_execution_provider.cc:666 GetCapability] webgpu kernel not found in registries for Op type: Concat node name: /model/layers.14/self_attn/Concat_7 d95923ea-2a75-4757-a86c-99d425e3974a:92:232
2026-10-04 18:51:33.133000 [I:onnxruntime:, webgpu_execution_provider.cc:666 GetCapability] webgpu kernel not found in registries for Op type: Equal node name: /model/layers.14/self_attn/Equal d95923ea-2a75-4757-a86c-99d425e3974a:92:232
2026-10-04 18:51:33.133000 [I:onnxruntime:, webgpu_execution_provider.cc:666 GetCapability] webgpu kernel not found in registries for Op type: Where node name: /model/layers.14/self_attn/Where d95923ea-2a75-4757-a86c-99d425e3974a:92:232
2026-10-04 18:51:33.133000 [I:onnxruntime:, webgpu_execution_provider.cc:666 GetCapability] webgpu kernel not found in registries for Op type: Gather node name: /model/layers.14/self_attn/Gather_12 d95923ea-2a75-4757-a86c-99d425e3974a:92:232
2026-10-04 18:51:33.134000 [I:onnxruntime:, webgpu_execution_provider.cc:666 GetCapability] webgpu kernel not found in registries for Op type: Unsqueeze node name: /model/layers.14/self_attn/Unsqueeze_28 d95923ea-2a75-4757-a86c-99d425e3974a:92:232
2026-10-04 18:51:33.135000 [I:onnxruntime:, webgpu_execution_provider.cc:666 GetCapability] webgpu kernel not found in registries for Op type: Gather node name: /model/layers.14/self_attn/Gather_10 d95923ea-2a75-4757-a86c-99d425e3974a:92:232
2026-10-04 18:51:33.135000 [I:onnxruntime:, webgpu_execution_provider.cc:666 GetCapability] webgpu kernel not found in registries for Op type: Unsqueeze node name: /model/layers.14/self_attn/Unsqueeze_22 d95923ea-2a75-4757-a86c-99d425e3974a:92:232
2026-10-04 18:51:33.135000 [I:onnxruntime:, webgpu_execution_provider.cc:666 GetCapability] webgpu kernel not found in registries for Op type: Gather node name: /model/layers.14/self_attn/Gather_8 d95923ea-2a75-4757-a86c-99d425e3974a:92:232
2026-10-04 18:51:33.135000 [I:onnxruntime:, webgpu_execution_provider.cc:666 GetCapability] webgpu kernel not found in registries for Op type: Unsqueeze node name: /model/layers.14/self_attn/Unsqueeze_20 d95923ea-2a75-4757-a86c-99d425e3974a:92:232
2026-10-04 18:51:33.135999 [I:onnxruntime:, webgpu_execution_provider.cc:666 GetCapability] webgpu kernel not found in registries for Op type: Concat node name: /model/layers.14/self_attn/Concat_9 d95923ea-2a75-4757-a86c-99d425e3974a:92:232
2026-10-04 18:51:33.135999 [I:onnxruntime:, webgpu_execution_provider.cc:666 GetCapability] webgpu kernel not found in registries for Op type: Equal node name: /model/layers.14/self_attn/Equal_1 d95923ea-2a75-4757-a86c-99d425e3974a:92:232
2026-10-04 18:51:33.135999 [I:onnxruntime:, webgpu_execution_provider.cc:666 GetCapability] webgpu kernel not found in registries for Op type: Where node name: /model/layers.14/self_attn/Where_1 d95923ea-2a75-4757-a86c-99d425e3974a:92:232
2026-10-04 18:51:33.135999 [I:onnxruntime:, webgpu_execution_provider.cc:666 GetCapability] webgpu kernel not found in registries for Op type: Gather node name: /model/layers.15/self_attn/Gather_1 d95923ea-2a75-4757-a86c-99d425e3974a:92:232
2026-10-04 18:51:33.135999 [I:onnxruntime:, webgpu_execution_provider.cc:666 GetCapability] webgpu kernel not found in registries for Op type: Unsqueeze node name: /model/layers.15/self_attn/Unsqueeze_1 d95923ea-2a75-4757-a86c-99d425e3974a:92:232
2026-10-04 18:51:33.135999 [I:onnxruntime:, webgpu_execution_provider.cc:666 GetCapability] webgpu kernel not found in registries for Op type: Gather node name: /model/layers.15/self_attn/Gather d95923ea-2a75-4757-a86c-99d425e3974a:92:232
2026-10-04 18:51:33.135999 [I:onnxruntime:, webgpu_execution_provider.cc:666 GetCapability] webgpu kernel not found in registries for Op type: Unsqueeze node name: /model/layers.15/self_attn/Unsqueeze d95923ea-2a75-4757-a86c-99d425e3974a:92:232
2026-10-04 18:51:33.136999 [I:onnxruntime:, webgpu_execution_provider.cc:666 GetCapability] webgpu kernel not found in registries for Op type: Concat node name: /model/layers.15/self_attn/Concat d95923ea-2a75-4757-a86c-99d425e3974a:92:232
2026-10-04 18:51:33.136999 [I:onnxruntime:, webgpu_execution_provider.cc:666 GetCapability] webgpu kernel not found in registries for Op type: Gather node name: /model/layers.15/self_attn/Gather_6 d95923ea-2a75-4757-a86c-99d425e3974a:92:232
2026-10-04 18:51:33.136999 [I:onnxruntime:, webgpu_execution_provider.cc:666 GetCapability] webgpu kernel not found in registries for Op type: Unsqueeze node name: /model/layers.15/self_attn/Unsqueeze_13 d95923ea-2a75-4757-a86c-99d425e3974a:92:232
2026-10-04 18:51:33.136999 [I:onnxruntime:, webgpu_execution_provider.cc:666 GetCapability] webgpu kernel not found in registries for Op type: Gather node name: /model/layers.15/self_attn/Gather_4 d95923ea-2a75-4757-a86c-99d425e3974a:92:232
2026-10-04 18:51:33.138000 [I:onnxruntime:, webgpu_execution_provider.cc:666 GetCapability] webgpu kernel not found in registries for Op type: Unsqueeze node name: /model/layers.15/self_attn/Unsqueeze_11 d95923ea-2a75-4757-a86c-99d425e3974a:92:232
2026-10-04 18:51:33.139000 [I:onnxruntime:, webgpu_execution_provider.cc:666 GetCapability] webgpu kernel not found in registries for Op type: Concat node name: /model/layers.15/self_attn/Concat_7 d95923ea-2a75-4757-a86c-99d425e3974a:92:232
2026-10-04 18:51:33.139000 [I:onnxruntime:, webgpu_execution_provider.cc:666 GetCapability] webgpu kernel not found in registries for Op type: Equal node name: /model/layers.15/self_attn/Equal d95923ea-2a75-4757-a86c-99d425e3974a:92:232
2026-10-04 18:51:33.139000 [I:onnxruntime:, webgpu_execution_provider.cc:666 GetCapability] webgpu kernel not found in registries for Op type: Where node name: /model/layers.15/self_attn/Where d95923ea-2a75-4757-a86c-99d425e3974a:92:232
2026-10-04 18:51:33.139999 [I:onnxruntime:, webgpu_execution_provider.cc:666 GetCapability] webgpu kernel not found in registries for Op type: Gather node name: /model/layers.15/self_attn/Gather_12 d95923ea-2a75-4757-a86c-99d425e3974a:92:232
2026-10-04 18:51:33.139999 [I:onnxruntime:, webgpu_execution_provider.cc:666 GetCapability] webgpu kernel not found in registries for Op type: Unsqueeze node name: /model/layers.15/self_attn/Unsqueeze_28 d95923ea-2a75-4757-a86c-99d425e3974a:92:232
2026-10-04 18:51:33.141000 [I:onnxruntime:, webgpu_execution_provider.cc:666 GetCapability] webgpu kernel not found in registries for Op type: Gather node name: /model/layers.15/self_attn/Gather_10 d95923ea-2a75-4757-a86c-99d425e3974a:92:232
2026-10-04 18:51:33.141000 [I:onnxruntime:, webgpu_execution_provider.cc:666 GetCapability] webgpu kernel not found in registries for Op type: Unsqueeze node name: /model/layers.15/self_attn/Unsqueeze_22 d95923ea-2a75-4757-a86c-99d425e3974a:92:232
2026-10-04 18:51:33.142000 [I:onnxruntime:, webgpu_execution_provider.cc:666 GetCapability] webgpu kernel not found in registries for Op type: Gather node name: /model/layers.15/self_attn/Gather_8 d95923ea-2a75-4757-a86c-99d425e3974a:92:232
2026-10-04 18:51:33.142000 [I:onnxruntime:, webgpu_execution_provider.cc:666 GetCapability] webgpu kernel not found in registries for Op type: Unsqueeze node name: /model/layers.15/self_attn/Unsqueeze_20 d95923ea-2a75-4757-a86c-99d425e3974a:92:232
2026-10-04 18:51:33.143000 [I:onnxruntime:, webgpu_execution_provider.cc:666 GetCapability] webgpu kernel not found in registries for Op type: Concat node name: /model/layers.15/self_attn/Concat_9 d95923ea-2a75-4757-a86c-99d425e3974a:92:232
2026-10-04 18:51:33.143000 [I:onnxruntime:, webgpu_execution_provider.cc:666 GetCapability] webgpu kernel not found in registries for Op type: Equal node name: /model/layers.15/self_attn/Equal_1 d95923ea-2a75-4757-a86c-99d425e3974a:92:232
2026-10-04 18:51:33.143000 [I:onnxruntime:, webgpu_execution_provider.cc:666 GetCapability] webgpu kernel not found in registries for Op type: Where node name: /model/layers.15/self_attn/Where_1 d95923ea-2a75-4757-a86c-99d425e3974a:92:232
2026-10-04 18:51:33.143999 [I:onnxruntime:, webgpu_execution_provider.cc:666 GetCapability] webgpu kernel not found in registries for Op type: Gather node name: /model/layers.16/self_attn/Gather_1 d95923ea-2a75-4757-a86c-99d425e3974a:92:232
2026-10-04 18:51:33.143999 [I:onnxruntime:, webgpu_execution_provider.cc:666 GetCapability] webgpu kernel not found in registries for Op type: Unsqueeze node name: /model/layers.16/self_attn/Unsqueeze_1 d95923ea-2a75-4757-a86c-99d425e3974a:92:232
2026-10-04 18:51:33.144999 [I:onnxruntime:, webgpu_execution_provider.cc:666 GetCapability] webgpu kernel not found in registries for Op type: Gather node name: /model/layers.16/self_attn/Gather d95923ea-2a75-4757-a86c-99d425e3974a:92:232
2026-10-04 18:51:33.146000 [I:onnxruntime:, webgpu_execution_provider.cc:666 GetCapability] webgpu kernel not found in registries for Op type: Unsqueeze node name: /model/layers.16/self_attn/Unsqueeze d95923ea-2a75-4757-a86c-99d425e3974a:92:232
2026-10-04 18:51:33.147000 [I:onnxruntime:, webgpu_execution_provider.cc:666 GetCapability] webgpu kernel not found in registries for Op type: Concat node name: /model/layers.16/self_attn/Concat d95923ea-2a75-4757-a86c-99d425e3974a:92:232
2026-10-04 18:51:33.147999 [I:onnxruntime:, webgpu_execution_provider.cc:666 GetCapability] webgpu kernel not found in registries for Op type: Gather node name: /model/layers.16/self_attn/Gather_6 d95923ea-2a75-4757-a86c-99d425e3974a:92:232
2026-10-04 18:51:33.149000 [I:onnxruntime:, webgpu_execution_provider.cc:666 GetCapability] webgpu kernel not found in registries for Op type: Unsqueeze node name: /model/layers.16/self_attn/Unsqueeze_13 d95923ea-2a75-4757-a86c-99d425e3974a:92:232
2026-10-04 18:51:33.150000 [I:onnxruntime:, webgpu_execution_provider.cc:666 GetCapability] webgpu kernel not found in registries for Op type: Gather node name: /model/layers.16/self_attn/Gather_4 d95923ea-2a75-4757-a86c-99d425e3974a:92:232
2026-10-04 18:51:33.150000 [I:onnxruntime:, webgpu_execution_provider.cc:666 GetCapability] webgpu kernel not found in registries for Op type: Unsqueeze node name: /model/layers.16/self_attn/Unsqueeze_11 d95923ea-2a75-4757-a86c-99d425e3974a:92:232
2026-10-04 18:51:33.150000 [I:onnxruntime:, webgpu_execution_provider.cc:666 GetCapability] webgpu kernel not found in registries for Op type: Concat node name: /model/layers.16/self_attn/Concat_7 d95923ea-2a75-4757-a86c-99d425e3974a:92:232
2026-10-04 18:51:33.155000 [I:onnxruntime:, webgpu_execution_provider.cc:666 GetCapability] webgpu kernel not found in registries for Op type: Equal node name: /model/layers.16/self_attn/Equal d95923ea-2a75-4757-a86c-99d425e3974a:92:232
2026-10-04 18:51:33.155000 [I:onnxruntime:, webgpu_execution_provider.cc:666 GetCapability] webgpu kernel not found in registries for Op type: Where node name: /model/layers.16/self_attn/Where d95923ea-2a75-4757-a86c-99d425e3974a:92:232
2026-10-04 18:51:33.155000 [I:onnxruntime:, webgpu_execution_provider.cc:666 GetCapability] webgpu kernel not found in registries for Op type: Gather node name: /model/layers.16/self_attn/Gather_12 d95923ea-2a75-4757-a86c-99d425e3974a:92:232
2026-10-04 18:51:33.155000 [I:onnxruntime:, webgpu_execution_provider.cc:666 GetCapability] webgpu kernel not found in registries for Op type: Unsqueeze node name: /model/layers.16/self_attn/Unsqueeze_28 d95923ea-2a75-4757-a86c-99d425e3974a:92:232
2026-10-04 18:51:33.155999 [I:onnxruntime:, webgpu_execution_provider.cc:666 GetCapability] webgpu kernel not found in registries for Op type: Gather node name: /model/layers.16/self_attn/Gather_10 d95923ea-2a75-4757-a86c-99d425e3974a:92:232
2026-10-04 18:51:33.155999 [I:onnxruntime:, webgpu_execution_provider.cc:666 GetCapability] webgpu kernel not found in registries for Op type: Unsqueeze node name: /model/layers.16/self_attn/Unsqueeze_22 d95923ea-2a75-4757-a86c-99d425e3974a:92:232
2026-10-04 18:51:33.155999 [I:onnxruntime:, webgpu_execution_provider.cc:666 GetCapability] webgpu kernel not found in registries for Op type: Gather node name: /model/layers.16/self_attn/Gather_8 d95923ea-2a75-4757-a86c-99d425e3974a:92:232
2026-10-04 18:51:33.157000 [I:onnxruntime:, webgpu_execution_provider.cc:666 GetCapability] webgpu kernel not found in registries for Op type: Unsqueeze node name: /model/layers.16/self_attn/Unsqueeze_20 d95923ea-2a75-4757-a86c-99d425e3974a:92:232
2026-10-04 18:51:33.157000 [I:onnxruntime:, webgpu_execution_provider.cc:666 GetCapability] webgpu kernel not found in registries for Op type: Concat node name: /model/layers.16/self_attn/Concat_9 d95923ea-2a75-4757-a86c-99d425e3974a:92:232
2026-10-04 18:51:33.158000 [I:onnxruntime:, webgpu_execution_provider.cc:666 GetCapability] webgpu kernel not found in registries for Op type: Equal node name: /model/layers.16/self_attn/Equal_1 d95923ea-2a75-4757-a86c-99d425e3974a:92:232
2026-10-04 18:51:33.158000 [I:onnxruntime:, webgpu_execution_provider.cc:666 GetCapability] webgpu kernel not found in registries for Op type: Where node name: /model/layers.16/self_attn/Where_1 d95923ea-2a75-4757-a86c-99d425e3974a:92:232
2026-10-04 18:51:33.158000 [I:onnxruntime:, webgpu_execution_provider.cc:666 GetCapability] webgpu kernel not found in registries for Op type: Gather node name: /model/layers.17/self_attn/Gather_1 d95923ea-2a75-4757-a86c-99d425e3974a:92:232
2026-10-04 18:51:33.158000 [I:onnxruntime:, webgpu_execution_provider.cc:666 GetCapability] webgpu kernel not found in registries for Op type: Unsqueeze node name: /model/layers.17/self_attn/Unsqueeze_1 d95923ea-2a75-4757-a86c-99d425e3974a:92:232
2026-10-04 18:51:33.159000 [I:onnxruntime:, webgpu_execution_provider.cc:666 GetCapability] webgpu kernel not found in registries for Op type: Gather node name: /model/layers.17/self_attn/Gather d95923ea-2a75-4757-a86c-99d425e3974a:92:232
2026-10-04 18:51:33.159000 [I:onnxruntime:, webgpu_execution_provider.cc:666 GetCapability] webgpu kernel not found in registries for Op type: Unsqueeze node name: /model/layers.17/self_attn/Unsqueeze d95923ea-2a75-4757-a86c-99d425e3974a:92:232
2026-10-04 18:51:33.159000 [I:onnxruntime:, webgpu_execution_provider.cc:666 GetCapability] webgpu kernel not found in registries for Op type: Concat node name: /model/layers.17/self_attn/Concat d95923ea-2a75-4757-a86c-99d425e3974a:92:232
2026-10-04 18:51:33.159000 [I:onnxruntime:, webgpu_execution_provider.cc:666 GetCapability] webgpu kernel not found in registries for Op type: Gather node name: /model/layers.17/self_attn/Gather_6 d95923ea-2a75-4757-a86c-99d425e3974a:92:232
2026-10-04 18:51:33.159999 [I:onnxruntime:, webgpu_execution_provider.cc:666 GetCapability] webgpu kernel not found in registries for Op type: Unsqueeze node name: /model/layers.17/self_attn/Unsqueeze_13 d95923ea-2a75-4757-a86c-99d425e3974a:92:232
2026-10-04 18:51:33.159999 [I:onnxruntime:, webgpu_execution_provider.cc:666 GetCapability] webgpu kernel not found in registries for Op type: Gather node name: /model/layers.17/self_attn/Gather_4 d95923ea-2a75-4757-a86c-99d425e3974a:92:232
2026-10-04 18:51:33.159999 [I:onnxruntime:, webgpu_execution_provider.cc:666 GetCapability] webgpu kernel not found in registries for Op type: Unsqueeze node name: /model/layers.17/self_attn/Unsqueeze_11 d95923ea-2a75-4757-a86c-99d425e3974a:92:232
2026-10-04 18:51:33.160999 [I:onnxruntime:, webgpu_execution_provider.cc:666 GetCapability] webgpu kernel not found in registries for Op type: Concat node name: /model/layers.17/self_attn/Concat_7 d95923ea-2a75-4757-a86c-99d425e3974a:92:232
2026-10-04 18:51:33.160999 [I:onnxruntime:, webgpu_execution_provider.cc:666 GetCapability] webgpu kernel not found in registries for Op type: Equal node name: /model/layers.17/self_attn/Equal d95923ea-2a75-4757-a86c-99d425e3974a:92:232
2026-10-04 18:51:33.160999 [I:onnxruntime:, webgpu_execution_provider.cc:666 GetCapability] webgpu kernel not found in registries for Op type: Where node name: /model/layers.17/self_attn/Where d95923ea-2a75-4757-a86c-99d425e3974a:92:232
2026-10-04 18:51:33.160999 [I:onnxruntime:, webgpu_execution_provider.cc:666 GetCapability] webgpu kernel not found in registries for Op type: Gather node name: /model/layers.17/self_attn/Gather_12 d95923ea-2a75-4757-a86c-99d425e3974a:92:232
2026-10-04 18:51:33.162000 [I:onnxruntime:, webgpu_execution_provider.cc:666 GetCapability] webgpu kernel not found in registries for Op type: Unsqueeze node name: /model/layers.17/self_attn/Unsqueeze_28 d95923ea-2a75-4757-a86c-99d425e3974a:92:232
2026-10-04 18:51:33.162000 [I:onnxruntime:, webgpu_execution_provider.cc:666 GetCapability] webgpu kernel not found in registries for Op type: Gather node name: /model/layers.17/self_attn/Gather_10 d95923ea-2a75-4757-a86c-99d425e3974a:92:232
2026-10-04 18:51:33.162000 [I:onnxruntime:, webgpu_execution_provider.cc:666 GetCapability] webgpu kernel not found in registries for Op type: Unsqueeze node name: /model/layers.17/self_attn/Unsqueeze_22 d95923ea-2a75-4757-a86c-99d425e3974a:92:232
2026-10-04 18:51:33.163000 [I:onnxruntime:, webgpu_execution_provider.cc:666 GetCapability] webgpu kernel not found in registries for Op type: Gather node name: /model/layers.17/self_attn/Gather_8 d95923ea-2a75-4757-a86c-99d425e3974a:92:232
2026-10-04 18:51:33.163000 [I:onnxruntime:, webgpu_execution_provider.cc:666 GetCapability] webgpu kernel not found in registries for Op type: Unsqueeze node name: /model/layers.17/self_attn/Unsqueeze_20 d95923ea-2a75-4757-a86c-99d425e3974a:92:232
2026-10-04 18:51:33.163000 [I:onnxruntime:, webgpu_execution_provider.cc:666 GetCapability] webgpu kernel not found in registries for Op type: Concat node name: /model/layers.17/self_attn/Concat_9 d95923ea-2a75-4757-a86c-99d425e3974a:92:232
2026-10-04 18:51:33.163000 [I:onnxruntime:, webgpu_execution_provider.cc:666 GetCapability] webgpu kernel not found in registries for Op type: Equal node name: /model/layers.17/self_attn/Equal_1 d95923ea-2a75-4757-a86c-99d425e3974a:92:232
2026-10-04 18:51:33.163999 [I:onnxruntime:, webgpu_execution_provider.cc:666 GetCapability] webgpu kernel not found in registries for Op type: Where node name: /model/layers.17/self_attn/Where_1 d95923ea-2a75-4757-a86c-99d425e3974a:92:232
2026-10-04 18:51:33.163999 [I:onnxruntime:, webgpu_execution_provider.cc:666 GetCapability] webgpu kernel not found in registries for Op type: Gather node name: /model/layers.18/self_attn/Gather_1 d95923ea-2a75-4757-a86c-99d425e3974a:92:232
2026-10-04 18:51:33.163999 [I:onnxruntime:, webgpu_execution_provider.cc:666 GetCapability] webgpu kernel not found in registries for Op type: Unsqueeze node name: /model/layers.18/self_attn/Unsqueeze_1 d95923ea-2a75-4757-a86c-99d425e3974a:92:232
2026-10-04 18:51:33.165000 [I:onnxruntime:, webgpu_execution_provider.cc:666 GetCapability] webgpu kernel not found in registries for Op type: Gather node name: /model/layers.18/self_attn/Gather d95923ea-2a75-4757-a86c-99d425e3974a:92:232
2026-10-04 18:51:33.165000 [I:onnxruntime:, webgpu_execution_provider.cc:666 GetCapability] webgpu kernel not found in registries for Op type: Unsqueeze node name: /model/layers.18/self_attn/Unsqueeze d95923ea-2a75-4757-a86c-99d425e3974a:92:232
2026-10-04 18:51:33.165000 [I:onnxruntime:, webgpu_execution_provider.cc:666 GetCapability] webgpu kernel not found in registries for Op type: Concat node name: /model/layers.18/self_attn/Concat d95923ea-2a75-4757-a86c-99d425e3974a:92:232
2026-10-04 18:51:33.165000 [I:onnxruntime:, webgpu_execution_provider.cc:666 GetCapability] webgpu kernel not found in registries for Op type: Gather node name: /model/layers.18/self_attn/Gather_6 d95923ea-2a75-4757-a86c-99d425e3974a:92:232
2026-10-04 18:51:33.165000 [I:onnxruntime:, webgpu_execution_provider.cc:666 GetCapability] webgpu kernel not found in registries for Op type: Unsqueeze node name: /model/layers.18/self_attn/Unsqueeze_13 d95923ea-2a75-4757-a86c-99d425e3974a:92:232
2026-10-04 18:51:33.166000 [I:onnxruntime:, webgpu_execution_provider.cc:666 GetCapability] webgpu kernel not found in registries for Op type: Gather node name: /model/layers.18/self_attn/Gather_4 d95923ea-2a75-4757-a86c-99d425e3974a:92:232
2026-10-04 18:51:33.166000 [I:onnxruntime:, webgpu_execution_provider.cc:666 GetCapability] webgpu kernel not found in registries for Op type: Unsqueeze node name: /model/layers.18/self_attn/Unsqueeze_11 d95923ea-2a75-4757-a86c-99d425e3974a:92:232
2026-10-04 18:51:33.166000 [I:onnxruntime:, webgpu_execution_provider.cc:666 GetCapability] webgpu kernel not found in registries for Op type: Concat node name: /model/layers.18/self_attn/Concat_7 d95923ea-2a75-4757-a86c-99d425e3974a:92:232
2026-10-04 18:51:33.166000 [I:onnxruntime:, webgpu_execution_provider.cc:666 GetCapability] webgpu kernel not found in registries for Op type: Equal node name: /model/layers.18/self_attn/Equal d95923ea-2a75-4757-a86c-99d425e3974a:92:232
2026-10-04 18:51:33.167000 [I:onnxruntime:, webgpu_execution_provider.cc:666 GetCapability] webgpu kernel not found in registries for Op type: Where node name: /model/layers.18/self_attn/Where d95923ea-2a75-4757-a86c-99d425e3974a:92:232
2026-10-04 18:51:33.167000 [I:onnxruntime:, webgpu_execution_provider.cc:666 GetCapability] webgpu kernel not found in registries for Op type: Gather node name: /model/layers.18/self_attn/Gather_12 d95923ea-2a75-4757-a86c-99d425e3974a:92:232
2026-10-04 18:51:33.167000 [I:onnxruntime:, webgpu_execution_provider.cc:666 GetCapability] webgpu kernel not found in registries for Op type: Unsqueeze node name: /model/layers.18/self_attn/Unsqueeze_28 d95923ea-2a75-4757-a86c-99d425e3974a:92:232
2026-10-04 18:51:33.167000 [I:onnxruntime:, webgpu_execution_provider.cc:666 GetCapability] webgpu kernel not found in registries for Op type: Gather node name: /model/layers.18/self_attn/Gather_10 d95923ea-2a75-4757-a86c-99d425e3974a:92:232
2026-10-04 18:51:33.167999 [I:onnxruntime:, webgpu_execution_provider.cc:666 GetCapability] webgpu kernel not found in registries for Op type: Unsqueeze node name: /model/layers.18/self_attn/Unsqueeze_22 d95923ea-2a75-4757-a86c-99d425e3974a:92:232
2026-10-04 18:51:33.167999 [I:onnxruntime:, webgpu_execution_provider.cc:666 GetCapability] webgpu kernel not found in registries for Op type: Gather node name: /model/layers.18/self_attn/Gather_8 d95923ea-2a75-4757-a86c-99d425e3974a:92:232
2026-10-04 18:51:33.167999 [I:onnxruntime:, webgpu_execution_provider.cc:666 GetCapability] webgpu kernel not found in registries for Op type: Unsqueeze node name: /model/layers.18/self_attn/Unsqueeze_20 d95923ea-2a75-4757-a86c-99d425e3974a:92:232
2026-10-04 18:51:33.167999 [I:onnxruntime:, webgpu_execution_provider.cc:666 GetCapability] webgpu kernel not found in registries for Op type: Concat node name: /model/layers.18/self_attn/Concat_9 d95923ea-2a75-4757-a86c-99d425e3974a:92:232
2026-10-04 18:51:33.168999 [I:onnxruntime:, webgpu_execution_provider.cc:666 GetCapability] webgpu kernel not found in registries for Op type: Equal node name: /model/layers.18/self_attn/Equal_1 d95923ea-2a75-4757-a86c-99d425e3974a:92:232
2026-10-04 18:51:33.168999 [I:onnxruntime:, webgpu_execution_provider.cc:666 GetCapability] webgpu kernel not found in registries for Op type: Where node name: /model/layers.18/self_attn/Where_1 d95923ea-2a75-4757-a86c-99d425e3974a:92:232
2026-10-04 18:51:33.168999 [I:onnxruntime:, webgpu_execution_provider.cc:666 GetCapability] webgpu kernel not found in registries for Op type: Gather node name: /model/layers.19/self_attn/Gather_1 d95923ea-2a75-4757-a86c-99d425e3974a:92:232
2026-10-04 18:51:33.170000 [I:onnxruntime:, webgpu_execution_provider.cc:666 GetCapability] webgpu kernel not found in registries for Op type: Unsqueeze node name: /model/layers.19/self_attn/Unsqueeze_1 d95923ea-2a75-4757-a86c-99d425e3974a:92:232
2026-10-04 18:51:33.170000 [I:onnxruntime:, webgpu_execution_provider.cc:666 GetCapability] webgpu kernel not found in registries for Op type: Gather node name: /model/layers.19/self_attn/Gather d95923ea-2a75-4757-a86c-99d425e3974a:92:232
2026-10-04 18:51:33.170000 [I:onnxruntime:, webgpu_execution_provider.cc:666 GetCapability] webgpu kernel not found in registries for Op type: Unsqueeze node name: /model/layers.19/self_attn/Unsqueeze d95923ea-2a75-4757-a86c-99d425e3974a:92:232
2026-10-04 18:51:33.171000 [I:onnxruntime:, webgpu_execution_provider.cc:666 GetCapability] webgpu kernel not found in registries for Op type: Concat node name: /model/layers.19/self_attn/Concat d95923ea-2a75-4757-a86c-99d425e3974a:92:232
2026-10-04 18:51:33.171000 [I:onnxruntime:, webgpu_execution_provider.cc:666 GetCapability] webgpu kernel not found in registries for Op type: Gather node name: /model/layers.19/self_attn/Gather_6 d95923ea-2a75-4757-a86c-99d425e3974a:92:232
2026-10-04 18:51:33.171999 [I:onnxruntime:, webgpu_execution_provider.cc:666 GetCapability] webgpu kernel not found in registries for Op type: Unsqueeze node name: /model/layers.19/self_attn/Unsqueeze_13 d95923ea-2a75-4757-a86c-99d425e3974a:92:232
2026-10-04 18:51:33.171999 [I:onnxruntime:, webgpu_execution_provider.cc:666 GetCapability] webgpu kernel not found in registries for Op type: Gather node name: /model/layers.19/self_attn/Gather_4 d95923ea-2a75-4757-a86c-99d425e3974a:92:232
2026-10-04 18:51:33.173000 [I:onnxruntime:, webgpu_execution_provider.cc:666 GetCapability] webgpu kernel not found in registries for Op type: Unsqueeze node name: /model/layers.19/self_attn/Unsqueeze_11 d95923ea-2a75-4757-a86c-99d425e3974a:92:232
2026-10-04 18:51:33.174000 [I:onnxruntime:, webgpu_execution_provider.cc:666 GetCapability] webgpu kernel not found in registries for Op type: Concat node name: /model/layers.19/self_attn/Concat_7 d95923ea-2a75-4757-a86c-99d425e3974a:92:232
2026-10-04 18:51:33.174000 [I:onnxruntime:, webgpu_execution_provider.cc:666 GetCapability] webgpu kernel not found in registries for Op type: Equal node name: /model/layers.19/self_attn/Equal d95923ea-2a75-4757-a86c-99d425e3974a:92:232
2026-10-04 18:51:33.175000 [I:onnxruntime:, webgpu_execution_provider.cc:666 GetCapability] webgpu kernel not found in registries for Op type: Where node name: /model/layers.19/self_attn/Where d95923ea-2a75-4757-a86c-99d425e3974a:92:232
2026-10-04 18:51:33.175000 [I:onnxruntime:, webgpu_execution_provider.cc:666 GetCapability] webgpu kernel not found in registries for Op type: Gather node name: /model/layers.19/self_attn/Gather_12 d95923ea-2a75-4757-a86c-99d425e3974a:92:232
2026-10-04 18:51:33.175000 [I:onnxruntime:, webgpu_execution_provider.cc:666 GetCapability] webgpu kernel not found in registries for Op type: Unsqueeze node name: /model/layers.19/self_attn/Unsqueeze_28 d95923ea-2a75-4757-a86c-99d425e3974a:92:232
2026-10-04 18:51:33.175000 [I:onnxruntime:, webgpu_execution_provider.cc:666 GetCapability] webgpu kernel not found in registries for Op type: Gather node name: /model/layers.19/self_attn/Gather_10 d95923ea-2a75-4757-a86c-99d425e3974a:92:232
2026-10-04 18:51:33.175999 [I:onnxruntime:, webgpu_execution_provider.cc:666 GetCapability] webgpu kernel not found in registries for Op type: Unsqueeze node name: /model/layers.19/self_attn/Unsqueeze_22 d95923ea-2a75-4757-a86c-99d425e3974a:92:232
2026-10-04 18:51:33.175999 [I:onnxruntime:, webgpu_execution_provider.cc:666 GetCapability] webgpu kernel not found in registries for Op type: Gather node name: /model/layers.19/self_attn/Gather_8 d95923ea-2a75-4757-a86c-99d425e3974a:92:232
2026-10-04 18:51:33.175999 [I:onnxruntime:, webgpu_execution_provider.cc:666 GetCapability] webgpu kernel not found in registries for Op type: Unsqueeze node name: /model/layers.19/self_attn/Unsqueeze_20 d95923ea-2a75-4757-a86c-99d425e3974a:92:232
2026-10-04 18:51:33.175999 [I:onnxruntime:, webgpu_execution_provider.cc:666 GetCapability] webgpu kernel not found in registries for Op type: Concat node name: /model/layers.19/self_attn/Concat_9 d95923ea-2a75-4757-a86c-99d425e3974a:92:232
2026-10-04 18:51:33.176999 [I:onnxruntime:, webgpu_execution_provider.cc:666 GetCapability] webgpu kernel not found in registries for Op type: Equal node name: /model/layers.19/self_attn/Equal_1 d95923ea-2a75-4757-a86c-99d425e3974a:92:232
2026-10-04 18:51:33.176999 [I:onnxruntime:, webgpu_execution_provider.cc:666 GetCapability] webgpu kernel not found in registries for Op type: Where node name: /model/layers.19/self_attn/Where_1 d95923ea-2a75-4757-a86c-99d425e3974a:92:232
2026-10-04 18:51:33.176999 [I:onnxruntime:, webgpu_execution_provider.cc:666 GetCapability] webgpu kernel not found in registries for Op type: Gather node name: /model/layers.20/self_attn/Gather_1 d95923ea-2a75-4757-a86c-99d425e3974a:92:232
2026-10-04 18:51:33.176999 [I:onnxruntime:, webgpu_execution_provider.cc:666 GetCapability] webgpu kernel not found in registries for Op type: Unsqueeze node name: /model/layers.20/self_attn/Unsqueeze_1 d95923ea-2a75-4757-a86c-99d425e3974a:92:232
2026-10-04 18:51:33.178000 [I:onnxruntime:, webgpu_execution_provider.cc:666 GetCapability] webgpu kernel not found in registries for Op type: Gather node name: /model/layers.20/self_attn/Gather d95923ea-2a75-4757-a86c-99d425e3974a:92:232
2026-10-04 18:51:33.178000 [I:onnxruntime:, webgpu_execution_provider.cc:666 GetCapability] webgpu kernel not found in registries for Op type: Unsqueeze node name: /model/layers.20/self_attn/Unsqueeze d95923ea-2a75-4757-a86c-99d425e3974a:92:232
2026-10-04 18:51:33.178000 [I:onnxruntime:, webgpu_execution_provider.cc:666 GetCapability] webgpu kernel not found in registries for Op type: Concat node name: /model/layers.20/self_attn/Concat d95923ea-2a75-4757-a86c-99d425e3974a:92:232
2026-10-04 18:51:33.179000 [I:onnxruntime:, webgpu_execution_provider.cc:666 GetCapability] webgpu kernel not found in registries for Op type: Gather node name: /model/layers.20/self_attn/Gather_6 d95923ea-2a75-4757-a86c-99d425e3974a:92:232
2026-10-04 18:51:33.179000 [I:onnxruntime:, webgpu_execution_provider.cc:666 GetCapability] webgpu kernel not found in registries for Op type: Unsqueeze node name: /model/layers.20/self_attn/Unsqueeze_13 d95923ea-2a75-4757-a86c-99d425e3974a:92:232
2026-10-04 18:51:33.179000 [I:onnxruntime:, webgpu_execution_provider.cc:666 GetCapability] webgpu kernel not found in registries for Op type: Gather node name: /model/layers.20/self_attn/Gather_4 d95923ea-2a75-4757-a86c-99d425e3974a:92:232
2026-10-04 18:51:33.179000 [I:onnxruntime:, webgpu_execution_provider.cc:666 GetCapability] webgpu kernel not found in registries for Op type: Unsqueeze node name: /model/layers.20/self_attn/Unsqueeze_11 d95923ea-2a75-4757-a86c-99d425e3974a:92:232
2026-10-04 18:51:33.179000 [I:onnxruntime:, webgpu_execution_provider.cc:666 GetCapability] webgpu kernel not found in registries for Op type: Concat node name: /model/layers.20/self_attn/Concat_7 d95923ea-2a75-4757-a86c-99d425e3974a:92:232
2026-10-04 18:51:33.179999 [I:onnxruntime:, webgpu_execution_provider.cc:666 GetCapability] webgpu kernel not found in registries for Op type: Equal node name: /model/layers.20/self_attn/Equal d95923ea-2a75-4757-a86c-99d425e3974a:92:232
2026-10-04 18:51:33.179999 [I:onnxruntime:, webgpu_execution_provider.cc:666 GetCapability] webgpu kernel not found in registries for Op type: Where node name: /model/layers.20/self_attn/Where d95923ea-2a75-4757-a86c-99d425e3974a:92:232
2026-10-04 18:51:33.179999 [I:onnxruntime:, webgpu_execution_provider.cc:666 GetCapability] webgpu kernel not found in registries for Op type: Gather node name: /model/layers.20/self_attn/Gather_12 d95923ea-2a75-4757-a86c-99d425e3974a:92:232
2026-10-04 18:51:33.179999 [I:onnxruntime:, webgpu_execution_provider.cc:666 GetCapability] webgpu kernel not found in registries for Op type: Unsqueeze node name: /model/layers.20/self_attn/Unsqueeze_28 d95923ea-2a75-4757-a86c-99d425e3974a:92:232
2026-10-04 18:51:33.181000 [I:onnxruntime:, webgpu_execution_provider.cc:666 GetCapability] webgpu kernel not found in registries for Op type: Gather node name: /model/layers.20/self_attn/Gather_10 d95923ea-2a75-4757-a86c-99d425e3974a:92:232
2026-10-04 18:51:33.182000 [I:onnxruntime:, webgpu_execution_provider.cc:666 GetCapability] webgpu kernel not found in registries for Op type: Unsqueeze node name: /model/layers.20/self_attn/Unsqueeze_22 d95923ea-2a75-4757-a86c-99d425e3974a:92:232
2026-10-04 18:51:33.182000 [I:onnxruntime:, webgpu_execution_provider.cc:666 GetCapability] webgpu kernel not found in registries for Op type: Gather node name: /model/layers.20/self_attn/Gather_8 d95923ea-2a75-4757-a86c-99d425e3974a:92:232
2026-10-04 18:51:33.182000 [I:onnxruntime:, webgpu_execution_provider.cc:666 GetCapability] webgpu kernel not found in registries for Op type: Unsqueeze node name: /model/layers.20/self_attn/Unsqueeze_20 d95923ea-2a75-4757-a86c-99d425e3974a:92:232
2026-10-04 18:51:33.182000 [I:onnxruntime:, webgpu_execution_provider.cc:666 GetCapability] webgpu kernel not found in registries for Op type: Concat node name: /model/layers.20/self_attn/Concat_9 d95923ea-2a75-4757-a86c-99d425e3974a:92:232
2026-10-04 18:51:33.183000 [I:onnxruntime:, webgpu_execution_provider.cc:666 GetCapability] webgpu kernel not found in registries for Op type: Equal node name: /model/layers.20/self_attn/Equal_1 d95923ea-2a75-4757-a86c-99d425e3974a:92:232
2026-10-04 18:51:33.183000 [I:onnxruntime:, webgpu_execution_provider.cc:666 GetCapability] webgpu kernel not found in registries for Op type: Where node name: /model/layers.20/self_attn/Where_1 d95923ea-2a75-4757-a86c-99d425e3974a:92:232
2026-10-04 18:51:33.183000 [I:onnxruntime:, webgpu_execution_provider.cc:666 GetCapability] webgpu kernel not found in registries for Op type: Gather node name: /model/layers.21/self_attn/Gather_1 d95923ea-2a75-4757-a86c-99d425e3974a:92:232
2026-10-04 18:51:33.183000 [I:onnxruntime:, webgpu_execution_provider.cc:666 GetCapability] webgpu kernel not found in registries for Op type: Unsqueeze node name: /model/layers.21/self_attn/Unsqueeze_1 d95923ea-2a75-4757-a86c-99d425e3974a:92:232
2026-10-04 18:51:33.183999 [I:onnxruntime:, webgpu_execution_provider.cc:666 GetCapability] webgpu kernel not found in registries for Op type: Gather node name: /model/layers.21/self_attn/Gather d95923ea-2a75-4757-a86c-99d425e3974a:92:232
2026-10-04 18:51:33.183999 [I:onnxruntime:, webgpu_execution_provider.cc:666 GetCapability] webgpu kernel not found in registries for Op type: Unsqueeze node name: /model/layers.21/self_attn/Unsqueeze d95923ea-2a75-4757-a86c-99d425e3974a:92:232
2026-10-04 18:51:33.183999 [I:onnxruntime:, webgpu_execution_provider.cc:666 GetCapability] webgpu kernel not found in registries for Op type: Concat node name: /model/layers.21/self_attn/Concat d95923ea-2a75-4757-a86c-99d425e3974a:92:232
2026-10-04 18:51:33.183999 [I:onnxruntime:, webgpu_execution_provider.cc:666 GetCapability] webgpu kernel not found in registries for Op type: Gather node name: /model/layers.21/self_attn/Gather_6 d95923ea-2a75-4757-a86c-99d425e3974a:92:232
2026-10-04 18:51:33.184999 [I:onnxruntime:, webgpu_execution_provider.cc:666 GetCapability] webgpu kernel not found in registries for Op type: Unsqueeze node name: /model/layers.21/self_attn/Unsqueeze_13 d95923ea-2a75-4757-a86c-99d425e3974a:92:232
2026-10-04 18:51:33.184999 [I:onnxruntime:, webgpu_execution_provider.cc:666 GetCapability] webgpu kernel not found in registries for Op type: Gather node name: /model/layers.21/self_attn/Gather_4 d95923ea-2a75-4757-a86c-99d425e3974a:92:232
2026-10-04 18:51:33.184999 [I:onnxruntime:, webgpu_execution_provider.cc:666 GetCapability] webgpu kernel not found in registries for Op type: Unsqueeze node name: /model/layers.21/self_attn/Unsqueeze_11 d95923ea-2a75-4757-a86c-99d425e3974a:92:232
2026-10-04 18:51:33.184999 [I:onnxruntime:, webgpu_execution_provider.cc:666 GetCapability] webgpu kernel not found in registries for Op type: Concat node name: /model/layers.21/self_attn/Concat_7 d95923ea-2a75-4757-a86c-99d425e3974a:92:232
2026-10-04 18:51:33.186000 [I:onnxruntime:, webgpu_execution_provider.cc:666 GetCapability] webgpu kernel not found in registries for Op type: Equal node name: /model/layers.21/self_attn/Equal d95923ea-2a75-4757-a86c-99d425e3974a:92:232
2026-10-04 18:51:33.186000 [I:onnxruntime:, webgpu_execution_provider.cc:666 GetCapability] webgpu kernel not found in registries for Op type: Where node name: /model/layers.21/self_attn/Where d95923ea-2a75-4757-a86c-99d425e3974a:92:232
2026-10-04 18:51:33.186000 [I:onnxruntime:, webgpu_execution_provider.cc:666 GetCapability] webgpu kernel not found in registries for Op type: Gather node name: /model/layers.21/self_attn/Gather_12 d95923ea-2a75-4757-a86c-99d425e3974a:92:232
2026-10-04 18:51:33.187000 [I:onnxruntime:, webgpu_execution_provider.cc:666 GetCapability] webgpu kernel not found in registries for Op type: Unsqueeze node name: /model/layers.21/self_attn/Unsqueeze_28 d95923ea-2a75-4757-a86c-99d425e3974a:92:232
2026-10-04 18:51:33.187000 [I:onnxruntime:, webgpu_execution_provider.cc:666 GetCapability] webgpu kernel not found in registries for Op type: Gather node name: /model/layers.21/self_attn/Gather_10 d95923ea-2a75-4757-a86c-99d425e3974a:92:232
2026-10-04 18:51:33.187000 [I:onnxruntime:, webgpu_execution_provider.cc:666 GetCapability] webgpu kernel not found in registries for Op type: Unsqueeze node name: /model/layers.21/self_attn/Unsqueeze_22 d95923ea-2a75-4757-a86c-99d425e3974a:92:232
2026-10-04 18:51:33.187000 [I:onnxruntime:, webgpu_execution_provider.cc:666 GetCapability] webgpu kernel not found in registries for Op type: Gather node name: /model/layers.21/self_attn/Gather_8 d95923ea-2a75-4757-a86c-99d425e3974a:92:232
2026-10-04 18:51:33.187999 [I:onnxruntime:, webgpu_execution_provider.cc:666 GetCapability] webgpu kernel not found in registries for Op type: Unsqueeze node name: /model/layers.21/self_attn/Unsqueeze_20 d95923ea-2a75-4757-a86c-99d425e3974a:92:232
2026-10-04 18:51:33.187999 [I:onnxruntime:, webgpu_execution_provider.cc:666 GetCapability] webgpu kernel not found in registries for Op type: Concat node name: /model/layers.21/self_attn/Concat_9 d95923ea-2a75-4757-a86c-99d425e3974a:92:232
2026-10-04 18:51:33.187999 [I:onnxruntime:, webgpu_execution_provider.cc:666 GetCapability] webgpu kernel not found in registries for Op type: Equal node name: /model/layers.21/self_attn/Equal_1 d95923ea-2a75-4757-a86c-99d425e3974a:92:232
2026-10-04 18:51:33.187999 [I:onnxruntime:, webgpu_execution_provider.cc:666 GetCapability] webgpu kernel not found in registries for Op type: Where node name: /model/layers.21/self_attn/Where_1 d95923ea-2a75-4757-a86c-99d425e3974a:92:232
2026-10-04 18:51:33.187999 [I:onnxruntime:, webgpu_execution_provider.cc:666 GetCapability] webgpu kernel not found in registries for Op type: Gather node name: /model/layers.22/self_attn/Gather_1 d95923ea-2a75-4757-a86c-99d425e3974a:92:232
2026-10-04 18:51:33.189000 [I:onnxruntime:, webgpu_execution_provider.cc:666 GetCapability] webgpu kernel not found in registries for Op type: Unsqueeze node name: /model/layers.22/self_attn/Unsqueeze_1 d95923ea-2a75-4757-a86c-99d425e3974a:92:232
2026-10-04 18:51:33.189000 [I:onnxruntime:, webgpu_execution_provider.cc:666 GetCapability] webgpu kernel not found in registries for Op type: Gather node name: /model/layers.22/self_attn/Gather d95923ea-2a75-4757-a86c-99d425e3974a:92:232
2026-10-04 18:51:33.189000 [I:onnxruntime:, webgpu_execution_provider.cc:666 GetCapability] webgpu kernel not found in registries for Op type: Unsqueeze node name: /model/layers.22/self_attn/Unsqueeze d95923ea-2a75-4757-a86c-99d425e3974a:92:232
2026-10-04 18:51:33.189000 [I:onnxruntime:, webgpu_execution_provider.cc:666 GetCapability] webgpu kernel not found in registries for Op type: Concat node name: /model/layers.22/self_attn/Concat d95923ea-2a75-4757-a86c-99d425e3974a:92:232
2026-10-04 18:51:33.190000 [I:onnxruntime:, webgpu_execution_provider.cc:666 GetCapability] webgpu kernel not found in registries for Op type: Gather node name: /model/layers.22/self_attn/Gather_6 d95923ea-2a75-4757-a86c-99d425e3974a:92:232
2026-10-04 18:51:33.190000 [I:onnxruntime:, webgpu_execution_provider.cc:666 GetCapability] webgpu kernel not found in registries for Op type: Unsqueeze node name: /model/layers.22/self_attn/Unsqueeze_13 d95923ea-2a75-4757-a86c-99d425e3974a:92:232
2026-10-04 18:51:33.190000 [I:onnxruntime:, webgpu_execution_provider.cc:666 GetCapability] webgpu kernel not found in registries for Op type: Gather node name: /model/layers.22/self_attn/Gather_4 d95923ea-2a75-4757-a86c-99d425e3974a:92:232
2026-10-04 18:51:33.190000 [I:onnxruntime:, webgpu_execution_provider.cc:666 GetCapability] webgpu kernel not found in registries for Op type: Unsqueeze node name: /model/layers.22/self_attn/Unsqueeze_11 d95923ea-2a75-4757-a86c-99d425e3974a:92:232
2026-10-04 18:51:33.190000 [I:onnxruntime:, webgpu_execution_provider.cc:666 GetCapability] webgpu kernel not found in registries for Op type: Concat node name: /model/layers.22/self_attn/Concat_7 d95923ea-2a75-4757-a86c-99d425e3974a:92:232
2026-10-04 18:51:33.190000 [I:onnxruntime:, webgpu_execution_provider.cc:666 GetCapability] webgpu kernel not found in registries for Op type: Equal node name: /model/layers.22/self_attn/Equal d95923ea-2a75-4757-a86c-99d425e3974a:92:232
2026-10-04 18:51:33.191000 [I:onnxruntime:, webgpu_execution_provider.cc:666 GetCapability] webgpu kernel not found in registries for Op type: Where node name: /model/layers.22/self_attn/Where d95923ea-2a75-4757-a86c-99d425e3974a:92:232
2026-10-04 18:51:33.191000 [I:onnxruntime:, webgpu_execution_provider.cc:666 GetCapability] webgpu kernel not found in registries for Op type: Gather node name: /model/layers.22/self_attn/Gather_12 d95923ea-2a75-4757-a86c-99d425e3974a:92:232
2026-10-04 18:51:33.191000 [I:onnxruntime:, webgpu_execution_provider.cc:666 GetCapability] webgpu kernel not found in registries for Op type: Unsqueeze node name: /model/layers.22/self_attn/Unsqueeze_28 d95923ea-2a75-4757-a86c-99d425e3974a:92:232
2026-10-04 18:51:33.191000 [I:onnxruntime:, webgpu_execution_provider.cc:666 GetCapability] webgpu kernel not found in registries for Op type: Gather node name: /model/layers.22/self_attn/Gather_10 d95923ea-2a75-4757-a86c-99d425e3974a:92:232
2026-10-04 18:51:33.191999 [I:onnxruntime:, webgpu_execution_provider.cc:666 GetCapability] webgpu kernel not found in registries for Op type: Unsqueeze node name: /model/layers.22/self_attn/Unsqueeze_22 d95923ea-2a75-4757-a86c-99d425e3974a:92:232
2026-10-04 18:51:33.191999 [I:onnxruntime:, webgpu_execution_provider.cc:666 GetCapability] webgpu kernel not found in registries for Op type: Gather node name: /model/layers.22/self_attn/Gather_8 d95923ea-2a75-4757-a86c-99d425e3974a:92:232
2026-10-04 18:51:33.191999 [I:onnxruntime:, webgpu_execution_provider.cc:666 GetCapability] webgpu kernel not found in registries for Op type: Unsqueeze node name: /model/layers.22/self_attn/Unsqueeze_20 d95923ea-2a75-4757-a86c-99d425e3974a:92:232
2026-10-04 18:51:33.191999 [I:onnxruntime:, webgpu_execution_provider.cc:666 GetCapability] webgpu kernel not found in registries for Op type: Concat node name: /model/layers.22/self_attn/Concat_9 d95923ea-2a75-4757-a86c-99d425e3974a:92:232
2026-10-04 18:51:33.191999 [I:onnxruntime:, webgpu_execution_provider.cc:666 GetCapability] webgpu kernel not found in registries for Op type: Equal node name: /model/layers.22/self_attn/Equal_1 d95923ea-2a75-4757-a86c-99d425e3974a:92:232
2026-10-04 18:51:33.192999 [I:onnxruntime:, webgpu_execution_provider.cc:666 GetCapability] webgpu kernel not found in registries for Op type: Where node name: /model/layers.22/self_attn/Where_1 d95923ea-2a75-4757-a86c-99d425e3974a:92:232
2026-10-04 18:51:33.192999 [I:onnxruntime:, webgpu_execution_provider.cc:666 GetCapability] webgpu kernel not found in registries for Op type: Gather node name: /model/layers.23/self_attn/Gather_1 d95923ea-2a75-4757-a86c-99d425e3974a:92:232
2026-10-04 18:51:33.192999 [I:onnxruntime:, webgpu_execution_provider.cc:666 GetCapability] webgpu kernel not found in registries for Op type: Unsqueeze node name: /model/layers.23/self_attn/Unsqueeze_1 d95923ea-2a75-4757-a86c-99d425e3974a:92:232
2026-10-04 18:51:33.192999 [I:onnxruntime:, webgpu_execution_provider.cc:666 GetCapability] webgpu kernel not found in registries for Op type: Gather node name: /model/layers.23/self_attn/Gather d95923ea-2a75-4757-a86c-99d425e3974a:92:232
2026-10-04 18:51:33.194000 [I:onnxruntime:, webgpu_execution_provider.cc:666 GetCapability] webgpu kernel not found in registries for Op type: Unsqueeze node name: /model/layers.23/self_attn/Unsqueeze d95923ea-2a75-4757-a86c-99d425e3974a:92:232
2026-10-04 18:51:33.194000 [I:onnxruntime:, webgpu_execution_provider.cc:666 GetCapability] webgpu kernel not found in registries for Op type: Concat node name: /model/layers.23/self_attn/Concat d95923ea-2a75-4757-a86c-99d425e3974a:92:232
2026-10-04 18:51:33.194000 [I:onnxruntime:, webgpu_execution_provider.cc:666 GetCapability] webgpu kernel not found in registries for Op type: Gather node name: /model/layers.23/self_attn/Gather_6 d95923ea-2a75-4757-a86c-99d425e3974a:92:232
2026-10-04 18:51:33.194000 [I:onnxruntime:, webgpu_execution_provider.cc:666 GetCapability] webgpu kernel not found in registries for Op type: Unsqueeze node name: /model/layers.23/self_attn/Unsqueeze_13 d95923ea-2a75-4757-a86c-99d425e3974a:92:232
2026-10-04 18:51:33.195000 [I:onnxruntime:, webgpu_execution_provider.cc:666 GetCapability] webgpu kernel not found in registries for Op type: Gather node name: /model/layers.23/self_attn/Gather_4 d95923ea-2a75-4757-a86c-99d425e3974a:92:232
2026-10-04 18:51:33.195000 [I:onnxruntime:, webgpu_execution_provider.cc:666 GetCapability] webgpu kernel not found in registries for Op type: Unsqueeze node name: /model/layers.23/self_attn/Unsqueeze_11 d95923ea-2a75-4757-a86c-99d425e3974a:92:232
2026-10-04 18:51:33.195000 [I:onnxruntime:, webgpu_execution_provider.cc:666 GetCapability] webgpu kernel not found in registries for Op type: Concat node name: /model/layers.23/self_attn/Concat_7 d95923ea-2a75-4757-a86c-99d425e3974a:92:232
2026-10-04 18:51:33.195000 [I:onnxruntime:, webgpu_execution_provider.cc:666 GetCapability] webgpu kernel not found in registries for Op type: Equal node name: /model/layers.23/self_attn/Equal d95923ea-2a75-4757-a86c-99d425e3974a:92:232
2026-10-04 18:51:33.195999 [I:onnxruntime:, webgpu_execution_provider.cc:666 GetCapability] webgpu kernel not found in registries for Op type: Where node name: /model/layers.23/self_attn/Where d95923ea-2a75-4757-a86c-99d425e3974a:92:232
2026-10-04 18:51:33.195999 [I:onnxruntime:, webgpu_execution_provider.cc:666 GetCapability] webgpu kernel not found in registries for Op type: Gather node name: /model/layers.23/self_attn/Gather_12 d95923ea-2a75-4757-a86c-99d425e3974a:92:232
2026-10-04 18:51:33.195999 [I:onnxruntime:, webgpu_execution_provider.cc:666 GetCapability] webgpu kernel not found in registries for Op type: Unsqueeze node name: /model/layers.23/self_attn/Unsqueeze_28 d95923ea-2a75-4757-a86c-99d425e3974a:92:232
2026-10-04 18:51:33.195999 [I:onnxruntime:, webgpu_execution_provider.cc:666 GetCapability] webgpu kernel not found in registries for Op type: Gather node name: /model/layers.23/self_attn/Gather_10 d95923ea-2a75-4757-a86c-99d425e3974a:92:232
2026-10-04 18:51:33.195999 [I:onnxruntime:, webgpu_execution_provider.cc:666 GetCapability] webgpu kernel not found in registries for Op type: Unsqueeze node name: /model/layers.23/self_attn/Unsqueeze_22 d95923ea-2a75-4757-a86c-99d425e3974a:92:232
2026-10-04 18:51:33.197000 [I:onnxruntime:, webgpu_execution_provider.cc:666 GetCapability] webgpu kernel not found in registries for Op type: Gather node name: /model/layers.23/self_attn/Gather_8 d95923ea-2a75-4757-a86c-99d425e3974a:92:232
2026-10-04 18:51:33.197000 [I:onnxruntime:, webgpu_execution_provider.cc:666 GetCapability] webgpu kernel not found in registries for Op type: Unsqueeze node name: /model/layers.23/self_attn/Unsqueeze_20 d95923ea-2a75-4757-a86c-99d425e3974a:92:232
2026-10-04 18:51:33.197000 [I:onnxruntime:, webgpu_execution_provider.cc:666 GetCapability] webgpu kernel not found in registries for Op type: Concat node name: /model/layers.23/self_attn/Concat_9 d95923ea-2a75-4757-a86c-99d425e3974a:92:232
2026-10-04 18:51:33.197000 [I:onnxruntime:, webgpu_execution_provider.cc:666 GetCapability] webgpu kernel not found in registries for Op type: Equal node name: /model/layers.23/self_attn/Equal_1 d95923ea-2a75-4757-a86c-99d425e3974a:92:232
2026-10-04 18:51:33.197000 [I:onnxruntime:, webgpu_execution_provider.cc:666 GetCapability] webgpu kernel not found in registries for Op type: Where node name: /model/layers.23/self_attn/Where_1 d95923ea-2a75-4757-a86c-99d425e3974a:92:232
2026-10-04 18:51:33.198000 [I:onnxruntime:, webgpu_execution_provider.cc:666 GetCapability] webgpu kernel not found in registries for Op type: Gather node name: /model/layers.24/self_attn/Gather_1 d95923ea-2a75-4757-a86c-99d425e3974a:92:232
2026-10-04 18:51:33.199000 [I:onnxruntime:, webgpu_execution_provider.cc:666 GetCapability] webgpu kernel not found in registries for Op type: Unsqueeze node name: /model/layers.24/self_attn/Unsqueeze_1 d95923ea-2a75-4757-a86c-99d425e3974a:92:232
2026-10-04 18:51:33.199000 [I:onnxruntime:, webgpu_execution_provider.cc:666 GetCapability] webgpu kernel not found in registries for Op type: Gather node name: /model/layers.24/self_attn/Gather d95923ea-2a75-4757-a86c-99d425e3974a:92:232
2026-10-04 18:51:33.199000 [I:onnxruntime:, webgpu_execution_provider.cc:666 GetCapability] webgpu kernel not found in registries for Op type: Unsqueeze node name: /model/layers.24/self_attn/Unsqueeze d95923ea-2a75-4757-a86c-99d425e3974a:92:232
2026-10-04 18:51:33.199000 [I:onnxruntime:, webgpu_execution_provider.cc:666 GetCapability] webgpu kernel not found in registries for Op type: Concat node name: /model/layers.24/self_attn/Concat d95923ea-2a75-4757-a86c-99d425e3974a:92:232
2026-10-04 18:51:33.199000 [I:onnxruntime:, webgpu_execution_provider.cc:666 GetCapability] webgpu kernel not found in registries for Op type: Gather node name: /model/layers.24/self_attn/Gather_6 d95923ea-2a75-4757-a86c-99d425e3974a:92:232
2026-10-04 18:51:33.199999 [I:onnxruntime:, webgpu_execution_provider.cc:666 GetCapability] webgpu kernel not found in registries for Op type: Unsqueeze node name: /model/layers.24/self_attn/Unsqueeze_13 d95923ea-2a75-4757-a86c-99d425e3974a:92:232
2026-10-04 18:51:33.199999 [I:onnxruntime:, webgpu_execution_provider.cc:666 GetCapability] webgpu kernel not found in registries for Op type: Gather node name: /model/layers.24/self_attn/Gather_4 d95923ea-2a75-4757-a86c-99d425e3974a:92:232
2026-10-04 18:51:33.199999 [I:onnxruntime:, webgpu_execution_provider.cc:666 GetCapability] webgpu kernel not found in registries for Op type: Unsqueeze node name: /model/layers.24/self_attn/Unsqueeze_11 d95923ea-2a75-4757-a86c-99d425e3974a:92:232
2026-10-04 18:51:33.199999 [I:onnxruntime:, webgpu_execution_provider.cc:666 GetCapability] webgpu kernel not found in registries for Op type: Concat node name: /model/layers.24/self_attn/Concat_7 d95923ea-2a75-4757-a86c-99d425e3974a:92:232
2026-10-04 18:51:33.200999 [I:onnxruntime:, webgpu_execution_provider.cc:666 GetCapability] webgpu kernel not found in registries for Op type: Equal node name: /model/layers.24/self_attn/Equal d95923ea-2a75-4757-a86c-99d425e3974a:92:232
2026-10-04 18:51:33.200999 [I:onnxruntime:, webgpu_execution_provider.cc:666 GetCapability] webgpu kernel not found in registries for Op type: Where node name: /model/layers.24/self_attn/Where d95923ea-2a75-4757-a86c-99d425e3974a:92:232
2026-10-04 18:51:33.200999 [I:onnxruntime:, webgpu_execution_provider.cc:666 GetCapability] webgpu kernel not found in registries for Op type: Gather node name: /model/layers.24/self_attn/Gather_12 d95923ea-2a75-4757-a86c-99d425e3974a:92:232
2026-10-04 18:51:33.200999 [I:onnxruntime:, webgpu_execution_provider.cc:666 GetCapability] webgpu kernel not found in registries for Op type: Unsqueeze node name: /model/layers.24/self_attn/Unsqueeze_28 d95923ea-2a75-4757-a86c-99d425e3974a:92:232
2026-10-04 18:51:33.200999 [I:onnxruntime:, webgpu_execution_provider.cc:666 GetCapability] webgpu kernel not found in registries for Op type: Gather node name: /model/layers.24/self_attn/Gather_10 d95923ea-2a75-4757-a86c-99d425e3974a:92:232
2026-10-04 18:51:33.202000 [I:onnxruntime:, webgpu_execution_provider.cc:666 GetCapability] webgpu kernel not found in registries for Op type: Unsqueeze node name: /model/layers.24/self_attn/Unsqueeze_22 d95923ea-2a75-4757-a86c-99d425e3974a:92:232
2026-10-04 18:51:33.202000 [I:onnxruntime:, webgpu_execution_provider.cc:666 GetCapability] webgpu kernel not found in registries for Op type: Gather node name: /model/layers.24/self_attn/Gather_8 d95923ea-2a75-4757-a86c-99d425e3974a:92:232
2026-10-04 18:51:33.202000 [I:onnxruntime:, webgpu_execution_provider.cc:666 GetCapability] webgpu kernel not found in registries for Op type: Unsqueeze node name: /model/layers.24/self_attn/Unsqueeze_20 d95923ea-2a75-4757-a86c-99d425e3974a:92:232
2026-10-04 18:51:33.202000 [I:onnxruntime:, webgpu_execution_provider.cc:666 GetCapability] webgpu kernel not found in registries for Op type: Concat node name: /model/layers.24/self_attn/Concat_9 d95923ea-2a75-4757-a86c-99d425e3974a:92:232
2026-10-04 18:51:33.203000 [I:onnxruntime:, webgpu_execution_provider.cc:666 GetCapability] webgpu kernel not found in registries for Op type: Equal node name: /model/layers.24/self_attn/Equal_1 d95923ea-2a75-4757-a86c-99d425e3974a:92:232
2026-10-04 18:51:33.203000 [I:onnxruntime:, webgpu_execution_provider.cc:666 GetCapability] webgpu kernel not found in registries for Op type: Where node name: /model/layers.24/self_attn/Where_1 d95923ea-2a75-4757-a86c-99d425e3974a:92:232
2026-10-04 18:51:33.203000 [I:onnxruntime:, webgpu_execution_provider.cc:666 GetCapability] webgpu kernel not found in registries for Op type: Gather node name: /model/layers.25/self_attn/Gather_1 d95923ea-2a75-4757-a86c-99d425e3974a:92:232
2026-10-04 18:51:33.203000 [I:onnxruntime:, webgpu_execution_provider.cc:666 GetCapability] webgpu kernel not found in registries for Op type: Unsqueeze node name: /model/layers.25/self_attn/Unsqueeze_1 d95923ea-2a75-4757-a86c-99d425e3974a:92:232
2026-10-04 18:51:33.203000 [I:onnxruntime:, webgpu_execution_provider.cc:666 GetCapability] webgpu kernel not found in registries for Op type: Gather node name: /model/layers.25/self_attn/Gather d95923ea-2a75-4757-a86c-99d425e3974a:92:232
2026-10-04 18:51:33.203999 [I:onnxruntime:, webgpu_execution_provider.cc:666 GetCapability] webgpu kernel not found in registries for Op type: Unsqueeze node name: /model/layers.25/self_attn/Unsqueeze d95923ea-2a75-4757-a86c-99d425e3974a:92:232
2026-10-04 18:51:33.203999 [I:onnxruntime:, webgpu_execution_provider.cc:666 GetCapability] webgpu kernel not found in registries for Op type: Concat node name: /model/layers.25/self_attn/Concat d95923ea-2a75-4757-a86c-99d425e3974a:92:232
2026-10-04 18:51:33.203999 [I:onnxruntime:, webgpu_execution_provider.cc:666 GetCapability] webgpu kernel not found in registries for Op type: Gather node name: /model/layers.25/self_attn/Gather_6 d95923ea-2a75-4757-a86c-99d425e3974a:92:232
2026-10-04 18:51:33.203999 [I:onnxruntime:, webgpu_execution_provider.cc:666 GetCapability] webgpu kernel not found in registries for Op type: Unsqueeze node name: /model/layers.25/self_attn/Unsqueeze_13 d95923ea-2a75-4757-a86c-99d425e3974a:92:232
2026-10-04 18:51:33.203999 [I:onnxruntime:, webgpu_execution_provider.cc:666 GetCapability] webgpu kernel not found in registries for Op type: Gather node name: /model/layers.25/self_attn/Gather_4 d95923ea-2a75-4757-a86c-99d425e3974a:92:232
2026-10-04 18:51:33.205000 [I:onnxruntime:, webgpu_execution_provider.cc:666 GetCapability] webgpu kernel not found in registries for Op type: Unsqueeze node name: /model/layers.25/self_attn/Unsqueeze_11 d95923ea-2a75-4757-a86c-99d425e3974a:92:232
2026-10-04 18:51:33.205000 [I:onnxruntime:, webgpu_execution_provider.cc:666 GetCapability] webgpu kernel not found in registries for Op type: Concat node name: /model/layers.25/self_attn/Concat_7 d95923ea-2a75-4757-a86c-99d425e3974a:92:232
2026-10-04 18:51:33.205000 [I:onnxruntime:, webgpu_execution_provider.cc:666 GetCapability] webgpu kernel not found in registries for Op type: Equal node name: /model/layers.25/self_attn/Equal d95923ea-2a75-4757-a86c-99d425e3974a:92:232
2026-10-04 18:51:33.205000 [I:onnxruntime:, webgpu_execution_provider.cc:666 GetCapability] webgpu kernel not found in registries for Op type: Where node name: /model/layers.25/self_attn/Where d95923ea-2a75-4757-a86c-99d425e3974a:92:232
2026-10-04 18:51:33.205000 [I:onnxruntime:, webgpu_execution_provider.cc:666 GetCapability] webgpu kernel not found in registries for Op type: Gather node name: /model/layers.25/self_attn/Gather_12 d95923ea-2a75-4757-a86c-99d425e3974a:92:232
2026-10-04 18:51:33.206000 [I:onnxruntime:, webgpu_execution_provider.cc:666 GetCapability] webgpu kernel not found in registries for Op type: Unsqueeze node name: /model/layers.25/self_attn/Unsqueeze_28 d95923ea-2a75-4757-a86c-99d425e3974a:92:232
2026-10-04 18:51:33.206000 [I:onnxruntime:, webgpu_execution_provider.cc:666 GetCapability] webgpu kernel not found in registries for Op type: Gather node name: /model/layers.25/self_attn/Gather_10 d95923ea-2a75-4757-a86c-99d425e3974a:92:232
2026-10-04 18:51:33.206000 [I:onnxruntime:, webgpu_execution_provider.cc:666 GetCapability] webgpu kernel not found in registries for Op type: Unsqueeze node name: /model/layers.25/self_attn/Unsqueeze_22 d95923ea-2a75-4757-a86c-99d425e3974a:92:232
2026-10-04 18:51:33.206000 [I:onnxruntime:, webgpu_execution_provider.cc:666 GetCapability] webgpu kernel not found in registries for Op type: Gather node name: /model/layers.25/self_attn/Gather_8 d95923ea-2a75-4757-a86c-99d425e3974a:92:232
2026-10-04 18:51:33.207000 [I:onnxruntime:, webgpu_execution_provider.cc:666 GetCapability] webgpu kernel not found in registries for Op type: Unsqueeze node name: /model/layers.25/self_attn/Unsqueeze_20 d95923ea-2a75-4757-a86c-99d425e3974a:92:232
2026-10-04 18:51:33.207000 [I:onnxruntime:, webgpu_execution_provider.cc:666 GetCapability] webgpu kernel not found in registries for Op type: Concat node name: /model/layers.25/self_attn/Concat_9 d95923ea-2a75-4757-a86c-99d425e3974a:92:232
2026-10-04 18:51:33.207000 [I:onnxruntime:, webgpu_execution_provider.cc:666 GetCapability] webgpu kernel not found in registries for Op type: Equal node name: /model/layers.25/self_attn/Equal_1 d95923ea-2a75-4757-a86c-99d425e3974a:92:232
2026-10-04 18:51:33.207000 [I:onnxruntime:, webgpu_execution_provider.cc:666 GetCapability] webgpu kernel not found in registries for Op type: Where node name: /model/layers.25/self_attn/Where_1 d95923ea-2a75-4757-a86c-99d425e3974a:92:232
2026-10-04 18:51:33.207999 [I:onnxruntime:, webgpu_execution_provider.cc:666 GetCapability] webgpu kernel not found in registries for Op type: Gather node name: /model/layers.26/self_attn/Gather_1 d95923ea-2a75-4757-a86c-99d425e3974a:92:232
2026-10-04 18:51:33.207999 [I:onnxruntime:, webgpu_execution_provider.cc:666 GetCapability] webgpu kernel not found in registries for Op type: Unsqueeze node name: /model/layers.26/self_attn/Unsqueeze_1 d95923ea-2a75-4757-a86c-99d425e3974a:92:232
2026-10-04 18:51:33.207999 [I:onnxruntime:, webgpu_execution_provider.cc:666 GetCapability] webgpu kernel not found in registries for Op type: Gather node name: /model/layers.26/self_attn/Gather d95923ea-2a75-4757-a86c-99d425e3974a:92:232
2026-10-04 18:51:33.207999 [I:onnxruntime:, webgpu_execution_provider.cc:666 GetCapability] webgpu kernel not found in registries for Op type: Unsqueeze node name: /model/layers.26/self_attn/Unsqueeze d95923ea-2a75-4757-a86c-99d425e3974a:92:232
2026-10-04 18:51:33.207999 [I:onnxruntime:, webgpu_execution_provider.cc:666 GetCapability] webgpu kernel not found in registries for Op type: Concat node name: /model/layers.26/self_attn/Concat d95923ea-2a75-4757-a86c-99d425e3974a:92:232
2026-10-04 18:51:33.208999 [I:onnxruntime:, webgpu_execution_provider.cc:666 GetCapability] webgpu kernel not found in registries for Op type: Gather node name: /model/layers.26/self_attn/Gather_6 d95923ea-2a75-4757-a86c-99d425e3974a:92:232
2026-10-04 18:51:33.208999 [I:onnxruntime:, webgpu_execution_provider.cc:666 GetCapability] webgpu kernel not found in registries for Op type: Unsqueeze node name: /model/layers.26/self_attn/Unsqueeze_13 d95923ea-2a75-4757-a86c-99d425e3974a:92:232
2026-10-04 18:51:33.208999 [I:onnxruntime:, webgpu_execution_provider.cc:666 GetCapability] webgpu kernel not found in registries for Op type: Gather node name: /model/layers.26/self_attn/Gather_4 d95923ea-2a75-4757-a86c-99d425e3974a:92:232
2026-10-04 18:51:33.208999 [I:onnxruntime:, webgpu_execution_provider.cc:666 GetCapability] webgpu kernel not found in registries for Op type: Unsqueeze node name: /model/layers.26/self_attn/Unsqueeze_11 d95923ea-2a75-4757-a86c-99d425e3974a:92:232
2026-10-04 18:51:33.210000 [I:onnxruntime:, webgpu_execution_provider.cc:666 GetCapability] webgpu kernel not found in registries for Op type: Concat node name: /model/layers.26/self_attn/Concat_7 d95923ea-2a75-4757-a86c-99d425e3974a:92:232
2026-10-04 18:51:33.210000 [I:onnxruntime:, webgpu_execution_provider.cc:666 GetCapability] webgpu kernel not found in registries for Op type: Equal node name: /model/layers.26/self_attn/Equal d95923ea-2a75-4757-a86c-99d425e3974a:92:232
2026-10-04 18:51:33.210000 [I:onnxruntime:, webgpu_execution_provider.cc:666 GetCapability] webgpu kernel not found in registries for Op type: Where node name: /model/layers.26/self_attn/Where d95923ea-2a75-4757-a86c-99d425e3974a:92:232
2026-10-04 18:51:33.210000 [I:onnxruntime:, webgpu_execution_provider.cc:666 GetCapability] webgpu kernel not found in registries for Op type: Gather node name: /model/layers.26/self_attn/Gather_12 d95923ea-2a75-4757-a86c-99d425e3974a:92:232
2026-10-04 18:51:33.210000 [I:onnxruntime:, webgpu_execution_provider.cc:666 GetCapability] webgpu kernel not found in registries for Op type: Unsqueeze node name: /model/layers.26/self_attn/Unsqueeze_28 d95923ea-2a75-4757-a86c-99d425e3974a:92:232
2026-10-04 18:51:33.211000 [I:onnxruntime:, webgpu_execution_provider.cc:666 GetCapability] webgpu kernel not found in registries for Op type: Gather node name: /model/layers.26/self_attn/Gather_10 d95923ea-2a75-4757-a86c-99d425e3974a:92:232
2026-10-04 18:51:33.211000 [I:onnxruntime:, webgpu_execution_provider.cc:666 GetCapability] webgpu kernel not found in registries for Op type: Unsqueeze node name: /model/layers.26/self_attn/Unsqueeze_22 d95923ea-2a75-4757-a86c-99d425e3974a:92:232
2026-10-04 18:51:33.211000 [I:onnxruntime:, webgpu_execution_provider.cc:666 GetCapability] webgpu kernel not found in registries for Op type: Gather node name: /model/layers.26/self_attn/Gather_8 d95923ea-2a75-4757-a86c-99d425e3974a:92:232
2026-10-04 18:51:33.211000 [I:onnxruntime:, webgpu_execution_provider.cc:666 GetCapability] webgpu kernel not found in registries for Op type: Unsqueeze node name: /model/layers.26/self_attn/Unsqueeze_20 d95923ea-2a75-4757-a86c-99d425e3974a:92:232
2026-10-04 18:51:33.211999 [I:onnxruntime:, webgpu_execution_provider.cc:666 GetCapability] webgpu kernel not found in registries for Op type: Concat node name: /model/layers.26/self_attn/Concat_9 d95923ea-2a75-4757-a86c-99d425e3974a:92:232
2026-10-04 18:51:33.211999 [I:onnxruntime:, webgpu_execution_provider.cc:666 GetCapability] webgpu kernel not found in registries for Op type: Equal node name: /model/layers.26/self_attn/Equal_1 d95923ea-2a75-4757-a86c-99d425e3974a:92:232
2026-10-04 18:51:33.211999 [I:onnxruntime:, webgpu_execution_provider.cc:666 GetCapability] webgpu kernel not found in registries for Op type: Where node name: /model/layers.26/self_attn/Where_1 d95923ea-2a75-4757-a86c-99d425e3974a:92:232
2026-10-04 18:51:33.211999 [I:onnxruntime:, webgpu_execution_provider.cc:666 GetCapability] webgpu kernel not found in registries for Op type: Gather node name: /model/layers.27/self_attn/Gather_1 d95923ea-2a75-4757-a86c-99d425e3974a:92:232
2026-10-04 18:51:33.211999 [I:onnxruntime:, webgpu_execution_provider.cc:666 GetCapability] webgpu kernel not found in registries for Op type: Unsqueeze node name: /model/layers.27/self_attn/Unsqueeze_1 d95923ea-2a75-4757-a86c-99d425e3974a:92:232
2026-10-04 18:51:33.213000 [I:onnxruntime:, webgpu_execution_provider.cc:666 GetCapability] webgpu kernel not found in registries for Op type: Gather node name: /model/layers.27/self_attn/Gather d95923ea-2a75-4757-a86c-99d425e3974a:92:232
2026-10-04 18:51:33.213000 [I:onnxruntime:, webgpu_execution_provider.cc:666 GetCapability] webgpu kernel not found in registries for Op type: Unsqueeze node name: /model/layers.27/self_attn/Unsqueeze d95923ea-2a75-4757-a86c-99d425e3974a:92:232
2026-10-04 18:51:33.213000 [I:onnxruntime:, webgpu_execution_provider.cc:666 GetCapability] webgpu kernel not found in registries for Op type: Concat node name: /model/layers.27/self_attn/Concat d95923ea-2a75-4757-a86c-99d425e3974a:92:232
2026-10-04 18:51:33.213000 [I:onnxruntime:, webgpu_execution_provider.cc:666 GetCapability] webgpu kernel not found in registries for Op type: Gather node name: /model/layers.27/self_attn/Gather_6 d95923ea-2a75-4757-a86c-99d425e3974a:92:232
2026-10-04 18:51:33.213000 [I:onnxruntime:, webgpu_execution_provider.cc:666 GetCapability] webgpu kernel not found in registries for Op type: Unsqueeze node name: /model/layers.27/self_attn/Unsqueeze_13 d95923ea-2a75-4757-a86c-99d425e3974a:92:232
2026-10-04 18:51:33.214000 [I:onnxruntime:, webgpu_execution_provider.cc:666 GetCapability] webgpu kernel not found in registries for Op type: Gather node name: /model/layers.27/self_attn/Gather_4 d95923ea-2a75-4757-a86c-99d425e3974a:92:232
2026-10-04 18:51:33.214000 [I:onnxruntime:, webgpu_execution_provider.cc:666 GetCapability] webgpu kernel not found in registries for Op type: Unsqueeze node name: /model/layers.27/self_attn/Unsqueeze_11 d95923ea-2a75-4757-a86c-99d425e3974a:92:232
2026-10-04 18:51:33.214000 [I:onnxruntime:, webgpu_execution_provider.cc:666 GetCapability] webgpu kernel not found in registries for Op type: Concat node name: /model/layers.27/self_attn/Concat_7 d95923ea-2a75-4757-a86c-99d425e3974a:92:232
2026-10-04 18:51:33.214000 [I:onnxruntime:, webgpu_execution_provider.cc:666 GetCapability] webgpu kernel not found in registries for Op type: Equal node name: /model/layers.27/self_attn/Equal d95923ea-2a75-4757-a86c-99d425e3974a:92:232
2026-10-04 18:51:33.214000 [I:onnxruntime:, webgpu_execution_provider.cc:666 GetCapability] webgpu kernel not found in registries for Op type: Where node name: /model/layers.27/self_attn/Where d95923ea-2a75-4757-a86c-99d425e3974a:92:232
2026-10-04 18:51:33.214000 [I:onnxruntime:, webgpu_execution_provider.cc:666 GetCapability] webgpu kernel not found in registries for Op type: Gather node name: /model/layers.27/self_attn/Gather_12 d95923ea-2a75-4757-a86c-99d425e3974a:92:232
2026-10-04 18:51:33.215000 [I:onnxruntime:, webgpu_execution_provider.cc:666 GetCapability] webgpu kernel not found in registries for Op type: Unsqueeze node name: /model/layers.27/self_attn/Unsqueeze_28 d95923ea-2a75-4757-a86c-99d425e3974a:92:232
2026-10-04 18:51:33.215000 [I:onnxruntime:, webgpu_execution_provider.cc:666 GetCapability] webgpu kernel not found in registries for Op type: Gather node name: /model/layers.27/self_attn/Gather_10 d95923ea-2a75-4757-a86c-99d425e3974a:92:232
2026-10-04 18:51:33.215000 [I:onnxruntime:, webgpu_execution_provider.cc:666 GetCapability] webgpu kernel not found in registries for Op type: Unsqueeze node name: /model/layers.27/self_attn/Unsqueeze_22 d95923ea-2a75-4757-a86c-99d425e3974a:92:232
2026-10-04 18:51:33.215000 [I:onnxruntime:, webgpu_execution_provider.cc:666 GetCapability] webgpu kernel not found in registries for Op type: Gather node name: /model/layers.27/self_attn/Gather_8 d95923ea-2a75-4757-a86c-99d425e3974a:92:232
2026-10-04 18:51:33.227999 [I:onnxruntime:, webgpu_execution_provider.cc:666 GetCapability] webgpu kernel not found in registries for Op type: Unsqueeze node name: /model/layers.27/self_attn/Unsqueeze_20 d95923ea-2a75-4757-a86c-99d425e3974a:92:232
2026-10-04 18:51:33.227999 [I:onnxruntime:, webgpu_execution_provider.cc:666 GetCapability] webgpu kernel not found in registries for Op type: Concat node name: /model/layers.27/self_attn/Concat_9 d95923ea-2a75-4757-a86c-99d425e3974a:92:232
2026-10-04 18:51:33.227999 [I:onnxruntime:, webgpu_execution_provider.cc:666 GetCapability] webgpu kernel not found in registries for Op type: Equal node name: /model/layers.27/self_attn/Equal_1 d95923ea-2a75-4757-a86c-99d425e3974a:92:232
2026-10-04 18:51:33.229000 [I:onnxruntime:, webgpu_execution_provider.cc:666 GetCapability] webgpu kernel not found in registries for Op type: Where node name: /model/layers.27/self_attn/Where_1 d95923ea-2a75-4757-a86c-99d425e3974a:92:232
2026-10-04 18:51:33.229000 [I:onnxruntime:, webgpu_execution_provider.cc:666 GetCapability] webgpu kernel not found in registries for Op type: Gather node name: /model/layers.28/self_attn/Gather_1 d95923ea-2a75-4757-a86c-99d425e3974a:92:232
2026-10-04 18:51:33.229000 [I:onnxruntime:, webgpu_execution_provider.cc:666 GetCapability] webgpu kernel not found in registries for Op type: Unsqueeze node name: /model/layers.28/self_attn/Unsqueeze_1 d95923ea-2a75-4757-a86c-99d425e3974a:92:232
2026-10-04 18:51:33.229000 [I:onnxruntime:, webgpu_execution_provider.cc:666 GetCapability] webgpu kernel not found in registries for Op type: Gather node name: /model/layers.28/self_attn/Gather d95923ea-2a75-4757-a86c-99d425e3974a:92:232
2026-10-04 18:51:33.229000 [I:onnxruntime:, webgpu_execution_provider.cc:666 GetCapability] webgpu kernel not found in registries for Op type: Unsqueeze node name: /model/layers.28/self_attn/Unsqueeze d95923ea-2a75-4757-a86c-99d425e3974a:92:232
2026-10-04 18:51:33.230000 [I:onnxruntime:, webgpu_execution_provider.cc:666 GetCapability] webgpu kernel not found in registries for Op type: Concat node name: /model/layers.28/self_attn/Concat d95923ea-2a75-4757-a86c-99d425e3974a:92:232
2026-10-04 18:51:33.230000 [I:onnxruntime:, webgpu_execution_provider.cc:666 GetCapability] webgpu kernel not found in registries for Op type: Gather node name: /model/layers.28/self_attn/Gather_6 d95923ea-2a75-4757-a86c-99d425e3974a:92:232
2026-10-04 18:51:33.230000 [I:onnxruntime:, webgpu_execution_provider.cc:666 GetCapability] webgpu kernel not found in registries for Op type: Unsqueeze node name: /model/layers.28/self_attn/Unsqueeze_13 d95923ea-2a75-4757-a86c-99d425e3974a:92:232
2026-10-04 18:51:33.230000 [I:onnxruntime:, webgpu_execution_provider.cc:666 GetCapability] webgpu kernel not found in registries for Op type: Gather node name: /model/layers.28/self_attn/Gather_4 d95923ea-2a75-4757-a86c-99d425e3974a:92:232
2026-10-04 18:51:33.230000 [I:onnxruntime:, webgpu_execution_provider.cc:666 GetCapability] webgpu kernel not found in registries for Op type: Unsqueeze node name: /model/layers.28/self_attn/Unsqueeze_11 d95923ea-2a75-4757-a86c-99d425e3974a:92:232
2026-10-04 18:51:33.231000 [I:onnxruntime:, webgpu_execution_provider.cc:666 GetCapability] webgpu kernel not found in registries for Op type: Concat node name: /model/layers.28/self_attn/Concat_7 d95923ea-2a75-4757-a86c-99d425e3974a:92:232
2026-10-04 18:51:33.231000 [I:onnxruntime:, webgpu_execution_provider.cc:666 GetCapability] webgpu kernel not found in registries for Op type: Equal node name: /model/layers.28/self_attn/Equal d95923ea-2a75-4757-a86c-99d425e3974a:92:232
2026-10-04 18:51:33.231000 [I:onnxruntime:, webgpu_execution_provider.cc:666 GetCapability] webgpu kernel not found in registries for Op type: Where node name: /model/layers.28/self_attn/Where d95923ea-2a75-4757-a86c-99d425e3974a:92:232
2026-10-04 18:51:33.231000 [I:onnxruntime:, webgpu_execution_provider.cc:666 GetCapability] webgpu kernel not found in registries for Op type: Gather node name: /model/layers.28/self_attn/Gather_12 d95923ea-2a75-4757-a86c-99d425e3974a:92:232
2026-10-04 18:51:33.231000 [I:onnxruntime:, webgpu_execution_provider.cc:666 GetCapability] webgpu kernel not found in registries for Op type: Unsqueeze node name: /model/layers.28/self_attn/Unsqueeze_28 d95923ea-2a75-4757-a86c-99d425e3974a:92:232
2026-10-04 18:51:33.231999 [I:onnxruntime:, webgpu_execution_provider.cc:666 GetCapability] webgpu kernel not found in registries for Op type: Gather node name: /model/layers.28/self_attn/Gather_10 d95923ea-2a75-4757-a86c-99d425e3974a:92:232
2026-10-04 18:51:33.231999 [I:onnxruntime:, webgpu_execution_provider.cc:666 GetCapability] webgpu kernel not found in registries for Op type: Unsqueeze node name: /model/layers.28/self_attn/Unsqueeze_22 d95923ea-2a75-4757-a86c-99d425e3974a:92:232
2026-10-04 18:51:33.231999 [I:onnxruntime:, webgpu_execution_provider.cc:666 GetCapability] webgpu kernel not found in registries for Op type: Gather node name: /model/layers.28/self_attn/Gather_8 d95923ea-2a75-4757-a86c-99d425e3974a:92:232
2026-10-04 18:51:33.231999 [I:onnxruntime:, webgpu_execution_provider.cc:666 GetCapability] webgpu kernel not found in registries for Op type: Unsqueeze node name: /model/layers.28/self_attn/Unsqueeze_20 d95923ea-2a75-4757-a86c-99d425e3974a:92:232
2026-10-04 18:51:33.232999 [I:onnxruntime:, webgpu_execution_provider.cc:666 GetCapability] webgpu kernel not found in registries for Op type: Concat node name: /model/layers.28/self_attn/Concat_9 d95923ea-2a75-4757-a86c-99d425e3974a:92:232
2026-10-04 18:51:33.232999 [I:onnxruntime:, webgpu_execution_provider.cc:666 GetCapability] webgpu kernel not found in registries for Op type: Equal node name: /model/layers.28/self_attn/Equal_1 d95923ea-2a75-4757-a86c-99d425e3974a:92:232
2026-10-04 18:51:33.232999 [I:onnxruntime:, webgpu_execution_provider.cc:666 GetCapability] webgpu kernel not found in registries for Op type: Where node name: /model/layers.28/self_attn/Where_1 d95923ea-2a75-4757-a86c-99d425e3974a:92:232
2026-10-04 18:51:33.232999 [I:onnxruntime:, webgpu_execution_provider.cc:666 GetCapability] webgpu kernel not found in registries for Op type: Gather node name: /model/layers.29/self_attn/Gather_1 d95923ea-2a75-4757-a86c-99d425e3974a:92:232
2026-10-04 18:51:33.234000 [I:onnxruntime:, webgpu_execution_provider.cc:666 GetCapability] webgpu kernel not found in registries for Op type: Unsqueeze node name: /model/layers.29/self_attn/Unsqueeze_1 d95923ea-2a75-4757-a86c-99d425e3974a:92:232
2026-10-04 18:51:33.234000 [I:onnxruntime:, webgpu_execution_provider.cc:666 GetCapability] webgpu kernel not found in registries for Op type: Gather node name: /model/layers.29/self_attn/Gather d95923ea-2a75-4757-a86c-99d425e3974a:92:232
2026-10-04 18:51:33.234000 [I:onnxruntime:, webgpu_execution_provider.cc:666 GetCapability] webgpu kernel not found in registries for Op type: Unsqueeze node name: /model/layers.29/self_attn/Unsqueeze d95923ea-2a75-4757-a86c-99d425e3974a:92:232
2026-10-04 18:51:33.234000 [I:onnxruntime:, webgpu_execution_provider.cc:666 GetCapability] webgpu kernel not found in registries for Op type: Concat node name: /model/layers.29/self_attn/Concat d95923ea-2a75-4757-a86c-99d425e3974a:92:232
2026-10-04 18:51:33.235000 [I:onnxruntime:, webgpu_execution_provider.cc:666 GetCapability] webgpu kernel not found in registries for Op type: Gather node name: /model/layers.29/self_attn/Gather_6 d95923ea-2a75-4757-a86c-99d425e3974a:92:232
2026-10-04 18:51:33.235000 [I:onnxruntime:, webgpu_execution_provider.cc:666 GetCapability] webgpu kernel not found in registries for Op type: Unsqueeze node name: /model/layers.29/self_attn/Unsqueeze_13 d95923ea-2a75-4757-a86c-99d425e3974a:92:232
2026-10-04 18:51:33.235000 [I:onnxruntime:, webgpu_execution_provider.cc:666 GetCapability] webgpu kernel not found in registries for Op type: Gather node name: /model/layers.29/self_attn/Gather_4 d95923ea-2a75-4757-a86c-99d425e3974a:92:232
2026-10-04 18:51:33.235000 [I:onnxruntime:, webgpu_execution_provider.cc:666 GetCapability] webgpu kernel not found in registries for Op type: Unsqueeze node name: /model/layers.29/self_attn/Unsqueeze_11 d95923ea-2a75-4757-a86c-99d425e3974a:92:232
2026-10-04 18:51:33.235999 [I:onnxruntime:, webgpu_execution_provider.cc:666 GetCapability] webgpu kernel not found in registries for Op type: Concat node name: /model/layers.29/self_attn/Concat_7 d95923ea-2a75-4757-a86c-99d425e3974a:92:232
2026-10-04 18:51:33.235999 [I:onnxruntime:, webgpu_execution_provider.cc:666 GetCapability] webgpu kernel not found in registries for Op type: Equal node name: /model/layers.29/self_attn/Equal d95923ea-2a75-4757-a86c-99d425e3974a:92:232
2026-10-04 18:51:33.235999 [I:onnxruntime:, webgpu_execution_provider.cc:666 GetCapability] webgpu kernel not found in registries for Op type: Where node name: /model/layers.29/self_attn/Where d95923ea-2a75-4757-a86c-99d425e3974a:92:232
2026-10-04 18:51:33.237000 [I:onnxruntime:, webgpu_execution_provider.cc:666 GetCapability] webgpu kernel not found in registries for Op type: Gather node name: /model/layers.29/self_attn/Gather_12 d95923ea-2a75-4757-a86c-99d425e3974a:92:232
2026-10-04 18:51:33.237000 [I:onnxruntime:, webgpu_execution_provider.cc:666 GetCapability] webgpu kernel not found in registries for Op type: Unsqueeze node name: /model/layers.29/self_attn/Unsqueeze_28 d95923ea-2a75-4757-a86c-99d425e3974a:92:232
2026-10-04 18:51:33.237000 [I:onnxruntime:, webgpu_execution_provider.cc:666 GetCapability] webgpu kernel not found in registries for Op type: Gather node name: /model/layers.29/self_attn/Gather_10 d95923ea-2a75-4757-a86c-99d425e3974a:92:232
2026-10-04 18:51:33.237000 [I:onnxruntime:, webgpu_execution_provider.cc:666 GetCapability] webgpu kernel not found in registries for Op type: Unsqueeze node name: /model/layers.29/self_attn/Unsqueeze_22 d95923ea-2a75-4757-a86c-99d425e3974a:92:232
2026-10-04 18:51:33.237000 [I:onnxruntime:, webgpu_execution_provider.cc:666 GetCapability] webgpu kernel not found in registries for Op type: Gather node name: /model/layers.29/self_attn/Gather_8 d95923ea-2a75-4757-a86c-99d425e3974a:92:232
2026-10-04 18:51:33.238000 [I:onnxruntime:, webgpu_execution_provider.cc:666 GetCapability] webgpu kernel not found in registries for Op type: Unsqueeze node name: /model/layers.29/self_attn/Unsqueeze_20 d95923ea-2a75-4757-a86c-99d425e3974a:92:232
2026-10-04 18:51:33.238000 [I:onnxruntime:, webgpu_execution_provider.cc:666 GetCapability] webgpu kernel not found in registries for Op type: Concat node name: /model/layers.29/self_attn/Concat_9 d95923ea-2a75-4757-a86c-99d425e3974a:92:232
2026-10-04 18:51:33.239000 [I:onnxruntime:, webgpu_execution_provider.cc:666 GetCapability] webgpu kernel not found in registries for Op type: Equal node name: /model/layers.29/self_attn/Equal_1 d95923ea-2a75-4757-a86c-99d425e3974a:92:232
2026-10-04 18:51:33.239000 [I:onnxruntime:, webgpu_execution_provider.cc:666 GetCapability] webgpu kernel not found in registries for Op type: Where node name: /model/layers.29/self_attn/Where_1 d95923ea-2a75-4757-a86c-99d425e3974a:92:232
2026-10-04 18:51:33.299000 [I:onnxruntime:, graph.cc:5673 CleanUnusedInitializersAndNodeArgs] Removing NodeArg 'Transpose_token_3_out0'. It is no longer used by any node. d95923ea-2a75-4757-a86c-99d425e3974a:92:232
2026-10-04 18:51:33.299000 [I:onnxruntime:, graph.cc:5673 CleanUnusedInitializersAndNodeArgs] Removing NodeArg 'Transpose_token_2_out0'. It is no longer used by any node. d95923ea-2a75-4757-a86c-99d425e3974a:92:232
2026-10-04 18:51:33.299000 [I:onnxruntime:, graph.cc:5673 CleanUnusedInitializersAndNodeArgs] Removing NodeArg 'Transpose_token_1_out0'. It is no longer used by any node. d95923ea-2a75-4757-a86c-99d425e3974a:92:232
2026-10-04 18:51:33.299999 [I:onnxruntime:, graph.cc:5673 CleanUnusedInitializersAndNodeArgs] Removing NodeArg 'Transpose_token_0_out0'. It is no longer used by any node. d95923ea-2a75-4757-a86c-99d425e3974a:92:232
2026-10-04 18:51:33.320999 [I:onnxruntime:, inference_session.cc:1922 TransformGraph] Running graph optimizations in loop 1 time/s (Graph Optimizations Loop Level : 1) d95923ea-2a75-4757-a86c-99d425e3974a:92:232
2026-10-04 18:51:33.322000 [V:onnxruntime:, graph_transformer_mgr.cc:35 ApplyTransformers] Applying 32 graph transformer(s) for level 2 for up to 10 step(s). d95923ea-2a75-4757-a86c-99d425e3974a:92:232
2026-10-04 18:51:33.323000 [V:onnxruntime:, graph_transformer_mgr.cc:43 ApplyTransformers] Graph transformer step 1 of 10 for level 2 started. d95923ea-2a75-4757-a86c-99d425e3974a:92:232
2026-10-04 18:51:33.323000 [V:onnxruntime:, graph_transformer_mgr.cc:55 ApplyTransformers] Applying graph transformer Level2_RuleBasedTransformer on step 1. d95923ea-2a75-4757-a86c-99d425e3974a:92:232
2026-10-04 18:51:33.323999 [I:onnxruntime:, graph_transformer.cc:15 Apply] GraphTransformer Level2_RuleBasedTransformer modified: 0 with status: OK d95923ea-2a75-4757-a86c-99d425e3974a:92:232
2026-10-04 18:51:33.323999 [V:onnxruntime:, graph_transformer_mgr.cc:55 ApplyTransformers] Applying graph transformer TransposeOptimizer_CPUExecutionProvider on step 1. d95923ea-2a75-4757-a86c-99d425e3974a:92:232
2026-10-04 18:51:33.328999 [I:onnxruntime:, graph_transformer.cc:15 Apply] GraphTransformer TransposeOptimizer_CPUExecutionProvider modified: 0 with status: OK d95923ea-2a75-4757-a86c-99d425e3974a:92:232
2026-10-04 18:51:33.330000 [V:onnxruntime:, graph_transformer_mgr.cc:55 ApplyTransformers] Applying graph transformer QDQS8ToU8Transformer on step 1. d95923ea-2a75-4757-a86c-99d425e3974a:92:232
2026-10-04 18:51:33.331000 [I:onnxruntime:, graph_transformer.cc:15 Apply] GraphTransformer QDQS8ToU8Transformer modified: 0 with status: OK d95923ea-2a75-4757-a86c-99d425e3974a:92:232
2026-10-04 18:51:33.331000 [V:onnxruntime:, graph_transformer_mgr.cc:55 ApplyTransformers] Applying graph transformer QDQSelectorActionTransformer on step 1. d95923ea-2a75-4757-a86c-99d425e3974a:92:232
2026-10-04 18:51:33.333000 [I:onnxruntime:, graph_transformer.cc:15 Apply] GraphTransformer QDQSelectorActionTransformer modified: 0 with status: OK d95923ea-2a75-4757-a86c-99d425e3974a:92:232
2026-10-04 18:51:33.333000 [V:onnxruntime:, graph_transformer_mgr.cc:55 ApplyTransformers] Applying graph transformer GemmActivationFusion on step 1. d95923ea-2a75-4757-a86c-99d425e3974a:92:232
2026-10-04 18:51:33.334000 [I:onnxruntime:, graph_transformer.cc:15 Apply] GraphTransformer GemmActivationFusion modified: 0 with status: OK d95923ea-2a75-4757-a86c-99d425e3974a:92:232
2026-10-04 18:51:33.334000 [V:onnxruntime:, graph_transformer_mgr.cc:55 ApplyTransformers] Applying graph transformer MatMulIntegerToFloatFusion on step 1. d95923ea-2a75-4757-a86c-99d425e3974a:92:232
2026-10-04 18:51:33.335000 [I:onnxruntime:, graph_transformer.cc:15 Apply] GraphTransformer MatMulIntegerToFloatFusion modified: 0 with status: OK d95923ea-2a75-4757-a86c-99d425e3974a:92:232
2026-10-04 18:51:33.335000 [V:onnxruntime:, graph_transformer_mgr.cc:55 ApplyTransformers] Applying graph transformer DynamicQuantizeMatMulFusion on step 1. d95923ea-2a75-4757-a86c-99d425e3974a:92:232
2026-10-04 18:51:33.336999 [I:onnxruntime:, graph_transformer.cc:15 Apply] GraphTransformer DynamicQuantizeMatMulFusion modified: 0 with status: OK d95923ea-2a75-4757-a86c-99d425e3974a:92:232
2026-10-04 18:51:33.336999 [V:onnxruntime:, graph_transformer_mgr.cc:55 ApplyTransformers] Applying graph transformer ConvActivationFusion on step 1. d95923ea-2a75-4757-a86c-99d425e3974a:92:232
2026-10-04 18:51:33.339000 [I:onnxruntime:, graph_transformer.cc:15 Apply] GraphTransformer ConvActivationFusion modified: 0 with status: OK d95923ea-2a75-4757-a86c-99d425e3974a:92:232
2026-10-04 18:51:33.339000 [V:onnxruntime:, graph_transformer_mgr.cc:55 ApplyTransformers] Applying graph transformer GeluFusionL2 on step 1. d95923ea-2a75-4757-a86c-99d425e3974a:92:232
2026-10-04 18:51:33.339999 [I:onnxruntime:, graph_transformer.cc:15 Apply] GraphTransformer GeluFusionL2 modified: 0 with status: OK d95923ea-2a75-4757-a86c-99d425e3974a:92:232
2026-10-04 18:51:33.339999 [V:onnxruntime:, graph_transformer_mgr.cc:55 ApplyTransformers] Applying graph transformer LayerNormFusionL2 on step 1. d95923ea-2a75-4757-a86c-99d425e3974a:92:232
2026-10-04 18:51:33.342000 [I:onnxruntime:, graph_transformer.cc:15 Apply] GraphTransformer LayerNormFusionL2 modified: 0 with status: OK d95923ea-2a75-4757-a86c-99d425e3974a:92:232
2026-10-04 18:51:33.342000 [V:onnxruntime:, graph_transformer_mgr.cc:55 ApplyTransformers] Applying graph transformer SimplifiedLayerNormFusion on step 1. d95923ea-2a75-4757-a86c-99d425e3974a:92:232
2026-10-04 18:51:33.343000 [I:onnxruntime:, graph_transformer.cc:15 Apply] GraphTransformer SimplifiedLayerNormFusion modified: 0 with status: OK d95923ea-2a75-4757-a86c-99d425e3974a:92:232
2026-10-04 18:51:33.343999 [V:onnxruntime:, graph_transformer_mgr.cc:55 ApplyTransformers] Applying graph transformer AttentionFusion on step 1. d95923ea-2a75-4757-a86c-99d425e3974a:92:232
2026-10-04 18:51:33.344999 [I:onnxruntime:, graph_transformer.cc:15 Apply] GraphTransformer AttentionFusion modified: 0 with status: OK d95923ea-2a75-4757-a86c-99d425e3974a:92:232
2026-10-04 18:51:33.344999 [V:onnxruntime:, graph_transformer_mgr.cc:55 ApplyTransformers] Applying graph transformer EmbedLayerNormFusion on step 1. d95923ea-2a75-4757-a86c-99d425e3974a:92:232
2026-10-04 18:51:33.346000 [I:onnxruntime:, graph_transformer.cc:15 Apply] GraphTransformer EmbedLayerNormFusion modified: 0 with status: OK d95923ea-2a75-4757-a86c-99d425e3974a:92:232
2026-10-04 18:51:33.346000 [V:onnxruntime:, graph_transformer_mgr.cc:55 ApplyTransformers] Applying graph transformer GatherSliceToSplitFusion on step 1. d95923ea-2a75-4757-a86c-99d425e3974a:92:232
2026-10-04 18:51:33.347999 [I:onnxruntime:, graph_transformer.cc:15 Apply] GraphTransformer GatherSliceToSplitFusion modified: 0 with status: OK d95923ea-2a75-4757-a86c-99d425e3974a:92:232
2026-10-04 18:51:33.349000 [V:onnxruntime:, graph_transformer_mgr.cc:55 ApplyTransformers] Applying graph transformer GatherToSliceFusion on step 1. d95923ea-2a75-4757-a86c-99d425e3974a:92:232
2026-10-04 18:51:33.350000 [I:onnxruntime:, graph_transformer.cc:15 Apply] GraphTransformer GatherToSliceFusion modified: 0 with status: OK d95923ea-2a75-4757-a86c-99d425e3974a:92:232
2026-10-04 18:51:33.350000 [V:onnxruntime:, graph_transformer_mgr.cc:55 ApplyTransformers] Applying graph transformer MatmulTransposeFusion on step 1. d95923ea-2a75-4757-a86c-99d425e3974a:92:232
2026-10-04 18:51:33.351999 [I:onnxruntime:, graph_transformer.cc:15 Apply] GraphTransformer MatmulTransposeFusion modified: 0 with status: OK d95923ea-2a75-4757-a86c-99d425e3974a:92:232
2026-10-04 18:51:33.351999 [V:onnxruntime:, graph_transformer_mgr.cc:55 ApplyTransformers] Applying graph transformer BiasGeluFusion on step 1. d95923ea-2a75-4757-a86c-99d425e3974a:92:232
2026-10-04 18:51:33.352999 [I:onnxruntime:, graph_transformer.cc:15 Apply] GraphTransformer BiasGeluFusion modified: 0 with status: OK d95923ea-2a75-4757-a86c-99d425e3974a:92:232
2026-10-04 18:51:33.354000 [V:onnxruntime:, graph_transformer_mgr.cc:55 ApplyTransformers] Applying graph transformer GroupQueryAttentionFusion on step 1. d95923ea-2a75-4757-a86c-99d425e3974a:92:232
2026-10-04 18:51:33.355000 [I:onnxruntime:, graph_transformer.cc:15 Apply] GraphTransformer GroupQueryAttentionFusion modified: 0 with status: OK d95923ea-2a75-4757-a86c-99d425e3974a:92:232
2026-10-04 18:51:33.355000 [V:onnxruntime:, graph_transformer_mgr.cc:55 ApplyTransformers] Applying graph transformer MatMulAddFusion on step 1. d95923ea-2a75-4757-a86c-99d425e3974a:92:232
2026-10-04 18:51:33.358000 [I:onnxruntime:, graph_transformer.cc:15 Apply] GraphTransformer MatMulAddFusion modified: 0 with status: OK d95923ea-2a75-4757-a86c-99d425e3974a:92:232
2026-10-04 18:51:33.358000 [V:onnxruntime:, graph_transformer_mgr.cc:55 ApplyTransformers] Applying graph transformer SkipLayerNormFusion on step 1. d95923ea-2a75-4757-a86c-99d425e3974a:92:232
2026-10-04 18:51:33.362000 [I:onnxruntime:, graph_transformer.cc:15 Apply] GraphTransformer SkipLayerNormFusion modified: 0 with status: OK d95923ea-2a75-4757-a86c-99d425e3974a:92:232
2026-10-04 18:51:33.362000 [V:onnxruntime:, graph_transformer_mgr.cc:55 ApplyTransformers] Applying graph transformer BiasSkipLayerNormFusion on step 1. d95923ea-2a75-4757-a86c-99d425e3974a:92:232
2026-10-04 18:51:33.366000 [I:onnxruntime:, graph_transformer.cc:15 Apply] GraphTransformer BiasSkipLayerNormFusion modified: 0 with status: OK d95923ea-2a75-4757-a86c-99d425e3974a:92:232
2026-10-04 18:51:33.367000 [V:onnxruntime:, graph_transformer_mgr.cc:55 ApplyTransformers] Applying graph transformer FastGeluFusion on step 1. d95923ea-2a75-4757-a86c-99d425e3974a:92:232
2026-10-04 18:51:33.368999 [I:onnxruntime:, graph_transformer.cc:15 Apply] GraphTransformer FastGeluFusion modified: 0 with status: OK d95923ea-2a75-4757-a86c-99d425e3974a:92:232
2026-10-04 18:51:33.368999 [V:onnxruntime:, graph_transformer_mgr.cc:55 ApplyTransformers] Applying graph transformer QuickGeluFusion on step 1. d95923ea-2a75-4757-a86c-99d425e3974a:92:232
2026-10-04 18:51:33.371999 [I:onnxruntime:, graph_transformer.cc:15 Apply] GraphTransformer QuickGeluFusion modified: 1 with status: OK d95923ea-2a75-4757-a86c-99d425e3974a:92:232
2026-10-04 18:51:33.427999 [V:onnxruntime:, graph_transformer_mgr.cc:55 ApplyTransformers] Applying graph transformer BiasSoftmaxFusion on step 1. d95923ea-2a75-4757-a86c-99d425e3974a:92:232
2026-10-04 18:51:33.431000 [I:onnxruntime:, graph_transformer.cc:15 Apply] GraphTransformer BiasSoftmaxFusion modified: 0 with status: OK d95923ea-2a75-4757-a86c-99d425e3974a:92:232
2026-10-04 18:51:33.431999 [V:onnxruntime:, graph_transformer_mgr.cc:55 ApplyTransformers] Applying graph transformer BiasDropoutFusion on step 1. d95923ea-2a75-4757-a86c-99d425e3974a:92:232
2026-10-04 18:51:33.432999 [I:onnxruntime:, graph_transformer.cc:15 Apply] GraphTransformer BiasDropoutFusion modified: 0 with status: OK d95923ea-2a75-4757-a86c-99d425e3974a:92:232
2026-10-04 18:51:33.432999 [V:onnxruntime:, graph_transformer_mgr.cc:55 ApplyTransformers] Applying graph transformer MatMulScaleFusion on step 1. d95923ea-2a75-4757-a86c-99d425e3974a:92:232
2026-10-04 18:51:33.434000 [I:onnxruntime:, graph_transformer.cc:15 Apply] GraphTransformer MatMulScaleFusion modified: 0 with status: OK d95923ea-2a75-4757-a86c-99d425e3974a:92:232
2026-10-04 18:51:33.434000 [V:onnxruntime:, graph_transformer_mgr.cc:55 ApplyTransformers] Applying graph transformer MatMulActivationFusion on step 1. d95923ea-2a75-4757-a86c-99d425e3974a:92:232
2026-10-04 18:51:33.435000 [I:onnxruntime:, graph_transformer.cc:15 Apply] GraphTransformer MatMulActivationFusion modified: 0 with status: OK d95923ea-2a75-4757-a86c-99d425e3974a:92:232
2026-10-04 18:51:33.435999 [V:onnxruntime:, graph_transformer_mgr.cc:55 ApplyTransformers] Applying graph transformer MatMulNBitsFusion on step 1. d95923ea-2a75-4757-a86c-99d425e3974a:92:232
2026-10-04 18:51:33.437000 [I:onnxruntime:, graph_transformer.cc:15 Apply] GraphTransformer MatMulNBitsFusion modified: 0 with status: OK d95923ea-2a75-4757-a86c-99d425e3974a:92:232
2026-10-04 18:51:33.437000 [V:onnxruntime:, graph_transformer_mgr.cc:55 ApplyTransformers] Applying graph transformer GroupQueryAttentionPreNormFusion on step 1. d95923ea-2a75-4757-a86c-99d425e3974a:92:232
2026-10-04 18:51:33.438000 [I:onnxruntime:, graph_transformer.cc:15 Apply] GraphTransformer GroupQueryAttentionPreNormFusion modified: 0 with status: OK d95923ea-2a75-4757-a86c-99d425e3974a:92:232
2026-10-04 18:51:33.439000 [V:onnxruntime:, graph_transformer_mgr.cc:55 ApplyTransformers] Applying graph transformer MatMulNBitsMlpFusion on step 1. d95923ea-2a75-4757-a86c-99d425e3974a:92:232
2026-10-04 18:51:33.440999 [V:onnxruntime:, matmul_nbits_mlp_fusion.cc:339 ApplyImpl] MatMulNBitsMlpFusion: matched candidate shape='quick_gelu' output_mul='/model/layers.0/mlp/Mul' gate='/model/layers.0/mlp/gate_proj/MatMul_Q4' up='/model/layers.0/mlp/up_proj/MatMul_Q4' attrs={K=576, N=1536, bits=4, block_size=32, accuracy_level=0} d95923ea-2a75-4757-a86c-99d425e3974a:92:232
2026-10-04 18:51:33.442000 [V:onnxruntime:, matmul_nbits_mlp_fusion.cc:339 ApplyImpl] MatMulNBitsMlpFusion: matched candidate shape='quick_gelu' output_mul='/model/layers.1/mlp/Mul' gate='/model/layers.1/mlp/gate_proj/MatMul_Q4' up='/model/layers.1/mlp/up_proj/MatMul_Q4' attrs={K=576, N=1536, bits=4, block_size=32, accuracy_level=0} d95923ea-2a75-4757-a86c-99d425e3974a:92:232
2026-10-04 18:51:33.443000 [V:onnxruntime:, matmul_nbits_mlp_fusion.cc:339 ApplyImpl] MatMulNBitsMlpFusion: matched candidate shape='quick_gelu' output_mul='/model/layers.2/mlp/Mul' gate='/model/layers.2/mlp/gate_proj/MatMul_Q4' up='/model/layers.2/mlp/up_proj/MatMul_Q4' attrs={K=576, N=1536, bits=4, block_size=32, accuracy_level=0} d95923ea-2a75-4757-a86c-99d425e3974a:92:232
2026-10-04 18:51:33.443000 [V:onnxruntime:, matmul_nbits_mlp_fusion.cc:339 ApplyImpl] MatMulNBitsMlpFusion: matched candidate shape='quick_gelu' output_mul='/model/layers.3/mlp/Mul' gate='/model/layers.3/mlp/gate_proj/MatMul_Q4' up='/model/layers.3/mlp/up_proj/MatMul_Q4' attrs={K=576, N=1536, bits=4, block_size=32, accuracy_level=0} d95923ea-2a75-4757-a86c-99d425e3974a:92:232
2026-10-04 18:51:33.443000 [V:onnxruntime:, matmul_nbits_mlp_fusion.cc:339 ApplyImpl] MatMulNBitsMlpFusion: matched candidate shape='quick_gelu' output_mul='/model/layers.4/mlp/Mul' gate='/model/layers.4/mlp/gate_proj/MatMul_Q4' up='/model/layers.4/mlp/up_proj/MatMul_Q4' attrs={K=576, N=1536, bits=4, block_size=32, accuracy_level=0} d95923ea-2a75-4757-a86c-99d425e3974a:92:232
2026-10-04 18:51:33.445000 [V:onnxruntime:, matmul_nbits_mlp_fusion.cc:339 ApplyImpl] MatMulNBitsMlpFusion: matched candidate shape='quick_gelu' output_mul='/model/layers.5/mlp/Mul' gate='/model/layers.5/mlp/gate_proj/MatMul_Q4' up='/model/layers.5/mlp/up_proj/MatMul_Q4' attrs={K=576, N=1536, bits=4, block_size=32, accuracy_level=0} d95923ea-2a75-4757-a86c-99d425e3974a:92:232
2026-10-04 18:51:33.445000 [V:onnxruntime:, matmul_nbits_mlp_fusion.cc:339 ApplyImpl] MatMulNBitsMlpFusion: matched candidate shape='quick_gelu' output_mul='/model/layers.6/mlp/Mul' gate='/model/layers.6/mlp/gate_proj/MatMul_Q4' up='/model/layers.6/mlp/up_proj/MatMul_Q4' attrs={K=576, N=1536, bits=4, block_size=32, accuracy_level=0} d95923ea-2a75-4757-a86c-99d425e3974a:92:232
2026-10-04 18:51:33.445000 [V:onnxruntime:, matmul_nbits_mlp_fusion.cc:339 ApplyImpl] MatMulNBitsMlpFusion: matched candidate shape='quick_gelu' output_mul='/model/layers.7/mlp/Mul' gate='/model/layers.7/mlp/gate_proj/MatMul_Q4' up='/model/layers.7/mlp/up_proj/MatMul_Q4' attrs={K=576, N=1536, bits=4, block_size=32, accuracy_level=0} d95923ea-2a75-4757-a86c-99d425e3974a:92:232
2026-10-04 18:51:33.446000 [V:onnxruntime:, matmul_nbits_mlp_fusion.cc:339 ApplyImpl] MatMulNBitsMlpFusion: matched candidate shape='quick_gelu' output_mul='/model/layers.8/mlp/Mul' gate='/model/layers.8/mlp/gate_proj/MatMul_Q4' up='/model/layers.8/mlp/up_proj/MatMul_Q4' attrs={K=576, N=1536, bits=4, block_size=32, accuracy_level=0} d95923ea-2a75-4757-a86c-99d425e3974a:92:232
2026-10-04 18:51:33.446000 [V:onnxruntime:, matmul_nbits_mlp_fusion.cc:339 ApplyImpl] MatMulNBitsMlpFusion: matched candidate shape='quick_gelu' output_mul='/model/layers.9/mlp/Mul' gate='/model/layers.9/mlp/gate_proj/MatMul_Q4' up='/model/layers.9/mlp/up_proj/MatMul_Q4' attrs={K=576, N=1536, bits=4, block_size=32, accuracy_level=0} d95923ea-2a75-4757-a86c-99d425e3974a:92:232
2026-10-04 18:51:33.447000 [V:onnxruntime:, matmul_nbits_mlp_fusion.cc:339 ApplyImpl] MatMulNBitsMlpFusion: matched candidate shape='quick_gelu' output_mul='/model/layers.10/mlp/Mul' gate='/model/layers.10/mlp/gate_proj/MatMul_Q4' up='/model/layers.10/mlp/up_proj/MatMul_Q4' attrs={K=576, N=1536, bits=4, block_size=32, accuracy_level=0} d95923ea-2a75-4757-a86c-99d425e3974a:92:232
2026-10-04 18:51:33.447999 [V:onnxruntime:, matmul_nbits_mlp_fusion.cc:339 ApplyImpl] MatMulNBitsMlpFusion: matched candidate shape='quick_gelu' output_mul='/model/layers.11/mlp/Mul' gate='/model/layers.11/mlp/gate_proj/MatMul_Q4' up='/model/layers.11/mlp/up_proj/MatMul_Q4' attrs={K=576, N=1536, bits=4, block_size=32, accuracy_level=0} d95923ea-2a75-4757-a86c-99d425e3974a:92:232
2026-10-04 18:51:33.447999 [V:onnxruntime:, matmul_nbits_mlp_fusion.cc:339 ApplyImpl] MatMulNBitsMlpFusion: matched candidate shape='quick_gelu' output_mul='/model/layers.12/mlp/Mul' gate='/model/layers.12/mlp/gate_proj/MatMul_Q4' up='/model/layers.12/mlp/up_proj/MatMul_Q4' attrs={K=576, N=1536, bits=4, block_size=32, accuracy_level=0} d95923ea-2a75-4757-a86c-99d425e3974a:92:232
2026-10-04 18:51:33.448999 [V:onnxruntime:, matmul_nbits_mlp_fusion.cc:339 ApplyImpl] MatMulNBitsMlpFusion: matched candidate shape='quick_gelu' output_mul='/model/layers.13/mlp/Mul' gate='/model/layers.13/mlp/gate_proj/MatMul_Q4' up='/model/layers.13/mlp/up_proj/MatMul_Q4' attrs={K=576, N=1536, bits=4, block_size=32, accuracy_level=0} d95923ea-2a75-4757-a86c-99d425e3974a:92:232
2026-10-04 18:51:33.448999 [V:onnxruntime:, matmul_nbits_mlp_fusion.cc:339 ApplyImpl] MatMulNBitsMlpFusion: matched candidate shape='quick_gelu' output_mul='/model/layers.14/mlp/Mul' gate='/model/layers.14/mlp/gate_proj/MatMul_Q4' up='/model/layers.14/mlp/up_proj/MatMul_Q4' attrs={K=576, N=1536, bits=4, block_size=32, accuracy_level=0} d95923ea-2a75-4757-a86c-99d425e3974a:92:232
2026-10-04 18:51:33.450000 [V:onnxruntime:, matmul_nbits_mlp_fusion.cc:339 ApplyImpl] MatMulNBitsMlpFusion: matched candidate shape='quick_gelu' output_mul='/model/layers.15/mlp/Mul' gate='/model/layers.15/mlp/gate_proj/MatMul_Q4' up='/model/layers.15/mlp/up_proj/MatMul_Q4' attrs={K=576, N=1536, bits=4, block_size=32, accuracy_level=0} d95923ea-2a75-4757-a86c-99d425e3974a:92:232
2026-10-04 18:51:33.450000 [V:onnxruntime:, matmul_nbits_mlp_fusion.cc:339 ApplyImpl] MatMulNBitsMlpFusion: matched candidate shape='quick_gelu' output_mul='/model/layers.16/mlp/Mul' gate='/model/layers.16/mlp/gate_proj/MatMul_Q4' up='/model/layers.16/mlp/up_proj/MatMul_Q4' attrs={K=576, N=1536, bits=4, block_size=32, accuracy_level=0} d95923ea-2a75-4757-a86c-99d425e3974a:92:232
2026-10-04 18:51:33.450000 [V:onnxruntime:, matmul_nbits_mlp_fusion.cc:339 ApplyImpl] MatMulNBitsMlpFusion: matched candidate shape='quick_gelu' output_mul='/model/layers.17/mlp/Mul' gate='/model/layers.17/mlp/gate_proj/MatMul_Q4' up='/model/layers.17/mlp/up_proj/MatMul_Q4' attrs={K=576, N=1536, bits=4, block_size=32, accuracy_level=0} d95923ea-2a75-4757-a86c-99d425e3974a:92:232
2026-10-04 18:51:33.451000 [V:onnxruntime:, matmul_nbits_mlp_fusion.cc:339 ApplyImpl] MatMulNBitsMlpFusion: matched candidate shape='quick_gelu' output_mul='/model/layers.18/mlp/Mul' gate='/model/layers.18/mlp/gate_proj/MatMul_Q4' up='/model/layers.18/mlp/up_proj/MatMul_Q4' attrs={K=576, N=1536, bits=4, block_size=32, accuracy_level=0} d95923ea-2a75-4757-a86c-99d425e3974a:92:232
2026-10-04 18:51:33.451000 [V:onnxruntime:, matmul_nbits_mlp_fusion.cc:339 ApplyImpl] MatMulNBitsMlpFusion: matched candidate shape='quick_gelu' output_mul='/model/layers.19/mlp/Mul' gate='/model/layers.19/mlp/gate_proj/MatMul_Q4' up='/model/layers.19/mlp/up_proj/MatMul_Q4' attrs={K=576, N=1536, bits=4, block_size=32, accuracy_level=0} d95923ea-2a75-4757-a86c-99d425e3974a:92:232
2026-10-04 18:51:33.451000 [V:onnxruntime:, matmul_nbits_mlp_fusion.cc:339 ApplyImpl] MatMulNBitsMlpFusion: matched candidate shape='quick_gelu' output_mul='/model/layers.20/mlp/Mul' gate='/model/layers.20/mlp/gate_proj/MatMul_Q4' up='/model/layers.20/mlp/up_proj/MatMul_Q4' attrs={K=576, N=1536, bits=4, block_size=32, accuracy_level=0} d95923ea-2a75-4757-a86c-99d425e3974a:92:232
2026-10-04 18:51:33.451000 [V:onnxruntime:, matmul_nbits_mlp_fusion.cc:339 ApplyImpl] MatMulNBitsMlpFusion: matched candidate shape='quick_gelu' output_mul='/model/layers.21/mlp/Mul' gate='/model/layers.21/mlp/gate_proj/MatMul_Q4' up='/model/layers.21/mlp/up_proj/MatMul_Q4' attrs={K=576, N=1536, bits=4, block_size=32, accuracy_level=0} d95923ea-2a75-4757-a86c-99d425e3974a:92:232
2026-10-04 18:51:33.451999 [V:onnxruntime:, matmul_nbits_mlp_fusion.cc:339 ApplyImpl] MatMulNBitsMlpFusion: matched candidate shape='quick_gelu' output_mul='/model/layers.22/mlp/Mul' gate='/model/layers.22/mlp/gate_proj/MatMul_Q4' up='/model/layers.22/mlp/up_proj/MatMul_Q4' attrs={K=576, N=1536, bits=4, block_size=32, accuracy_level=0} d95923ea-2a75-4757-a86c-99d425e3974a:92:232
2026-10-04 18:51:33.451999 [V:onnxruntime:, matmul_nbits_mlp_fusion.cc:339 ApplyImpl] MatMulNBitsMlpFusion: matched candidate shape='quick_gelu' output_mul='/model/layers.23/mlp/Mul' gate='/model/layers.23/mlp/gate_proj/MatMul_Q4' up='/model/layers.23/mlp/up_proj/MatMul_Q4' attrs={K=576, N=1536, bits=4, block_size=32, accuracy_level=0} d95923ea-2a75-4757-a86c-99d425e3974a:92:232
2026-10-04 18:51:33.451999 [V:onnxruntime:, matmul_nbits_mlp_fusion.cc:339 ApplyImpl] MatMulNBitsMlpFusion: matched candidate shape='quick_gelu' output_mul='/model/layers.24/mlp/Mul' gate='/model/layers.24/mlp/gate_proj/MatMul_Q4' up='/model/layers.24/mlp/up_proj/MatMul_Q4' attrs={K=576, N=1536, bits=4, block_size=32, accuracy_level=0} d95923ea-2a75-4757-a86c-99d425e3974a:92:232
2026-10-04 18:51:33.451999 [V:onnxruntime:, matmul_nbits_mlp_fusion.cc:339 ApplyImpl] MatMulNBitsMlpFusion: matched candidate shape='quick_gelu' output_mul='/model/layers.25/mlp/Mul' gate='/model/layers.25/mlp/gate_proj/MatMul_Q4' up='/model/layers.25/mlp/up_proj/MatMul_Q4' attrs={K=576, N=1536, bits=4, block_size=32, accuracy_level=0} d95923ea-2a75-4757-a86c-99d425e3974a:92:232
2026-10-04 18:51:33.451999 [V:onnxruntime:, matmul_nbits_mlp_fusion.cc:339 ApplyImpl] MatMulNBitsMlpFusion: matched candidate shape='quick_gelu' output_mul='/model/layers.26/mlp/Mul' gate='/model/layers.26/mlp/gate_proj/MatMul_Q4' up='/model/layers.26/mlp/up_proj/MatMul_Q4' attrs={K=576, N=1536, bits=4, block_size=32, accuracy_level=0} d95923ea-2a75-4757-a86c-99d425e3974a:92:232
2026-10-04 18:51:33.451999 [V:onnxruntime:, matmul_nbits_mlp_fusion.cc:339 ApplyImpl] MatMulNBitsMlpFusion: matched candidate shape='quick_gelu' output_mul='/model/layers.27/mlp/Mul' gate='/model/layers.27/mlp/gate_proj/MatMul_Q4' up='/model/layers.27/mlp/up_proj/MatMul_Q4' attrs={K=576, N=1536, bits=4, block_size=32, accuracy_level=0} d95923ea-2a75-4757-a86c-99d425e3974a:92:232
2026-10-04 18:51:33.451999 [V:onnxruntime:, matmul_nbits_mlp_fusion.cc:339 ApplyImpl] MatMulNBitsMlpFusion: matched candidate shape='quick_gelu' output_mul='/model/layers.28/mlp/Mul' gate='/model/layers.28/mlp/gate_proj/MatMul_Q4' up='/model/layers.28/mlp/up_proj/MatMul_Q4' attrs={K=576, N=1536, bits=4, block_size=32, accuracy_level=0} d95923ea-2a75-4757-a86c-99d425e3974a:92:232
2026-10-04 18:51:33.453000 [V:onnxruntime:, matmul_nbits_mlp_fusion.cc:339 ApplyImpl] MatMulNBitsMlpFusion: matched candidate shape='quick_gelu' output_mul='/model/layers.29/mlp/Mul' gate='/model/layers.29/mlp/gate_proj/MatMul_Q4' up='/model/layers.29/mlp/up_proj/MatMul_Q4' attrs={K=576, N=1536, bits=4, block_size=32, accuracy_level=0} d95923ea-2a75-4757-a86c-99d425e3974a:92:232
2026-10-04 18:51:33.453000 [I:onnxruntime:, graph_transformer.cc:15 Apply] GraphTransformer MatMulNBitsMlpFusion modified: 0 with status: OK d95923ea-2a75-4757-a86c-99d425e3974a:92:232
2026-10-04 18:51:33.453000 [V:onnxruntime:, graph_transformer_mgr.cc:55 ApplyTransformers] Applying graph transformer MatMulNBitsQkvFusion on step 1. d95923ea-2a75-4757-a86c-99d425e3974a:92:232
2026-10-04 18:51:33.454000 [I:onnxruntime:, graph_transformer.cc:15 Apply] GraphTransformer MatMulNBitsQkvFusion modified: 0 with status: OK d95923ea-2a75-4757-a86c-99d425e3974a:92:232
2026-10-04 18:51:33.455000 [V:onnxruntime:, graph_transformer_mgr.cc:55 ApplyTransformers] Applying graph transformer QDQFinalCleanupTransformer on step 1. d95923ea-2a75-4757-a86c-99d425e3974a:92:232
2026-10-04 18:51:33.455999 [I:onnxruntime:, graph_transformer.cc:15 Apply] GraphTransformer QDQFinalCleanupTransformer modified: 0 with status: OK d95923ea-2a75-4757-a86c-99d425e3974a:92:232
2026-10-04 18:51:33.455999 [V:onnxruntime:, graph_transformer_mgr.cc:62 ApplyTransformers] Graph transformer step 1 of 10 for level 2 completed. graph_changed: 1. d95923ea-2a75-4757-a86c-99d425e3974a:92:232
2026-10-04 18:51:33.455999 [V:onnxruntime:, graph_transformer_mgr.cc:43 ApplyTransformers] Graph transformer step 2 of 10 for level 2 started. d95923ea-2a75-4757-a86c-99d425e3974a:92:232
2026-10-04 18:51:33.456999 [V:onnxruntime:, graph_transformer_mgr.cc:55 ApplyTransformers] Applying graph transformer Level2_RuleBasedTransformer on step 2. d95923ea-2a75-4757-a86c-99d425e3974a:92:232
2026-10-04 18:51:33.458000 [I:onnxruntime:, graph_transformer.cc:15 Apply] GraphTransformer Level2_RuleBasedTransformer modified: 0 with status: OK d95923ea-2a75-4757-a86c-99d425e3974a:92:232
2026-10-04 18:51:33.458000 [V:onnxruntime:, graph_transformer_mgr.cc:49 ApplyTransformers] Skipping graph transformer TransposeOptimizer_CPUExecutionProvider on step 2 because it should only apply once. d95923ea-2a75-4757-a86c-99d425e3974a:92:232
2026-10-04 18:51:33.458000 [V:onnxruntime:, graph_transformer_mgr.cc:55 ApplyTransformers] Applying graph transformer QDQS8ToU8Transformer on step 2. d95923ea-2a75-4757-a86c-99d425e3974a:92:232
2026-10-04 18:51:33.459999 [I:onnxruntime:, graph_transformer.cc:15 Apply] GraphTransformer QDQS8ToU8Transformer modified: 0 with status: OK d95923ea-2a75-4757-a86c-99d425e3974a:92:232
2026-10-04 18:51:33.459999 [V:onnxruntime:, graph_transformer_mgr.cc:55 ApplyTransformers] Applying graph transformer QDQSelectorActionTransformer on step 2. d95923ea-2a75-4757-a86c-99d425e3974a:92:232
2026-10-04 18:51:33.462000 [I:onnxruntime:, graph_transformer.cc:15 Apply] GraphTransformer QDQSelectorActionTransformer modified: 0 with status: OK d95923ea-2a75-4757-a86c-99d425e3974a:92:232
2026-10-04 18:51:33.463000 [V:onnxruntime:, graph_transformer_mgr.cc:55 ApplyTransformers] Applying graph transformer GemmActivationFusion on step 2. d95923ea-2a75-4757-a86c-99d425e3974a:92:232
2026-10-04 18:51:33.463999 [I:onnxruntime:, graph_transformer.cc:15 Apply] GraphTransformer GemmActivationFusion modified: 0 with status: OK d95923ea-2a75-4757-a86c-99d425e3974a:92:232
2026-10-04 18:51:33.463999 [V:onnxruntime:, graph_transformer_mgr.cc:55 ApplyTransformers] Applying graph transformer MatMulIntegerToFloatFusion on step 2. d95923ea-2a75-4757-a86c-99d425e3974a:92:232
2026-10-04 18:51:33.464999 [I:onnxruntime:, graph_transformer.cc:15 Apply] GraphTransformer MatMulIntegerToFloatFusion modified: 0 with status: OK d95923ea-2a75-4757-a86c-99d425e3974a:92:232
2026-10-04 18:51:33.464999 [V:onnxruntime:, graph_transformer_mgr.cc:55 ApplyTransformers] Applying graph transformer DynamicQuantizeMatMulFusion on step 2. d95923ea-2a75-4757-a86c-99d425e3974a:92:232
2026-10-04 18:51:33.466000 [I:onnxruntime:, graph_transformer.cc:15 Apply] GraphTransformer DynamicQuantizeMatMulFusion modified: 0 with status: OK d95923ea-2a75-4757-a86c-99d425e3974a:92:232
2026-10-04 18:51:33.467000 [V:onnxruntime:, graph_transformer_mgr.cc:55 ApplyTransformers] Applying graph transformer ConvActivationFusion on step 2. d95923ea-2a75-4757-a86c-99d425e3974a:92:232
2026-10-04 18:51:33.469000 [I:onnxruntime:, graph_transformer.cc:15 Apply] GraphTransformer ConvActivationFusion modified: 0 with status: OK d95923ea-2a75-4757-a86c-99d425e3974a:92:232
2026-10-04 18:51:33.469000 [V:onnxruntime:, graph_transformer_mgr.cc:55 ApplyTransformers] Applying graph transformer GeluFusionL2 on step 2. d95923ea-2a75-4757-a86c-99d425e3974a:92:232
2026-10-04 18:51:33.470000 [I:onnxruntime:, graph_transformer.cc:15 Apply] GraphTransformer GeluFusionL2 modified: 0 with status: OK d95923ea-2a75-4757-a86c-99d425e3974a:92:232
2026-10-04 18:51:33.470000 [V:onnxruntime:, graph_transformer_mgr.cc:55 ApplyTransformers] Applying graph transformer LayerNormFusionL2 on step 2. d95923ea-2a75-4757-a86c-99d425e3974a:92:232
2026-10-04 18:51:33.471000 [I:onnxruntime:, graph_transformer.cc:15 Apply] GraphTransformer LayerNormFusionL2 modified: 0 with status: OK d95923ea-2a75-4757-a86c-99d425e3974a:92:232
2026-10-04 18:51:33.471000 [V:onnxruntime:, graph_transformer_mgr.cc:55 ApplyTransformers] Applying graph transformer SimplifiedLayerNormFusion on step 2. d95923ea-2a75-4757-a86c-99d425e3974a:92:232
2026-10-04 18:51:33.472999 [I:onnxruntime:, graph_transformer.cc:15 Apply] GraphTransformer SimplifiedLayerNormFusion modified: 0 with status: OK d95923ea-2a75-4757-a86c-99d425e3974a:92:232
2026-10-04 18:51:33.472999 [V:onnxruntime:, graph_transformer_mgr.cc:55 ApplyTransformers] Applying graph transformer AttentionFusion on step 2. d95923ea-2a75-4757-a86c-99d425e3974a:92:232
2026-10-04 18:51:33.474000 [I:onnxruntime:, graph_transformer.cc:15 Apply] GraphTransformer AttentionFusion modified: 0 with status: OK d95923ea-2a75-4757-a86c-99d425e3974a:92:232
2026-10-04 18:51:33.474000 [V:onnxruntime:, graph_transformer_mgr.cc:55 ApplyTransformers] Applying graph transformer EmbedLayerNormFusion on step 2. d95923ea-2a75-4757-a86c-99d425e3974a:92:232
2026-10-04 18:51:33.475000 [I:onnxruntime:, graph_transformer.cc:15 Apply] GraphTransformer EmbedLayerNormFusion modified: 0 with status: OK d95923ea-2a75-4757-a86c-99d425e3974a:92:232
2026-10-04 18:51:33.475000 [V:onnxruntime:, graph_transformer_mgr.cc:55 ApplyTransformers] Applying graph transformer GatherSliceToSplitFusion on step 2. d95923ea-2a75-4757-a86c-99d425e3974a:92:232
2026-10-04 18:51:33.477000 [I:onnxruntime:, graph_transformer.cc:15 Apply] GraphTransformer GatherSliceToSplitFusion modified: 0 with status: OK d95923ea-2a75-4757-a86c-99d425e3974a:92:232
2026-10-04 18:51:33.477000 [V:onnxruntime:, graph_transformer_mgr.cc:55 ApplyTransformers] Applying graph transformer GatherToSliceFusion on step 2. d95923ea-2a75-4757-a86c-99d425e3974a:92:232
2026-10-04 18:51:33.478000 [I:onnxruntime:, graph_transformer.cc:15 Apply] GraphTransformer GatherToSliceFusion modified: 0 with status: OK d95923ea-2a75-4757-a86c-99d425e3974a:92:232
2026-10-04 18:51:33.479000 [V:onnxruntime:, graph_transformer_mgr.cc:55 ApplyTransformers] Applying graph transformer MatmulTransposeFusion on step 2. d95923ea-2a75-4757-a86c-99d425e3974a:92:232
2026-10-04 18:51:33.479999 [I:onnxruntime:, graph_transformer.cc:15 Apply] GraphTransformer MatmulTransposeFusion modified: 0 with status: OK d95923ea-2a75-4757-a86c-99d425e3974a:92:232
2026-10-04 18:51:33.479999 [V:onnxruntime:, graph_transformer_mgr.cc:55 ApplyTransformers] Applying graph transformer BiasGeluFusion on step 2. d95923ea-2a75-4757-a86c-99d425e3974a:92:232
2026-10-04 18:51:33.480999 [I:onnxruntime:, graph_transformer.cc:15 Apply] GraphTransformer BiasGeluFusion modified: 0 with status: OK d95923ea-2a75-4757-a86c-99d425e3974a:92:232
2026-10-04 18:51:33.480999 [V:onnxruntime:, graph_transformer_mgr.cc:55 ApplyTransformers] Applying graph transformer GroupQueryAttentionFusion on step 2. d95923ea-2a75-4757-a86c-99d425e3974a:92:232
2026-10-04 18:51:33.482000 [I:onnxruntime:, graph_transformer.cc:15 Apply] GraphTransformer GroupQueryAttentionFusion modified: 0 with status: OK d95923ea-2a75-4757-a86c-99d425e3974a:92:232
2026-10-04 18:51:33.482000 [V:onnxruntime:, graph_transformer_mgr.cc:55 ApplyTransformers] Applying graph transformer MatMulAddFusion on step 2. d95923ea-2a75-4757-a86c-99d425e3974a:92:232
2026-10-04 18:51:33.483999 [I:onnxruntime:, graph_transformer.cc:15 Apply] GraphTransformer MatMulAddFusion modified: 0 with status: OK d95923ea-2a75-4757-a86c-99d425e3974a:92:232
2026-10-04 18:51:33.483999 [V:onnxruntime:, graph_transformer_mgr.cc:55 ApplyTransformers] Applying graph transformer SkipLayerNormFusion on step 2. d95923ea-2a75-4757-a86c-99d425e3974a:92:232
2026-10-04 18:51:33.485000 [I:onnxruntime:, graph_transformer.cc:15 Apply] GraphTransformer SkipLayerNormFusion modified: 0 with status: OK d95923ea-2a75-4757-a86c-99d425e3974a:92:232
2026-10-04 18:51:33.486000 [V:onnxruntime:, graph_transformer_mgr.cc:55 ApplyTransformers] Applying graph transformer BiasSkipLayerNormFusion on step 2. d95923ea-2a75-4757-a86c-99d425e3974a:92:232
2026-10-04 18:51:33.487000 [I:onnxruntime:, graph_transformer.cc:15 Apply] GraphTransformer BiasSkipLayerNormFusion modified: 0 with status: OK d95923ea-2a75-4757-a86c-99d425e3974a:92:232
2026-10-04 18:51:33.487000 [V:onnxruntime:, graph_transformer_mgr.cc:55 ApplyTransformers] Applying graph transformer FastGeluFusion on step 2. d95923ea-2a75-4757-a86c-99d425e3974a:92:232
2026-10-04 18:51:33.487999 [I:onnxruntime:, graph_transformer.cc:15 Apply] GraphTransformer FastGeluFusion modified: 0 with status: OK d95923ea-2a75-4757-a86c-99d425e3974a:92:232
2026-10-04 18:51:33.487999 [V:onnxruntime:, graph_transformer_mgr.cc:55 ApplyTransformers] Applying graph transformer QuickGeluFusion on step 2. d95923ea-2a75-4757-a86c-99d425e3974a:92:232
2026-10-04 18:51:33.490000 [I:onnxruntime:, graph_transformer.cc:15 Apply] GraphTransformer QuickGeluFusion modified: 0 with status: OK d95923ea-2a75-4757-a86c-99d425e3974a:92:232
2026-10-04 18:51:33.490000 [V:onnxruntime:, graph_transformer_mgr.cc:55 ApplyTransformers] Applying graph transformer BiasSoftmaxFusion on step 2. d95923ea-2a75-4757-a86c-99d425e3974a:92:232
2026-10-04 18:51:33.491000 [I:onnxruntime:, graph_transformer.cc:15 Apply] GraphTransformer BiasSoftmaxFusion modified: 0 with status: OK d95923ea-2a75-4757-a86c-99d425e3974a:92:232
2026-10-04 18:51:33.491000 [V:onnxruntime:, graph_transformer_mgr.cc:55 ApplyTransformers] Applying graph transformer BiasDropoutFusion on step 2. d95923ea-2a75-4757-a86c-99d425e3974a:92:232
2026-10-04 18:51:33.491999 [I:onnxruntime:, graph_transformer.cc:15 Apply] GraphTransformer BiasDropoutFusion modified: 0 with status: OK d95923ea-2a75-4757-a86c-99d425e3974a:92:232
2026-10-04 18:51:33.491999 [V:onnxruntime:, graph_transformer_mgr.cc:55 ApplyTransformers] Applying graph transformer MatMulScaleFusion on step 2. d95923ea-2a75-4757-a86c-99d425e3974a:92:232
2026-10-04 18:51:33.493000 [I:onnxruntime:, graph_transformer.cc:15 Apply] GraphTransformer MatMulScaleFusion modified: 0 with status: OK d95923ea-2a75-4757-a86c-99d425e3974a:92:232
2026-10-04 18:51:33.493000 [V:onnxruntime:, graph_transformer_mgr.cc:55 ApplyTransformers] Applying graph transformer MatMulActivationFusion on step 2. d95923ea-2a75-4757-a86c-99d425e3974a:92:232
2026-10-04 18:51:33.494000 [I:onnxruntime:, graph_transformer.cc:15 Apply] GraphTransformer MatMulActivationFusion modified: 0 with status: OK d95923ea-2a75-4757-a86c-99d425e3974a:92:232
2026-10-04 18:51:33.495000 [V:onnxruntime:, graph_transformer_mgr.cc:55 ApplyTransformers] Applying graph transformer MatMulNBitsFusion on step 2. d95923ea-2a75-4757-a86c-99d425e3974a:92:232
2026-10-04 18:51:33.495999 [I:onnxruntime:, graph_transformer.cc:15 Apply] GraphTransformer MatMulNBitsFusion modified: 0 with status: OK d95923ea-2a75-4757-a86c-99d425e3974a:92:232
2026-10-04 18:51:33.495999 [V:onnxruntime:, graph_transformer_mgr.cc:55 ApplyTransformers] Applying graph transformer GroupQueryAttentionPreNormFusion on step 2. d95923ea-2a75-4757-a86c-99d425e3974a:92:232
2026-10-04 18:51:33.498000 [I:onnxruntime:, graph_transformer.cc:15 Apply] GraphTransformer GroupQueryAttentionPreNormFusion modified: 0 with status: OK d95923ea-2a75-4757-a86c-99d425e3974a:92:232
2026-10-04 18:51:33.498000 [V:onnxruntime:, graph_transformer_mgr.cc:55 ApplyTransformers] Applying graph transformer MatMulNBitsMlpFusion on step 2. d95923ea-2a75-4757-a86c-99d425e3974a:92:232
2026-10-04 18:51:33.499000 [V:onnxruntime:, matmul_nbits_mlp_fusion.cc:339 ApplyImpl] MatMulNBitsMlpFusion: matched candidate shape='quick_gelu' output_mul='/model/layers.0/mlp/Mul' gate='/model/layers.0/mlp/gate_proj/MatMul_Q4' up='/model/layers.0/mlp/up_proj/MatMul_Q4' attrs={K=576, N=1536, bits=4, block_size=32, accuracy_level=0} d95923ea-2a75-4757-a86c-99d425e3974a:92:232
2026-10-04 18:51:33.499000 [V:onnxruntime:, matmul_nbits_mlp_fusion.cc:339 ApplyImpl] MatMulNBitsMlpFusion: matched candidate shape='quick_gelu' output_mul='/model/layers.1/mlp/Mul' gate='/model/layers.1/mlp/gate_proj/MatMul_Q4' up='/model/layers.1/mlp/up_proj/MatMul_Q4' attrs={K=576, N=1536, bits=4, block_size=32, accuracy_level=0} d95923ea-2a75-4757-a86c-99d425e3974a:92:232
2026-10-04 18:51:33.499000 [V:onnxruntime:, matmul_nbits_mlp_fusion.cc:339 ApplyImpl] MatMulNBitsMlpFusion: matched candidate shape='quick_gelu' output_mul='/model/layers.2/mlp/Mul' gate='/model/layers.2/mlp/gate_proj/MatMul_Q4' up='/model/layers.2/mlp/up_proj/MatMul_Q4' attrs={K=576, N=1536, bits=4, block_size=32, accuracy_level=0} d95923ea-2a75-4757-a86c-99d425e3974a:92:232
2026-10-04 18:51:33.499000 [V:onnxruntime:, matmul_nbits_mlp_fusion.cc:339 ApplyImpl] MatMulNBitsMlpFusion: matched candidate shape='quick_gelu' output_mul='/model/layers.3/mlp/Mul' gate='/model/layers.3/mlp/gate_proj/MatMul_Q4' up='/model/layers.3/mlp/up_proj/MatMul_Q4' attrs={K=576, N=1536, bits=4, block_size=32, accuracy_level=0} d95923ea-2a75-4757-a86c-99d425e3974a:92:232
2026-10-04 18:51:33.499999 [V:onnxruntime:, matmul_nbits_mlp_fusion.cc:339 ApplyImpl] MatMulNBitsMlpFusion: matched candidate shape='quick_gelu' output_mul='/model/layers.4/mlp/Mul' gate='/model/layers.4/mlp/gate_proj/MatMul_Q4' up='/model/layers.4/mlp/up_proj/MatMul_Q4' attrs={K=576, N=1536, bits=4, block_size=32, accuracy_level=0} d95923ea-2a75-4757-a86c-99d425e3974a:92:232
2026-10-04 18:51:33.499999 [V:onnxruntime:, matmul_nbits_mlp_fusion.cc:339 ApplyImpl] MatMulNBitsMlpFusion: matched candidate shape='quick_gelu' output_mul='/model/layers.5/mlp/Mul' gate='/model/layers.5/mlp/gate_proj/MatMul_Q4' up='/model/layers.5/mlp/up_proj/MatMul_Q4' attrs={K=576, N=1536, bits=4, block_size=32, accuracy_level=0} d95923ea-2a75-4757-a86c-99d425e3974a:92:232
2026-10-04 18:51:33.499999 [V:onnxruntime:, matmul_nbits_mlp_fusion.cc:339 ApplyImpl] MatMulNBitsMlpFusion: matched candidate shape='quick_gelu' output_mul='/model/layers.6/mlp/Mul' gate='/model/layers.6/mlp/gate_proj/MatMul_Q4' up='/model/layers.6/mlp/up_proj/MatMul_Q4' attrs={K=576, N=1536, bits=4, block_size=32, accuracy_level=0} d95923ea-2a75-4757-a86c-99d425e3974a:92:232
2026-10-04 18:51:33.499999 [V:onnxruntime:, matmul_nbits_mlp_fusion.cc:339 ApplyImpl] MatMulNBitsMlpFusion: matched candidate shape='quick_gelu' output_mul='/model/layers.7/mlp/Mul' gate='/model/layers.7/mlp/gate_proj/MatMul_Q4' up='/model/layers.7/mlp/up_proj/MatMul_Q4' attrs={K=576, N=1536, bits=4, block_size=32, accuracy_level=0} d95923ea-2a75-4757-a86c-99d425e3974a:92:232
2026-10-04 18:51:33.499999 [V:onnxruntime:, matmul_nbits_mlp_fusion.cc:339 ApplyImpl] MatMulNBitsMlpFusion: matched candidate shape='quick_gelu' output_mul='/model/layers.8/mlp/Mul' gate='/model/layers.8/mlp/gate_proj/MatMul_Q4' up='/model/layers.8/mlp/up_proj/MatMul_Q4' attrs={K=576, N=1536, bits=4, block_size=32, accuracy_level=0} d95923ea-2a75-4757-a86c-99d425e3974a:92:232
2026-10-04 18:51:33.501000 [V:onnxruntime:, matmul_nbits_mlp_fusion.cc:339 ApplyImpl] MatMulNBitsMlpFusion: matched candidate shape='quick_gelu' output_mul='/model/layers.9/mlp/Mul' gate='/model/layers.9/mlp/gate_proj/MatMul_Q4' up='/model/layers.9/mlp/up_proj/MatMul_Q4' attrs={K=576, N=1536, bits=4, block_size=32, accuracy_level=0} d95923ea-2a75-4757-a86c-99d425e3974a:92:232
2026-10-04 18:51:33.501000 [V:onnxruntime:, matmul_nbits_mlp_fusion.cc:339 ApplyImpl] MatMulNBitsMlpFusion: matched candidate shape='quick_gelu' output_mul='/model/layers.10/mlp/Mul' gate='/model/layers.10/mlp/gate_proj/MatMul_Q4' up='/model/layers.10/mlp/up_proj/MatMul_Q4' attrs={K=576, N=1536, bits=4, block_size=32, accuracy_level=0} d95923ea-2a75-4757-a86c-99d425e3974a:92:232
2026-10-04 18:51:33.501000 [V:onnxruntime:, matmul_nbits_mlp_fusion.cc:339 ApplyImpl] MatMulNBitsMlpFusion: matched candidate shape='quick_gelu' output_mul='/model/layers.11/mlp/Mul' gate='/model/layers.11/mlp/gate_proj/MatMul_Q4' up='/model/layers.11/mlp/up_proj/MatMul_Q4' attrs={K=576, N=1536, bits=4, block_size=32, accuracy_level=0} d95923ea-2a75-4757-a86c-99d425e3974a:92:232
2026-10-04 18:51:33.501000 [V:onnxruntime:, matmul_nbits_mlp_fusion.cc:339 ApplyImpl] MatMulNBitsMlpFusion: matched candidate shape='quick_gelu' output_mul='/model/layers.12/mlp/Mul' gate='/model/layers.12/mlp/gate_proj/MatMul_Q4' up='/model/layers.12/mlp/up_proj/MatMul_Q4' attrs={K=576, N=1536, bits=4, block_size=32, accuracy_level=0} d95923ea-2a75-4757-a86c-99d425e3974a:92:232
2026-10-04 18:51:33.501000 [V:onnxruntime:, matmul_nbits_mlp_fusion.cc:339 ApplyImpl] MatMulNBitsMlpFusion: matched candidate shape='quick_gelu' output_mul='/model/layers.13/mlp/Mul' gate='/model/layers.13/mlp/gate_proj/MatMul_Q4' up='/model/layers.13/mlp/up_proj/MatMul_Q4' attrs={K=576, N=1536, bits=4, block_size=32, accuracy_level=0} d95923ea-2a75-4757-a86c-99d425e3974a:92:232
2026-10-04 18:51:33.501000 [V:onnxruntime:, matmul_nbits_mlp_fusion.cc:339 ApplyImpl] MatMulNBitsMlpFusion: matched candidate shape='quick_gelu' output_mul='/model/layers.14/mlp/Mul' gate='/model/layers.14/mlp/gate_proj/MatMul_Q4' up='/model/layers.14/mlp/up_proj/MatMul_Q4' attrs={K=576, N=1536, bits=4, block_size=32, accuracy_level=0} d95923ea-2a75-4757-a86c-99d425e3974a:92:232
2026-10-04 18:51:33.502000 [V:onnxruntime:, matmul_nbits_mlp_fusion.cc:339 ApplyImpl] MatMulNBitsMlpFusion: matched candidate shape='quick_gelu' output_mul='/model/layers.15/mlp/Mul' gate='/model/layers.15/mlp/gate_proj/MatMul_Q4' up='/model/layers.15/mlp/up_proj/MatMul_Q4' attrs={K=576, N=1536, bits=4, block_size=32, accuracy_level=0} d95923ea-2a75-4757-a86c-99d425e3974a:92:232
2026-10-04 18:51:33.502000 [V:onnxruntime:, matmul_nbits_mlp_fusion.cc:339 ApplyImpl] MatMulNBitsMlpFusion: matched candidate shape='quick_gelu' output_mul='/model/layers.16/mlp/Mul' gate='/model/layers.16/mlp/gate_proj/MatMul_Q4' up='/model/layers.16/mlp/up_proj/MatMul_Q4' attrs={K=576, N=1536, bits=4, block_size=32, accuracy_level=0} d95923ea-2a75-4757-a86c-99d425e3974a:92:232
2026-10-04 18:51:33.502000 [V:onnxruntime:, matmul_nbits_mlp_fusion.cc:339 ApplyImpl] MatMulNBitsMlpFusion: matched candidate shape='quick_gelu' output_mul='/model/layers.17/mlp/Mul' gate='/model/layers.17/mlp/gate_proj/MatMul_Q4' up='/model/layers.17/mlp/up_proj/MatMul_Q4' attrs={K=576, N=1536, bits=4, block_size=32, accuracy_level=0} d95923ea-2a75-4757-a86c-99d425e3974a:92:232
2026-10-04 18:51:33.502000 [V:onnxruntime:, matmul_nbits_mlp_fusion.cc:339 ApplyImpl] MatMulNBitsMlpFusion: matched candidate shape='quick_gelu' output_mul='/model/layers.18/mlp/Mul' gate='/model/layers.18/mlp/gate_proj/MatMul_Q4' up='/model/layers.18/mlp/up_proj/MatMul_Q4' attrs={K=576, N=1536, bits=4, block_size=32, accuracy_level=0} d95923ea-2a75-4757-a86c-99d425e3974a:92:232
2026-10-04 18:51:33.502000 [V:onnxruntime:, matmul_nbits_mlp_fusion.cc:339 ApplyImpl] MatMulNBitsMlpFusion: matched candidate shape='quick_gelu' output_mul='/model/layers.19/mlp/Mul' gate='/model/layers.19/mlp/gate_proj/MatMul_Q4' up='/model/layers.19/mlp/up_proj/MatMul_Q4' attrs={K=576, N=1536, bits=4, block_size=32, accuracy_level=0} d95923ea-2a75-4757-a86c-99d425e3974a:92:232
2026-10-04 18:51:33.503000 [V:onnxruntime:, matmul_nbits_mlp_fusion.cc:339 ApplyImpl] MatMulNBitsMlpFusion: matched candidate shape='quick_gelu' output_mul='/model/layers.20/mlp/Mul' gate='/model/layers.20/mlp/gate_proj/MatMul_Q4' up='/model/layers.20/mlp/up_proj/MatMul_Q4' attrs={K=576, N=1536, bits=4, block_size=32, accuracy_level=0} d95923ea-2a75-4757-a86c-99d425e3974a:92:232
2026-10-04 18:51:33.503000 [V:onnxruntime:, matmul_nbits_mlp_fusion.cc:339 ApplyImpl] MatMulNBitsMlpFusion: matched candidate shape='quick_gelu' output_mul='/model/layers.21/mlp/Mul' gate='/model/layers.21/mlp/gate_proj/MatMul_Q4' up='/model/layers.21/mlp/up_proj/MatMul_Q4' attrs={K=576, N=1536, bits=4, block_size=32, accuracy_level=0} d95923ea-2a75-4757-a86c-99d425e3974a:92:232
2026-10-04 18:51:33.503000 [V:onnxruntime:, matmul_nbits_mlp_fusion.cc:339 ApplyImpl] MatMulNBitsMlpFusion: matched candidate shape='quick_gelu' output_mul='/model/layers.22/mlp/Mul' gate='/model/layers.22/mlp/gate_proj/MatMul_Q4' up='/model/layers.22/mlp/up_proj/MatMul_Q4' attrs={K=576, N=1536, bits=4, block_size=32, accuracy_level=0} d95923ea-2a75-4757-a86c-99d425e3974a:92:232
2026-10-04 18:51:33.503000 [V:onnxruntime:, matmul_nbits_mlp_fusion.cc:339 ApplyImpl] MatMulNBitsMlpFusion: matched candidate shape='quick_gelu' output_mul='/model/layers.23/mlp/Mul' gate='/model/layers.23/mlp/gate_proj/MatMul_Q4' up='/model/layers.23/mlp/up_proj/MatMul_Q4' attrs={K=576, N=1536, bits=4, block_size=32, accuracy_level=0} d95923ea-2a75-4757-a86c-99d425e3974a:92:232
2026-10-04 18:51:33.503000 [V:onnxruntime:, matmul_nbits_mlp_fusion.cc:339 ApplyImpl] MatMulNBitsMlpFusion: matched candidate shape='quick_gelu' output_mul='/model/layers.24/mlp/Mul' gate='/model/layers.24/mlp/gate_proj/MatMul_Q4' up='/model/layers.24/mlp/up_proj/MatMul_Q4' attrs={K=576, N=1536, bits=4, block_size=32, accuracy_level=0} d95923ea-2a75-4757-a86c-99d425e3974a:92:232
2026-10-04 18:51:33.503999 [V:onnxruntime:, matmul_nbits_mlp_fusion.cc:339 ApplyImpl] MatMulNBitsMlpFusion: matched candidate shape='quick_gelu' output_mul='/model/layers.25/mlp/Mul' gate='/model/layers.25/mlp/gate_proj/MatMul_Q4' up='/model/layers.25/mlp/up_proj/MatMul_Q4' attrs={K=576, N=1536, bits=4, block_size=32, accuracy_level=0} d95923ea-2a75-4757-a86c-99d425e3974a:92:232
2026-10-04 18:51:33.503999 [V:onnxruntime:, matmul_nbits_mlp_fusion.cc:339 ApplyImpl] MatMulNBitsMlpFusion: matched candidate shape='quick_gelu' output_mul='/model/layers.26/mlp/Mul' gate='/model/layers.26/mlp/gate_proj/MatMul_Q4' up='/model/layers.26/mlp/up_proj/MatMul_Q4' attrs={K=576, N=1536, bits=4, block_size=32, accuracy_level=0} d95923ea-2a75-4757-a86c-99d425e3974a:92:232
2026-10-04 18:51:33.503999 [V:onnxruntime:, matmul_nbits_mlp_fusion.cc:339 ApplyImpl] MatMulNBitsMlpFusion: matched candidate shape='quick_gelu' output_mul='/model/layers.27/mlp/Mul' gate='/model/layers.27/mlp/gate_proj/MatMul_Q4' up='/model/layers.27/mlp/up_proj/MatMul_Q4' attrs={K=576, N=1536, bits=4, block_size=32, accuracy_level=0} d95923ea-2a75-4757-a86c-99d425e3974a:92:232
2026-10-04 18:51:33.503999 [V:onnxruntime:, matmul_nbits_mlp_fusion.cc:339 ApplyImpl] MatMulNBitsMlpFusion: matched candidate shape='quick_gelu' output_mul='/model/layers.28/mlp/Mul' gate='/model/layers.28/mlp/gate_proj/MatMul_Q4' up='/model/layers.28/mlp/up_proj/MatMul_Q4' attrs={K=576, N=1536, bits=4, block_size=32, accuracy_level=0} d95923ea-2a75-4757-a86c-99d425e3974a:92:232
2026-10-04 18:51:33.503999 [V:onnxruntime:, matmul_nbits_mlp_fusion.cc:339 ApplyImpl] MatMulNBitsMlpFusion: matched candidate shape='quick_gelu' output_mul='/model/layers.29/mlp/Mul' gate='/model/layers.29/mlp/gate_proj/MatMul_Q4' up='/model/layers.29/mlp/up_proj/MatMul_Q4' attrs={K=576, N=1536, bits=4, block_size=32, accuracy_level=0} d95923ea-2a75-4757-a86c-99d425e3974a:92:232
2026-10-04 18:51:33.503999 [I:onnxruntime:, graph_transformer.cc:15 Apply] GraphTransformer MatMulNBitsMlpFusion modified: 0 with status: OK d95923ea-2a75-4757-a86c-99d425e3974a:92:232
2026-10-04 18:51:33.504999 [V:onnxruntime:, graph_transformer_mgr.cc:55 ApplyTransformers] Applying graph transformer MatMulNBitsQkvFusion on step 2. d95923ea-2a75-4757-a86c-99d425e3974a:92:232
2026-10-04 18:51:33.506000 [I:onnxruntime:, graph_transformer.cc:15 Apply] GraphTransformer MatMulNBitsQkvFusion modified: 0 with status: OK d95923ea-2a75-4757-a86c-99d425e3974a:92:232
2026-10-04 18:51:33.506000 [V:onnxruntime:, graph_transformer_mgr.cc:55 ApplyTransformers] Applying graph transformer QDQFinalCleanupTransformer on step 2. d95923ea-2a75-4757-a86c-99d425e3974a:92:232
2026-10-04 18:51:33.507000 [I:onnxruntime:, graph_transformer.cc:15 Apply] GraphTransformer QDQFinalCleanupTransformer modified: 0 with status: OK d95923ea-2a75-4757-a86c-99d425e3974a:92:232
2026-10-04 18:51:33.510000 [V:onnxruntime:, graph_transformer_mgr.cc:62 ApplyTransformers] Graph transformer step 2 of 10 for level 2 completed. graph_changed: 0. d95923ea-2a75-4757-a86c-99d425e3974a:92:232
2026-10-04 18:51:33.510000 [V:onnxruntime:, graph_transformer_mgr.cc:67 ApplyTransformers] Stopping graph transformer iteration for level 2 after step 2 because the graph was not modified. d95923ea-2a75-4757-a86c-99d425e3974a:92:232
2026-10-04 18:51:33.511000 [V:onnxruntime:, graph_transformer_mgr.cc:35 ApplyTransformers] Applying 2 graph transformer(s) for level 3 for up to 10 step(s). d95923ea-2a75-4757-a86c-99d425e3974a:92:232
2026-10-04 18:51:33.511999 [V:onnxruntime:, graph_transformer_mgr.cc:43 ApplyTransformers] Graph transformer step 1 of 10 for level 3 started. d95923ea-2a75-4757-a86c-99d425e3974a:92:232
2026-10-04 18:51:33.511999 [V:onnxruntime:, graph_transformer_mgr.cc:55 ApplyTransformers] Applying graph transformer NhwcTransformer on step 1. d95923ea-2a75-4757-a86c-99d425e3974a:92:232
2026-10-04 18:51:33.514000 [I:onnxruntime:, graph_transformer.cc:15 Apply] GraphTransformer NhwcTransformer modified: 0 with status: OK d95923ea-2a75-4757-a86c-99d425e3974a:92:232
2026-10-04 18:51:33.514000 [V:onnxruntime:, graph_transformer_mgr.cc:55 ApplyTransformers] Applying graph transformer ConvAddActivationFusion on step 1. d95923ea-2a75-4757-a86c-99d425e3974a:92:232
2026-10-04 18:51:33.515999 [I:onnxruntime:, graph_transformer.cc:15 Apply] GraphTransformer ConvAddActivationFusion modified: 0 with status: OK d95923ea-2a75-4757-a86c-99d425e3974a:92:232
2026-10-04 18:51:33.517000 [V:onnxruntime:, graph_transformer_mgr.cc:62 ApplyTransformers] Graph transformer step 1 of 10 for level 3 completed. graph_changed: 0. d95923ea-2a75-4757-a86c-99d425e3974a:92:232
2026-10-04 18:51:33.517000 [V:onnxruntime:, graph_transformer_mgr.cc:67 ApplyTransformers] Stopping graph transformer iteration for level 3 after step 1 because the graph was not modified. d95923ea-2a75-4757-a86c-99d425e3974a:92:232
2026-10-04 18:51:33.519999 [I:onnxruntime:, graph_transformer.cc:15 Apply] GraphTransformer RemoveDuplicateCastTransformer modified: 0 with status: OK d95923ea-2a75-4757-a86c-99d425e3974a:92:232
2026-10-04 18:51:33.519999 [I:onnxruntime:, graph_transformer.cc:15 Apply] GraphTransformer CastFloat16Transformer modified: 0 with status: OK d95923ea-2a75-4757-a86c-99d425e3974a:92:232
2026-10-04 18:51:33.519999 [V:onnxruntime:, graph_transformer_mgr.cc:35 ApplyTransformers] Applying 1 graph transformer(s) for level 4 for up to 10 step(s). d95923ea-2a75-4757-a86c-99d425e3974a:92:232
2026-10-04 18:51:33.519999 [V:onnxruntime:, graph_transformer_mgr.cc:43 ApplyTransformers] Graph transformer step 1 of 10 for level 4 started. d95923ea-2a75-4757-a86c-99d425e3974a:92:232
2026-10-04 18:51:33.519999 [V:onnxruntime:, graph_transformer_mgr.cc:55 ApplyTransformers] Applying graph transformer FuseFp16InitializerToFp32NodeTransformer on step 1. d95923ea-2a75-4757-a86c-99d425e3974a:92:232
2026-10-04 18:51:33.522000 [I:onnxruntime:, graph_transformer.cc:15 Apply] GraphTransformer FuseFp16InitializerToFp32NodeTransformer modified: 0 with status: OK d95923ea-2a75-4757-a86c-99d425e3974a:92:232
2026-10-04 18:51:33.523000 [V:onnxruntime:, graph_transformer_mgr.cc:62 ApplyTransformers] Graph transformer step 1 of 10 for level 4 completed. graph_changed: 0. d95923ea-2a75-4757-a86c-99d425e3974a:92:232
2026-10-04 18:51:33.523000 [V:onnxruntime:, graph_transformer_mgr.cc:67 ApplyTransformers] Stopping graph transformer iteration for level 4 after step 1 because the graph was not modified. d95923ea-2a75-4757-a86c-99d425e3974a:92:232
2026-10-04 18:51:33.723999 [I:onnxruntime:, transformer_memcpy.cc:393 AddCopyNode] Add MemcpyFromHost after /model/Cast_4_output_0 for WebGpuExecutionProvider d95923ea-2a75-4757-a86c-99d425e3974a:92:232
2026-10-04 18:51:33.728999 [I:onnxruntime:, transformer_memcpy.cc:393 AddCopyNode] Add MemcpyFromHost after /model/Concat_2_output_0 for WebGpuExecutionProvider d95923ea-2a75-4757-a86c-99d425e3974a:92:232
2026-10-04 18:51:33.728999 [I:onnxruntime:, transformer_memcpy.cc:393 AddCopyNode] Add MemcpyFromHost after /model/ConstantOfShape_output_0 for WebGpuExecutionProvider d95923ea-2a75-4757-a86c-99d425e3974a:92:232
2026-10-04 18:51:33.728999 [I:onnxruntime:, transformer_memcpy.cc:393 AddCopyNode] Add MemcpyFromHost after /model/Greater_output_0 for WebGpuExecutionProvider d95923ea-2a75-4757-a86c-99d425e3974a:92:232
2026-10-04 18:51:33.730000 [I:onnxruntime:, transformer_memcpy.cc:393 AddCopyNode] Add MemcpyFromHost after /model/rotary_emb/Cast_2_output_0 for WebGpuExecutionProvider d95923ea-2a75-4757-a86c-99d425e3974a:92:232
2026-10-04 18:51:33.731999 [I:onnxruntime:, graph_transformer.cc:15 Apply] GraphTransformer MemcpyTransformer modified: 1 with status: OK d95923ea-2a75-4757-a86c-99d425e3974a:92:232
2026-10-04 18:51:33.775000 [V:onnxruntime:, session_state.cc:1377 VerifyEachNodeIsAssignedToAnEp] Node placements d95923ea-2a75-4757-a86c-99d425e3974a:92:232
2026-10-04 18:51:33.775999 [V:onnxruntime:, session_state.cc:1383 VerifyEachNodeIsAssignedToAnEp]  Node(s) placed on [CPUExecutionProvider]. Number of nodes: 681 d95923ea-2a75-4757-a86c-99d425e3974a:92:232
2026-10-04 18:51:33.775999 [V:onnxruntime:, session_state.cc:1385 VerifyEachNodeIsAssignedToAnEp]   Shape (/model/Shape_2) d95923ea-2a75-4757-a86c-99d425e3974a:92:232
2026-10-04 18:51:33.775999 [V:onnxruntime:, session_state.cc:1385 VerifyEachNodeIsAssignedToAnEp]   Shape (/model/rotary_emb/Shape) d95923ea-2a75-4757-a86c-99d425e3974a:92:232
2026-10-04 18:51:33.775999 [V:onnxruntime:, session_state.cc:1385 VerifyEachNodeIsAssignedToAnEp]   Unsqueeze (/model/rotary_emb/Unsqueeze_1) d95923ea-2a75-4757-a86c-99d425e3974a:92:232
2026-10-04 18:51:33.775999 [V:onnxruntime:, session_state.cc:1385 VerifyEachNodeIsAssignedToAnEp]   Unsqueeze (/model/Unsqueeze_6) d95923ea-2a75-4757-a86c-99d425e3974a:92:232
2026-10-04 18:51:33.775999 [V:onnxruntime:, session_state.cc:1385 VerifyEachNodeIsAssignedToAnEp]   Gather (/model/Gather) d95923ea-2a75-4757-a86c-99d425e3974a:92:232
2026-10-04 18:51:33.776999 [V:onnxruntime:, session_state.cc:1385 VerifyEachNodeIsAssignedToAnEp]   Gather (/model/Gather_2) d95923ea-2a75-4757-a86c-99d425e3974a:92:232
2026-10-04 18:51:33.778000 [V:onnxruntime:, session_state.cc:1385 VerifyEachNodeIsAssignedToAnEp]   Gather (/model/rotary_emb/Gather) d95923ea-2a75-4757-a86c-99d425e3974a:92:232
2026-10-04 18:51:33.778000 [V:onnxruntime:, session_state.cc:1385 VerifyEachNodeIsAssignedToAnEp]   Cast (/model/rotary_emb/Cast) d95923ea-2a75-4757-a86c-99d425e3974a:92:232
2026-10-04 18:51:33.778000 [V:onnxruntime:, session_state.cc:1385 VerifyEachNodeIsAssignedToAnEp]   Cast (/model/Cast_4) d95923ea-2a75-4757-a86c-99d425e3974a:92:232
2026-10-04 18:51:33.778000 [V:onnxruntime:, session_state.cc:1385 VerifyEachNodeIsAssignedToAnEp]   Gather (/model/Gather_1) d95923ea-2a75-4757-a86c-99d425e3974a:92:232
2026-10-04 18:51:33.778000 [V:onnxruntime:, session_state.cc:1385 VerifyEachNodeIsAssignedToAnEp]   Gather (/model/Gather_3) d95923ea-2a75-4757-a86c-99d425e3974a:92:232
2026-10-04 18:51:33.778000 [V:onnxruntime:, session_state.cc:1385 VerifyEachNodeIsAssignedToAnEp]   Unsqueeze (/model/Unsqueeze_1) d95923ea-2a75-4757-a86c-99d425e3974a:92:232
2026-10-04 18:51:33.778000 [V:onnxruntime:, session_state.cc:1385 VerifyEachNodeIsAssignedToAnEp]   Unsqueeze (/model/rotary_emb/Unsqueeze) d95923ea-2a75-4757-a86c-99d425e3974a:92:232
2026-10-04 18:51:33.779000 [V:onnxruntime:, session_state.cc:1385 VerifyEachNodeIsAssignedToAnEp]   Range (/model/Range_1) d95923ea-2a75-4757-a86c-99d425e3974a:92:232
2026-10-04 18:51:33.779000 [V:onnxruntime:, session_state.cc:1385 VerifyEachNodeIsAssignedToAnEp]   Add (/model/Add) d95923ea-2a75-4757-a86c-99d425e3974a:92:232
2026-10-04 18:51:33.779000 [V:onnxruntime:, session_state.cc:1385 VerifyEachNodeIsAssignedToAnEp]   Unsqueeze (/model/Unsqueeze) d95923ea-2a75-4757-a86c-99d425e3974a:92:232
2026-10-04 18:51:33.779000 [V:onnxruntime:, session_state.cc:1385 VerifyEachNodeIsAssignedToAnEp]   Unsqueeze (/model/Unsqueeze_4) d95923ea-2a75-4757-a86c-99d425e3974a:92:232
2026-10-04 18:51:33.779000 [V:onnxruntime:, session_state.cc:1385 VerifyEachNodeIsAssignedToAnEp]   Concat (/model/rotary_emb/Concat) d95923ea-2a75-4757-a86c-99d425e3974a:92:232
2026-10-04 18:51:33.779000 [V:onnxruntime:, session_state.cc:1385 VerifyEachNodeIsAssignedToAnEp]   Concat (/model/Concat) d95923ea-2a75-4757-a86c-99d425e3974a:92:232
2026-10-04 18:51:33.779000 [V:onnxruntime:, session_state.cc:1385 VerifyEachNodeIsAssignedToAnEp]   Concat (/model/Concat_1) d95923ea-2a75-4757-a86c-99d425e3974a:92:232
2026-10-04 18:51:33.779000 [V:onnxruntime:, session_state.cc:1385 VerifyEachNodeIsAssignedToAnEp]   Range (/model/Range) d95923ea-2a75-4757-a86c-99d425e3974a:92:232
2026-10-04 18:51:33.779000 [V:onnxruntime:, session_state.cc:1385 VerifyEachNodeIsAssignedToAnEp]   Equal (/model/rotary_emb/Equal) d95923ea-2a75-4757-a86c-99d425e3974a:92:232
2026-10-04 18:51:33.779000 [V:onnxruntime:, session_state.cc:1385 VerifyEachNodeIsAssignedToAnEp]   ConstantOfShape (/model/ConstantOfShape) d95923ea-2a75-4757-a86c-99d425e3974a:92:232
2026-10-04 18:51:33.779999 [V:onnxruntime:, session_state.cc:1385 VerifyEachNodeIsAssignedToAnEp]   Reshape (/model/Reshape) d95923ea-2a75-4757-a86c-99d425e3974a:92:232
2026-10-04 18:51:33.779999 [V:onnxruntime:, session_state.cc:1385 VerifyEachNodeIsAssignedToAnEp]   Equal (/model/Equal) d95923ea-2a75-4757-a86c-99d425e3974a:92:232
2026-10-04 18:51:33.779999 [V:onnxruntime:, session_state.cc:1385 VerifyEachNodeIsAssignedToAnEp]   Where (/model/rotary_emb/Where) d95923ea-2a75-4757-a86c-99d425e3974a:92:232
2026-10-04 18:51:33.779999 [V:onnxruntime:, session_state.cc:1385 VerifyEachNodeIsAssignedToAnEp]   Greater (/model/Greater) d95923ea-2a75-4757-a86c-99d425e3974a:92:232
2026-10-04 18:51:33.779999 [V:onnxruntime:, session_state.cc:1385 VerifyEachNodeIsAssignedToAnEp]   Where (/model/Where) d95923ea-2a75-4757-a86c-99d425e3974a:92:232
2026-10-04 18:51:33.779999 [V:onnxruntime:, session_state.cc:1385 VerifyEachNodeIsAssignedToAnEp]   Gather (/model/layers.0/self_attn/Gather) d95923ea-2a75-4757-a86c-99d425e3974a:92:232
2026-10-04 18:51:33.779999 [V:onnxruntime:, session_state.cc:1385 VerifyEachNodeIsAssignedToAnEp]   Gather (/model/layers.0/self_attn/Gather_1) d95923ea-2a75-4757-a86c-99d425e3974a:92:232
2026-10-04 18:51:33.781000 [V:onnxruntime:, session_state.cc:1385 VerifyEachNodeIsAssignedToAnEp]   Unsqueeze (/model/layers.0/self_attn/Unsqueeze) d95923ea-2a75-4757-a86c-99d425e3974a:92:232
2026-10-04 18:51:33.781000 [V:onnxruntime:, session_state.cc:1385 VerifyEachNodeIsAssignedToAnEp]   Unsqueeze (/model/layers.0/self_attn/Unsqueeze_1) d95923ea-2a75-4757-a86c-99d425e3974a:92:232
2026-10-04 18:51:33.781000 [V:onnxruntime:, session_state.cc:1385 VerifyEachNodeIsAssignedToAnEp]   Concat (/model/layers.0/self_attn/Concat) d95923ea-2a75-4757-a86c-99d425e3974a:92:232
2026-10-04 18:51:33.781000 [V:onnxruntime:, session_state.cc:1385 VerifyEachNodeIsAssignedToAnEp]   Gather (Gather_2688) d95923ea-2a75-4757-a86c-99d425e3974a:92:232
2026-10-04 18:51:33.781000 [V:onnxruntime:, session_state.cc:1385 VerifyEachNodeIsAssignedToAnEp]   Gather (Gather_2702) d95923ea-2a75-4757-a86c-99d425e3974a:92:232
2026-10-04 18:51:33.781000 [V:onnxruntime:, session_state.cc:1385 VerifyEachNodeIsAssignedToAnEp]   Gather (Gather_2709) d95923ea-2a75-4757-a86c-99d425e3974a:92:232
2026-10-04 18:51:33.781000 [V:onnxruntime:, session_state.cc:1385 VerifyEachNodeIsAssignedToAnEp]   Range (Range_2692) d95923ea-2a75-4757-a86c-99d425e3974a:92:232
2026-10-04 18:51:33.782000 [V:onnxruntime:, session_state.cc:1385 VerifyEachNodeIsAssignedToAnEp]   Range (Range_2706) d95923ea-2a75-4757-a86c-99d425e3974a:92:232
2026-10-04 18:51:33.782000 [V:onnxruntime:, session_state.cc:1385 VerifyEachNodeIsAssignedToAnEp]   Range (Range_2713) d95923ea-2a75-4757-a86c-99d425e3974a:92:232
2026-10-04 18:51:33.782000 [V:onnxruntime:, session_state.cc:1385 VerifyEachNodeIsAssignedToAnEp]   Slice (/model/Slice_3) d95923ea-2a75-4757-a86c-99d425e3974a:92:232
2026-10-04 18:51:33.782000 [V:onnxruntime:, session_state.cc:1385 VerifyEachNodeIsAssignedToAnEp]   Reshape (Reshape_2721) d95923ea-2a75-4757-a86c-99d425e3974a:92:232
2026-10-04 18:51:33.782000 [V:onnxruntime:, session_state.cc:1385 VerifyEachNodeIsAssignedToAnEp]   Reshape (Reshape_2725) d95923ea-2a75-4757-a86c-99d425e3974a:92:232
2026-10-04 18:51:33.782000 [V:onnxruntime:, session_state.cc:1385 VerifyEachNodeIsAssignedToAnEp]   Add (/model/Add_3) d95923ea-2a75-4757-a86c-99d425e3974a:92:232
2026-10-04 18:51:33.782000 [V:onnxruntime:, session_state.cc:1385 VerifyEachNodeIsAssignedToAnEp]   Gather (/model/layers.0/self_attn/Gather_8) d95923ea-2a75-4757-a86c-99d425e3974a:92:232
2026-10-04 18:51:33.782000 [V:onnxruntime:, session_state.cc:1385 VerifyEachNodeIsAssignedToAnEp]   Gather (/model/layers.0/self_attn/Gather_10) d95923ea-2a75-4757-a86c-99d425e3974a:92:232
2026-10-04 18:51:33.783000 [V:onnxruntime:, session_state.cc:1385 VerifyEachNodeIsAssignedToAnEp]   Add (/model/Add_4) d95923ea-2a75-4757-a86c-99d425e3974a:92:232
2026-10-04 18:51:33.783000 [V:onnxruntime:, session_state.cc:1385 VerifyEachNodeIsAssignedToAnEp]   Unsqueeze (/model/layers.0/self_attn/Unsqueeze_22) d95923ea-2a75-4757-a86c-99d425e3974a:92:232
2026-10-04 18:51:33.783000 [V:onnxruntime:, session_state.cc:1385 VerifyEachNodeIsAssignedToAnEp]   Unsqueeze (/model/layers.0/self_attn/Unsqueeze_24) d95923ea-2a75-4757-a86c-99d425e3974a:92:232
2026-10-04 18:51:33.783000 [V:onnxruntime:, session_state.cc:1385 VerifyEachNodeIsAssignedToAnEp]   Shape (/model/Shape_6) d95923ea-2a75-4757-a86c-99d425e3974a:92:232
2026-10-04 18:51:33.783000 [V:onnxruntime:, session_state.cc:1385 VerifyEachNodeIsAssignedToAnEp]   Concat (/model/layers.0/self_attn/Concat_9) d95923ea-2a75-4757-a86c-99d425e3974a:92:232
2026-10-04 18:51:33.783000 [V:onnxruntime:, session_state.cc:1385 VerifyEachNodeIsAssignedToAnEp]   Equal (/model/Equal_2) d95923ea-2a75-4757-a86c-99d425e3974a:92:232
2026-10-04 18:51:33.783000 [V:onnxruntime:, session_state.cc:1385 VerifyEachNodeIsAssignedToAnEp]   Equal (/model/layers.0/self_attn/Equal_1) d95923ea-2a75-4757-a86c-99d425e3974a:92:232
2026-10-04 18:51:33.783999 [V:onnxruntime:, session_state.cc:1385 VerifyEachNodeIsAssignedToAnEp]   Where (/model/Where_2) d95923ea-2a75-4757-a86c-99d425e3974a:92:232
2026-10-04 18:51:33.783999 [V:onnxruntime:, session_state.cc:1385 VerifyEachNodeIsAssignedToAnEp]   Where (/model/layers.0/self_attn/Where_1) d95923ea-2a75-4757-a86c-99d425e3974a:92:232
2026-10-04 18:51:33.783999 [V:onnxruntime:, session_state.cc:1385 VerifyEachNodeIsAssignedToAnEp]   Expand (/model/Expand_2) d95923ea-2a75-4757-a86c-99d425e3974a:92:232
2026-10-04 18:51:33.783999 [V:onnxruntime:, session_state.cc:1385 VerifyEachNodeIsAssignedToAnEp]   Expand (/model/Expand_3) d95923ea-2a75-4757-a86c-99d425e3974a:92:232
2026-10-04 18:51:33.783999 [V:onnxruntime:, session_state.cc:1385 VerifyEachNodeIsAssignedToAnEp]   Expand (/model/Expand_4) d95923ea-2a75-4757-a86c-99d425e3974a:92:232
2026-10-04 18:51:33.783999 [V:onnxruntime:, session_state.cc:1385 VerifyEachNodeIsAssignedToAnEp]   Expand (/model/Expand_5) d95923ea-2a75-4757-a86c-99d425e3974a:92:232
2026-10-04 18:51:33.784999 [V:onnxruntime:, session_state.cc:1385 VerifyEachNodeIsAssignedToAnEp]   Gather (/model/layers.0/self_attn/Gather_4) d95923ea-2a75-4757-a86c-99d425e3974a:92:232
2026-10-04 18:51:33.784999 [V:onnxruntime:, session_state.cc:1385 VerifyEachNodeIsAssignedToAnEp]   Gather (/model/layers.0/self_attn/Gather_6) d95923ea-2a75-4757-a86c-99d425e3974a:92:232
2026-10-04 18:51:33.784999 [V:onnxruntime:, session_state.cc:1385 VerifyEachNodeIsAssignedToAnEp]   Unsqueeze (/model/Unsqueeze_11) d95923ea-2a75-4757-a86c-99d425e3974a:92:232
2026-10-04 18:51:33.784999 [V:onnxruntime:, session_state.cc:1385 VerifyEachNodeIsAssignedToAnEp]   Unsqueeze (/model/Unsqueeze_12) d95923ea-2a75-4757-a86c-99d425e3974a:92:232
2026-10-04 18:51:33.784999 [V:onnxruntime:, session_state.cc:1385 VerifyEachNodeIsAssignedToAnEp]   Unsqueeze (/model/Unsqueeze_13) d95923ea-2a75-4757-a86c-99d425e3974a:92:232
2026-10-04 18:51:33.784999 [V:onnxruntime:, session_state.cc:1385 VerifyEachNodeIsAssignedToAnEp]   Unsqueeze (/model/Unsqueeze_14) d95923ea-2a75-4757-a86c-99d425e3974a:92:232
2026-10-04 18:51:33.786000 [V:onnxruntime:, session_state.cc:1385 VerifyEachNodeIsAssignedToAnEp]   Unsqueeze (/model/layers.0/self_attn/Unsqueeze_13) d95923ea-2a75-4757-a86c-99d425e3974a:92:232
2026-10-04 18:51:33.786000 [V:onnxruntime:, session_state.cc:1385 VerifyEachNodeIsAssignedToAnEp]   Unsqueeze (/model/layers.0/self_attn/Unsqueeze_15) d95923ea-2a75-4757-a86c-99d425e3974a:92:232
2026-10-04 18:51:33.786000 [V:onnxruntime:, session_state.cc:1385 VerifyEachNodeIsAssignedToAnEp]   Concat (/model/Concat_2) d95923ea-2a75-4757-a86c-99d425e3974a:92:232
2026-10-04 18:51:33.786000 [V:onnxruntime:, session_state.cc:1385 VerifyEachNodeIsAssignedToAnEp]   Concat (/model/layers.0/self_attn/Concat_7) d95923ea-2a75-4757-a86c-99d425e3974a:92:232
2026-10-04 18:51:33.786000 [V:onnxruntime:, session_state.cc:1385 VerifyEachNodeIsAssignedToAnEp]   Equal (/model/layers.0/self_attn/Equal) d95923ea-2a75-4757-a86c-99d425e3974a:92:232
2026-10-04 18:51:33.786000 [V:onnxruntime:, session_state.cc:1385 VerifyEachNodeIsAssignedToAnEp]   Where (/model/layers.0/self_attn/Where) d95923ea-2a75-4757-a86c-99d425e3974a:92:232
2026-10-04 18:51:33.786000 [V:onnxruntime:, session_state.cc:1385 VerifyEachNodeIsAssignedToAnEp]   Gather (/model/layers.0/self_attn/Gather_12) d95923ea-2a75-4757-a86c-99d425e3974a:92:232
2026-10-04 18:51:33.786000 [V:onnxruntime:, session_state.cc:1385 VerifyEachNodeIsAssignedToAnEp]   Unsqueeze (/model/layers.0/self_attn/Unsqueeze_30) d95923ea-2a75-4757-a86c-99d425e3974a:92:232
2026-10-04 18:51:33.787000 [V:onnxruntime:, session_state.cc:1385 VerifyEachNodeIsAssignedToAnEp]   Gather (/model/layers.1/self_attn/Gather) d95923ea-2a75-4757-a86c-99d425e3974a:92:232
2026-10-04 18:51:33.787000 [V:onnxruntime:, session_state.cc:1385 VerifyEachNodeIsAssignedToAnEp]   Gather (/model/layers.1/self_attn/Gather_1) d95923ea-2a75-4757-a86c-99d425e3974a:92:232
2026-10-04 18:51:33.787000 [V:onnxruntime:, session_state.cc:1385 VerifyEachNodeIsAssignedToAnEp]   Unsqueeze (/model/layers.1/self_attn/Unsqueeze) d95923ea-2a75-4757-a86c-99d425e3974a:92:232
2026-10-04 18:51:33.787000 [V:onnxruntime:, session_state.cc:1385 VerifyEachNodeIsAssignedToAnEp]   Unsqueeze (/model/layers.1/self_attn/Unsqueeze_1) d95923ea-2a75-4757-a86c-99d425e3974a:92:232
2026-10-04 18:51:33.787000 [V:onnxruntime:, session_state.cc:1385 VerifyEachNodeIsAssignedToAnEp]   Concat (/model/layers.1/self_attn/Concat) d95923ea-2a75-4757-a86c-99d425e3974a:92:232
2026-10-04 18:51:33.787000 [V:onnxruntime:, session_state.cc:1385 VerifyEachNodeIsAssignedToAnEp]   Gather (/model/layers.1/self_attn/Gather_8) d95923ea-2a75-4757-a86c-99d425e3974a:92:232
2026-10-04 18:51:33.787000 [V:onnxruntime:, session_state.cc:1385 VerifyEachNodeIsAssignedToAnEp]   Gather (/model/layers.1/self_attn/Gather_10) d95923ea-2a75-4757-a86c-99d425e3974a:92:232
2026-10-04 18:51:33.787999 [V:onnxruntime:, session_state.cc:1385 VerifyEachNodeIsAssignedToAnEp]   Unsqueeze (/model/layers.1/self_attn/Unsqueeze_20) d95923ea-2a75-4757-a86c-99d425e3974a:92:232
2026-10-04 18:51:33.787999 [V:onnxruntime:, session_state.cc:1385 VerifyEachNodeIsAssignedToAnEp]   Unsqueeze (/model/layers.1/self_attn/Unsqueeze_22) d95923ea-2a75-4757-a86c-99d425e3974a:92:232
2026-10-04 18:51:33.787999 [V:onnxruntime:, session_state.cc:1385 VerifyEachNodeIsAssignedToAnEp]   Concat (/model/layers.1/self_attn/Concat_9) d95923ea-2a75-4757-a86c-99d425e3974a:92:232
2026-10-04 18:51:33.787999 [V:onnxruntime:, session_state.cc:1385 VerifyEachNodeIsAssignedToAnEp]   Equal (/model/layers.1/self_attn/Equal_1) d95923ea-2a75-4757-a86c-99d425e3974a:92:232
2026-10-04 18:51:33.787999 [V:onnxruntime:, session_state.cc:1385 VerifyEachNodeIsAssignedToAnEp]   Where (/model/layers.1/self_attn/Where_1) d95923ea-2a75-4757-a86c-99d425e3974a:92:232
2026-10-04 18:51:33.787999 [V:onnxruntime:, session_state.cc:1385 VerifyEachNodeIsAssignedToAnEp]   Gather (/model/layers.1/self_attn/Gather_4) d95923ea-2a75-4757-a86c-99d425e3974a:92:232
2026-10-04 18:51:33.787999 [V:onnxruntime:, session_state.cc:1385 VerifyEachNodeIsAssignedToAnEp]   Gather (/model/layers.1/self_attn/Gather_6) d95923ea-2a75-4757-a86c-99d425e3974a:92:232
2026-10-04 18:51:33.787999 [V:onnxruntime:, session_state.cc:1385 VerifyEachNodeIsAssignedToAnEp]   Unsqueeze (/model/layers.1/self_attn/Unsqueeze_11) d95923ea-2a75-4757-a86c-99d425e3974a:92:232
2026-10-04 18:51:33.787999 [V:onnxruntime:, session_state.cc:1385 VerifyEachNodeIsAssignedToAnEp]   Unsqueeze (/model/layers.1/self_attn/Unsqueeze_13) d95923ea-2a75-4757-a86c-99d425e3974a:92:232
2026-10-04 18:51:33.789000 [V:onnxruntime:, session_state.cc:1385 VerifyEachNodeIsAssignedToAnEp]   Concat (/model/layers.1/self_attn/Concat_7) d95923ea-2a75-4757-a86c-99d425e3974a:92:232
2026-10-04 18:51:33.789000 [V:onnxruntime:, session_state.cc:1385 VerifyEachNodeIsAssignedToAnEp]   Equal (/model/layers.1/self_attn/Equal) d95923ea-2a75-4757-a86c-99d425e3974a:92:232
2026-10-04 18:51:33.789000 [V:onnxruntime:, session_state.cc:1385 VerifyEachNodeIsAssignedToAnEp]   Where (/model/layers.1/self_attn/Where) d95923ea-2a75-4757-a86c-99d425e3974a:92:232
2026-10-04 18:51:33.789000 [V:onnxruntime:, session_state.cc:1385 VerifyEachNodeIsAssignedToAnEp]   Gather (/model/layers.1/self_attn/Gather_12) d95923ea-2a75-4757-a86c-99d425e3974a:92:232
2026-10-04 18:51:33.789000 [V:onnxruntime:, session_state.cc:1385 VerifyEachNodeIsAssignedToAnEp]   Unsqueeze (/model/layers.1/self_attn/Unsqueeze_28) d95923ea-2a75-4757-a86c-99d425e3974a:92:232
2026-10-04 18:51:33.789000 [V:onnxruntime:, session_state.cc:1385 VerifyEachNodeIsAssignedToAnEp]   Gather (/model/layers.2/self_attn/Gather) d95923ea-2a75-4757-a86c-99d425e3974a:92:232
2026-10-04 18:51:33.789000 [V:onnxruntime:, session_state.cc:1385 VerifyEachNodeIsAssignedToAnEp]   Gather (/model/layers.2/self_attn/Gather_1) d95923ea-2a75-4757-a86c-99d425e3974a:92:232
2026-10-04 18:51:33.790000 [V:onnxruntime:, session_state.cc:1385 VerifyEachNodeIsAssignedToAnEp]   Unsqueeze (/model/layers.2/self_attn/Unsqueeze) d95923ea-2a75-4757-a86c-99d425e3974a:92:232
2026-10-04 18:51:33.791000 [V:onnxruntime:, session_state.cc:1385 VerifyEachNodeIsAssignedToAnEp]   Unsqueeze (/model/layers.2/self_attn/Unsqueeze_1) d95923ea-2a75-4757-a86c-99d425e3974a:92:232
2026-10-04 18:51:33.791000 [V:onnxruntime:, session_state.cc:1385 VerifyEachNodeIsAssignedToAnEp]   Concat (/model/layers.2/self_attn/Concat) d95923ea-2a75-4757-a86c-99d425e3974a:92:232
2026-10-04 18:51:33.791000 [V:onnxruntime:, session_state.cc:1385 VerifyEachNodeIsAssignedToAnEp]   Gather (/model/layers.2/self_attn/Gather_8) d95923ea-2a75-4757-a86c-99d425e3974a:92:232
2026-10-04 18:51:33.791000 [V:onnxruntime:, session_state.cc:1385 VerifyEachNodeIsAssignedToAnEp]   Gather (/model/layers.2/self_attn/Gather_10) d95923ea-2a75-4757-a86c-99d425e3974a:92:232
2026-10-04 18:51:33.791000 [V:onnxruntime:, session_state.cc:1385 VerifyEachNodeIsAssignedToAnEp]   Unsqueeze (/model/layers.2/self_attn/Unsqueeze_20) d95923ea-2a75-4757-a86c-99d425e3974a:92:232
2026-10-04 18:51:33.791000 [V:onnxruntime:, session_state.cc:1385 VerifyEachNodeIsAssignedToAnEp]   Unsqueeze (/model/layers.2/self_attn/Unsqueeze_22) d95923ea-2a75-4757-a86c-99d425e3974a:92:232
2026-10-04 18:51:33.791000 [V:onnxruntime:, session_state.cc:1385 VerifyEachNodeIsAssignedToAnEp]   Concat (/model/layers.2/self_attn/Concat_9) d95923ea-2a75-4757-a86c-99d425e3974a:92:232
2026-10-04 18:51:33.791999 [V:onnxruntime:, session_state.cc:1385 VerifyEachNodeIsAssignedToAnEp]   Equal (/model/layers.2/self_attn/Equal_1) d95923ea-2a75-4757-a86c-99d425e3974a:92:232
2026-10-04 18:51:33.791999 [V:onnxruntime:, session_state.cc:1385 VerifyEachNodeIsAssignedToAnEp]   Where (/model/layers.2/self_attn/Where_1) d95923ea-2a75-4757-a86c-99d425e3974a:92:232
2026-10-04 18:51:33.791999 [V:onnxruntime:, session_state.cc:1385 VerifyEachNodeIsAssignedToAnEp]   Gather (/model/layers.2/self_attn/Gather_4) d95923ea-2a75-4757-a86c-99d425e3974a:92:232
2026-10-04 18:51:33.791999 [V:onnxruntime:, session_state.cc:1385 VerifyEachNodeIsAssignedToAnEp]   Gather (/model/layers.2/self_attn/Gather_6) d95923ea-2a75-4757-a86c-99d425e3974a:92:232
2026-10-04 18:51:33.791999 [V:onnxruntime:, session_state.cc:1385 VerifyEachNodeIsAssignedToAnEp]   Unsqueeze (/model/layers.2/self_attn/Unsqueeze_11) d95923ea-2a75-4757-a86c-99d425e3974a:92:232
2026-10-04 18:51:33.791999 [V:onnxruntime:, session_state.cc:1385 VerifyEachNodeIsAssignedToAnEp]   Unsqueeze (/model/layers.2/self_attn/Unsqueeze_13) d95923ea-2a75-4757-a86c-99d425e3974a:92:232
2026-10-04 18:51:33.791999 [V:onnxruntime:, session_state.cc:1385 VerifyEachNodeIsAssignedToAnEp]   Concat (/model/layers.2/self_attn/Concat_7) d95923ea-2a75-4757-a86c-99d425e3974a:92:232
2026-10-04 18:51:33.791999 [V:onnxruntime:, session_state.cc:1385 VerifyEachNodeIsAssignedToAnEp]   Equal (/model/layers.2/self_attn/Equal) d95923ea-2a75-4757-a86c-99d425e3974a:92:232
2026-10-04 18:51:33.791999 [V:onnxruntime:, session_state.cc:1385 VerifyEachNodeIsAssignedToAnEp]   Where (/model/layers.2/self_attn/Where) d95923ea-2a75-4757-a86c-99d425e3974a:92:232
2026-10-04 18:51:33.791999 [V:onnxruntime:, session_state.cc:1385 VerifyEachNodeIsAssignedToAnEp]   Gather (/model/layers.2/self_attn/Gather_12) d95923ea-2a75-4757-a86c-99d425e3974a:92:232
2026-10-04 18:51:33.791999 [V:onnxruntime:, session_state.cc:1385 VerifyEachNodeIsAssignedToAnEp]   Unsqueeze (/model/layers.2/self_attn/Unsqueeze_28) d95923ea-2a75-4757-a86c-99d425e3974a:92:232
2026-10-04 18:51:33.791999 [V:onnxruntime:, session_state.cc:1385 VerifyEachNodeIsAssignedToAnEp]   Gather (/model/layers.3/self_attn/Gather) d95923ea-2a75-4757-a86c-99d425e3974a:92:232
2026-10-04 18:51:33.791999 [V:onnxruntime:, session_state.cc:1385 VerifyEachNodeIsAssignedToAnEp]   Gather (/model/layers.3/self_attn/Gather_1) d95923ea-2a75-4757-a86c-99d425e3974a:92:232
2026-10-04 18:51:33.791999 [V:onnxruntime:, session_state.cc:1385 VerifyEachNodeIsAssignedToAnEp]   Unsqueeze (/model/layers.3/self_attn/Unsqueeze) d95923ea-2a75-4757-a86c-99d425e3974a:92:232
2026-10-04 18:51:33.792999 [V:onnxruntime:, session_state.cc:1385 VerifyEachNodeIsAssignedToAnEp]   Unsqueeze (/model/layers.3/self_attn/Unsqueeze_1) d95923ea-2a75-4757-a86c-99d425e3974a:92:232
2026-10-04 18:51:33.792999 [V:onnxruntime:, session_state.cc:1385 VerifyEachNodeIsAssignedToAnEp]   Concat (/model/layers.3/self_attn/Concat) d95923ea-2a75-4757-a86c-99d425e3974a:92:232
2026-10-04 18:51:33.792999 [V:onnxruntime:, session_state.cc:1385 VerifyEachNodeIsAssignedToAnEp]   Gather (/model/layers.3/self_attn/Gather_8) d95923ea-2a75-4757-a86c-99d425e3974a:92:232
2026-10-04 18:51:33.792999 [V:onnxruntime:, session_state.cc:1385 VerifyEachNodeIsAssignedToAnEp]   Gather (/model/layers.3/self_attn/Gather_10) d95923ea-2a75-4757-a86c-99d425e3974a:92:232
2026-10-04 18:51:33.792999 [V:onnxruntime:, session_state.cc:1385 VerifyEachNodeIsAssignedToAnEp]   Unsqueeze (/model/layers.3/self_attn/Unsqueeze_20) d95923ea-2a75-4757-a86c-99d425e3974a:92:232
2026-10-04 18:51:33.792999 [V:onnxruntime:, session_state.cc:1385 VerifyEachNodeIsAssignedToAnEp]   Unsqueeze (/model/layers.3/self_attn/Unsqueeze_22) d95923ea-2a75-4757-a86c-99d425e3974a:92:232
2026-10-04 18:51:33.792999 [V:onnxruntime:, session_state.cc:1385 VerifyEachNodeIsAssignedToAnEp]   Concat (/model/layers.3/self_attn/Concat_9) d95923ea-2a75-4757-a86c-99d425e3974a:92:232
2026-10-04 18:51:33.795000 [V:onnxruntime:, session_state.cc:1385 VerifyEachNodeIsAssignedToAnEp]   Equal (/model/layers.3/self_attn/Equal_1) d95923ea-2a75-4757-a86c-99d425e3974a:92:232
2026-10-04 18:51:33.795000 [V:onnxruntime:, session_state.cc:1385 VerifyEachNodeIsAssignedToAnEp]   Where (/model/layers.3/self_attn/Where_1) d95923ea-2a75-4757-a86c-99d425e3974a:92:232
2026-10-04 18:51:33.795000 [V:onnxruntime:, session_state.cc:1385 VerifyEachNodeIsAssignedToAnEp]   Gather (/model/layers.3/self_attn/Gather_4) d95923ea-2a75-4757-a86c-99d425e3974a:92:232
2026-10-04 18:51:33.795000 [V:onnxruntime:, session_state.cc:1385 VerifyEachNodeIsAssignedToAnEp]   Gather (/model/layers.3/self_attn/Gather_6) d95923ea-2a75-4757-a86c-99d425e3974a:92:232
2026-10-04 18:51:33.795000 [V:onnxruntime:, session_state.cc:1385 VerifyEachNodeIsAssignedToAnEp]   Unsqueeze (/model/layers.3/self_attn/Unsqueeze_11) d95923ea-2a75-4757-a86c-99d425e3974a:92:232
2026-10-04 18:51:33.795000 [V:onnxruntime:, session_state.cc:1385 VerifyEachNodeIsAssignedToAnEp]   Unsqueeze (/model/layers.3/self_attn/Unsqueeze_13) d95923ea-2a75-4757-a86c-99d425e3974a:92:232
2026-10-04 18:51:33.795000 [V:onnxruntime:, session_state.cc:1385 VerifyEachNodeIsAssignedToAnEp]   Concat (/model/layers.3/self_attn/Concat_7) d95923ea-2a75-4757-a86c-99d425e3974a:92:232
2026-10-04 18:51:33.795999 [V:onnxruntime:, session_state.cc:1385 VerifyEachNodeIsAssignedToAnEp]   Equal (/model/layers.3/self_attn/Equal) d95923ea-2a75-4757-a86c-99d425e3974a:92:232
2026-10-04 18:51:33.795999 [V:onnxruntime:, session_state.cc:1385 VerifyEachNodeIsAssignedToAnEp]   Where (/model/layers.3/self_attn/Where) d95923ea-2a75-4757-a86c-99d425e3974a:92:232
2026-10-04 18:51:33.795999 [V:onnxruntime:, session_state.cc:1385 VerifyEachNodeIsAssignedToAnEp]   Gather (/model/layers.3/self_attn/Gather_12) d95923ea-2a75-4757-a86c-99d425e3974a:92:232
2026-10-04 18:51:33.795999 [V:onnxruntime:, session_state.cc:1385 VerifyEachNodeIsAssignedToAnEp]   Unsqueeze (/model/layers.3/self_attn/Unsqueeze_28) d95923ea-2a75-4757-a86c-99d425e3974a:92:232
2026-10-04 18:51:33.795999 [V:onnxruntime:, session_state.cc:1385 VerifyEachNodeIsAssignedToAnEp]   Gather (/model/layers.4/self_attn/Gather) d95923ea-2a75-4757-a86c-99d425e3974a:92:232
2026-10-04 18:51:33.795999 [V:onnxruntime:, session_state.cc:1385 VerifyEachNodeIsAssignedToAnEp]   Gather (/model/layers.4/self_attn/Gather_1) d95923ea-2a75-4757-a86c-99d425e3974a:92:232
2026-10-04 18:51:33.795999 [V:onnxruntime:, session_state.cc:1385 VerifyEachNodeIsAssignedToAnEp]   Unsqueeze (/model/layers.4/self_attn/Unsqueeze) d95923ea-2a75-4757-a86c-99d425e3974a:92:232
2026-10-04 18:51:33.797000 [V:onnxruntime:, session_state.cc:1385 VerifyEachNodeIsAssignedToAnEp]   Unsqueeze (/model/layers.4/self_attn/Unsqueeze_1) d95923ea-2a75-4757-a86c-99d425e3974a:92:232
2026-10-04 18:51:33.797000 [V:onnxruntime:, session_state.cc:1385 VerifyEachNodeIsAssignedToAnEp]   Concat (/model/layers.4/self_attn/Concat) d95923ea-2a75-4757-a86c-99d425e3974a:92:232
2026-10-04 18:51:33.797000 [V:onnxruntime:, session_state.cc:1385 VerifyEachNodeIsAssignedToAnEp]   Gather (/model/layers.4/self_attn/Gather_8) d95923ea-2a75-4757-a86c-99d425e3974a:92:232
2026-10-04 18:51:33.797000 [V:onnxruntime:, session_state.cc:1385 VerifyEachNodeIsAssignedToAnEp]   Gather (/model/layers.4/self_attn/Gather_10) d95923ea-2a75-4757-a86c-99d425e3974a:92:232
2026-10-04 18:51:33.797000 [V:onnxruntime:, session_state.cc:1385 VerifyEachNodeIsAssignedToAnEp]   Unsqueeze (/model/layers.4/self_attn/Unsqueeze_20) d95923ea-2a75-4757-a86c-99d425e3974a:92:232
2026-10-04 18:51:33.797000 [V:onnxruntime:, session_state.cc:1385 VerifyEachNodeIsAssignedToAnEp]   Unsqueeze (/model/layers.4/self_attn/Unsqueeze_22) d95923ea-2a75-4757-a86c-99d425e3974a:92:232
2026-10-04 18:51:33.797000 [V:onnxruntime:, session_state.cc:1385 VerifyEachNodeIsAssignedToAnEp]   Concat (/model/layers.4/self_attn/Concat_9) d95923ea-2a75-4757-a86c-99d425e3974a:92:232
2026-10-04 18:51:33.798000 [V:onnxruntime:, session_state.cc:1385 VerifyEachNodeIsAssignedToAnEp]   Equal (/model/layers.4/self_attn/Equal_1) d95923ea-2a75-4757-a86c-99d425e3974a:92:232
2026-10-04 18:51:33.798000 [V:onnxruntime:, session_state.cc:1385 VerifyEachNodeIsAssignedToAnEp]   Where (/model/layers.4/self_attn/Where_1) d95923ea-2a75-4757-a86c-99d425e3974a:92:232
2026-10-04 18:51:33.798000 [V:onnxruntime:, session_state.cc:1385 VerifyEachNodeIsAssignedToAnEp]   Gather (/model/layers.4/self_attn/Gather_4) d95923ea-2a75-4757-a86c-99d425e3974a:92:232
2026-10-04 18:51:33.798000 [V:onnxruntime:, session_state.cc:1385 VerifyEachNodeIsAssignedToAnEp]   Gather (/model/layers.4/self_attn/Gather_6) d95923ea-2a75-4757-a86c-99d425e3974a:92:232
2026-10-04 18:51:33.798000 [V:onnxruntime:, session_state.cc:1385 VerifyEachNodeIsAssignedToAnEp]   Unsqueeze (/model/layers.4/self_attn/Unsqueeze_11) d95923ea-2a75-4757-a86c-99d425e3974a:92:232
2026-10-04 18:51:33.798000 [V:onnxruntime:, session_state.cc:1385 VerifyEachNodeIsAssignedToAnEp]   Unsqueeze (/model/layers.4/self_attn/Unsqueeze_13) d95923ea-2a75-4757-a86c-99d425e3974a:92:232
2026-10-04 18:51:33.798000 [V:onnxruntime:, session_state.cc:1385 VerifyEachNodeIsAssignedToAnEp]   Concat (/model/layers.4/self_attn/Concat_7) d95923ea-2a75-4757-a86c-99d425e3974a:92:232
2026-10-04 18:51:33.799000 [V:onnxruntime:, session_state.cc:1385 VerifyEachNodeIsAssignedToAnEp]   Equal (/model/layers.4/self_attn/Equal) d95923ea-2a75-4757-a86c-99d425e3974a:92:232
2026-10-04 18:51:33.799000 [V:onnxruntime:, session_state.cc:1385 VerifyEachNodeIsAssignedToAnEp]   Where (/model/layers.4/self_attn/Where) d95923ea-2a75-4757-a86c-99d425e3974a:92:232
2026-10-04 18:51:33.799000 [V:onnxruntime:, session_state.cc:1385 VerifyEachNodeIsAssignedToAnEp]   Gather (/model/layers.4/self_attn/Gather_12) d95923ea-2a75-4757-a86c-99d425e3974a:92:232
2026-10-04 18:51:33.799000 [V:onnxruntime:, session_state.cc:1385 VerifyEachNodeIsAssignedToAnEp]   Unsqueeze (/model/layers.4/self_attn/Unsqueeze_28) d95923ea-2a75-4757-a86c-99d425e3974a:92:232
2026-10-04 18:51:33.799000 [V:onnxruntime:, session_state.cc:1385 VerifyEachNodeIsAssignedToAnEp]   Gather (/model/layers.5/self_attn/Gather) d95923ea-2a75-4757-a86c-99d425e3974a:92:232
2026-10-04 18:51:33.799000 [V:onnxruntime:, session_state.cc:1385 VerifyEachNodeIsAssignedToAnEp]   Gather (/model/layers.5/self_attn/Gather_1) d95923ea-2a75-4757-a86c-99d425e3974a:92:232
2026-10-04 18:51:33.799000 [V:onnxruntime:, session_state.cc:1385 VerifyEachNodeIsAssignedToAnEp]   Unsqueeze (/model/layers.5/self_attn/Unsqueeze) d95923ea-2a75-4757-a86c-99d425e3974a:92:232
2026-10-04 18:51:33.799999 [V:onnxruntime:, session_state.cc:1385 VerifyEachNodeIsAssignedToAnEp]   Unsqueeze (/model/layers.5/self_attn/Unsqueeze_1) d95923ea-2a75-4757-a86c-99d425e3974a:92:232
2026-10-04 18:51:33.799999 [V:onnxruntime:, session_state.cc:1385 VerifyEachNodeIsAssignedToAnEp]   Concat (/model/layers.5/self_attn/Concat) d95923ea-2a75-4757-a86c-99d425e3974a:92:232
2026-10-04 18:51:33.799999 [V:onnxruntime:, session_state.cc:1385 VerifyEachNodeIsAssignedToAnEp]   Gather (/model/layers.5/self_attn/Gather_8) d95923ea-2a75-4757-a86c-99d425e3974a:92:232
2026-10-04 18:51:33.799999 [V:onnxruntime:, session_state.cc:1385 VerifyEachNodeIsAssignedToAnEp]   Gather (/model/layers.5/self_attn/Gather_10) d95923ea-2a75-4757-a86c-99d425e3974a:92:232
2026-10-04 18:51:33.799999 [V:onnxruntime:, session_state.cc:1385 VerifyEachNodeIsAssignedToAnEp]   Unsqueeze (/model/layers.5/self_attn/Unsqueeze_20) d95923ea-2a75-4757-a86c-99d425e3974a:92:232
2026-10-04 18:51:33.799999 [V:onnxruntime:, session_state.cc:1385 VerifyEachNodeIsAssignedToAnEp]   Unsqueeze (/model/layers.5/self_attn/Unsqueeze_22) d95923ea-2a75-4757-a86c-99d425e3974a:92:232
2026-10-04 18:51:33.800999 [V:onnxruntime:, session_state.cc:1385 VerifyEachNodeIsAssignedToAnEp]   Concat (/model/layers.5/self_attn/Concat_9) d95923ea-2a75-4757-a86c-99d425e3974a:92:232
2026-10-04 18:51:33.800999 [V:onnxruntime:, session_state.cc:1385 VerifyEachNodeIsAssignedToAnEp]   Equal (/model/layers.5/self_attn/Equal_1) d95923ea-2a75-4757-a86c-99d425e3974a:92:232
2026-10-04 18:51:33.800999 [V:onnxruntime:, session_state.cc:1385 VerifyEachNodeIsAssignedToAnEp]   Where (/model/layers.5/self_attn/Where_1) d95923ea-2a75-4757-a86c-99d425e3974a:92:232
2026-10-04 18:51:33.800999 [V:onnxruntime:, session_state.cc:1385 VerifyEachNodeIsAssignedToAnEp]   Gather (/model/layers.5/self_attn/Gather_4) d95923ea-2a75-4757-a86c-99d425e3974a:92:232
2026-10-04 18:51:33.800999 [V:onnxruntime:, session_state.cc:1385 VerifyEachNodeIsAssignedToAnEp]   Gather (/model/layers.5/self_attn/Gather_6) d95923ea-2a75-4757-a86c-99d425e3974a:92:232
2026-10-04 18:51:33.800999 [V:onnxruntime:, session_state.cc:1385 VerifyEachNodeIsAssignedToAnEp]   Unsqueeze (/model/layers.5/self_attn/Unsqueeze_11) d95923ea-2a75-4757-a86c-99d425e3974a:92:232
2026-10-04 18:51:33.800999 [V:onnxruntime:, session_state.cc:1385 VerifyEachNodeIsAssignedToAnEp]   Unsqueeze (/model/layers.5/self_attn/Unsqueeze_13) d95923ea-2a75-4757-a86c-99d425e3974a:92:232
2026-10-04 18:51:33.802000 [V:onnxruntime:, session_state.cc:1385 VerifyEachNodeIsAssignedToAnEp]   Concat (/model/layers.5/self_attn/Concat_7) d95923ea-2a75-4757-a86c-99d425e3974a:92:232
2026-10-04 18:51:33.802000 [V:onnxruntime:, session_state.cc:1385 VerifyEachNodeIsAssignedToAnEp]   Equal (/model/layers.5/self_attn/Equal) d95923ea-2a75-4757-a86c-99d425e3974a:92:232
2026-10-04 18:51:33.802000 [V:onnxruntime:, session_state.cc:1385 VerifyEachNodeIsAssignedToAnEp]   Where (/model/layers.5/self_attn/Where) d95923ea-2a75-4757-a86c-99d425e3974a:92:232
2026-10-04 18:51:33.802000 [V:onnxruntime:, session_state.cc:1385 VerifyEachNodeIsAssignedToAnEp]   Gather (/model/layers.5/self_attn/Gather_12) d95923ea-2a75-4757-a86c-99d425e3974a:92:232
2026-10-04 18:51:33.802000 [V:onnxruntime:, session_state.cc:1385 VerifyEachNodeIsAssignedToAnEp]   Unsqueeze (/model/layers.5/self_attn/Unsqueeze_28) d95923ea-2a75-4757-a86c-99d425e3974a:92:232
2026-10-04 18:51:33.802000 [V:onnxruntime:, session_state.cc:1385 VerifyEachNodeIsAssignedToAnEp]   Gather (/model/layers.6/self_attn/Gather) d95923ea-2a75-4757-a86c-99d425e3974a:92:232
2026-10-04 18:51:33.802000 [V:onnxruntime:, session_state.cc:1385 VerifyEachNodeIsAssignedToAnEp]   Gather (/model/layers.6/self_attn/Gather_1) d95923ea-2a75-4757-a86c-99d425e3974a:92:232
2026-10-04 18:51:33.803000 [V:onnxruntime:, session_state.cc:1385 VerifyEachNodeIsAssignedToAnEp]   Unsqueeze (/model/layers.6/self_attn/Unsqueeze) d95923ea-2a75-4757-a86c-99d425e3974a:92:232
2026-10-04 18:51:33.803000 [V:onnxruntime:, session_state.cc:1385 VerifyEachNodeIsAssignedToAnEp]   Unsqueeze (/model/layers.6/self_attn/Unsqueeze_1) d95923ea-2a75-4757-a86c-99d425e3974a:92:232
2026-10-04 18:51:33.803000 [V:onnxruntime:, session_state.cc:1385 VerifyEachNodeIsAssignedToAnEp]   Concat (/model/layers.6/self_attn/Concat) d95923ea-2a75-4757-a86c-99d425e3974a:92:232
2026-10-04 18:51:33.803000 [V:onnxruntime:, session_state.cc:1385 VerifyEachNodeIsAssignedToAnEp]   Gather (/model/layers.6/self_attn/Gather_8) d95923ea-2a75-4757-a86c-99d425e3974a:92:232
2026-10-04 18:51:33.803000 [V:onnxruntime:, session_state.cc:1385 VerifyEachNodeIsAssignedToAnEp]   Gather (/model/layers.6/self_attn/Gather_10) d95923ea-2a75-4757-a86c-99d425e3974a:92:232
2026-10-04 18:51:33.803000 [V:onnxruntime:, session_state.cc:1385 VerifyEachNodeIsAssignedToAnEp]   Unsqueeze (/model/layers.6/self_attn/Unsqueeze_20) d95923ea-2a75-4757-a86c-99d425e3974a:92:232
2026-10-04 18:51:33.803000 [V:onnxruntime:, session_state.cc:1385 VerifyEachNodeIsAssignedToAnEp]   Unsqueeze (/model/layers.6/self_attn/Unsqueeze_22) d95923ea-2a75-4757-a86c-99d425e3974a:92:232
2026-10-04 18:51:33.803999 [V:onnxruntime:, session_state.cc:1385 VerifyEachNodeIsAssignedToAnEp]   Concat (/model/layers.6/self_attn/Concat_9) d95923ea-2a75-4757-a86c-99d425e3974a:92:232
2026-10-04 18:51:33.803999 [V:onnxruntime:, session_state.cc:1385 VerifyEachNodeIsAssignedToAnEp]   Equal (/model/layers.6/self_attn/Equal_1) d95923ea-2a75-4757-a86c-99d425e3974a:92:232
2026-10-04 18:51:33.803999 [V:onnxruntime:, session_state.cc:1385 VerifyEachNodeIsAssignedToAnEp]   Where (/model/layers.6/self_attn/Where_1) d95923ea-2a75-4757-a86c-99d425e3974a:92:232
2026-10-04 18:51:33.803999 [V:onnxruntime:, session_state.cc:1385 VerifyEachNodeIsAssignedToAnEp]   Gather (/model/layers.6/self_attn/Gather_4) d95923ea-2a75-4757-a86c-99d425e3974a:92:232
2026-10-04 18:51:33.803999 [V:onnxruntime:, session_state.cc:1385 VerifyEachNodeIsAssignedToAnEp]   Gather (/model/layers.6/self_attn/Gather_6) d95923ea-2a75-4757-a86c-99d425e3974a:92:232
2026-10-04 18:51:33.803999 [V:onnxruntime:, session_state.cc:1385 VerifyEachNodeIsAssignedToAnEp]   Unsqueeze (/model/layers.6/self_attn/Unsqueeze_11) d95923ea-2a75-4757-a86c-99d425e3974a:92:232
2026-10-04 18:51:33.803999 [V:onnxruntime:, session_state.cc:1385 VerifyEachNodeIsAssignedToAnEp]   Unsqueeze (/model/layers.6/self_attn/Unsqueeze_13) d95923ea-2a75-4757-a86c-99d425e3974a:92:232
2026-10-04 18:51:33.803999 [V:onnxruntime:, session_state.cc:1385 VerifyEachNodeIsAssignedToAnEp]   Concat (/model/layers.6/self_attn/Concat_7) d95923ea-2a75-4757-a86c-99d425e3974a:92:232
2026-10-04 18:51:33.805000 [V:onnxruntime:, session_state.cc:1385 VerifyEachNodeIsAssignedToAnEp]   Equal (/model/layers.6/self_attn/Equal) d95923ea-2a75-4757-a86c-99d425e3974a:92:232
2026-10-04 18:51:33.805000 [V:onnxruntime:, session_state.cc:1385 VerifyEachNodeIsAssignedToAnEp]   Where (/model/layers.6/self_attn/Where) d95923ea-2a75-4757-a86c-99d425e3974a:92:232
2026-10-04 18:51:33.805000 [V:onnxruntime:, session_state.cc:1385 VerifyEachNodeIsAssignedToAnEp]   Gather (/model/layers.6/self_attn/Gather_12) d95923ea-2a75-4757-a86c-99d425e3974a:92:232
2026-10-04 18:51:33.805000 [V:onnxruntime:, session_state.cc:1385 VerifyEachNodeIsAssignedToAnEp]   Unsqueeze (/model/layers.6/self_attn/Unsqueeze_28) d95923ea-2a75-4757-a86c-99d425e3974a:92:232
2026-10-04 18:51:33.805000 [V:onnxruntime:, session_state.cc:1385 VerifyEachNodeIsAssignedToAnEp]   Gather (/model/layers.7/self_attn/Gather) d95923ea-2a75-4757-a86c-99d425e3974a:92:232
2026-10-04 18:51:33.805000 [V:onnxruntime:, session_state.cc:1385 VerifyEachNodeIsAssignedToAnEp]   Gather (/model/layers.7/self_attn/Gather_1) d95923ea-2a75-4757-a86c-99d425e3974a:92:232
2026-10-04 18:51:33.805000 [V:onnxruntime:, session_state.cc:1385 VerifyEachNodeIsAssignedToAnEp]   Unsqueeze (/model/layers.7/self_attn/Unsqueeze) d95923ea-2a75-4757-a86c-99d425e3974a:92:232
2026-10-04 18:51:33.806000 [V:onnxruntime:, session_state.cc:1385 VerifyEachNodeIsAssignedToAnEp]   Unsqueeze (/model/layers.7/self_attn/Unsqueeze_1) d95923ea-2a75-4757-a86c-99d425e3974a:92:232
2026-10-04 18:51:33.806000 [V:onnxruntime:, session_state.cc:1385 VerifyEachNodeIsAssignedToAnEp]   Concat (/model/layers.7/self_attn/Concat) d95923ea-2a75-4757-a86c-99d425e3974a:92:232
2026-10-04 18:51:33.806000 [V:onnxruntime:, session_state.cc:1385 VerifyEachNodeIsAssignedToAnEp]   Gather (/model/layers.7/self_attn/Gather_8) d95923ea-2a75-4757-a86c-99d425e3974a:92:232
2026-10-04 18:51:33.806000 [V:onnxruntime:, session_state.cc:1385 VerifyEachNodeIsAssignedToAnEp]   Gather (/model/layers.7/self_attn/Gather_10) d95923ea-2a75-4757-a86c-99d425e3974a:92:232
2026-10-04 18:51:33.806000 [V:onnxruntime:, session_state.cc:1385 VerifyEachNodeIsAssignedToAnEp]   Unsqueeze (/model/layers.7/self_attn/Unsqueeze_20) d95923ea-2a75-4757-a86c-99d425e3974a:92:232
2026-10-04 18:51:33.806000 [V:onnxruntime:, session_state.cc:1385 VerifyEachNodeIsAssignedToAnEp]   Unsqueeze (/model/layers.7/self_attn/Unsqueeze_22) d95923ea-2a75-4757-a86c-99d425e3974a:92:232
2026-10-04 18:51:33.806000 [V:onnxruntime:, session_state.cc:1385 VerifyEachNodeIsAssignedToAnEp]   Concat (/model/layers.7/self_attn/Concat_9) d95923ea-2a75-4757-a86c-99d425e3974a:92:232
2026-10-04 18:51:33.806000 [V:onnxruntime:, session_state.cc:1385 VerifyEachNodeIsAssignedToAnEp]   Equal (/model/layers.7/self_attn/Equal_1) d95923ea-2a75-4757-a86c-99d425e3974a:92:232
2026-10-04 18:51:33.807000 [V:onnxruntime:, session_state.cc:1385 VerifyEachNodeIsAssignedToAnEp]   Where (/model/layers.7/self_attn/Where_1) d95923ea-2a75-4757-a86c-99d425e3974a:92:232
2026-10-04 18:51:33.807000 [V:onnxruntime:, session_state.cc:1385 VerifyEachNodeIsAssignedToAnEp]   Gather (/model/layers.7/self_attn/Gather_4) d95923ea-2a75-4757-a86c-99d425e3974a:92:232
2026-10-04 18:51:33.807000 [V:onnxruntime:, session_state.cc:1385 VerifyEachNodeIsAssignedToAnEp]   Gather (/model/layers.7/self_attn/Gather_6) d95923ea-2a75-4757-a86c-99d425e3974a:92:232
2026-10-04 18:51:33.807000 [V:onnxruntime:, session_state.cc:1385 VerifyEachNodeIsAssignedToAnEp]   Unsqueeze (/model/layers.7/self_attn/Unsqueeze_11) d95923ea-2a75-4757-a86c-99d425e3974a:92:232
2026-10-04 18:51:33.807999 [V:onnxruntime:, session_state.cc:1385 VerifyEachNodeIsAssignedToAnEp]   Unsqueeze (/model/layers.7/self_attn/Unsqueeze_13) d95923ea-2a75-4757-a86c-99d425e3974a:92:232
2026-10-04 18:51:33.807999 [V:onnxruntime:, session_state.cc:1385 VerifyEachNodeIsAssignedToAnEp]   Concat (/model/layers.7/self_attn/Concat_7) d95923ea-2a75-4757-a86c-99d425e3974a:92:232
2026-10-04 18:51:33.807999 [V:onnxruntime:, session_state.cc:1385 VerifyEachNodeIsAssignedToAnEp]   Equal (/model/layers.7/self_attn/Equal) d95923ea-2a75-4757-a86c-99d425e3974a:92:232
2026-10-04 18:51:33.807999 [V:onnxruntime:, session_state.cc:1385 VerifyEachNodeIsAssignedToAnEp]   Where (/model/layers.7/self_attn/Where) d95923ea-2a75-4757-a86c-99d425e3974a:92:232
2026-10-04 18:51:33.807999 [V:onnxruntime:, session_state.cc:1385 VerifyEachNodeIsAssignedToAnEp]   Gather (/model/layers.7/self_attn/Gather_12) d95923ea-2a75-4757-a86c-99d425e3974a:92:232
2026-10-04 18:51:33.807999 [V:onnxruntime:, session_state.cc:1385 VerifyEachNodeIsAssignedToAnEp]   Unsqueeze (/model/layers.7/self_attn/Unsqueeze_28) d95923ea-2a75-4757-a86c-99d425e3974a:92:232
2026-10-04 18:51:33.808999 [V:onnxruntime:, session_state.cc:1385 VerifyEachNodeIsAssignedToAnEp]   Gather (/model/layers.8/self_attn/Gather) d95923ea-2a75-4757-a86c-99d425e3974a:92:232
2026-10-04 18:51:33.808999 [V:onnxruntime:, session_state.cc:1385 VerifyEachNodeIsAssignedToAnEp]   Gather (/model/layers.8/self_attn/Gather_1) d95923ea-2a75-4757-a86c-99d425e3974a:92:232
2026-10-04 18:51:33.808999 [V:onnxruntime:, session_state.cc:1385 VerifyEachNodeIsAssignedToAnEp]   Unsqueeze (/model/layers.8/self_attn/Unsqueeze) d95923ea-2a75-4757-a86c-99d425e3974a:92:232
2026-10-04 18:51:33.808999 [V:onnxruntime:, session_state.cc:1385 VerifyEachNodeIsAssignedToAnEp]   Unsqueeze (/model/layers.8/self_attn/Unsqueeze_1) d95923ea-2a75-4757-a86c-99d425e3974a:92:232
2026-10-04 18:51:33.808999 [V:onnxruntime:, session_state.cc:1385 VerifyEachNodeIsAssignedToAnEp]   Concat (/model/layers.8/self_attn/Concat) d95923ea-2a75-4757-a86c-99d425e3974a:92:232
2026-10-04 18:51:33.808999 [V:onnxruntime:, session_state.cc:1385 VerifyEachNodeIsAssignedToAnEp]   Gather (/model/layers.8/self_attn/Gather_8) d95923ea-2a75-4757-a86c-99d425e3974a:92:232
2026-10-04 18:51:33.810000 [V:onnxruntime:, session_state.cc:1385 VerifyEachNodeIsAssignedToAnEp]   Gather (/model/layers.8/self_attn/Gather_10) d95923ea-2a75-4757-a86c-99d425e3974a:92:232
2026-10-04 18:51:33.810000 [V:onnxruntime:, session_state.cc:1385 VerifyEachNodeIsAssignedToAnEp]   Unsqueeze (/model/layers.8/self_attn/Unsqueeze_20) d95923ea-2a75-4757-a86c-99d425e3974a:92:232
2026-10-04 18:51:33.810000 [V:onnxruntime:, session_state.cc:1385 VerifyEachNodeIsAssignedToAnEp]   Unsqueeze (/model/layers.8/self_attn/Unsqueeze_22) d95923ea-2a75-4757-a86c-99d425e3974a:92:232
2026-10-04 18:51:33.810000 [V:onnxruntime:, session_state.cc:1385 VerifyEachNodeIsAssignedToAnEp]   Concat (/model/layers.8/self_attn/Concat_9) d95923ea-2a75-4757-a86c-99d425e3974a:92:232
2026-10-04 18:51:33.810000 [V:onnxruntime:, session_state.cc:1385 VerifyEachNodeIsAssignedToAnEp]   Equal (/model/layers.8/self_attn/Equal_1) d95923ea-2a75-4757-a86c-99d425e3974a:92:232
2026-10-04 18:51:33.810000 [V:onnxruntime:, session_state.cc:1385 VerifyEachNodeIsAssignedToAnEp]   Where (/model/layers.8/self_attn/Where_1) d95923ea-2a75-4757-a86c-99d425e3974a:92:232
2026-10-04 18:51:33.810000 [V:onnxruntime:, session_state.cc:1385 VerifyEachNodeIsAssignedToAnEp]   Gather (/model/layers.8/self_attn/Gather_4) d95923ea-2a75-4757-a86c-99d425e3974a:92:232
2026-10-04 18:51:33.810000 [V:onnxruntime:, session_state.cc:1385 VerifyEachNodeIsAssignedToAnEp]   Gather (/model/layers.8/self_attn/Gather_6) d95923ea-2a75-4757-a86c-99d425e3974a:92:232
2026-10-04 18:51:33.811000 [V:onnxruntime:, session_state.cc:1385 VerifyEachNodeIsAssignedToAnEp]   Unsqueeze (/model/layers.8/self_attn/Unsqueeze_11) d95923ea-2a75-4757-a86c-99d425e3974a:92:232
2026-10-04 18:51:33.811000 [V:onnxruntime:, session_state.cc:1385 VerifyEachNodeIsAssignedToAnEp]   Unsqueeze (/model/layers.8/self_attn/Unsqueeze_13) d95923ea-2a75-4757-a86c-99d425e3974a:92:232
2026-10-04 18:51:33.811000 [V:onnxruntime:, session_state.cc:1385 VerifyEachNodeIsAssignedToAnEp]   Concat (/model/layers.8/self_attn/Concat_7) d95923ea-2a75-4757-a86c-99d425e3974a:92:232
2026-10-04 18:51:33.811000 [V:onnxruntime:, session_state.cc:1385 VerifyEachNodeIsAssignedToAnEp]   Equal (/model/layers.8/self_attn/Equal) d95923ea-2a75-4757-a86c-99d425e3974a:92:232
2026-10-04 18:51:33.811000 [V:onnxruntime:, session_state.cc:1385 VerifyEachNodeIsAssignedToAnEp]   Where (/model/layers.8/self_attn/Where) d95923ea-2a75-4757-a86c-99d425e3974a:92:232
2026-10-04 18:51:33.811000 [V:onnxruntime:, session_state.cc:1385 VerifyEachNodeIsAssignedToAnEp]   Gather (/model/layers.8/self_attn/Gather_12) d95923ea-2a75-4757-a86c-99d425e3974a:92:232
2026-10-04 18:51:33.811999 [V:onnxruntime:, session_state.cc:1385 VerifyEachNodeIsAssignedToAnEp]   Unsqueeze (/model/layers.8/self_attn/Unsqueeze_28) d95923ea-2a75-4757-a86c-99d425e3974a:92:232
2026-10-04 18:51:33.811999 [V:onnxruntime:, session_state.cc:1385 VerifyEachNodeIsAssignedToAnEp]   Gather (/model/layers.9/self_attn/Gather) d95923ea-2a75-4757-a86c-99d425e3974a:92:232
2026-10-04 18:51:33.811999 [V:onnxruntime:, session_state.cc:1385 VerifyEachNodeIsAssignedToAnEp]   Gather (/model/layers.9/self_attn/Gather_1) d95923ea-2a75-4757-a86c-99d425e3974a:92:232
2026-10-04 18:51:33.811999 [V:onnxruntime:, session_state.cc:1385 VerifyEachNodeIsAssignedToAnEp]   Unsqueeze (/model/layers.9/self_attn/Unsqueeze) d95923ea-2a75-4757-a86c-99d425e3974a:92:232
2026-10-04 18:51:33.813000 [V:onnxruntime:, session_state.cc:1385 VerifyEachNodeIsAssignedToAnEp]   Unsqueeze (/model/layers.9/self_attn/Unsqueeze_1) d95923ea-2a75-4757-a86c-99d425e3974a:92:232
2026-10-04 18:51:33.813000 [V:onnxruntime:, session_state.cc:1385 VerifyEachNodeIsAssignedToAnEp]   Concat (/model/layers.9/self_attn/Concat) d95923ea-2a75-4757-a86c-99d425e3974a:92:232
2026-10-04 18:51:33.813000 [V:onnxruntime:, session_state.cc:1385 VerifyEachNodeIsAssignedToAnEp]   Gather (/model/layers.9/self_attn/Gather_8) d95923ea-2a75-4757-a86c-99d425e3974a:92:232
2026-10-04 18:51:33.813000 [V:onnxruntime:, session_state.cc:1385 VerifyEachNodeIsAssignedToAnEp]   Gather (/model/layers.9/self_attn/Gather_10) d95923ea-2a75-4757-a86c-99d425e3974a:92:232
2026-10-04 18:51:33.813000 [V:onnxruntime:, session_state.cc:1385 VerifyEachNodeIsAssignedToAnEp]   Unsqueeze (/model/layers.9/self_attn/Unsqueeze_20) d95923ea-2a75-4757-a86c-99d425e3974a:92:232
2026-10-04 18:51:33.813000 [V:onnxruntime:, session_state.cc:1385 VerifyEachNodeIsAssignedToAnEp]   Unsqueeze (/model/layers.9/self_attn/Unsqueeze_22) d95923ea-2a75-4757-a86c-99d425e3974a:92:232
2026-10-04 18:51:33.813000 [V:onnxruntime:, session_state.cc:1385 VerifyEachNodeIsAssignedToAnEp]   Concat (/model/layers.9/self_attn/Concat_9) d95923ea-2a75-4757-a86c-99d425e3974a:92:232
2026-10-04 18:51:33.814000 [V:onnxruntime:, session_state.cc:1385 VerifyEachNodeIsAssignedToAnEp]   Equal (/model/layers.9/self_attn/Equal_1) d95923ea-2a75-4757-a86c-99d425e3974a:92:232
2026-10-04 18:51:33.814000 [V:onnxruntime:, session_state.cc:1385 VerifyEachNodeIsAssignedToAnEp]   Where (/model/layers.9/self_attn/Where_1) d95923ea-2a75-4757-a86c-99d425e3974a:92:232
2026-10-04 18:51:33.814000 [V:onnxruntime:, session_state.cc:1385 VerifyEachNodeIsAssignedToAnEp]   Gather (/model/layers.9/self_attn/Gather_4) d95923ea-2a75-4757-a86c-99d425e3974a:92:232
2026-10-04 18:51:33.814000 [V:onnxruntime:, session_state.cc:1385 VerifyEachNodeIsAssignedToAnEp]   Gather (/model/layers.9/self_attn/Gather_6) d95923ea-2a75-4757-a86c-99d425e3974a:92:232
2026-10-04 18:51:33.814000 [V:onnxruntime:, session_state.cc:1385 VerifyEachNodeIsAssignedToAnEp]   Unsqueeze (/model/layers.9/self_attn/Unsqueeze_11) d95923ea-2a75-4757-a86c-99d425e3974a:92:232
2026-10-04 18:51:33.814000 [V:onnxruntime:, session_state.cc:1385 VerifyEachNodeIsAssignedToAnEp]   Unsqueeze (/model/layers.9/self_attn/Unsqueeze_13) d95923ea-2a75-4757-a86c-99d425e3974a:92:232
2026-10-04 18:51:33.814000 [V:onnxruntime:, session_state.cc:1385 VerifyEachNodeIsAssignedToAnEp]   Concat (/model/layers.9/self_attn/Concat_7) d95923ea-2a75-4757-a86c-99d425e3974a:92:232
2026-10-04 18:51:33.815000 [V:onnxruntime:, session_state.cc:1385 VerifyEachNodeIsAssignedToAnEp]   Equal (/model/layers.9/self_attn/Equal) d95923ea-2a75-4757-a86c-99d425e3974a:92:232
2026-10-04 18:51:33.818000 [V:onnxruntime:, session_state.cc:1385 VerifyEachNodeIsAssignedToAnEp]   Where (/model/layers.9/self_attn/Where) d95923ea-2a75-4757-a86c-99d425e3974a:92:232
2026-10-04 18:51:33.818000 [V:onnxruntime:, session_state.cc:1385 VerifyEachNodeIsAssignedToAnEp]   Gather (/model/layers.9/self_attn/Gather_12) d95923ea-2a75-4757-a86c-99d425e3974a:92:232
2026-10-04 18:51:33.819000 [V:onnxruntime:, session_state.cc:1385 VerifyEachNodeIsAssignedToAnEp]   Unsqueeze (/model/layers.9/self_attn/Unsqueeze_28) d95923ea-2a75-4757-a86c-99d425e3974a:92:232
2026-10-04 18:51:33.819000 [V:onnxruntime:, session_state.cc:1385 VerifyEachNodeIsAssignedToAnEp]   Gather (/model/layers.10/self_attn/Gather) d95923ea-2a75-4757-a86c-99d425e3974a:92:232
2026-10-04 18:51:33.819000 [V:onnxruntime:, session_state.cc:1385 VerifyEachNodeIsAssignedToAnEp]   Gather (/model/layers.10/self_attn/Gather_1) d95923ea-2a75-4757-a86c-99d425e3974a:92:232
2026-10-04 18:51:33.819000 [V:onnxruntime:, session_state.cc:1385 VerifyEachNodeIsAssignedToAnEp]   Unsqueeze (/model/layers.10/self_attn/Unsqueeze) d95923ea-2a75-4757-a86c-99d425e3974a:92:232
2026-10-04 18:51:33.819000 [V:onnxruntime:, session_state.cc:1385 VerifyEachNodeIsAssignedToAnEp]   Unsqueeze (/model/layers.10/self_attn/Unsqueeze_1) d95923ea-2a75-4757-a86c-99d425e3974a:92:232
2026-10-04 18:51:33.819000 [V:onnxruntime:, session_state.cc:1385 VerifyEachNodeIsAssignedToAnEp]   Concat (/model/layers.10/self_attn/Concat) d95923ea-2a75-4757-a86c-99d425e3974a:92:232
2026-10-04 18:51:33.819000 [V:onnxruntime:, session_state.cc:1385 VerifyEachNodeIsAssignedToAnEp]   Gather (/model/layers.10/self_attn/Gather_8) d95923ea-2a75-4757-a86c-99d425e3974a:92:232
2026-10-04 18:51:33.819999 [V:onnxruntime:, session_state.cc:1385 VerifyEachNodeIsAssignedToAnEp]   Gather (/model/layers.10/self_attn/Gather_10) d95923ea-2a75-4757-a86c-99d425e3974a:92:232
2026-10-04 18:51:33.819999 [V:onnxruntime:, session_state.cc:1385 VerifyEachNodeIsAssignedToAnEp]   Unsqueeze (/model/layers.10/self_attn/Unsqueeze_20) d95923ea-2a75-4757-a86c-99d425e3974a:92:232
2026-10-04 18:51:33.819999 [V:onnxruntime:, session_state.cc:1385 VerifyEachNodeIsAssignedToAnEp]   Unsqueeze (/model/layers.10/self_attn/Unsqueeze_22) d95923ea-2a75-4757-a86c-99d425e3974a:92:232
2026-10-04 18:51:33.819999 [V:onnxruntime:, session_state.cc:1385 VerifyEachNodeIsAssignedToAnEp]   Concat (/model/layers.10/self_attn/Concat_9) d95923ea-2a75-4757-a86c-99d425e3974a:92:232
2026-10-04 18:51:33.819999 [V:onnxruntime:, session_state.cc:1385 VerifyEachNodeIsAssignedToAnEp]   Equal (/model/layers.10/self_attn/Equal_1) d95923ea-2a75-4757-a86c-99d425e3974a:92:232
2026-10-04 18:51:33.819999 [V:onnxruntime:, session_state.cc:1385 VerifyEachNodeIsAssignedToAnEp]   Where (/model/layers.10/self_attn/Where_1) d95923ea-2a75-4757-a86c-99d425e3974a:92:232
2026-10-04 18:51:33.819999 [V:onnxruntime:, session_state.cc:1385 VerifyEachNodeIsAssignedToAnEp]   Gather (/model/layers.10/self_attn/Gather_4) d95923ea-2a75-4757-a86c-99d425e3974a:92:232
2026-10-04 18:51:33.819999 [V:onnxruntime:, session_state.cc:1385 VerifyEachNodeIsAssignedToAnEp]   Gather (/model/layers.10/self_attn/Gather_6) d95923ea-2a75-4757-a86c-99d425e3974a:92:232
2026-10-04 18:51:33.819999 [V:onnxruntime:, session_state.cc:1385 VerifyEachNodeIsAssignedToAnEp]   Unsqueeze (/model/layers.10/self_attn/Unsqueeze_11) d95923ea-2a75-4757-a86c-99d425e3974a:92:232
2026-10-04 18:51:33.821000 [V:onnxruntime:, session_state.cc:1385 VerifyEachNodeIsAssignedToAnEp]   Unsqueeze (/model/layers.10/self_attn/Unsqueeze_13) d95923ea-2a75-4757-a86c-99d425e3974a:92:232
2026-10-04 18:51:33.821000 [V:onnxruntime:, session_state.cc:1385 VerifyEachNodeIsAssignedToAnEp]   Concat (/model/layers.10/self_attn/Concat_7) d95923ea-2a75-4757-a86c-99d425e3974a:92:232
2026-10-04 18:51:33.821000 [V:onnxruntime:, session_state.cc:1385 VerifyEachNodeIsAssignedToAnEp]   Equal (/model/layers.10/self_attn/Equal) d95923ea-2a75-4757-a86c-99d425e3974a:92:232
2026-10-04 18:51:33.821000 [V:onnxruntime:, session_state.cc:1385 VerifyEachNodeIsAssignedToAnEp]   Where (/model/layers.10/self_attn/Where) d95923ea-2a75-4757-a86c-99d425e3974a:92:232
2026-10-04 18:51:33.821000 [V:onnxruntime:, session_state.cc:1385 VerifyEachNodeIsAssignedToAnEp]   Gather (/model/layers.10/self_attn/Gather_12) d95923ea-2a75-4757-a86c-99d425e3974a:92:232
2026-10-04 18:51:33.821000 [V:onnxruntime:, session_state.cc:1385 VerifyEachNodeIsAssignedToAnEp]   Unsqueeze (/model/layers.10/self_attn/Unsqueeze_28) d95923ea-2a75-4757-a86c-99d425e3974a:92:232
2026-10-04 18:51:33.822000 [V:onnxruntime:, session_state.cc:1385 VerifyEachNodeIsAssignedToAnEp]   Gather (/model/layers.11/self_attn/Gather) d95923ea-2a75-4757-a86c-99d425e3974a:92:232
2026-10-04 18:51:33.822000 [V:onnxruntime:, session_state.cc:1385 VerifyEachNodeIsAssignedToAnEp]   Gather (/model/layers.11/self_attn/Gather_1) d95923ea-2a75-4757-a86c-99d425e3974a:92:232
2026-10-04 18:51:33.822000 [V:onnxruntime:, session_state.cc:1385 VerifyEachNodeIsAssignedToAnEp]   Unsqueeze (/model/layers.11/self_attn/Unsqueeze) d95923ea-2a75-4757-a86c-99d425e3974a:92:232
2026-10-04 18:51:33.822000 [V:onnxruntime:, session_state.cc:1385 VerifyEachNodeIsAssignedToAnEp]   Unsqueeze (/model/layers.11/self_attn/Unsqueeze_1) d95923ea-2a75-4757-a86c-99d425e3974a:92:232
2026-10-04 18:51:33.822000 [V:onnxruntime:, session_state.cc:1385 VerifyEachNodeIsAssignedToAnEp]   Concat (/model/layers.11/self_attn/Concat) d95923ea-2a75-4757-a86c-99d425e3974a:92:232
2026-10-04 18:51:33.822000 [V:onnxruntime:, session_state.cc:1385 VerifyEachNodeIsAssignedToAnEp]   Gather (/model/layers.11/self_attn/Gather_8) d95923ea-2a75-4757-a86c-99d425e3974a:92:232
2026-10-04 18:51:33.823000 [V:onnxruntime:, session_state.cc:1385 VerifyEachNodeIsAssignedToAnEp]   Gather (/model/layers.11/self_attn/Gather_10) d95923ea-2a75-4757-a86c-99d425e3974a:92:232
2026-10-04 18:51:33.823000 [V:onnxruntime:, session_state.cc:1385 VerifyEachNodeIsAssignedToAnEp]   Unsqueeze (/model/layers.11/self_attn/Unsqueeze_20) d95923ea-2a75-4757-a86c-99d425e3974a:92:232
2026-10-04 18:51:33.823000 [V:onnxruntime:, session_state.cc:1385 VerifyEachNodeIsAssignedToAnEp]   Unsqueeze (/model/layers.11/self_attn/Unsqueeze_22) d95923ea-2a75-4757-a86c-99d425e3974a:92:232
2026-10-04 18:51:33.835999 [V:onnxruntime:, session_state.cc:1385 VerifyEachNodeIsAssignedToAnEp]   Concat (/model/layers.11/self_attn/Concat_9) d95923ea-2a75-4757-a86c-99d425e3974a:92:232
2026-10-04 18:51:33.837000 [V:onnxruntime:, session_state.cc:1385 VerifyEachNodeIsAssignedToAnEp]   Equal (/model/layers.11/self_attn/Equal_1) d95923ea-2a75-4757-a86c-99d425e3974a:92:232
2026-10-04 18:51:33.838000 [V:onnxruntime:, session_state.cc:1385 VerifyEachNodeIsAssignedToAnEp]   Where (/model/layers.11/self_attn/Where_1) d95923ea-2a75-4757-a86c-99d425e3974a:92:232
2026-10-04 18:51:33.838000 [V:onnxruntime:, session_state.cc:1385 VerifyEachNodeIsAssignedToAnEp]   Gather (/model/layers.11/self_attn/Gather_4) d95923ea-2a75-4757-a86c-99d425e3974a:92:232
2026-10-04 18:51:33.838000 [V:onnxruntime:, session_state.cc:1385 VerifyEachNodeIsAssignedToAnEp]   Gather (/model/layers.11/self_attn/Gather_6) d95923ea-2a75-4757-a86c-99d425e3974a:92:232
2026-10-04 18:51:33.839000 [V:onnxruntime:, session_state.cc:1385 VerifyEachNodeIsAssignedToAnEp]   Unsqueeze (/model/layers.11/self_attn/Unsqueeze_11) d95923ea-2a75-4757-a86c-99d425e3974a:92:232
2026-10-04 18:51:33.839000 [V:onnxruntime:, session_state.cc:1385 VerifyEachNodeIsAssignedToAnEp]   Unsqueeze (/model/layers.11/self_attn/Unsqueeze_13) d95923ea-2a75-4757-a86c-99d425e3974a:92:232
2026-10-04 18:51:33.839000 [V:onnxruntime:, session_state.cc:1385 VerifyEachNodeIsAssignedToAnEp]   Concat (/model/layers.11/self_attn/Concat_7) d95923ea-2a75-4757-a86c-99d425e3974a:92:232
2026-10-04 18:51:33.839999 [V:onnxruntime:, session_state.cc:1385 VerifyEachNodeIsAssignedToAnEp]   Equal (/model/layers.11/self_attn/Equal) d95923ea-2a75-4757-a86c-99d425e3974a:92:232
2026-10-04 18:51:33.839999 [V:onnxruntime:, session_state.cc:1385 VerifyEachNodeIsAssignedToAnEp]   Where (/model/layers.11/self_attn/Where) d95923ea-2a75-4757-a86c-99d425e3974a:92:232
2026-10-04 18:51:33.840999 [V:onnxruntime:, session_state.cc:1385 VerifyEachNodeIsAssignedToAnEp]   Gather (/model/layers.11/self_attn/Gather_12) d95923ea-2a75-4757-a86c-99d425e3974a:92:232
2026-10-04 18:51:33.842000 [V:onnxruntime:, session_state.cc:1385 VerifyEachNodeIsAssignedToAnEp]   Unsqueeze (/model/layers.11/self_attn/Unsqueeze_28) d95923ea-2a75-4757-a86c-99d425e3974a:92:232
2026-10-04 18:51:33.842000 [V:onnxruntime:, session_state.cc:1385 VerifyEachNodeIsAssignedToAnEp]   Gather (/model/layers.12/self_attn/Gather) d95923ea-2a75-4757-a86c-99d425e3974a:92:232
2026-10-04 18:51:33.843000 [V:onnxruntime:, session_state.cc:1385 VerifyEachNodeIsAssignedToAnEp]   Gather (/model/layers.12/self_attn/Gather_1) d95923ea-2a75-4757-a86c-99d425e3974a:92:232
2026-10-04 18:51:33.843000 [V:onnxruntime:, session_state.cc:1385 VerifyEachNodeIsAssignedToAnEp]   Unsqueeze (/model/layers.12/self_attn/Unsqueeze) d95923ea-2a75-4757-a86c-99d425e3974a:92:232
2026-10-04 18:51:33.843000 [V:onnxruntime:, session_state.cc:1385 VerifyEachNodeIsAssignedToAnEp]   Unsqueeze (/model/layers.12/self_attn/Unsqueeze_1) d95923ea-2a75-4757-a86c-99d425e3974a:92:232
2026-10-04 18:51:33.843999 [V:onnxruntime:, session_state.cc:1385 VerifyEachNodeIsAssignedToAnEp]   Concat (/model/layers.12/self_attn/Concat) d95923ea-2a75-4757-a86c-99d425e3974a:92:232
2026-10-04 18:51:33.843999 [V:onnxruntime:, session_state.cc:1385 VerifyEachNodeIsAssignedToAnEp]   Gather (/model/layers.12/self_attn/Gather_8) d95923ea-2a75-4757-a86c-99d425e3974a:92:232
2026-10-04 18:51:33.843999 [V:onnxruntime:, session_state.cc:1385 VerifyEachNodeIsAssignedToAnEp]   Gather (/model/layers.12/self_attn/Gather_10) d95923ea-2a75-4757-a86c-99d425e3974a:92:232
2026-10-04 18:51:33.843999 [V:onnxruntime:, session_state.cc:1385 VerifyEachNodeIsAssignedToAnEp]   Unsqueeze (/model/layers.12/self_attn/Unsqueeze_20) d95923ea-2a75-4757-a86c-99d425e3974a:92:232
2026-10-04 18:51:33.843999 [V:onnxruntime:, session_state.cc:1385 VerifyEachNodeIsAssignedToAnEp]   Unsqueeze (/model/layers.12/self_attn/Unsqueeze_22) d95923ea-2a75-4757-a86c-99d425e3974a:92:232
2026-10-04 18:51:33.845000 [V:onnxruntime:, session_state.cc:1385 VerifyEachNodeIsAssignedToAnEp]   Concat (/model/layers.12/self_attn/Concat_9) d95923ea-2a75-4757-a86c-99d425e3974a:92:232
2026-10-04 18:51:33.845000 [V:onnxruntime:, session_state.cc:1385 VerifyEachNodeIsAssignedToAnEp]   Equal (/model/layers.12/self_attn/Equal_1) d95923ea-2a75-4757-a86c-99d425e3974a:92:232
2026-10-04 18:51:33.845000 [V:onnxruntime:, session_state.cc:1385 VerifyEachNodeIsAssignedToAnEp]   Where (/model/layers.12/self_attn/Where_1) d95923ea-2a75-4757-a86c-99d425e3974a:92:232
2026-10-04 18:51:33.845000 [V:onnxruntime:, session_state.cc:1385 VerifyEachNodeIsAssignedToAnEp]   Gather (/model/layers.12/self_attn/Gather_4) d95923ea-2a75-4757-a86c-99d425e3974a:92:232
2026-10-04 18:51:33.845000 [V:onnxruntime:, session_state.cc:1385 VerifyEachNodeIsAssignedToAnEp]   Gather (/model/layers.12/self_attn/Gather_6) d95923ea-2a75-4757-a86c-99d425e3974a:92:232
2026-10-04 18:51:33.845000 [V:onnxruntime:, session_state.cc:1385 VerifyEachNodeIsAssignedToAnEp]   Unsqueeze (/model/layers.12/self_attn/Unsqueeze_11) d95923ea-2a75-4757-a86c-99d425e3974a:92:232
2026-10-04 18:51:33.845000 [V:onnxruntime:, session_state.cc:1385 VerifyEachNodeIsAssignedToAnEp]   Unsqueeze (/model/layers.12/self_attn/Unsqueeze_13) d95923ea-2a75-4757-a86c-99d425e3974a:92:232
2026-10-04 18:51:33.845000 [V:onnxruntime:, session_state.cc:1385 VerifyEachNodeIsAssignedToAnEp]   Concat (/model/layers.12/self_attn/Concat_7) d95923ea-2a75-4757-a86c-99d425e3974a:92:232
2026-10-04 18:51:33.846000 [V:onnxruntime:, session_state.cc:1385 VerifyEachNodeIsAssignedToAnEp]   Equal (/model/layers.12/self_attn/Equal) d95923ea-2a75-4757-a86c-99d425e3974a:92:232
2026-10-04 18:51:33.846000 [V:onnxruntime:, session_state.cc:1385 VerifyEachNodeIsAssignedToAnEp]   Where (/model/layers.12/self_attn/Where) d95923ea-2a75-4757-a86c-99d425e3974a:92:232
2026-10-04 18:51:33.846000 [V:onnxruntime:, session_state.cc:1385 VerifyEachNodeIsAssignedToAnEp]   Gather (/model/layers.12/self_attn/Gather_12) d95923ea-2a75-4757-a86c-99d425e3974a:92:232
2026-10-04 18:51:33.846000 [V:onnxruntime:, session_state.cc:1385 VerifyEachNodeIsAssignedToAnEp]   Unsqueeze (/model/layers.12/self_attn/Unsqueeze_28) d95923ea-2a75-4757-a86c-99d425e3974a:92:232
2026-10-04 18:51:33.846000 [V:onnxruntime:, session_state.cc:1385 VerifyEachNodeIsAssignedToAnEp]   Gather (/model/layers.13/self_attn/Gather) d95923ea-2a75-4757-a86c-99d425e3974a:92:232
2026-10-04 18:51:33.846000 [V:onnxruntime:, session_state.cc:1385 VerifyEachNodeIsAssignedToAnEp]   Gather (/model/layers.13/self_attn/Gather_1) d95923ea-2a75-4757-a86c-99d425e3974a:92:232
2026-10-04 18:51:33.847000 [V:onnxruntime:, session_state.cc:1385 VerifyEachNodeIsAssignedToAnEp]   Unsqueeze (/model/layers.13/self_attn/Unsqueeze) d95923ea-2a75-4757-a86c-99d425e3974a:92:232
2026-10-04 18:51:33.847000 [V:onnxruntime:, session_state.cc:1385 VerifyEachNodeIsAssignedToAnEp]   Unsqueeze (/model/layers.13/self_attn/Unsqueeze_1) d95923ea-2a75-4757-a86c-99d425e3974a:92:232
2026-10-04 18:51:33.847000 [V:onnxruntime:, session_state.cc:1385 VerifyEachNodeIsAssignedToAnEp]   Concat (/model/layers.13/self_attn/Concat) d95923ea-2a75-4757-a86c-99d425e3974a:92:232
2026-10-04 18:51:33.847000 [V:onnxruntime:, session_state.cc:1385 VerifyEachNodeIsAssignedToAnEp]   Gather (/model/layers.13/self_attn/Gather_8) d95923ea-2a75-4757-a86c-99d425e3974a:92:232
2026-10-04 18:51:33.847000 [V:onnxruntime:, session_state.cc:1385 VerifyEachNodeIsAssignedToAnEp]   Gather (/model/layers.13/self_attn/Gather_10) d95923ea-2a75-4757-a86c-99d425e3974a:92:232
2026-10-04 18:51:33.847000 [V:onnxruntime:, session_state.cc:1385 VerifyEachNodeIsAssignedToAnEp]   Unsqueeze (/model/layers.13/self_attn/Unsqueeze_20) d95923ea-2a75-4757-a86c-99d425e3974a:92:232
2026-10-04 18:51:33.847999 [V:onnxruntime:, session_state.cc:1385 VerifyEachNodeIsAssignedToAnEp]   Unsqueeze (/model/layers.13/self_attn/Unsqueeze_22) d95923ea-2a75-4757-a86c-99d425e3974a:92:232
2026-10-04 18:51:33.847999 [V:onnxruntime:, session_state.cc:1385 VerifyEachNodeIsAssignedToAnEp]   Concat (/model/layers.13/self_attn/Concat_9) d95923ea-2a75-4757-a86c-99d425e3974a:92:232
2026-10-04 18:51:33.847999 [V:onnxruntime:, session_state.cc:1385 VerifyEachNodeIsAssignedToAnEp]   Equal (/model/layers.13/self_attn/Equal_1) d95923ea-2a75-4757-a86c-99d425e3974a:92:232
2026-10-04 18:51:33.847999 [V:onnxruntime:, session_state.cc:1385 VerifyEachNodeIsAssignedToAnEp]   Where (/model/layers.13/self_attn/Where_1) d95923ea-2a75-4757-a86c-99d425e3974a:92:232
2026-10-04 18:51:33.847999 [V:onnxruntime:, session_state.cc:1385 VerifyEachNodeIsAssignedToAnEp]   Gather (/model/layers.13/self_attn/Gather_4) d95923ea-2a75-4757-a86c-99d425e3974a:92:232
2026-10-04 18:51:33.847999 [V:onnxruntime:, session_state.cc:1385 VerifyEachNodeIsAssignedToAnEp]   Gather (/model/layers.13/self_attn/Gather_6) d95923ea-2a75-4757-a86c-99d425e3974a:92:232
2026-10-04 18:51:33.848999 [V:onnxruntime:, session_state.cc:1385 VerifyEachNodeIsAssignedToAnEp]   Unsqueeze (/model/layers.13/self_attn/Unsqueeze_11) d95923ea-2a75-4757-a86c-99d425e3974a:92:232
2026-10-04 18:51:33.848999 [V:onnxruntime:, session_state.cc:1385 VerifyEachNodeIsAssignedToAnEp]   Unsqueeze (/model/layers.13/self_attn/Unsqueeze_13) d95923ea-2a75-4757-a86c-99d425e3974a:92:232
2026-10-04 18:51:33.848999 [V:onnxruntime:, session_state.cc:1385 VerifyEachNodeIsAssignedToAnEp]   Concat (/model/layers.13/self_attn/Concat_7) d95923ea-2a75-4757-a86c-99d425e3974a:92:232
2026-10-04 18:51:33.848999 [V:onnxruntime:, session_state.cc:1385 VerifyEachNodeIsAssignedToAnEp]   Equal (/model/layers.13/self_attn/Equal) d95923ea-2a75-4757-a86c-99d425e3974a:92:232
2026-10-04 18:51:33.848999 [V:onnxruntime:, session_state.cc:1385 VerifyEachNodeIsAssignedToAnEp]   Where (/model/layers.13/self_attn/Where) d95923ea-2a75-4757-a86c-99d425e3974a:92:232
2026-10-04 18:51:33.848999 [V:onnxruntime:, session_state.cc:1385 VerifyEachNodeIsAssignedToAnEp]   Gather (/model/layers.13/self_attn/Gather_12) d95923ea-2a75-4757-a86c-99d425e3974a:92:232
2026-10-04 18:51:33.850000 [V:onnxruntime:, session_state.cc:1385 VerifyEachNodeIsAssignedToAnEp]   Unsqueeze (/model/layers.13/self_attn/Unsqueeze_28) d95923ea-2a75-4757-a86c-99d425e3974a:92:232
2026-10-04 18:51:33.850000 [V:onnxruntime:, session_state.cc:1385 VerifyEachNodeIsAssignedToAnEp]   Gather (/model/layers.14/self_attn/Gather) d95923ea-2a75-4757-a86c-99d425e3974a:92:232
2026-10-04 18:51:33.850000 [V:onnxruntime:, session_state.cc:1385 VerifyEachNodeIsAssignedToAnEp]   Gather (/model/layers.14/self_attn/Gather_1) d95923ea-2a75-4757-a86c-99d425e3974a:92:232
2026-10-04 18:51:33.850000 [V:onnxruntime:, session_state.cc:1385 VerifyEachNodeIsAssignedToAnEp]   Unsqueeze (/model/layers.14/self_attn/Unsqueeze) d95923ea-2a75-4757-a86c-99d425e3974a:92:232
2026-10-04 18:51:33.850000 [V:onnxruntime:, session_state.cc:1385 VerifyEachNodeIsAssignedToAnEp]   Unsqueeze (/model/layers.14/self_attn/Unsqueeze_1) d95923ea-2a75-4757-a86c-99d425e3974a:92:232
2026-10-04 18:51:33.850000 [V:onnxruntime:, session_state.cc:1385 VerifyEachNodeIsAssignedToAnEp]   Concat (/model/layers.14/self_attn/Concat) d95923ea-2a75-4757-a86c-99d425e3974a:92:232
2026-10-04 18:51:33.851000 [V:onnxruntime:, session_state.cc:1385 VerifyEachNodeIsAssignedToAnEp]   Gather (/model/layers.14/self_attn/Gather_8) d95923ea-2a75-4757-a86c-99d425e3974a:92:232
2026-10-04 18:51:33.851000 [V:onnxruntime:, session_state.cc:1385 VerifyEachNodeIsAssignedToAnEp]   Gather (/model/layers.14/self_attn/Gather_10) d95923ea-2a75-4757-a86c-99d425e3974a:92:232
2026-10-04 18:51:33.851000 [V:onnxruntime:, session_state.cc:1385 VerifyEachNodeIsAssignedToAnEp]   Unsqueeze (/model/layers.14/self_attn/Unsqueeze_20) d95923ea-2a75-4757-a86c-99d425e3974a:92:232
2026-10-04 18:51:33.851000 [V:onnxruntime:, session_state.cc:1385 VerifyEachNodeIsAssignedToAnEp]   Unsqueeze (/model/layers.14/self_attn/Unsqueeze_22) d95923ea-2a75-4757-a86c-99d425e3974a:92:232
2026-10-04 18:51:33.851000 [V:onnxruntime:, session_state.cc:1385 VerifyEachNodeIsAssignedToAnEp]   Concat (/model/layers.14/self_attn/Concat_9) d95923ea-2a75-4757-a86c-99d425e3974a:92:232
2026-10-04 18:51:33.851000 [V:onnxruntime:, session_state.cc:1385 VerifyEachNodeIsAssignedToAnEp]   Equal (/model/layers.14/self_attn/Equal_1) d95923ea-2a75-4757-a86c-99d425e3974a:92:232
2026-10-04 18:51:33.851999 [V:onnxruntime:, session_state.cc:1385 VerifyEachNodeIsAssignedToAnEp]   Where (/model/layers.14/self_attn/Where_1) d95923ea-2a75-4757-a86c-99d425e3974a:92:232
2026-10-04 18:51:33.851999 [V:onnxruntime:, session_state.cc:1385 VerifyEachNodeIsAssignedToAnEp]   Gather (/model/layers.14/self_attn/Gather_4) d95923ea-2a75-4757-a86c-99d425e3974a:92:232
2026-10-04 18:51:33.851999 [V:onnxruntime:, session_state.cc:1385 VerifyEachNodeIsAssignedToAnEp]   Gather (/model/layers.14/self_attn/Gather_6) d95923ea-2a75-4757-a86c-99d425e3974a:92:232
2026-10-04 18:51:33.851999 [V:onnxruntime:, session_state.cc:1385 VerifyEachNodeIsAssignedToAnEp]   Unsqueeze (/model/layers.14/self_attn/Unsqueeze_11) d95923ea-2a75-4757-a86c-99d425e3974a:92:232
2026-10-04 18:51:33.851999 [V:onnxruntime:, session_state.cc:1385 VerifyEachNodeIsAssignedToAnEp]   Unsqueeze (/model/layers.14/self_attn/Unsqueeze_13) d95923ea-2a75-4757-a86c-99d425e3974a:92:232
2026-10-04 18:51:33.851999 [V:onnxruntime:, session_state.cc:1385 VerifyEachNodeIsAssignedToAnEp]   Concat (/model/layers.14/self_attn/Concat_7) d95923ea-2a75-4757-a86c-99d425e3974a:92:232
2026-10-04 18:51:33.853000 [V:onnxruntime:, session_state.cc:1385 VerifyEachNodeIsAssignedToAnEp]   Equal (/model/layers.14/self_attn/Equal) d95923ea-2a75-4757-a86c-99d425e3974a:92:232
2026-10-04 18:51:33.853000 [V:onnxruntime:, session_state.cc:1385 VerifyEachNodeIsAssignedToAnEp]   Where (/model/layers.14/self_attn/Where) d95923ea-2a75-4757-a86c-99d425e3974a:92:232
2026-10-04 18:51:33.854000 [V:onnxruntime:, session_state.cc:1385 VerifyEachNodeIsAssignedToAnEp]   Gather (/model/layers.14/self_attn/Gather_12) d95923ea-2a75-4757-a86c-99d425e3974a:92:232
2026-10-04 18:51:33.854000 [V:onnxruntime:, session_state.cc:1385 VerifyEachNodeIsAssignedToAnEp]   Unsqueeze (/model/layers.14/self_attn/Unsqueeze_28) d95923ea-2a75-4757-a86c-99d425e3974a:92:232
2026-10-04 18:51:33.854000 [V:onnxruntime:, session_state.cc:1385 VerifyEachNodeIsAssignedToAnEp]   Gather (/model/layers.15/self_attn/Gather) d95923ea-2a75-4757-a86c-99d425e3974a:92:232
2026-10-04 18:51:33.854000 [V:onnxruntime:, session_state.cc:1385 VerifyEachNodeIsAssignedToAnEp]   Gather (/model/layers.15/self_attn/Gather_1) d95923ea-2a75-4757-a86c-99d425e3974a:92:232
2026-10-04 18:51:33.854000 [V:onnxruntime:, session_state.cc:1385 VerifyEachNodeIsAssignedToAnEp]   Unsqueeze (/model/layers.15/self_attn/Unsqueeze) d95923ea-2a75-4757-a86c-99d425e3974a:92:232
2026-10-04 18:51:33.854000 [V:onnxruntime:, session_state.cc:1385 VerifyEachNodeIsAssignedToAnEp]   Unsqueeze (/model/layers.15/self_attn/Unsqueeze_1) d95923ea-2a75-4757-a86c-99d425e3974a:92:232
2026-10-04 18:51:33.855000 [V:onnxruntime:, session_state.cc:1385 VerifyEachNodeIsAssignedToAnEp]   Concat (/model/layers.15/self_attn/Concat) d95923ea-2a75-4757-a86c-99d425e3974a:92:232
2026-10-04 18:51:33.855000 [V:onnxruntime:, session_state.cc:1385 VerifyEachNodeIsAssignedToAnEp]   Gather (/model/layers.15/self_attn/Gather_8) d95923ea-2a75-4757-a86c-99d425e3974a:92:232
2026-10-04 18:51:33.855000 [V:onnxruntime:, session_state.cc:1385 VerifyEachNodeIsAssignedToAnEp]   Gather (/model/layers.15/self_attn/Gather_10) d95923ea-2a75-4757-a86c-99d425e3974a:92:232
2026-10-04 18:51:33.855000 [V:onnxruntime:, session_state.cc:1385 VerifyEachNodeIsAssignedToAnEp]   Unsqueeze (/model/layers.15/self_attn/Unsqueeze_20) d95923ea-2a75-4757-a86c-99d425e3974a:92:232
2026-10-04 18:51:33.855000 [V:onnxruntime:, session_state.cc:1385 VerifyEachNodeIsAssignedToAnEp]   Unsqueeze (/model/layers.15/self_attn/Unsqueeze_22) d95923ea-2a75-4757-a86c-99d425e3974a:92:232
2026-10-04 18:51:33.855000 [V:onnxruntime:, session_state.cc:1385 VerifyEachNodeIsAssignedToAnEp]   Concat (/model/layers.15/self_attn/Concat_9) d95923ea-2a75-4757-a86c-99d425e3974a:92:232
2026-10-04 18:51:33.855000 [V:onnxruntime:, session_state.cc:1385 VerifyEachNodeIsAssignedToAnEp]   Equal (/model/layers.15/self_attn/Equal_1) d95923ea-2a75-4757-a86c-99d425e3974a:92:232
2026-10-04 18:51:33.855999 [V:onnxruntime:, session_state.cc:1385 VerifyEachNodeIsAssignedToAnEp]   Where (/model/layers.15/self_attn/Where_1) d95923ea-2a75-4757-a86c-99d425e3974a:92:232
2026-10-04 18:51:33.855999 [V:onnxruntime:, session_state.cc:1385 VerifyEachNodeIsAssignedToAnEp]   Gather (/model/layers.15/self_attn/Gather_4) d95923ea-2a75-4757-a86c-99d425e3974a:92:232
2026-10-04 18:51:33.855999 [V:onnxruntime:, session_state.cc:1385 VerifyEachNodeIsAssignedToAnEp]   Gather (/model/layers.15/self_attn/Gather_6) d95923ea-2a75-4757-a86c-99d425e3974a:92:232
2026-10-04 18:51:33.855999 [V:onnxruntime:, session_state.cc:1385 VerifyEachNodeIsAssignedToAnEp]   Unsqueeze (/model/layers.15/self_attn/Unsqueeze_11) d95923ea-2a75-4757-a86c-99d425e3974a:92:232
2026-10-04 18:51:33.855999 [V:onnxruntime:, session_state.cc:1385 VerifyEachNodeIsAssignedToAnEp]   Unsqueeze (/model/layers.15/self_attn/Unsqueeze_13) d95923ea-2a75-4757-a86c-99d425e3974a:92:232
2026-10-04 18:51:33.855999 [V:onnxruntime:, session_state.cc:1385 VerifyEachNodeIsAssignedToAnEp]   Concat (/model/layers.15/self_attn/Concat_7) d95923ea-2a75-4757-a86c-99d425e3974a:92:232
2026-10-04 18:51:33.856999 [V:onnxruntime:, session_state.cc:1385 VerifyEachNodeIsAssignedToAnEp]   Equal (/model/layers.15/self_attn/Equal) d95923ea-2a75-4757-a86c-99d425e3974a:92:232
2026-10-04 18:51:33.856999 [V:onnxruntime:, session_state.cc:1385 VerifyEachNodeIsAssignedToAnEp]   Where (/model/layers.15/self_attn/Where) d95923ea-2a75-4757-a86c-99d425e3974a:92:232
2026-10-04 18:51:33.856999 [V:onnxruntime:, session_state.cc:1385 VerifyEachNodeIsAssignedToAnEp]   Gather (/model/layers.15/self_attn/Gather_12) d95923ea-2a75-4757-a86c-99d425e3974a:92:232
2026-10-04 18:51:33.856999 [V:onnxruntime:, session_state.cc:1385 VerifyEachNodeIsAssignedToAnEp]   Unsqueeze (/model/layers.15/self_attn/Unsqueeze_28) d95923ea-2a75-4757-a86c-99d425e3974a:92:232
2026-10-04 18:51:33.856999 [V:onnxruntime:, session_state.cc:1385 VerifyEachNodeIsAssignedToAnEp]   Gather (/model/layers.16/self_attn/Gather) d95923ea-2a75-4757-a86c-99d425e3974a:92:232
2026-10-04 18:51:33.858000 [V:onnxruntime:, session_state.cc:1385 VerifyEachNodeIsAssignedToAnEp]   Gather (/model/layers.16/self_attn/Gather_1) d95923ea-2a75-4757-a86c-99d425e3974a:92:232
2026-10-04 18:51:33.858000 [V:onnxruntime:, session_state.cc:1385 VerifyEachNodeIsAssignedToAnEp]   Unsqueeze (/model/layers.16/self_attn/Unsqueeze) d95923ea-2a75-4757-a86c-99d425e3974a:92:232
2026-10-04 18:51:33.858000 [V:onnxruntime:, session_state.cc:1385 VerifyEachNodeIsAssignedToAnEp]   Unsqueeze (/model/layers.16/self_attn/Unsqueeze_1) d95923ea-2a75-4757-a86c-99d425e3974a:92:232
2026-10-04 18:51:33.858000 [V:onnxruntime:, session_state.cc:1385 VerifyEachNodeIsAssignedToAnEp]   Concat (/model/layers.16/self_attn/Concat) d95923ea-2a75-4757-a86c-99d425e3974a:92:232
2026-10-04 18:51:33.858000 [V:onnxruntime:, session_state.cc:1385 VerifyEachNodeIsAssignedToAnEp]   Gather (/model/layers.16/self_attn/Gather_8) d95923ea-2a75-4757-a86c-99d425e3974a:92:232
2026-10-04 18:51:33.858000 [V:onnxruntime:, session_state.cc:1385 VerifyEachNodeIsAssignedToAnEp]   Gather (/model/layers.16/self_attn/Gather_10) d95923ea-2a75-4757-a86c-99d425e3974a:92:232
2026-10-04 18:51:33.859000 [V:onnxruntime:, session_state.cc:1385 VerifyEachNodeIsAssignedToAnEp]   Unsqueeze (/model/layers.16/self_attn/Unsqueeze_20) d95923ea-2a75-4757-a86c-99d425e3974a:92:232
2026-10-04 18:51:33.859000 [V:onnxruntime:, session_state.cc:1385 VerifyEachNodeIsAssignedToAnEp]   Unsqueeze (/model/layers.16/self_attn/Unsqueeze_22) d95923ea-2a75-4757-a86c-99d425e3974a:92:232
2026-10-04 18:51:33.859000 [V:onnxruntime:, session_state.cc:1385 VerifyEachNodeIsAssignedToAnEp]   Concat (/model/layers.16/self_attn/Concat_9) d95923ea-2a75-4757-a86c-99d425e3974a:92:232
2026-10-04 18:51:33.859000 [V:onnxruntime:, session_state.cc:1385 VerifyEachNodeIsAssignedToAnEp]   Equal (/model/layers.16/self_attn/Equal_1) d95923ea-2a75-4757-a86c-99d425e3974a:92:232
2026-10-04 18:51:33.859000 [V:onnxruntime:, session_state.cc:1385 VerifyEachNodeIsAssignedToAnEp]   Where (/model/layers.16/self_attn/Where_1) d95923ea-2a75-4757-a86c-99d425e3974a:92:232
2026-10-04 18:51:33.859000 [V:onnxruntime:, session_state.cc:1385 VerifyEachNodeIsAssignedToAnEp]   Gather (/model/layers.16/self_attn/Gather_4) d95923ea-2a75-4757-a86c-99d425e3974a:92:232
2026-10-04 18:51:33.859000 [V:onnxruntime:, session_state.cc:1385 VerifyEachNodeIsAssignedToAnEp]   Gather (/model/layers.16/self_attn/Gather_6) d95923ea-2a75-4757-a86c-99d425e3974a:92:232
2026-10-04 18:51:33.859999 [V:onnxruntime:, session_state.cc:1385 VerifyEachNodeIsAssignedToAnEp]   Unsqueeze (/model/layers.16/self_attn/Unsqueeze_11) d95923ea-2a75-4757-a86c-99d425e3974a:92:232
2026-10-04 18:51:33.859999 [V:onnxruntime:, session_state.cc:1385 VerifyEachNodeIsAssignedToAnEp]   Unsqueeze (/model/layers.16/self_attn/Unsqueeze_13) d95923ea-2a75-4757-a86c-99d425e3974a:92:232
2026-10-04 18:51:33.859999 [V:onnxruntime:, session_state.cc:1385 VerifyEachNodeIsAssignedToAnEp]   Concat (/model/layers.16/self_attn/Concat_7) d95923ea-2a75-4757-a86c-99d425e3974a:92:232
2026-10-04 18:51:33.859999 [V:onnxruntime:, session_state.cc:1385 VerifyEachNodeIsAssignedToAnEp]   Equal (/model/layers.16/self_attn/Equal) d95923ea-2a75-4757-a86c-99d425e3974a:92:232
2026-10-04 18:51:33.859999 [V:onnxruntime:, session_state.cc:1385 VerifyEachNodeIsAssignedToAnEp]   Where (/model/layers.16/self_attn/Where) d95923ea-2a75-4757-a86c-99d425e3974a:92:232
2026-10-04 18:51:33.859999 [V:onnxruntime:, session_state.cc:1385 VerifyEachNodeIsAssignedToAnEp]   Gather (/model/layers.16/self_attn/Gather_12) d95923ea-2a75-4757-a86c-99d425e3974a:92:232
2026-10-04 18:51:33.861000 [V:onnxruntime:, session_state.cc:1385 VerifyEachNodeIsAssignedToAnEp]   Unsqueeze (/model/layers.16/self_attn/Unsqueeze_28) d95923ea-2a75-4757-a86c-99d425e3974a:92:232
2026-10-04 18:51:33.861000 [V:onnxruntime:, session_state.cc:1385 VerifyEachNodeIsAssignedToAnEp]   Gather (/model/layers.17/self_attn/Gather) d95923ea-2a75-4757-a86c-99d425e3974a:92:232
2026-10-04 18:51:33.861000 [V:onnxruntime:, session_state.cc:1385 VerifyEachNodeIsAssignedToAnEp]   Gather (/model/layers.17/self_attn/Gather_1) d95923ea-2a75-4757-a86c-99d425e3974a:92:232
2026-10-04 18:51:33.861000 [V:onnxruntime:, session_state.cc:1385 VerifyEachNodeIsAssignedToAnEp]   Unsqueeze (/model/layers.17/self_attn/Unsqueeze) d95923ea-2a75-4757-a86c-99d425e3974a:92:232
2026-10-04 18:51:33.861000 [V:onnxruntime:, session_state.cc:1385 VerifyEachNodeIsAssignedToAnEp]   Unsqueeze (/model/layers.17/self_attn/Unsqueeze_1) d95923ea-2a75-4757-a86c-99d425e3974a:92:232
2026-10-04 18:51:33.861000 [V:onnxruntime:, session_state.cc:1385 VerifyEachNodeIsAssignedToAnEp]   Concat (/model/layers.17/self_attn/Concat) d95923ea-2a75-4757-a86c-99d425e3974a:92:232
2026-10-04 18:51:33.861000 [V:onnxruntime:, session_state.cc:1385 VerifyEachNodeIsAssignedToAnEp]   Gather (/model/layers.17/self_attn/Gather_8) d95923ea-2a75-4757-a86c-99d425e3974a:92:232
2026-10-04 18:51:33.862000 [V:onnxruntime:, session_state.cc:1385 VerifyEachNodeIsAssignedToAnEp]   Gather (/model/layers.17/self_attn/Gather_10) d95923ea-2a75-4757-a86c-99d425e3974a:92:232
2026-10-04 18:51:33.862000 [V:onnxruntime:, session_state.cc:1385 VerifyEachNodeIsAssignedToAnEp]   Unsqueeze (/model/layers.17/self_attn/Unsqueeze_20) d95923ea-2a75-4757-a86c-99d425e3974a:92:232
2026-10-04 18:51:33.862000 [V:onnxruntime:, session_state.cc:1385 VerifyEachNodeIsAssignedToAnEp]   Unsqueeze (/model/layers.17/self_attn/Unsqueeze_22) d95923ea-2a75-4757-a86c-99d425e3974a:92:232
2026-10-04 18:51:33.862000 [V:onnxruntime:, session_state.cc:1385 VerifyEachNodeIsAssignedToAnEp]   Concat (/model/layers.17/self_attn/Concat_9) d95923ea-2a75-4757-a86c-99d425e3974a:92:232
2026-10-04 18:51:33.862000 [V:onnxruntime:, session_state.cc:1385 VerifyEachNodeIsAssignedToAnEp]   Equal (/model/layers.17/self_attn/Equal_1) d95923ea-2a75-4757-a86c-99d425e3974a:92:232
2026-10-04 18:51:33.862000 [V:onnxruntime:, session_state.cc:1385 VerifyEachNodeIsAssignedToAnEp]   Where (/model/layers.17/self_attn/Where_1) d95923ea-2a75-4757-a86c-99d425e3974a:92:232
2026-10-04 18:51:33.863000 [V:onnxruntime:, session_state.cc:1385 VerifyEachNodeIsAssignedToAnEp]   Gather (/model/layers.17/self_attn/Gather_4) d95923ea-2a75-4757-a86c-99d425e3974a:92:232
2026-10-04 18:51:33.863000 [V:onnxruntime:, session_state.cc:1385 VerifyEachNodeIsAssignedToAnEp]   Gather (/model/layers.17/self_attn/Gather_6) d95923ea-2a75-4757-a86c-99d425e3974a:92:232
2026-10-04 18:51:33.863000 [V:onnxruntime:, session_state.cc:1385 VerifyEachNodeIsAssignedToAnEp]   Unsqueeze (/model/layers.17/self_attn/Unsqueeze_11) d95923ea-2a75-4757-a86c-99d425e3974a:92:232
2026-10-04 18:51:33.863000 [V:onnxruntime:, session_state.cc:1385 VerifyEachNodeIsAssignedToAnEp]   Unsqueeze (/model/layers.17/self_attn/Unsqueeze_13) d95923ea-2a75-4757-a86c-99d425e3974a:92:232
2026-10-04 18:51:33.863000 [V:onnxruntime:, session_state.cc:1385 VerifyEachNodeIsAssignedToAnEp]   Concat (/model/layers.17/self_attn/Concat_7) d95923ea-2a75-4757-a86c-99d425e3974a:92:232
2026-10-04 18:51:33.863000 [V:onnxruntime:, session_state.cc:1385 VerifyEachNodeIsAssignedToAnEp]   Equal (/model/layers.17/self_attn/Equal) d95923ea-2a75-4757-a86c-99d425e3974a:92:232
2026-10-04 18:51:33.863000 [V:onnxruntime:, session_state.cc:1385 VerifyEachNodeIsAssignedToAnEp]   Where (/model/layers.17/self_attn/Where) d95923ea-2a75-4757-a86c-99d425e3974a:92:232
2026-10-04 18:51:33.863999 [V:onnxruntime:, session_state.cc:1385 VerifyEachNodeIsAssignedToAnEp]   Gather (/model/layers.17/self_attn/Gather_12) d95923ea-2a75-4757-a86c-99d425e3974a:92:232
2026-10-04 18:51:33.863999 [V:onnxruntime:, session_state.cc:1385 VerifyEachNodeIsAssignedToAnEp]   Unsqueeze (/model/layers.17/self_attn/Unsqueeze_28) d95923ea-2a75-4757-a86c-99d425e3974a:92:232
2026-10-04 18:51:33.863999 [V:onnxruntime:, session_state.cc:1385 VerifyEachNodeIsAssignedToAnEp]   Gather (/model/layers.18/self_attn/Gather) d95923ea-2a75-4757-a86c-99d425e3974a:92:232
2026-10-04 18:51:33.863999 [V:onnxruntime:, session_state.cc:1385 VerifyEachNodeIsAssignedToAnEp]   Gather (/model/layers.18/self_attn/Gather_1) d95923ea-2a75-4757-a86c-99d425e3974a:92:232
2026-10-04 18:51:33.863999 [V:onnxruntime:, session_state.cc:1385 VerifyEachNodeIsAssignedToAnEp]   Unsqueeze (/model/layers.18/self_attn/Unsqueeze) d95923ea-2a75-4757-a86c-99d425e3974a:92:232
2026-10-04 18:51:33.863999 [V:onnxruntime:, session_state.cc:1385 VerifyEachNodeIsAssignedToAnEp]   Unsqueeze (/model/layers.18/self_attn/Unsqueeze_1) d95923ea-2a75-4757-a86c-99d425e3974a:92:232
2026-10-04 18:51:33.863999 [V:onnxruntime:, session_state.cc:1385 VerifyEachNodeIsAssignedToAnEp]   Concat (/model/layers.18/self_attn/Concat) d95923ea-2a75-4757-a86c-99d425e3974a:92:232
2026-10-04 18:51:33.864999 [V:onnxruntime:, session_state.cc:1385 VerifyEachNodeIsAssignedToAnEp]   Gather (/model/layers.18/self_attn/Gather_8) d95923ea-2a75-4757-a86c-99d425e3974a:92:232
2026-10-04 18:51:33.864999 [V:onnxruntime:, session_state.cc:1385 VerifyEachNodeIsAssignedToAnEp]   Gather (/model/layers.18/self_attn/Gather_10) d95923ea-2a75-4757-a86c-99d425e3974a:92:232
2026-10-04 18:51:33.864999 [V:onnxruntime:, session_state.cc:1385 VerifyEachNodeIsAssignedToAnEp]   Unsqueeze (/model/layers.18/self_attn/Unsqueeze_20) d95923ea-2a75-4757-a86c-99d425e3974a:92:232
2026-10-04 18:51:33.864999 [V:onnxruntime:, session_state.cc:1385 VerifyEachNodeIsAssignedToAnEp]   Unsqueeze (/model/layers.18/self_attn/Unsqueeze_22) d95923ea-2a75-4757-a86c-99d425e3974a:92:232
2026-10-04 18:51:33.864999 [V:onnxruntime:, session_state.cc:1385 VerifyEachNodeIsAssignedToAnEp]   Concat (/model/layers.18/self_attn/Concat_9) d95923ea-2a75-4757-a86c-99d425e3974a:92:232
2026-10-04 18:51:33.864999 [V:onnxruntime:, session_state.cc:1385 VerifyEachNodeIsAssignedToAnEp]   Equal (/model/layers.18/self_attn/Equal_1) d95923ea-2a75-4757-a86c-99d425e3974a:92:232
2026-10-04 18:51:33.866000 [V:onnxruntime:, session_state.cc:1385 VerifyEachNodeIsAssignedToAnEp]   Where (/model/layers.18/self_attn/Where_1) d95923ea-2a75-4757-a86c-99d425e3974a:92:232
2026-10-04 18:51:33.866000 [V:onnxruntime:, session_state.cc:1385 VerifyEachNodeIsAssignedToAnEp]   Gather (/model/layers.18/self_attn/Gather_4) d95923ea-2a75-4757-a86c-99d425e3974a:92:232
2026-10-04 18:51:33.866000 [V:onnxruntime:, session_state.cc:1385 VerifyEachNodeIsAssignedToAnEp]   Gather (/model/layers.18/self_attn/Gather_6) d95923ea-2a75-4757-a86c-99d425e3974a:92:232
2026-10-04 18:51:33.866000 [V:onnxruntime:, session_state.cc:1385 VerifyEachNodeIsAssignedToAnEp]   Unsqueeze (/model/layers.18/self_attn/Unsqueeze_11) d95923ea-2a75-4757-a86c-99d425e3974a:92:232
2026-10-04 18:51:33.866000 [V:onnxruntime:, session_state.cc:1385 VerifyEachNodeIsAssignedToAnEp]   Unsqueeze (/model/layers.18/self_attn/Unsqueeze_13) d95923ea-2a75-4757-a86c-99d425e3974a:92:232
2026-10-04 18:51:33.866000 [V:onnxruntime:, session_state.cc:1385 VerifyEachNodeIsAssignedToAnEp]   Concat (/model/layers.18/self_attn/Concat_7) d95923ea-2a75-4757-a86c-99d425e3974a:92:232
2026-10-04 18:51:33.867000 [V:onnxruntime:, session_state.cc:1385 VerifyEachNodeIsAssignedToAnEp]   Equal (/model/layers.18/self_attn/Equal) d95923ea-2a75-4757-a86c-99d425e3974a:92:232
2026-10-04 18:51:33.867000 [V:onnxruntime:, session_state.cc:1385 VerifyEachNodeIsAssignedToAnEp]   Where (/model/layers.18/self_attn/Where) d95923ea-2a75-4757-a86c-99d425e3974a:92:232
2026-10-04 18:51:33.867000 [V:onnxruntime:, session_state.cc:1385 VerifyEachNodeIsAssignedToAnEp]   Gather (/model/layers.18/self_attn/Gather_12) d95923ea-2a75-4757-a86c-99d425e3974a:92:232
2026-10-04 18:51:33.867000 [V:onnxruntime:, session_state.cc:1385 VerifyEachNodeIsAssignedToAnEp]   Unsqueeze (/model/layers.18/self_attn/Unsqueeze_28) d95923ea-2a75-4757-a86c-99d425e3974a:92:232
2026-10-04 18:51:33.867000 [V:onnxruntime:, session_state.cc:1385 VerifyEachNodeIsAssignedToAnEp]   Gather (/model/layers.19/self_attn/Gather) d95923ea-2a75-4757-a86c-99d425e3974a:92:232
2026-10-04 18:51:33.867000 [V:onnxruntime:, session_state.cc:1385 VerifyEachNodeIsAssignedToAnEp]   Gather (/model/layers.19/self_attn/Gather_1) d95923ea-2a75-4757-a86c-99d425e3974a:92:232
2026-10-04 18:51:33.867000 [V:onnxruntime:, session_state.cc:1385 VerifyEachNodeIsAssignedToAnEp]   Unsqueeze (/model/layers.19/self_attn/Unsqueeze) d95923ea-2a75-4757-a86c-99d425e3974a:92:232
2026-10-04 18:51:33.867999 [V:onnxruntime:, session_state.cc:1385 VerifyEachNodeIsAssignedToAnEp]   Unsqueeze (/model/layers.19/self_attn/Unsqueeze_1) d95923ea-2a75-4757-a86c-99d425e3974a:92:232
2026-10-04 18:51:33.867999 [V:onnxruntime:, session_state.cc:1385 VerifyEachNodeIsAssignedToAnEp]   Concat (/model/layers.19/self_attn/Concat) d95923ea-2a75-4757-a86c-99d425e3974a:92:232
2026-10-04 18:51:33.867999 [V:onnxruntime:, session_state.cc:1385 VerifyEachNodeIsAssignedToAnEp]   Gather (/model/layers.19/self_attn/Gather_8) d95923ea-2a75-4757-a86c-99d425e3974a:92:232
2026-10-04 18:51:33.867999 [V:onnxruntime:, session_state.cc:1385 VerifyEachNodeIsAssignedToAnEp]   Gather (/model/layers.19/self_attn/Gather_10) d95923ea-2a75-4757-a86c-99d425e3974a:92:232
2026-10-04 18:51:33.867999 [V:onnxruntime:, session_state.cc:1385 VerifyEachNodeIsAssignedToAnEp]   Unsqueeze (/model/layers.19/self_attn/Unsqueeze_20) d95923ea-2a75-4757-a86c-99d425e3974a:92:232
2026-10-04 18:51:33.867999 [V:onnxruntime:, session_state.cc:1385 VerifyEachNodeIsAssignedToAnEp]   Unsqueeze (/model/layers.19/self_attn/Unsqueeze_22) d95923ea-2a75-4757-a86c-99d425e3974a:92:232
2026-10-04 18:51:33.867999 [V:onnxruntime:, session_state.cc:1385 VerifyEachNodeIsAssignedToAnEp]   Concat (/model/layers.19/self_attn/Concat_9) d95923ea-2a75-4757-a86c-99d425e3974a:92:232
2026-10-04 18:51:33.869000 [V:onnxruntime:, session_state.cc:1385 VerifyEachNodeIsAssignedToAnEp]   Equal (/model/layers.19/self_attn/Equal_1) d95923ea-2a75-4757-a86c-99d425e3974a:92:232
2026-10-04 18:51:33.869000 [V:onnxruntime:, session_state.cc:1385 VerifyEachNodeIsAssignedToAnEp]   Where (/model/layers.19/self_attn/Where_1) d95923ea-2a75-4757-a86c-99d425e3974a:92:232
2026-10-04 18:51:33.869000 [V:onnxruntime:, session_state.cc:1385 VerifyEachNodeIsAssignedToAnEp]   Gather (/model/layers.19/self_attn/Gather_4) d95923ea-2a75-4757-a86c-99d425e3974a:92:232
2026-10-04 18:51:33.869000 [V:onnxruntime:, session_state.cc:1385 VerifyEachNodeIsAssignedToAnEp]   Gather (/model/layers.19/self_attn/Gather_6) d95923ea-2a75-4757-a86c-99d425e3974a:92:232
2026-10-04 18:51:33.869000 [V:onnxruntime:, session_state.cc:1385 VerifyEachNodeIsAssignedToAnEp]   Unsqueeze (/model/layers.19/self_attn/Unsqueeze_11) d95923ea-2a75-4757-a86c-99d425e3974a:92:232
2026-10-04 18:51:33.869000 [V:onnxruntime:, session_state.cc:1385 VerifyEachNodeIsAssignedToAnEp]   Unsqueeze (/model/layers.19/self_attn/Unsqueeze_13) d95923ea-2a75-4757-a86c-99d425e3974a:92:232
2026-10-04 18:51:33.870000 [V:onnxruntime:, session_state.cc:1385 VerifyEachNodeIsAssignedToAnEp]   Concat (/model/layers.19/self_attn/Concat_7) d95923ea-2a75-4757-a86c-99d425e3974a:92:232
2026-10-04 18:51:33.870000 [V:onnxruntime:, session_state.cc:1385 VerifyEachNodeIsAssignedToAnEp]   Equal (/model/layers.19/self_attn/Equal) d95923ea-2a75-4757-a86c-99d425e3974a:92:232
2026-10-04 18:51:33.870000 [V:onnxruntime:, session_state.cc:1385 VerifyEachNodeIsAssignedToAnEp]   Where (/model/layers.19/self_attn/Where) d95923ea-2a75-4757-a86c-99d425e3974a:92:232
2026-10-04 18:51:33.870000 [V:onnxruntime:, session_state.cc:1385 VerifyEachNodeIsAssignedToAnEp]   Gather (/model/layers.19/self_attn/Gather_12) d95923ea-2a75-4757-a86c-99d425e3974a:92:232
2026-10-04 18:51:33.870000 [V:onnxruntime:, session_state.cc:1385 VerifyEachNodeIsAssignedToAnEp]   Unsqueeze (/model/layers.19/self_attn/Unsqueeze_28) d95923ea-2a75-4757-a86c-99d425e3974a:92:232
2026-10-04 18:51:33.870000 [V:onnxruntime:, session_state.cc:1385 VerifyEachNodeIsAssignedToAnEp]   Gather (/model/layers.20/self_attn/Gather) d95923ea-2a75-4757-a86c-99d425e3974a:92:232
2026-10-04 18:51:33.870000 [V:onnxruntime:, session_state.cc:1385 VerifyEachNodeIsAssignedToAnEp]   Gather (/model/layers.20/self_attn/Gather_1) d95923ea-2a75-4757-a86c-99d425e3974a:92:232
2026-10-04 18:51:33.870000 [V:onnxruntime:, session_state.cc:1385 VerifyEachNodeIsAssignedToAnEp]   Unsqueeze (/model/layers.20/self_attn/Unsqueeze) d95923ea-2a75-4757-a86c-99d425e3974a:92:232
2026-10-04 18:51:33.871000 [V:onnxruntime:, session_state.cc:1385 VerifyEachNodeIsAssignedToAnEp]   Unsqueeze (/model/layers.20/self_attn/Unsqueeze_1) d95923ea-2a75-4757-a86c-99d425e3974a:92:232
2026-10-04 18:51:33.871000 [V:onnxruntime:, session_state.cc:1385 VerifyEachNodeIsAssignedToAnEp]   Concat (/model/layers.20/self_attn/Concat) d95923ea-2a75-4757-a86c-99d425e3974a:92:232
2026-10-04 18:51:33.871000 [V:onnxruntime:, session_state.cc:1385 VerifyEachNodeIsAssignedToAnEp]   Gather (/model/layers.20/self_attn/Gather_8) d95923ea-2a75-4757-a86c-99d425e3974a:92:232
2026-10-04 18:51:33.871000 [V:onnxruntime:, session_state.cc:1385 VerifyEachNodeIsAssignedToAnEp]   Gather (/model/layers.20/self_attn/Gather_10) d95923ea-2a75-4757-a86c-99d425e3974a:92:232
2026-10-04 18:51:33.871000 [V:onnxruntime:, session_state.cc:1385 VerifyEachNodeIsAssignedToAnEp]   Unsqueeze (/model/layers.20/self_attn/Unsqueeze_20) d95923ea-2a75-4757-a86c-99d425e3974a:92:232
2026-10-04 18:51:33.871000 [V:onnxruntime:, session_state.cc:1385 VerifyEachNodeIsAssignedToAnEp]   Unsqueeze (/model/layers.20/self_attn/Unsqueeze_22) d95923ea-2a75-4757-a86c-99d425e3974a:92:232
2026-10-04 18:51:33.871999 [V:onnxruntime:, session_state.cc:1385 VerifyEachNodeIsAssignedToAnEp]   Concat (/model/layers.20/self_attn/Concat_9) d95923ea-2a75-4757-a86c-99d425e3974a:92:232
2026-10-04 18:51:33.871999 [V:onnxruntime:, session_state.cc:1385 VerifyEachNodeIsAssignedToAnEp]   Equal (/model/layers.20/self_attn/Equal_1) d95923ea-2a75-4757-a86c-99d425e3974a:92:232
2026-10-04 18:51:33.871999 [V:onnxruntime:, session_state.cc:1385 VerifyEachNodeIsAssignedToAnEp]   Where (/model/layers.20/self_attn/Where_1) d95923ea-2a75-4757-a86c-99d425e3974a:92:232
2026-10-04 18:51:33.871999 [V:onnxruntime:, session_state.cc:1385 VerifyEachNodeIsAssignedToAnEp]   Gather (/model/layers.20/self_attn/Gather_4) d95923ea-2a75-4757-a86c-99d425e3974a:92:232
2026-10-04 18:51:33.871999 [V:onnxruntime:, session_state.cc:1385 VerifyEachNodeIsAssignedToAnEp]   Gather (/model/layers.20/self_attn/Gather_6) d95923ea-2a75-4757-a86c-99d425e3974a:92:232
2026-10-04 18:51:33.871999 [V:onnxruntime:, session_state.cc:1385 VerifyEachNodeIsAssignedToAnEp]   Unsqueeze (/model/layers.20/self_attn/Unsqueeze_11) d95923ea-2a75-4757-a86c-99d425e3974a:92:232
2026-10-04 18:51:33.871999 [V:onnxruntime:, session_state.cc:1385 VerifyEachNodeIsAssignedToAnEp]   Unsqueeze (/model/layers.20/self_attn/Unsqueeze_13) d95923ea-2a75-4757-a86c-99d425e3974a:92:232
2026-10-04 18:51:33.872999 [V:onnxruntime:, session_state.cc:1385 VerifyEachNodeIsAssignedToAnEp]   Concat (/model/layers.20/self_attn/Concat_7) d95923ea-2a75-4757-a86c-99d425e3974a:92:232
2026-10-04 18:51:33.872999 [V:onnxruntime:, session_state.cc:1385 VerifyEachNodeIsAssignedToAnEp]   Equal (/model/layers.20/self_attn/Equal) d95923ea-2a75-4757-a86c-99d425e3974a:92:232
2026-10-04 18:51:33.872999 [V:onnxruntime:, session_state.cc:1385 VerifyEachNodeIsAssignedToAnEp]   Where (/model/layers.20/self_attn/Where) d95923ea-2a75-4757-a86c-99d425e3974a:92:232
2026-10-04 18:51:33.872999 [V:onnxruntime:, session_state.cc:1385 VerifyEachNodeIsAssignedToAnEp]   Gather (/model/layers.20/self_attn/Gather_12) d95923ea-2a75-4757-a86c-99d425e3974a:92:232
2026-10-04 18:51:33.872999 [V:onnxruntime:, session_state.cc:1385 VerifyEachNodeIsAssignedToAnEp]   Unsqueeze (/model/layers.20/self_attn/Unsqueeze_28) d95923ea-2a75-4757-a86c-99d425e3974a:92:232
2026-10-04 18:51:33.872999 [V:onnxruntime:, session_state.cc:1385 VerifyEachNodeIsAssignedToAnEp]   Gather (/model/layers.21/self_attn/Gather) d95923ea-2a75-4757-a86c-99d425e3974a:92:232
2026-10-04 18:51:33.872999 [V:onnxruntime:, session_state.cc:1385 VerifyEachNodeIsAssignedToAnEp]   Gather (/model/layers.21/self_attn/Gather_1) d95923ea-2a75-4757-a86c-99d425e3974a:92:232
2026-10-04 18:51:33.874000 [V:onnxruntime:, session_state.cc:1385 VerifyEachNodeIsAssignedToAnEp]   Unsqueeze (/model/layers.21/self_attn/Unsqueeze) d95923ea-2a75-4757-a86c-99d425e3974a:92:232
2026-10-04 18:51:33.874000 [V:onnxruntime:, session_state.cc:1385 VerifyEachNodeIsAssignedToAnEp]   Unsqueeze (/model/layers.21/self_attn/Unsqueeze_1) d95923ea-2a75-4757-a86c-99d425e3974a:92:232
2026-10-04 18:51:33.874000 [V:onnxruntime:, session_state.cc:1385 VerifyEachNodeIsAssignedToAnEp]   Concat (/model/layers.21/self_attn/Concat) d95923ea-2a75-4757-a86c-99d425e3974a:92:232
2026-10-04 18:51:33.874000 [V:onnxruntime:, session_state.cc:1385 VerifyEachNodeIsAssignedToAnEp]   Gather (/model/layers.21/self_attn/Gather_8) d95923ea-2a75-4757-a86c-99d425e3974a:92:232
2026-10-04 18:51:33.874000 [V:onnxruntime:, session_state.cc:1385 VerifyEachNodeIsAssignedToAnEp]   Gather (/model/layers.21/self_attn/Gather_10) d95923ea-2a75-4757-a86c-99d425e3974a:92:232
2026-10-04 18:51:33.874000 [V:onnxruntime:, session_state.cc:1385 VerifyEachNodeIsAssignedToAnEp]   Unsqueeze (/model/layers.21/self_attn/Unsqueeze_20) d95923ea-2a75-4757-a86c-99d425e3974a:92:232
2026-10-04 18:51:33.875000 [V:onnxruntime:, session_state.cc:1385 VerifyEachNodeIsAssignedToAnEp]   Unsqueeze (/model/layers.21/self_attn/Unsqueeze_22) d95923ea-2a75-4757-a86c-99d425e3974a:92:232
2026-10-04 18:51:33.875000 [V:onnxruntime:, session_state.cc:1385 VerifyEachNodeIsAssignedToAnEp]   Concat (/model/layers.21/self_attn/Concat_9) d95923ea-2a75-4757-a86c-99d425e3974a:92:232
2026-10-04 18:51:33.875000 [V:onnxruntime:, session_state.cc:1385 VerifyEachNodeIsAssignedToAnEp]   Equal (/model/layers.21/self_attn/Equal_1) d95923ea-2a75-4757-a86c-99d425e3974a:92:232
2026-10-04 18:51:33.875000 [V:onnxruntime:, session_state.cc:1385 VerifyEachNodeIsAssignedToAnEp]   Where (/model/layers.21/self_attn/Where_1) d95923ea-2a75-4757-a86c-99d425e3974a:92:232
2026-10-04 18:51:33.875000 [V:onnxruntime:, session_state.cc:1385 VerifyEachNodeIsAssignedToAnEp]   Gather (/model/layers.21/self_attn/Gather_4) d95923ea-2a75-4757-a86c-99d425e3974a:92:232
2026-10-04 18:51:33.875000 [V:onnxruntime:, session_state.cc:1385 VerifyEachNodeIsAssignedToAnEp]   Gather (/model/layers.21/self_attn/Gather_6) d95923ea-2a75-4757-a86c-99d425e3974a:92:232
2026-10-04 18:51:33.875999 [V:onnxruntime:, session_state.cc:1385 VerifyEachNodeIsAssignedToAnEp]   Unsqueeze (/model/layers.21/self_attn/Unsqueeze_11) d95923ea-2a75-4757-a86c-99d425e3974a:92:232
2026-10-04 18:51:33.875999 [V:onnxruntime:, session_state.cc:1385 VerifyEachNodeIsAssignedToAnEp]   Unsqueeze (/model/layers.21/self_attn/Unsqueeze_13) d95923ea-2a75-4757-a86c-99d425e3974a:92:232
2026-10-04 18:51:33.875999 [V:onnxruntime:, session_state.cc:1385 VerifyEachNodeIsAssignedToAnEp]   Concat (/model/layers.21/self_attn/Concat_7) d95923ea-2a75-4757-a86c-99d425e3974a:92:232
2026-10-04 18:51:33.875999 [V:onnxruntime:, session_state.cc:1385 VerifyEachNodeIsAssignedToAnEp]   Equal (/model/layers.21/self_attn/Equal) d95923ea-2a75-4757-a86c-99d425e3974a:92:232
2026-10-04 18:51:33.875999 [V:onnxruntime:, session_state.cc:1385 VerifyEachNodeIsAssignedToAnEp]   Where (/model/layers.21/self_attn/Where) d95923ea-2a75-4757-a86c-99d425e3974a:92:232
2026-10-04 18:51:33.875999 [V:onnxruntime:, session_state.cc:1385 VerifyEachNodeIsAssignedToAnEp]   Gather (/model/layers.21/self_attn/Gather_12) d95923ea-2a75-4757-a86c-99d425e3974a:92:232
2026-10-04 18:51:33.875999 [V:onnxruntime:, session_state.cc:1385 VerifyEachNodeIsAssignedToAnEp]   Unsqueeze (/model/layers.21/self_attn/Unsqueeze_28) d95923ea-2a75-4757-a86c-99d425e3974a:92:232
2026-10-04 18:51:33.877000 [V:onnxruntime:, session_state.cc:1385 VerifyEachNodeIsAssignedToAnEp]   Gather (/model/layers.22/self_attn/Gather) d95923ea-2a75-4757-a86c-99d425e3974a:92:232
2026-10-04 18:51:33.877000 [V:onnxruntime:, session_state.cc:1385 VerifyEachNodeIsAssignedToAnEp]   Gather (/model/layers.22/self_attn/Gather_1) d95923ea-2a75-4757-a86c-99d425e3974a:92:232
2026-10-04 18:51:33.877000 [V:onnxruntime:, session_state.cc:1385 VerifyEachNodeIsAssignedToAnEp]   Unsqueeze (/model/layers.22/self_attn/Unsqueeze) d95923ea-2a75-4757-a86c-99d425e3974a:92:232
2026-10-04 18:51:33.877000 [V:onnxruntime:, session_state.cc:1385 VerifyEachNodeIsAssignedToAnEp]   Unsqueeze (/model/layers.22/self_attn/Unsqueeze_1) d95923ea-2a75-4757-a86c-99d425e3974a:92:232
2026-10-04 18:51:33.877000 [V:onnxruntime:, session_state.cc:1385 VerifyEachNodeIsAssignedToAnEp]   Concat (/model/layers.22/self_attn/Concat) d95923ea-2a75-4757-a86c-99d425e3974a:92:232
2026-10-04 18:51:33.877000 [V:onnxruntime:, session_state.cc:1385 VerifyEachNodeIsAssignedToAnEp]   Gather (/model/layers.22/self_attn/Gather_8) d95923ea-2a75-4757-a86c-99d425e3974a:92:232
2026-10-04 18:51:33.877000 [V:onnxruntime:, session_state.cc:1385 VerifyEachNodeIsAssignedToAnEp]   Gather (/model/layers.22/self_attn/Gather_10) d95923ea-2a75-4757-a86c-99d425e3974a:92:232
2026-10-04 18:51:33.877000 [V:onnxruntime:, session_state.cc:1385 VerifyEachNodeIsAssignedToAnEp]   Unsqueeze (/model/layers.22/self_attn/Unsqueeze_20) d95923ea-2a75-4757-a86c-99d425e3974a:92:232
2026-10-04 18:51:33.878000 [V:onnxruntime:, session_state.cc:1385 VerifyEachNodeIsAssignedToAnEp]   Unsqueeze (/model/layers.22/self_attn/Unsqueeze_22) d95923ea-2a75-4757-a86c-99d425e3974a:92:232
2026-10-04 18:51:33.878000 [V:onnxruntime:, session_state.cc:1385 VerifyEachNodeIsAssignedToAnEp]   Concat (/model/layers.22/self_attn/Concat_9) d95923ea-2a75-4757-a86c-99d425e3974a:92:232
2026-10-04 18:51:33.878000 [V:onnxruntime:, session_state.cc:1385 VerifyEachNodeIsAssignedToAnEp]   Equal (/model/layers.22/self_attn/Equal_1) d95923ea-2a75-4757-a86c-99d425e3974a:92:232
2026-10-04 18:51:33.879000 [V:onnxruntime:, session_state.cc:1385 VerifyEachNodeIsAssignedToAnEp]   Where (/model/layers.22/self_attn/Where_1) d95923ea-2a75-4757-a86c-99d425e3974a:92:232
2026-10-04 18:51:33.879000 [V:onnxruntime:, session_state.cc:1385 VerifyEachNodeIsAssignedToAnEp]   Gather (/model/layers.22/self_attn/Gather_4) d95923ea-2a75-4757-a86c-99d425e3974a:92:232
2026-10-04 18:51:33.879000 [V:onnxruntime:, session_state.cc:1385 VerifyEachNodeIsAssignedToAnEp]   Gather (/model/layers.22/self_attn/Gather_6) d95923ea-2a75-4757-a86c-99d425e3974a:92:232
2026-10-04 18:51:33.879000 [V:onnxruntime:, session_state.cc:1385 VerifyEachNodeIsAssignedToAnEp]   Unsqueeze (/model/layers.22/self_attn/Unsqueeze_11) d95923ea-2a75-4757-a86c-99d425e3974a:92:232
2026-10-04 18:51:33.879000 [V:onnxruntime:, session_state.cc:1385 VerifyEachNodeIsAssignedToAnEp]   Unsqueeze (/model/layers.22/self_attn/Unsqueeze_13) d95923ea-2a75-4757-a86c-99d425e3974a:92:232
2026-10-04 18:51:33.879000 [V:onnxruntime:, session_state.cc:1385 VerifyEachNodeIsAssignedToAnEp]   Concat (/model/layers.22/self_attn/Concat_7) d95923ea-2a75-4757-a86c-99d425e3974a:92:232
2026-10-04 18:51:33.879000 [V:onnxruntime:, session_state.cc:1385 VerifyEachNodeIsAssignedToAnEp]   Equal (/model/layers.22/self_attn/Equal) d95923ea-2a75-4757-a86c-99d425e3974a:92:232
2026-10-04 18:51:33.879999 [V:onnxruntime:, session_state.cc:1385 VerifyEachNodeIsAssignedToAnEp]   Where (/model/layers.22/self_attn/Where) d95923ea-2a75-4757-a86c-99d425e3974a:92:232
2026-10-04 18:51:33.879999 [V:onnxruntime:, session_state.cc:1385 VerifyEachNodeIsAssignedToAnEp]   Gather (/model/layers.22/self_attn/Gather_12) d95923ea-2a75-4757-a86c-99d425e3974a:92:232
2026-10-04 18:51:33.879999 [V:onnxruntime:, session_state.cc:1385 VerifyEachNodeIsAssignedToAnEp]   Unsqueeze (/model/layers.22/self_attn/Unsqueeze_28) d95923ea-2a75-4757-a86c-99d425e3974a:92:232
2026-10-04 18:51:33.879999 [V:onnxruntime:, session_state.cc:1385 VerifyEachNodeIsAssignedToAnEp]   Gather (/model/layers.23/self_attn/Gather) d95923ea-2a75-4757-a86c-99d425e3974a:92:232
2026-10-04 18:51:33.879999 [V:onnxruntime:, session_state.cc:1385 VerifyEachNodeIsAssignedToAnEp]   Gather (/model/layers.23/self_attn/Gather_1) d95923ea-2a75-4757-a86c-99d425e3974a:92:232
2026-10-04 18:51:33.883999 [V:onnxruntime:, session_state.cc:1385 VerifyEachNodeIsAssignedToAnEp]   Unsqueeze (/model/layers.23/self_attn/Unsqueeze) d95923ea-2a75-4757-a86c-99d425e3974a:92:232
2026-10-04 18:51:33.883999 [V:onnxruntime:, session_state.cc:1385 VerifyEachNodeIsAssignedToAnEp]   Unsqueeze (/model/layers.23/self_attn/Unsqueeze_1) d95923ea-2a75-4757-a86c-99d425e3974a:92:232
2026-10-04 18:51:33.885000 [V:onnxruntime:, session_state.cc:1385 VerifyEachNodeIsAssignedToAnEp]   Concat (/model/layers.23/self_attn/Concat) d95923ea-2a75-4757-a86c-99d425e3974a:92:232
2026-10-04 18:51:33.885000 [V:onnxruntime:, session_state.cc:1385 VerifyEachNodeIsAssignedToAnEp]   Gather (/model/layers.23/self_attn/Gather_8) d95923ea-2a75-4757-a86c-99d425e3974a:92:232
2026-10-04 18:51:33.885000 [V:onnxruntime:, session_state.cc:1385 VerifyEachNodeIsAssignedToAnEp]   Gather (/model/layers.23/self_attn/Gather_10) d95923ea-2a75-4757-a86c-99d425e3974a:92:232
2026-10-04 18:51:33.887999 [V:onnxruntime:, session_state.cc:1385 VerifyEachNodeIsAssignedToAnEp]   Unsqueeze (/model/layers.23/self_attn/Unsqueeze_20) d95923ea-2a75-4757-a86c-99d425e3974a:92:232
2026-10-04 18:51:33.887999 [V:onnxruntime:, session_state.cc:1385 VerifyEachNodeIsAssignedToAnEp]   Unsqueeze (/model/layers.23/self_attn/Unsqueeze_22) d95923ea-2a75-4757-a86c-99d425e3974a:92:232
2026-10-04 18:51:33.887999 [V:onnxruntime:, session_state.cc:1385 VerifyEachNodeIsAssignedToAnEp]   Concat (/model/layers.23/self_attn/Concat_9) d95923ea-2a75-4757-a86c-99d425e3974a:92:232
2026-10-04 18:51:33.887999 [V:onnxruntime:, session_state.cc:1385 VerifyEachNodeIsAssignedToAnEp]   Equal (/model/layers.23/self_attn/Equal_1) d95923ea-2a75-4757-a86c-99d425e3974a:92:232
2026-10-04 18:51:33.891999 [V:onnxruntime:, session_state.cc:1385 VerifyEachNodeIsAssignedToAnEp]   Where (/model/layers.23/self_attn/Where_1) d95923ea-2a75-4757-a86c-99d425e3974a:92:232
2026-10-04 18:51:33.891999 [V:onnxruntime:, session_state.cc:1385 VerifyEachNodeIsAssignedToAnEp]   Gather (/model/layers.23/self_attn/Gather_4) d95923ea-2a75-4757-a86c-99d425e3974a:92:232
2026-10-04 18:51:33.891999 [V:onnxruntime:, session_state.cc:1385 VerifyEachNodeIsAssignedToAnEp]   Gather (/model/layers.23/self_attn/Gather_6) d95923ea-2a75-4757-a86c-99d425e3974a:92:232
2026-10-04 18:51:33.891999 [V:onnxruntime:, session_state.cc:1385 VerifyEachNodeIsAssignedToAnEp]   Unsqueeze (/model/layers.23/self_attn/Unsqueeze_11) d95923ea-2a75-4757-a86c-99d425e3974a:92:232
2026-10-04 18:51:33.891999 [V:onnxruntime:, session_state.cc:1385 VerifyEachNodeIsAssignedToAnEp]   Unsqueeze (/model/layers.23/self_attn/Unsqueeze_13) d95923ea-2a75-4757-a86c-99d425e3974a:92:232
2026-10-04 18:51:33.891999 [V:onnxruntime:, session_state.cc:1385 VerifyEachNodeIsAssignedToAnEp]   Concat (/model/layers.23/self_attn/Concat_7) d95923ea-2a75-4757-a86c-99d425e3974a:92:232
2026-10-04 18:51:33.891999 [V:onnxruntime:, session_state.cc:1385 VerifyEachNodeIsAssignedToAnEp]   Equal (/model/layers.23/self_attn/Equal) d95923ea-2a75-4757-a86c-99d425e3974a:92:232
2026-10-04 18:51:33.893000 [V:onnxruntime:, session_state.cc:1385 VerifyEachNodeIsAssignedToAnEp]   Where (/model/layers.23/self_attn/Where) d95923ea-2a75-4757-a86c-99d425e3974a:92:232
2026-10-04 18:51:33.893000 [V:onnxruntime:, session_state.cc:1385 VerifyEachNodeIsAssignedToAnEp]   Gather (/model/layers.23/self_attn/Gather_12) d95923ea-2a75-4757-a86c-99d425e3974a:92:232
2026-10-04 18:51:33.893000 [V:onnxruntime:, session_state.cc:1385 VerifyEachNodeIsAssignedToAnEp]   Unsqueeze (/model/layers.23/self_attn/Unsqueeze_28) d95923ea-2a75-4757-a86c-99d425e3974a:92:232
2026-10-04 18:51:33.893000 [V:onnxruntime:, session_state.cc:1385 VerifyEachNodeIsAssignedToAnEp]   Gather (/model/layers.24/self_attn/Gather) d95923ea-2a75-4757-a86c-99d425e3974a:92:232
2026-10-04 18:51:33.893000 [V:onnxruntime:, session_state.cc:1385 VerifyEachNodeIsAssignedToAnEp]   Gather (/model/layers.24/self_attn/Gather_1) d95923ea-2a75-4757-a86c-99d425e3974a:92:232
2026-10-04 18:51:33.893000 [V:onnxruntime:, session_state.cc:1385 VerifyEachNodeIsAssignedToAnEp]   Unsqueeze (/model/layers.24/self_attn/Unsqueeze) d95923ea-2a75-4757-a86c-99d425e3974a:92:232
2026-10-04 18:51:33.893000 [V:onnxruntime:, session_state.cc:1385 VerifyEachNodeIsAssignedToAnEp]   Unsqueeze (/model/layers.24/self_attn/Unsqueeze_1) d95923ea-2a75-4757-a86c-99d425e3974a:92:232
2026-10-04 18:51:33.894000 [V:onnxruntime:, session_state.cc:1385 VerifyEachNodeIsAssignedToAnEp]   Concat (/model/layers.24/self_attn/Concat) d95923ea-2a75-4757-a86c-99d425e3974a:92:232
2026-10-04 18:51:33.894000 [V:onnxruntime:, session_state.cc:1385 VerifyEachNodeIsAssignedToAnEp]   Gather (/model/layers.24/self_attn/Gather_8) d95923ea-2a75-4757-a86c-99d425e3974a:92:232
2026-10-04 18:51:33.894000 [V:onnxruntime:, session_state.cc:1385 VerifyEachNodeIsAssignedToAnEp]   Gather (/model/layers.24/self_attn/Gather_10) d95923ea-2a75-4757-a86c-99d425e3974a:92:232
2026-10-04 18:51:33.894000 [V:onnxruntime:, session_state.cc:1385 VerifyEachNodeIsAssignedToAnEp]   Unsqueeze (/model/layers.24/self_attn/Unsqueeze_20) d95923ea-2a75-4757-a86c-99d425e3974a:92:232
2026-10-04 18:51:33.894000 [V:onnxruntime:, session_state.cc:1385 VerifyEachNodeIsAssignedToAnEp]   Unsqueeze (/model/layers.24/self_attn/Unsqueeze_22) d95923ea-2a75-4757-a86c-99d425e3974a:92:232
2026-10-04 18:51:33.894000 [V:onnxruntime:, session_state.cc:1385 VerifyEachNodeIsAssignedToAnEp]   Concat (/model/layers.24/self_attn/Concat_9) d95923ea-2a75-4757-a86c-99d425e3974a:92:232
2026-10-04 18:51:33.894000 [V:onnxruntime:, session_state.cc:1385 VerifyEachNodeIsAssignedToAnEp]   Equal (/model/layers.24/self_attn/Equal_1) d95923ea-2a75-4757-a86c-99d425e3974a:92:232
2026-10-04 18:51:33.895000 [V:onnxruntime:, session_state.cc:1385 VerifyEachNodeIsAssignedToAnEp]   Where (/model/layers.24/self_attn/Where_1) d95923ea-2a75-4757-a86c-99d425e3974a:92:232
2026-10-04 18:51:33.895000 [V:onnxruntime:, session_state.cc:1385 VerifyEachNodeIsAssignedToAnEp]   Gather (/model/layers.24/self_attn/Gather_4) d95923ea-2a75-4757-a86c-99d425e3974a:92:232
2026-10-04 18:51:33.895000 [V:onnxruntime:, session_state.cc:1385 VerifyEachNodeIsAssignedToAnEp]   Gather (/model/layers.24/self_attn/Gather_6) d95923ea-2a75-4757-a86c-99d425e3974a:92:232
2026-10-04 18:51:33.895000 [V:onnxruntime:, session_state.cc:1385 VerifyEachNodeIsAssignedToAnEp]   Unsqueeze (/model/layers.24/self_attn/Unsqueeze_11) d95923ea-2a75-4757-a86c-99d425e3974a:92:232
2026-10-04 18:51:33.895000 [V:onnxruntime:, session_state.cc:1385 VerifyEachNodeIsAssignedToAnEp]   Unsqueeze (/model/layers.24/self_attn/Unsqueeze_13) d95923ea-2a75-4757-a86c-99d425e3974a:92:232
2026-10-04 18:51:33.895000 [V:onnxruntime:, session_state.cc:1385 VerifyEachNodeIsAssignedToAnEp]   Concat (/model/layers.24/self_attn/Concat_7) d95923ea-2a75-4757-a86c-99d425e3974a:92:232
2026-10-04 18:51:33.895000 [V:onnxruntime:, session_state.cc:1385 VerifyEachNodeIsAssignedToAnEp]   Equal (/model/layers.24/self_attn/Equal) d95923ea-2a75-4757-a86c-99d425e3974a:92:232
2026-10-04 18:51:33.895999 [V:onnxruntime:, session_state.cc:1385 VerifyEachNodeIsAssignedToAnEp]   Where (/model/layers.24/self_attn/Where) d95923ea-2a75-4757-a86c-99d425e3974a:92:232
2026-10-04 18:51:33.895999 [V:onnxruntime:, session_state.cc:1385 VerifyEachNodeIsAssignedToAnEp]   Gather (/model/layers.24/self_attn/Gather_12) d95923ea-2a75-4757-a86c-99d425e3974a:92:232
2026-10-04 18:51:33.895999 [V:onnxruntime:, session_state.cc:1385 VerifyEachNodeIsAssignedToAnEp]   Unsqueeze (/model/layers.24/self_attn/Unsqueeze_28) d95923ea-2a75-4757-a86c-99d425e3974a:92:232
2026-10-04 18:51:33.895999 [V:onnxruntime:, session_state.cc:1385 VerifyEachNodeIsAssignedToAnEp]   Gather (/model/layers.25/self_attn/Gather) d95923ea-2a75-4757-a86c-99d425e3974a:92:232
2026-10-04 18:51:33.895999 [V:onnxruntime:, session_state.cc:1385 VerifyEachNodeIsAssignedToAnEp]   Gather (/model/layers.25/self_attn/Gather_1) d95923ea-2a75-4757-a86c-99d425e3974a:92:232
2026-10-04 18:51:33.895999 [V:onnxruntime:, session_state.cc:1385 VerifyEachNodeIsAssignedToAnEp]   Unsqueeze (/model/layers.25/self_attn/Unsqueeze) d95923ea-2a75-4757-a86c-99d425e3974a:92:232
2026-10-04 18:51:33.895999 [V:onnxruntime:, session_state.cc:1385 VerifyEachNodeIsAssignedToAnEp]   Unsqueeze (/model/layers.25/self_attn/Unsqueeze_1) d95923ea-2a75-4757-a86c-99d425e3974a:92:232
2026-10-04 18:51:33.895999 [V:onnxruntime:, session_state.cc:1385 VerifyEachNodeIsAssignedToAnEp]   Concat (/model/layers.25/self_attn/Concat) d95923ea-2a75-4757-a86c-99d425e3974a:92:232
2026-10-04 18:51:33.896999 [V:onnxruntime:, session_state.cc:1385 VerifyEachNodeIsAssignedToAnEp]   Gather (/model/layers.25/self_attn/Gather_8) d95923ea-2a75-4757-a86c-99d425e3974a:92:232
2026-10-04 18:51:33.896999 [V:onnxruntime:, session_state.cc:1385 VerifyEachNodeIsAssignedToAnEp]   Gather (/model/layers.25/self_attn/Gather_10) d95923ea-2a75-4757-a86c-99d425e3974a:92:232
2026-10-04 18:51:33.896999 [V:onnxruntime:, session_state.cc:1385 VerifyEachNodeIsAssignedToAnEp]   Unsqueeze (/model/layers.25/self_attn/Unsqueeze_20) d95923ea-2a75-4757-a86c-99d425e3974a:92:232
2026-10-04 18:51:33.896999 [V:onnxruntime:, session_state.cc:1385 VerifyEachNodeIsAssignedToAnEp]   Unsqueeze (/model/layers.25/self_attn/Unsqueeze_22) d95923ea-2a75-4757-a86c-99d425e3974a:92:232
2026-10-04 18:51:33.896999 [V:onnxruntime:, session_state.cc:1385 VerifyEachNodeIsAssignedToAnEp]   Concat (/model/layers.25/self_attn/Concat_9) d95923ea-2a75-4757-a86c-99d425e3974a:92:232
2026-10-04 18:51:33.896999 [V:onnxruntime:, session_state.cc:1385 VerifyEachNodeIsAssignedToAnEp]   Equal (/model/layers.25/self_attn/Equal_1) d95923ea-2a75-4757-a86c-99d425e3974a:92:232
2026-10-04 18:51:33.896999 [V:onnxruntime:, session_state.cc:1385 VerifyEachNodeIsAssignedToAnEp]   Where (/model/layers.25/self_attn/Where_1) d95923ea-2a75-4757-a86c-99d425e3974a:92:232
2026-10-04 18:51:33.896999 [V:onnxruntime:, session_state.cc:1385 VerifyEachNodeIsAssignedToAnEp]   Gather (/model/layers.25/self_attn/Gather_4) d95923ea-2a75-4757-a86c-99d425e3974a:92:232
2026-10-04 18:51:33.898000 [V:onnxruntime:, session_state.cc:1385 VerifyEachNodeIsAssignedToAnEp]   Gather (/model/layers.25/self_attn/Gather_6) d95923ea-2a75-4757-a86c-99d425e3974a:92:232
2026-10-04 18:51:33.898000 [V:onnxruntime:, session_state.cc:1385 VerifyEachNodeIsAssignedToAnEp]   Unsqueeze (/model/layers.25/self_attn/Unsqueeze_11) d95923ea-2a75-4757-a86c-99d425e3974a:92:232
2026-10-04 18:51:33.898000 [V:onnxruntime:, session_state.cc:1385 VerifyEachNodeIsAssignedToAnEp]   Unsqueeze (/model/layers.25/self_attn/Unsqueeze_13) d95923ea-2a75-4757-a86c-99d425e3974a:92:232
2026-10-04 18:51:33.898000 [V:onnxruntime:, session_state.cc:1385 VerifyEachNodeIsAssignedToAnEp]   Concat (/model/layers.25/self_attn/Concat_7) d95923ea-2a75-4757-a86c-99d425e3974a:92:232
2026-10-04 18:51:33.898000 [V:onnxruntime:, session_state.cc:1385 VerifyEachNodeIsAssignedToAnEp]   Equal (/model/layers.25/self_attn/Equal) d95923ea-2a75-4757-a86c-99d425e3974a:92:232
2026-10-04 18:51:33.898000 [V:onnxruntime:, session_state.cc:1385 VerifyEachNodeIsAssignedToAnEp]   Where (/model/layers.25/self_attn/Where) d95923ea-2a75-4757-a86c-99d425e3974a:92:232
2026-10-04 18:51:33.899000 [V:onnxruntime:, session_state.cc:1385 VerifyEachNodeIsAssignedToAnEp]   Gather (/model/layers.25/self_attn/Gather_12) d95923ea-2a75-4757-a86c-99d425e3974a:92:232
2026-10-04 18:51:33.899000 [V:onnxruntime:, session_state.cc:1385 VerifyEachNodeIsAssignedToAnEp]   Unsqueeze (/model/layers.25/self_attn/Unsqueeze_28) d95923ea-2a75-4757-a86c-99d425e3974a:92:232
2026-10-04 18:51:33.899000 [V:onnxruntime:, session_state.cc:1385 VerifyEachNodeIsAssignedToAnEp]   Gather (/model/layers.26/self_attn/Gather) d95923ea-2a75-4757-a86c-99d425e3974a:92:232
2026-10-04 18:51:33.899000 [V:onnxruntime:, session_state.cc:1385 VerifyEachNodeIsAssignedToAnEp]   Gather (/model/layers.26/self_attn/Gather_1) d95923ea-2a75-4757-a86c-99d425e3974a:92:232
2026-10-04 18:51:33.899000 [V:onnxruntime:, session_state.cc:1385 VerifyEachNodeIsAssignedToAnEp]   Unsqueeze (/model/layers.26/self_attn/Unsqueeze) d95923ea-2a75-4757-a86c-99d425e3974a:92:232
2026-10-04 18:51:33.899000 [V:onnxruntime:, session_state.cc:1385 VerifyEachNodeIsAssignedToAnEp]   Unsqueeze (/model/layers.26/self_attn/Unsqueeze_1) d95923ea-2a75-4757-a86c-99d425e3974a:92:232
2026-10-04 18:51:33.899000 [V:onnxruntime:, session_state.cc:1385 VerifyEachNodeIsAssignedToAnEp]   Concat (/model/layers.26/self_attn/Concat) d95923ea-2a75-4757-a86c-99d425e3974a:92:232
2026-10-04 18:51:33.899000 [V:onnxruntime:, session_state.cc:1385 VerifyEachNodeIsAssignedToAnEp]   Gather (/model/layers.26/self_attn/Gather_8) d95923ea-2a75-4757-a86c-99d425e3974a:92:232
2026-10-04 18:51:33.899999 [V:onnxruntime:, session_state.cc:1385 VerifyEachNodeIsAssignedToAnEp]   Gather (/model/layers.26/self_attn/Gather_10) d95923ea-2a75-4757-a86c-99d425e3974a:92:232
2026-10-04 18:51:33.899999 [V:onnxruntime:, session_state.cc:1385 VerifyEachNodeIsAssignedToAnEp]   Unsqueeze (/model/layers.26/self_attn/Unsqueeze_20) d95923ea-2a75-4757-a86c-99d425e3974a:92:232
2026-10-04 18:51:33.899999 [V:onnxruntime:, session_state.cc:1385 VerifyEachNodeIsAssignedToAnEp]   Unsqueeze (/model/layers.26/self_attn/Unsqueeze_22) d95923ea-2a75-4757-a86c-99d425e3974a:92:232
2026-10-04 18:51:33.899999 [V:onnxruntime:, session_state.cc:1385 VerifyEachNodeIsAssignedToAnEp]   Concat (/model/layers.26/self_attn/Concat_9) d95923ea-2a75-4757-a86c-99d425e3974a:92:232
2026-10-04 18:51:33.899999 [V:onnxruntime:, session_state.cc:1385 VerifyEachNodeIsAssignedToAnEp]   Equal (/model/layers.26/self_attn/Equal_1) d95923ea-2a75-4757-a86c-99d425e3974a:92:232
2026-10-04 18:51:33.899999 [V:onnxruntime:, session_state.cc:1385 VerifyEachNodeIsAssignedToAnEp]   Where (/model/layers.26/self_attn/Where_1) d95923ea-2a75-4757-a86c-99d425e3974a:92:232
2026-10-04 18:51:33.899999 [V:onnxruntime:, session_state.cc:1385 VerifyEachNodeIsAssignedToAnEp]   Gather (/model/layers.26/self_attn/Gather_4) d95923ea-2a75-4757-a86c-99d425e3974a:92:232
2026-10-04 18:51:33.899999 [V:onnxruntime:, session_state.cc:1385 VerifyEachNodeIsAssignedToAnEp]   Gather (/model/layers.26/self_attn/Gather_6) d95923ea-2a75-4757-a86c-99d425e3974a:92:232
2026-10-04 18:51:33.901000 [V:onnxruntime:, session_state.cc:1385 VerifyEachNodeIsAssignedToAnEp]   Unsqueeze (/model/layers.26/self_attn/Unsqueeze_11) d95923ea-2a75-4757-a86c-99d425e3974a:92:232
2026-10-04 18:51:33.901000 [V:onnxruntime:, session_state.cc:1385 VerifyEachNodeIsAssignedToAnEp]   Unsqueeze (/model/layers.26/self_attn/Unsqueeze_13) d95923ea-2a75-4757-a86c-99d425e3974a:92:232
2026-10-04 18:51:33.901000 [V:onnxruntime:, session_state.cc:1385 VerifyEachNodeIsAssignedToAnEp]   Concat (/model/layers.26/self_attn/Concat_7) d95923ea-2a75-4757-a86c-99d425e3974a:92:232
2026-10-04 18:51:33.901000 [V:onnxruntime:, session_state.cc:1385 VerifyEachNodeIsAssignedToAnEp]   Equal (/model/layers.26/self_attn/Equal) d95923ea-2a75-4757-a86c-99d425e3974a:92:232
2026-10-04 18:51:33.901000 [V:onnxruntime:, session_state.cc:1385 VerifyEachNodeIsAssignedToAnEp]   Where (/model/layers.26/self_attn/Where) d95923ea-2a75-4757-a86c-99d425e3974a:92:232
2026-10-04 18:51:33.901000 [V:onnxruntime:, session_state.cc:1385 VerifyEachNodeIsAssignedToAnEp]   Gather (/model/layers.26/self_attn/Gather_12) d95923ea-2a75-4757-a86c-99d425e3974a:92:232
2026-10-04 18:51:33.901000 [V:onnxruntime:, session_state.cc:1385 VerifyEachNodeIsAssignedToAnEp]   Unsqueeze (/model/layers.26/self_attn/Unsqueeze_28) d95923ea-2a75-4757-a86c-99d425e3974a:92:232
2026-10-04 18:51:33.902000 [V:onnxruntime:, session_state.cc:1385 VerifyEachNodeIsAssignedToAnEp]   Gather (/model/layers.27/self_attn/Gather) d95923ea-2a75-4757-a86c-99d425e3974a:92:232
2026-10-04 18:51:33.902000 [V:onnxruntime:, session_state.cc:1385 VerifyEachNodeIsAssignedToAnEp]   Gather (/model/layers.27/self_attn/Gather_1) d95923ea-2a75-4757-a86c-99d425e3974a:92:232
2026-10-04 18:51:33.902000 [V:onnxruntime:, session_state.cc:1385 VerifyEachNodeIsAssignedToAnEp]   Unsqueeze (/model/layers.27/self_attn/Unsqueeze) d95923ea-2a75-4757-a86c-99d425e3974a:92:232
2026-10-04 18:51:33.902000 [V:onnxruntime:, session_state.cc:1385 VerifyEachNodeIsAssignedToAnEp]   Unsqueeze (/model/layers.27/self_attn/Unsqueeze_1) d95923ea-2a75-4757-a86c-99d425e3974a:92:232
2026-10-04 18:51:33.902000 [V:onnxruntime:, session_state.cc:1385 VerifyEachNodeIsAssignedToAnEp]   Concat (/model/layers.27/self_attn/Concat) d95923ea-2a75-4757-a86c-99d425e3974a:92:232
2026-10-04 18:51:33.902000 [V:onnxruntime:, session_state.cc:1385 VerifyEachNodeIsAssignedToAnEp]   Gather (/model/layers.27/self_attn/Gather_8) d95923ea-2a75-4757-a86c-99d425e3974a:92:232
2026-10-04 18:51:33.902000 [V:onnxruntime:, session_state.cc:1385 VerifyEachNodeIsAssignedToAnEp]   Gather (/model/layers.27/self_attn/Gather_10) d95923ea-2a75-4757-a86c-99d425e3974a:92:232
2026-10-04 18:51:33.902000 [V:onnxruntime:, session_state.cc:1385 VerifyEachNodeIsAssignedToAnEp]   Unsqueeze (/model/layers.27/self_attn/Unsqueeze_20) d95923ea-2a75-4757-a86c-99d425e3974a:92:232
2026-10-04 18:51:33.902000 [V:onnxruntime:, session_state.cc:1385 VerifyEachNodeIsAssignedToAnEp]   Unsqueeze (/model/layers.27/self_attn/Unsqueeze_22) d95923ea-2a75-4757-a86c-99d425e3974a:92:232
2026-10-04 18:51:33.903000 [V:onnxruntime:, session_state.cc:1385 VerifyEachNodeIsAssignedToAnEp]   Concat (/model/layers.27/self_attn/Concat_9) d95923ea-2a75-4757-a86c-99d425e3974a:92:232
2026-10-04 18:51:33.903000 [V:onnxruntime:, session_state.cc:1385 VerifyEachNodeIsAssignedToAnEp]   Equal (/model/layers.27/self_attn/Equal_1) d95923ea-2a75-4757-a86c-99d425e3974a:92:232
2026-10-04 18:51:33.903000 [V:onnxruntime:, session_state.cc:1385 VerifyEachNodeIsAssignedToAnEp]   Where (/model/layers.27/self_attn/Where_1) d95923ea-2a75-4757-a86c-99d425e3974a:92:232
2026-10-04 18:51:33.903000 [V:onnxruntime:, session_state.cc:1385 VerifyEachNodeIsAssignedToAnEp]   Gather (/model/layers.27/self_attn/Gather_4) d95923ea-2a75-4757-a86c-99d425e3974a:92:232
2026-10-04 18:51:33.903000 [V:onnxruntime:, session_state.cc:1385 VerifyEachNodeIsAssignedToAnEp]   Gather (/model/layers.27/self_attn/Gather_6) d95923ea-2a75-4757-a86c-99d425e3974a:92:232
2026-10-04 18:51:33.903000 [V:onnxruntime:, session_state.cc:1385 VerifyEachNodeIsAssignedToAnEp]   Unsqueeze (/model/layers.27/self_attn/Unsqueeze_11) d95923ea-2a75-4757-a86c-99d425e3974a:92:232
2026-10-04 18:51:33.903000 [V:onnxruntime:, session_state.cc:1385 VerifyEachNodeIsAssignedToAnEp]   Unsqueeze (/model/layers.27/self_attn/Unsqueeze_13) d95923ea-2a75-4757-a86c-99d425e3974a:92:232
2026-10-04 18:51:33.904999 [V:onnxruntime:, session_state.cc:1385 VerifyEachNodeIsAssignedToAnEp]   Concat (/model/layers.27/self_attn/Concat_7) d95923ea-2a75-4757-a86c-99d425e3974a:92:232
2026-10-04 18:51:33.904999 [V:onnxruntime:, session_state.cc:1385 VerifyEachNodeIsAssignedToAnEp]   Equal (/model/layers.27/self_attn/Equal) d95923ea-2a75-4757-a86c-99d425e3974a:92:232
2026-10-04 18:51:33.904999 [V:onnxruntime:, session_state.cc:1385 VerifyEachNodeIsAssignedToAnEp]   Where (/model/layers.27/self_attn/Where) d95923ea-2a75-4757-a86c-99d425e3974a:92:232
2026-10-04 18:51:33.904999 [V:onnxruntime:, session_state.cc:1385 VerifyEachNodeIsAssignedToAnEp]   Gather (/model/layers.27/self_attn/Gather_12) d95923ea-2a75-4757-a86c-99d425e3974a:92:232
2026-10-04 18:51:33.904999 [V:onnxruntime:, session_state.cc:1385 VerifyEachNodeIsAssignedToAnEp]   Unsqueeze (/model/layers.27/self_attn/Unsqueeze_28) d95923ea-2a75-4757-a86c-99d425e3974a:92:232
2026-10-04 18:51:33.904999 [V:onnxruntime:, session_state.cc:1385 VerifyEachNodeIsAssignedToAnEp]   Gather (/model/layers.28/self_attn/Gather) d95923ea-2a75-4757-a86c-99d425e3974a:92:232
2026-10-04 18:51:33.904999 [V:onnxruntime:, session_state.cc:1385 VerifyEachNodeIsAssignedToAnEp]   Gather (/model/layers.28/self_attn/Gather_1) d95923ea-2a75-4757-a86c-99d425e3974a:92:232
2026-10-04 18:51:33.906000 [V:onnxruntime:, session_state.cc:1385 VerifyEachNodeIsAssignedToAnEp]   Unsqueeze (/model/layers.28/self_attn/Unsqueeze) d95923ea-2a75-4757-a86c-99d425e3974a:92:232
2026-10-04 18:51:33.906000 [V:onnxruntime:, session_state.cc:1385 VerifyEachNodeIsAssignedToAnEp]   Unsqueeze (/model/layers.28/self_attn/Unsqueeze_1) d95923ea-2a75-4757-a86c-99d425e3974a:92:232
2026-10-04 18:51:33.906000 [V:onnxruntime:, session_state.cc:1385 VerifyEachNodeIsAssignedToAnEp]   Concat (/model/layers.28/self_attn/Concat) d95923ea-2a75-4757-a86c-99d425e3974a:92:232
2026-10-04 18:51:33.906000 [V:onnxruntime:, session_state.cc:1385 VerifyEachNodeIsAssignedToAnEp]   Gather (/model/layers.28/self_attn/Gather_8) d95923ea-2a75-4757-a86c-99d425e3974a:92:232
2026-10-04 18:51:33.906000 [V:onnxruntime:, session_state.cc:1385 VerifyEachNodeIsAssignedToAnEp]   Gather (/model/layers.28/self_attn/Gather_10) d95923ea-2a75-4757-a86c-99d425e3974a:92:232
2026-10-04 18:51:33.906000 [V:onnxruntime:, session_state.cc:1385 VerifyEachNodeIsAssignedToAnEp]   Unsqueeze (/model/layers.28/self_attn/Unsqueeze_20) d95923ea-2a75-4757-a86c-99d425e3974a:92:232
2026-10-04 18:51:33.906000 [V:onnxruntime:, session_state.cc:1385 VerifyEachNodeIsAssignedToAnEp]   Unsqueeze (/model/layers.28/self_attn/Unsqueeze_22) d95923ea-2a75-4757-a86c-99d425e3974a:92:232
2026-10-04 18:51:33.906000 [V:onnxruntime:, session_state.cc:1385 VerifyEachNodeIsAssignedToAnEp]   Concat (/model/layers.28/self_attn/Concat_9) d95923ea-2a75-4757-a86c-99d425e3974a:92:232
2026-10-04 18:51:33.906000 [V:onnxruntime:, session_state.cc:1385 VerifyEachNodeIsAssignedToAnEp]   Equal (/model/layers.28/self_attn/Equal_1) d95923ea-2a75-4757-a86c-99d425e3974a:92:232
2026-10-04 18:51:33.906000 [V:onnxruntime:, session_state.cc:1385 VerifyEachNodeIsAssignedToAnEp]   Where (/model/layers.28/self_attn/Where_1) d95923ea-2a75-4757-a86c-99d425e3974a:92:232
2026-10-04 18:51:33.906000 [V:onnxruntime:, session_state.cc:1385 VerifyEachNodeIsAssignedToAnEp]   Gather (/model/layers.28/self_attn/Gather_4) d95923ea-2a75-4757-a86c-99d425e3974a:92:232
2026-10-04 18:51:33.906000 [V:onnxruntime:, session_state.cc:1385 VerifyEachNodeIsAssignedToAnEp]   Gather (/model/layers.28/self_attn/Gather_6) d95923ea-2a75-4757-a86c-99d425e3974a:92:232
2026-10-04 18:51:33.906000 [V:onnxruntime:, session_state.cc:1385 VerifyEachNodeIsAssignedToAnEp]   Unsqueeze (/model/layers.28/self_attn/Unsqueeze_11) d95923ea-2a75-4757-a86c-99d425e3974a:92:232
2026-10-04 18:51:33.906000 [V:onnxruntime:, session_state.cc:1385 VerifyEachNodeIsAssignedToAnEp]   Unsqueeze (/model/layers.28/self_attn/Unsqueeze_13) d95923ea-2a75-4757-a86c-99d425e3974a:92:232
2026-10-04 18:51:33.907000 [V:onnxruntime:, session_state.cc:1385 VerifyEachNodeIsAssignedToAnEp]   Concat (/model/layers.28/self_attn/Concat_7) d95923ea-2a75-4757-a86c-99d425e3974a:92:232
2026-10-04 18:51:33.907000 [V:onnxruntime:, session_state.cc:1385 VerifyEachNodeIsAssignedToAnEp]   Equal (/model/layers.28/self_attn/Equal) d95923ea-2a75-4757-a86c-99d425e3974a:92:232
2026-10-04 18:51:33.907000 [V:onnxruntime:, session_state.cc:1385 VerifyEachNodeIsAssignedToAnEp]   Where (/model/layers.28/self_attn/Where) d95923ea-2a75-4757-a86c-99d425e3974a:92:232
2026-10-04 18:51:33.907000 [V:onnxruntime:, session_state.cc:1385 VerifyEachNodeIsAssignedToAnEp]   Gather (/model/layers.28/self_attn/Gather_12) d95923ea-2a75-4757-a86c-99d425e3974a:92:232
2026-10-04 18:51:33.907000 [V:onnxruntime:, session_state.cc:1385 VerifyEachNodeIsAssignedToAnEp]   Unsqueeze (/model/layers.28/self_attn/Unsqueeze_28) d95923ea-2a75-4757-a86c-99d425e3974a:92:232
2026-10-04 18:51:33.907000 [V:onnxruntime:, session_state.cc:1385 VerifyEachNodeIsAssignedToAnEp]   Gather (/model/layers.29/self_attn/Gather) d95923ea-2a75-4757-a86c-99d425e3974a:92:232
2026-10-04 18:51:33.907000 [V:onnxruntime:, session_state.cc:1385 VerifyEachNodeIsAssignedToAnEp]   Gather (/model/layers.29/self_attn/Gather_1) d95923ea-2a75-4757-a86c-99d425e3974a:92:232
2026-10-04 18:51:33.907000 [V:onnxruntime:, session_state.cc:1385 VerifyEachNodeIsAssignedToAnEp]   Unsqueeze (/model/layers.29/self_attn/Unsqueeze) d95923ea-2a75-4757-a86c-99d425e3974a:92:232
2026-10-04 18:51:33.909000 [V:onnxruntime:, session_state.cc:1385 VerifyEachNodeIsAssignedToAnEp]   Unsqueeze (/model/layers.29/self_attn/Unsqueeze_1) d95923ea-2a75-4757-a86c-99d425e3974a:92:232
2026-10-04 18:51:33.909000 [V:onnxruntime:, session_state.cc:1385 VerifyEachNodeIsAssignedToAnEp]   Concat (/model/layers.29/self_attn/Concat) d95923ea-2a75-4757-a86c-99d425e3974a:92:232
2026-10-04 18:51:33.909000 [V:onnxruntime:, session_state.cc:1385 VerifyEachNodeIsAssignedToAnEp]   Gather (/model/layers.29/self_attn/Gather_8) d95923ea-2a75-4757-a86c-99d425e3974a:92:232
2026-10-04 18:51:33.909000 [V:onnxruntime:, session_state.cc:1385 VerifyEachNodeIsAssignedToAnEp]   Gather (/model/layers.29/self_attn/Gather_10) d95923ea-2a75-4757-a86c-99d425e3974a:92:232
2026-10-04 18:51:33.909000 [V:onnxruntime:, session_state.cc:1385 VerifyEachNodeIsAssignedToAnEp]   Unsqueeze (/model/layers.29/self_attn/Unsqueeze_20) d95923ea-2a75-4757-a86c-99d425e3974a:92:232
2026-10-04 18:51:33.909000 [V:onnxruntime:, session_state.cc:1385 VerifyEachNodeIsAssignedToAnEp]   Unsqueeze (/model/layers.29/self_attn/Unsqueeze_22) d95923ea-2a75-4757-a86c-99d425e3974a:92:232
2026-10-04 18:51:33.909000 [V:onnxruntime:, session_state.cc:1385 VerifyEachNodeIsAssignedToAnEp]   Concat (/model/layers.29/self_attn/Concat_9) d95923ea-2a75-4757-a86c-99d425e3974a:92:232
2026-10-04 18:51:33.909000 [V:onnxruntime:, session_state.cc:1385 VerifyEachNodeIsAssignedToAnEp]   Equal (/model/layers.29/self_attn/Equal_1) d95923ea-2a75-4757-a86c-99d425e3974a:92:232
2026-10-04 18:51:33.910000 [V:onnxruntime:, session_state.cc:1385 VerifyEachNodeIsAssignedToAnEp]   Where (/model/layers.29/self_attn/Where_1) d95923ea-2a75-4757-a86c-99d425e3974a:92:232
2026-10-04 18:51:33.910000 [V:onnxruntime:, session_state.cc:1385 VerifyEachNodeIsAssignedToAnEp]   Gather (/model/layers.29/self_attn/Gather_4) d95923ea-2a75-4757-a86c-99d425e3974a:92:232
2026-10-04 18:51:33.910000 [V:onnxruntime:, session_state.cc:1385 VerifyEachNodeIsAssignedToAnEp]   Gather (/model/layers.29/self_attn/Gather_6) d95923ea-2a75-4757-a86c-99d425e3974a:92:232
2026-10-04 18:51:33.910000 [V:onnxruntime:, session_state.cc:1385 VerifyEachNodeIsAssignedToAnEp]   Unsqueeze (/model/layers.29/self_attn/Unsqueeze_11) d95923ea-2a75-4757-a86c-99d425e3974a:92:232
2026-10-04 18:51:33.910000 [V:onnxruntime:, session_state.cc:1385 VerifyEachNodeIsAssignedToAnEp]   Unsqueeze (/model/layers.29/self_attn/Unsqueeze_13) d95923ea-2a75-4757-a86c-99d425e3974a:92:232
2026-10-04 18:51:33.910000 [V:onnxruntime:, session_state.cc:1385 VerifyEachNodeIsAssignedToAnEp]   Concat (/model/layers.29/self_attn/Concat_7) d95923ea-2a75-4757-a86c-99d425e3974a:92:232
2026-10-04 18:51:33.910000 [V:onnxruntime:, session_state.cc:1385 VerifyEachNodeIsAssignedToAnEp]   Equal (/model/layers.29/self_attn/Equal) d95923ea-2a75-4757-a86c-99d425e3974a:92:232
2026-10-04 18:51:33.910000 [V:onnxruntime:, session_state.cc:1385 VerifyEachNodeIsAssignedToAnEp]   Where (/model/layers.29/self_attn/Where) d95923ea-2a75-4757-a86c-99d425e3974a:92:232
2026-10-04 18:51:33.911000 [V:onnxruntime:, session_state.cc:1385 VerifyEachNodeIsAssignedToAnEp]   Gather (/model/layers.29/self_attn/Gather_12) d95923ea-2a75-4757-a86c-99d425e3974a:92:232
2026-10-04 18:51:33.911000 [V:onnxruntime:, session_state.cc:1385 VerifyEachNodeIsAssignedToAnEp]   Unsqueeze (/model/layers.29/self_attn/Unsqueeze_28) d95923ea-2a75-4757-a86c-99d425e3974a:92:232
2026-10-04 18:51:33.911000 [V:onnxruntime:, session_state.cc:1383 VerifyEachNodeIsAssignedToAnEp]  Node(s) placed on [WebGpuExecutionProvider]. Number of nodes: 1987 d95923ea-2a75-4757-a86c-99d425e3974a:92:232
2026-10-04 18:51:33.911000 [V:onnxruntime:, session_state.cc:1385 VerifyEachNodeIsAssignedToAnEp]   Gather (/model/embed_tokens/Gather) d95923ea-2a75-4757-a86c-99d425e3974a:92:232
2026-10-04 18:51:33.911000 [V:onnxruntime:, session_state.cc:1385 VerifyEachNodeIsAssignedToAnEp]   Shape (/model/Shape) d95923ea-2a75-4757-a86c-99d425e3974a:92:232
2026-10-04 18:51:33.911000 [V:onnxruntime:, session_state.cc:1385 VerifyEachNodeIsAssignedToAnEp]   Shape (/model/Shape_1) d95923ea-2a75-4757-a86c-99d425e3974a:92:232
2026-10-04 18:51:33.911000 [V:onnxruntime:, session_state.cc:1385 VerifyEachNodeIsAssignedToAnEp]   Pow (/model/layers.0/input_layernorm/Pow) d95923ea-2a75-4757-a86c-99d425e3974a:92:232
2026-10-04 18:51:33.911000 [V:onnxruntime:, session_state.cc:1385 VerifyEachNodeIsAssignedToAnEp]   ReduceMean (/model/layers.0/input_layernorm/ReduceMean) d95923ea-2a75-4757-a86c-99d425e3974a:92:232
2026-10-04 18:51:33.911000 [V:onnxruntime:, session_state.cc:1385 VerifyEachNodeIsAssignedToAnEp]   Add (/model/layers.0/input_layernorm/Add) d95923ea-2a75-4757-a86c-99d425e3974a:92:232
2026-10-04 18:51:33.911000 [V:onnxruntime:, session_state.cc:1385 VerifyEachNodeIsAssignedToAnEp]   Sqrt (/model/layers.0/input_layernorm/Sqrt) d95923ea-2a75-4757-a86c-99d425e3974a:92:232
2026-10-04 18:51:33.911999 [V:onnxruntime:, session_state.cc:1385 VerifyEachNodeIsAssignedToAnEp]   Div (/model/layers.0/input_layernorm/Div) d95923ea-2a75-4757-a86c-99d425e3974a:92:232
2026-10-04 18:51:33.911999 [V:onnxruntime:, session_state.cc:1385 VerifyEachNodeIsAssignedToAnEp]   Trilu (/model/Trilu) d95923ea-2a75-4757-a86c-99d425e3974a:92:232
2026-10-04 18:51:33.911999 [V:onnxruntime:, session_state.cc:1385 VerifyEachNodeIsAssignedToAnEp]   Expand (/model/rotary_emb/Expand) d95923ea-2a75-4757-a86c-99d425e3974a:92:232
2026-10-04 18:51:33.911999 [V:onnxruntime:, session_state.cc:1385 VerifyEachNodeIsAssignedToAnEp]   Cast (Cast_2633) d95923ea-2a75-4757-a86c-99d425e3974a:92:232
2026-10-04 18:51:33.911999 [V:onnxruntime:, session_state.cc:1385 VerifyEachNodeIsAssignedToAnEp]   Mul (/model/layers.0/input_layernorm/Mul_1) d95923ea-2a75-4757-a86c-99d425e3974a:92:232
2026-10-04 18:51:33.911999 [V:onnxruntime:, session_state.cc:1385 VerifyEachNodeIsAssignedToAnEp]   MatMul (/model/rotary_emb/MatMul) d95923ea-2a75-4757-a86c-99d425e3974a:92:232
2026-10-04 18:51:33.911999 [V:onnxruntime:, session_state.cc:1385 VerifyEachNodeIsAssignedToAnEp]   Mul (/model/Mul) d95923ea-2a75-4757-a86c-99d425e3974a:92:232
2026-10-04 18:51:33.911999 [V:onnxruntime:, session_state.cc:1385 VerifyEachNodeIsAssignedToAnEp]   Shape (/model/layers.0/self_attn/Shape) d95923ea-2a75-4757-a86c-99d425e3974a:92:232
2026-10-04 18:51:33.912999 [V:onnxruntime:, session_state.cc:1385 VerifyEachNodeIsAssignedToAnEp]   MatMulNBits (/model/layers.0/self_attn/q_proj/MatMul_Q4) d95923ea-2a75-4757-a86c-99d425e3974a:92:232
2026-10-04 18:51:33.912999 [V:onnxruntime:, session_state.cc:1385 VerifyEachNodeIsAssignedToAnEp]   MatMulNBits (/model/layers.0/self_attn/k_proj/MatMul_Q4) d95923ea-2a75-4757-a86c-99d425e3974a:92:232
2026-10-04 18:51:33.912999 [V:onnxruntime:, session_state.cc:1385 VerifyEachNodeIsAssignedToAnEp]   MatMulNBits (/model/layers.0/self_attn/v_proj/MatMul_Q4) d95923ea-2a75-4757-a86c-99d425e3974a:92:232
2026-10-04 18:51:33.912999 [V:onnxruntime:, session_state.cc:1385 VerifyEachNodeIsAssignedToAnEp]   Unsqueeze (/model/Unsqueeze_2) d95923ea-2a75-4757-a86c-99d425e3974a:92:232
2026-10-04 18:51:33.912999 [V:onnxruntime:, session_state.cc:1385 VerifyEachNodeIsAssignedToAnEp]   Concat (/model/rotary_emb/Concat_1) d95923ea-2a75-4757-a86c-99d425e3974a:92:232
2026-10-04 18:51:33.912999 [V:onnxruntime:, session_state.cc:1385 VerifyEachNodeIsAssignedToAnEp]   Expand (/model/Expand) d95923ea-2a75-4757-a86c-99d425e3974a:92:232
2026-10-04 18:51:33.912999 [V:onnxruntime:, session_state.cc:1385 VerifyEachNodeIsAssignedToAnEp]   Cos (/model/rotary_emb/Cos) d95923ea-2a75-4757-a86c-99d425e3974a:92:232
2026-10-04 18:51:33.912999 [V:onnxruntime:, session_state.cc:1385 VerifyEachNodeIsAssignedToAnEp]   Sin (/model/rotary_emb/Sin) d95923ea-2a75-4757-a86c-99d425e3974a:92:232
2026-10-04 18:51:33.914000 [V:onnxruntime:, session_state.cc:1385 VerifyEachNodeIsAssignedToAnEp]   Slice (/model/Slice) d95923ea-2a75-4757-a86c-99d425e3974a:92:232
2026-10-04 18:51:33.914000 [V:onnxruntime:, session_state.cc:1385 VerifyEachNodeIsAssignedToAnEp]   Shape (Shape_2686) d95923ea-2a75-4757-a86c-99d425e3974a:92:232
2026-10-04 18:51:33.914000 [V:onnxruntime:, session_state.cc:1385 VerifyEachNodeIsAssignedToAnEp]   Unsqueeze (/model/layers.0/self_attn/Unsqueeze_6) d95923ea-2a75-4757-a86c-99d425e3974a:92:232
2026-10-04 18:51:33.914000 [V:onnxruntime:, session_state.cc:1385 VerifyEachNodeIsAssignedToAnEp]   Unsqueeze (/model/layers.0/self_attn/Unsqueeze_7) d95923ea-2a75-4757-a86c-99d425e3974a:92:232
2026-10-04 18:51:33.914000 [V:onnxruntime:, session_state.cc:1385 VerifyEachNodeIsAssignedToAnEp]   Add (/model/Add_1) d95923ea-2a75-4757-a86c-99d425e3974a:92:232
2026-10-04 18:51:33.914000 [V:onnxruntime:, session_state.cc:1385 VerifyEachNodeIsAssignedToAnEp]   Shape (/model/Shape_5) d95923ea-2a75-4757-a86c-99d425e3974a:92:232
2026-10-04 18:51:33.914000 [V:onnxruntime:, session_state.cc:1385 VerifyEachNodeIsAssignedToAnEp]   Reshape (/model/layers.0/self_attn/Reshape) d95923ea-2a75-4757-a86c-99d425e3974a:92:232
2026-10-04 18:51:33.915000 [V:onnxruntime:, session_state.cc:1385 VerifyEachNodeIsAssignedToAnEp]   Reshape (/model/layers.0/self_attn/Reshape_1) d95923ea-2a75-4757-a86c-99d425e3974a:92:232
2026-10-04 18:51:33.915000 [V:onnxruntime:, session_state.cc:1385 VerifyEachNodeIsAssignedToAnEp]   Reshape (/model/layers.0/self_attn/Reshape_2) d95923ea-2a75-4757-a86c-99d425e3974a:92:232
2026-10-04 18:51:33.915000 [V:onnxruntime:, session_state.cc:1385 VerifyEachNodeIsAssignedToAnEp]   Equal (/model/Equal_1) d95923ea-2a75-4757-a86c-99d425e3974a:92:232
2026-10-04 18:51:33.915000 [V:onnxruntime:, session_state.cc:1385 VerifyEachNodeIsAssignedToAnEp]   Transpose (/model/layers.0/self_attn/Transpose) d95923ea-2a75-4757-a86c-99d425e3974a:92:232
2026-10-04 18:51:33.915000 [V:onnxruntime:, session_state.cc:1385 VerifyEachNodeIsAssignedToAnEp]   Transpose (/model/layers.0/self_attn/Transpose_1) d95923ea-2a75-4757-a86c-99d425e3974a:92:232
2026-10-04 18:51:33.915000 [V:onnxruntime:, session_state.cc:1385 VerifyEachNodeIsAssignedToAnEp]   Transpose (/model/layers.0/self_attn/Transpose_2) d95923ea-2a75-4757-a86c-99d425e3974a:92:232
2026-10-04 18:51:33.915999 [V:onnxruntime:, session_state.cc:1385 VerifyEachNodeIsAssignedToAnEp]   Concat (/model/layers.0/self_attn/Concat_6) d95923ea-2a75-4757-a86c-99d425e3974a:92:232
2026-10-04 18:51:33.915999 [V:onnxruntime:, session_state.cc:1385 VerifyEachNodeIsAssignedToAnEp]   Mul (/model/layers.0/self_attn/Mul) d95923ea-2a75-4757-a86c-99d425e3974a:92:232
2026-10-04 18:51:33.915999 [V:onnxruntime:, session_state.cc:1385 VerifyEachNodeIsAssignedToAnEp]   Mul (/model/layers.0/self_attn/Mul_2) d95923ea-2a75-4757-a86c-99d425e3974a:92:232
2026-10-04 18:51:33.915999 [V:onnxruntime:, session_state.cc:1385 VerifyEachNodeIsAssignedToAnEp]   Slice (/model/layers.0/self_attn/Slice) d95923ea-2a75-4757-a86c-99d425e3974a:92:232
2026-10-04 18:51:33.915999 [V:onnxruntime:, session_state.cc:1385 VerifyEachNodeIsAssignedToAnEp]   Slice (/model/layers.0/self_attn/Slice_1) d95923ea-2a75-4757-a86c-99d425e3974a:92:232
2026-10-04 18:51:33.915999 [V:onnxruntime:, session_state.cc:1385 VerifyEachNodeIsAssignedToAnEp]   Slice (/model/layers.0/self_attn/Slice_2) d95923ea-2a75-4757-a86c-99d425e3974a:92:232
2026-10-04 18:51:33.917000 [V:onnxruntime:, session_state.cc:1385 VerifyEachNodeIsAssignedToAnEp]   Slice (/model/layers.0/self_attn/Slice_3) d95923ea-2a75-4757-a86c-99d425e3974a:92:232
2026-10-04 18:51:33.917000 [V:onnxruntime:, session_state.cc:1385 VerifyEachNodeIsAssignedToAnEp]   Where (/model/Where_1) d95923ea-2a75-4757-a86c-99d425e3974a:92:232
2026-10-04 18:51:33.917000 [V:onnxruntime:, session_state.cc:1385 VerifyEachNodeIsAssignedToAnEp]   Shape (/model/layers.0/self_attn/Shape_9) d95923ea-2a75-4757-a86c-99d425e3974a:92:232
2026-10-04 18:51:33.917000 [V:onnxruntime:, session_state.cc:1385 VerifyEachNodeIsAssignedToAnEp]   Unsqueeze (/model/layers.0/self_attn/Unsqueeze_21) d95923ea-2a75-4757-a86c-99d425e3974a:92:232
2026-10-04 18:51:33.917000 [V:onnxruntime:, session_state.cc:1385 VerifyEachNodeIsAssignedToAnEp]   Neg (/model/layers.0/self_attn/Neg) d95923ea-2a75-4757-a86c-99d425e3974a:92:232
2026-10-04 18:51:33.917000 [V:onnxruntime:, session_state.cc:1385 VerifyEachNodeIsAssignedToAnEp]   Neg (/model/layers.0/self_attn/Neg_1) d95923ea-2a75-4757-a86c-99d425e3974a:92:232
2026-10-04 18:51:33.917000 [V:onnxruntime:, session_state.cc:1385 VerifyEachNodeIsAssignedToAnEp]   Expand (/model/Expand_1) d95923ea-2a75-4757-a86c-99d425e3974a:92:232
2026-10-04 18:51:33.917000 [V:onnxruntime:, session_state.cc:1385 VerifyEachNodeIsAssignedToAnEp]   Concat (/model/layers.0/self_attn/Concat_3) d95923ea-2a75-4757-a86c-99d425e3974a:92:232
2026-10-04 18:51:33.918000 [V:onnxruntime:, session_state.cc:1385 VerifyEachNodeIsAssignedToAnEp]   Concat (/model/layers.0/self_attn/Concat_4) d95923ea-2a75-4757-a86c-99d425e3974a:92:232
2026-10-04 18:51:33.918000 [V:onnxruntime:, session_state.cc:1385 VerifyEachNodeIsAssignedToAnEp]   Mul (/model/layers.0/self_attn/Mul_1) d95923ea-2a75-4757-a86c-99d425e3974a:92:232
2026-10-04 18:51:33.918000 [V:onnxruntime:, session_state.cc:1385 VerifyEachNodeIsAssignedToAnEp]   Mul (/model/layers.0/self_attn/Mul_3) d95923ea-2a75-4757-a86c-99d425e3974a:92:232
2026-10-04 18:51:33.918000 [V:onnxruntime:, session_state.cc:1385 VerifyEachNodeIsAssignedToAnEp]   Add (/model/layers.0/self_attn/Add) d95923ea-2a75-4757-a86c-99d425e3974a:92:232
2026-10-04 18:51:33.918000 [V:onnxruntime:, session_state.cc:1385 VerifyEachNodeIsAssignedToAnEp]   Add (/model/layers.0/self_attn/Add_1) d95923ea-2a75-4757-a86c-99d425e3974a:92:232
2026-10-04 18:51:33.918000 [V:onnxruntime:, session_state.cc:1385 VerifyEachNodeIsAssignedToAnEp]   Concat (/model/layers.0/self_attn/Concat_5) d95923ea-2a75-4757-a86c-99d425e3974a:92:232
2026-10-04 18:51:33.918000 [V:onnxruntime:, session_state.cc:1385 VerifyEachNodeIsAssignedToAnEp]   Mul (/model/layers.0/self_attn/Mul_8) d95923ea-2a75-4757-a86c-99d425e3974a:92:232
2026-10-04 18:51:33.919000 [V:onnxruntime:, session_state.cc:1385 VerifyEachNodeIsAssignedToAnEp]   Shape (/model/layers.0/self_attn/Shape_4) d95923ea-2a75-4757-a86c-99d425e3974a:92:232
2026-10-04 18:51:33.919000 [V:onnxruntime:, session_state.cc:1385 VerifyEachNodeIsAssignedToAnEp]   Unsqueeze (/model/layers.0/self_attn/Unsqueeze_12) d95923ea-2a75-4757-a86c-99d425e3974a:92:232
2026-10-04 18:51:33.919000 [V:onnxruntime:, session_state.cc:1385 VerifyEachNodeIsAssignedToAnEp]   Expand (/model/layers.0/self_attn/Expand_1) d95923ea-2a75-4757-a86c-99d425e3974a:92:232
2026-10-04 18:51:33.919000 [V:onnxruntime:, session_state.cc:1385 VerifyEachNodeIsAssignedToAnEp]   Reshape (/model/layers.0/self_attn/Reshape_6) d95923ea-2a75-4757-a86c-99d425e3974a:92:232
2026-10-04 18:51:33.919000 [V:onnxruntime:, session_state.cc:1385 VerifyEachNodeIsAssignedToAnEp]   ScatterND (/model/ScatterND) d95923ea-2a75-4757-a86c-99d425e3974a:92:232
2026-10-04 18:51:33.919000 [V:onnxruntime:, session_state.cc:1385 VerifyEachNodeIsAssignedToAnEp]   Expand (/model/layers.0/self_attn/Expand) d95923ea-2a75-4757-a86c-99d425e3974a:92:232
2026-10-04 18:51:33.919000 [V:onnxruntime:, session_state.cc:1385 VerifyEachNodeIsAssignedToAnEp]   Reshape (/model/layers.0/self_attn/Reshape_4) d95923ea-2a75-4757-a86c-99d425e3974a:92:232
2026-10-04 18:51:33.919000 [V:onnxruntime:, session_state.cc:1385 VerifyEachNodeIsAssignedToAnEp]   Shape (/model/layers.0/self_attn/Shape_14) d95923ea-2a75-4757-a86c-99d425e3974a:92:232
2026-10-04 18:51:33.919999 [V:onnxruntime:, session_state.cc:1385 VerifyEachNodeIsAssignedToAnEp]   Transpose (/model/layers.0/self_attn/Transpose_3) d95923ea-2a75-4757-a86c-99d425e3974a:92:232
2026-10-04 18:51:33.919999 [V:onnxruntime:, session_state.cc:1385 VerifyEachNodeIsAssignedToAnEp]   Mul (/model/layers.0/self_attn/Mul_9) d95923ea-2a75-4757-a86c-99d425e3974a:92:232
2026-10-04 18:51:33.919999 [V:onnxruntime:, session_state.cc:1385 VerifyEachNodeIsAssignedToAnEp]   MatMul (/model/layers.0/self_attn/MatMul) d95923ea-2a75-4757-a86c-99d425e3974a:92:232
2026-10-04 18:51:33.919999 [V:onnxruntime:, session_state.cc:1385 VerifyEachNodeIsAssignedToAnEp]   Slice (/model/layers.0/self_attn/Slice_4) d95923ea-2a75-4757-a86c-99d425e3974a:92:232
2026-10-04 18:51:33.919999 [V:onnxruntime:, session_state.cc:1385 VerifyEachNodeIsAssignedToAnEp]   Add (/model/layers.0/self_attn/Add_2) d95923ea-2a75-4757-a86c-99d425e3974a:92:232
2026-10-04 18:51:33.920999 [V:onnxruntime:, session_state.cc:1385 VerifyEachNodeIsAssignedToAnEp]   Softmax (/model/layers.0/self_attn/Softmax) d95923ea-2a75-4757-a86c-99d425e3974a:92:232
2026-10-04 18:51:33.922000 [V:onnxruntime:, session_state.cc:1385 VerifyEachNodeIsAssignedToAnEp]   MatMul (/model/layers.0/self_attn/MatMul_1) d95923ea-2a75-4757-a86c-99d425e3974a:92:232
2026-10-04 18:51:33.922000 [V:onnxruntime:, session_state.cc:1385 VerifyEachNodeIsAssignedToAnEp]   Transpose (/model/layers.0/self_attn/Transpose_4) d95923ea-2a75-4757-a86c-99d425e3974a:92:232
2026-10-04 18:51:33.922000 [V:onnxruntime:, session_state.cc:1385 VerifyEachNodeIsAssignedToAnEp]   Reshape (/model/layers.0/self_attn/Reshape_7) d95923ea-2a75-4757-a86c-99d425e3974a:92:232
2026-10-04 18:51:33.922000 [V:onnxruntime:, session_state.cc:1385 VerifyEachNodeIsAssignedToAnEp]   MatMulNBits (/model/layers.0/self_attn/o_proj/MatMul_Q4) d95923ea-2a75-4757-a86c-99d425e3974a:92:232
2026-10-04 18:51:33.922000 [V:onnxruntime:, session_state.cc:1385 VerifyEachNodeIsAssignedToAnEp]   Add (/model/layers.0/Add) d95923ea-2a75-4757-a86c-99d425e3974a:92:232
2026-10-04 18:51:33.922000 [V:onnxruntime:, session_state.cc:1385 VerifyEachNodeIsAssignedToAnEp]   Pow (/model/layers.0/post_attention_layernorm/Pow) d95923ea-2a75-4757-a86c-99d425e3974a:92:232
2026-10-04 18:51:33.923000 [V:onnxruntime:, session_state.cc:1385 VerifyEachNodeIsAssignedToAnEp]   ReduceMean (/model/layers.0/post_attention_layernorm/ReduceMean) d95923ea-2a75-4757-a86c-99d425e3974a:92:232
2026-10-04 18:51:33.923000 [V:onnxruntime:, session_state.cc:1385 VerifyEachNodeIsAssignedToAnEp]   Add (/model/layers.0/post_attention_layernorm/Add) d95923ea-2a75-4757-a86c-99d425e3974a:92:232
2026-10-04 18:51:33.923000 [V:onnxruntime:, session_state.cc:1385 VerifyEachNodeIsAssignedToAnEp]   Sqrt (/model/layers.0/post_attention_layernorm/Sqrt) d95923ea-2a75-4757-a86c-99d425e3974a:92:232
2026-10-04 18:51:33.923000 [V:onnxruntime:, session_state.cc:1385 VerifyEachNodeIsAssignedToAnEp]   Div (/model/layers.0/post_attention_layernorm/Div) d95923ea-2a75-4757-a86c-99d425e3974a:92:232
2026-10-04 18:51:33.923000 [V:onnxruntime:, session_state.cc:1385 VerifyEachNodeIsAssignedToAnEp]   Mul (/model/layers.0/post_attention_layernorm/Mul_1) d95923ea-2a75-4757-a86c-99d425e3974a:92:232
2026-10-04 18:51:33.923000 [V:onnxruntime:, session_state.cc:1385 VerifyEachNodeIsAssignedToAnEp]   MatMulNBits (/model/layers.0/mlp/gate_proj/MatMul_Q4) d95923ea-2a75-4757-a86c-99d425e3974a:92:232
2026-10-04 18:51:33.923000 [V:onnxruntime:, session_state.cc:1385 VerifyEachNodeIsAssignedToAnEp]   MatMulNBits (/model/layers.0/mlp/up_proj/MatMul_Q4) d95923ea-2a75-4757-a86c-99d425e3974a:92:232
2026-10-04 18:51:33.935000 [V:onnxruntime:, session_state.cc:1385 VerifyEachNodeIsAssignedToAnEp]   Mul (/model/layers.0/mlp/Mul) d95923ea-2a75-4757-a86c-99d425e3974a:92:232
2026-10-04 18:51:33.935999 [V:onnxruntime:, session_state.cc:1385 VerifyEachNodeIsAssignedToAnEp]   MatMulNBits (/model/layers.0/mlp/down_proj/MatMul_Q4) d95923ea-2a75-4757-a86c-99d425e3974a:92:232
2026-10-04 18:51:33.935999 [V:onnxruntime:, session_state.cc:1385 VerifyEachNodeIsAssignedToAnEp]   Add (/model/layers.0/Add_1) d95923ea-2a75-4757-a86c-99d425e3974a:92:232
2026-10-04 18:51:33.935999 [V:onnxruntime:, session_state.cc:1385 VerifyEachNodeIsAssignedToAnEp]   Pow (/model/layers.1/input_layernorm/Pow) d95923ea-2a75-4757-a86c-99d425e3974a:92:232
2026-10-04 18:51:33.935999 [V:onnxruntime:, session_state.cc:1385 VerifyEachNodeIsAssignedToAnEp]   ReduceMean (/model/layers.1/input_layernorm/ReduceMean) d95923ea-2a75-4757-a86c-99d425e3974a:92:232
2026-10-04 18:51:33.935999 [V:onnxruntime:, session_state.cc:1385 VerifyEachNodeIsAssignedToAnEp]   Add (/model/layers.1/input_layernorm/Add) d95923ea-2a75-4757-a86c-99d425e3974a:92:232
2026-10-04 18:51:33.935999 [V:onnxruntime:, session_state.cc:1385 VerifyEachNodeIsAssignedToAnEp]   Sqrt (/model/layers.1/input_layernorm/Sqrt) d95923ea-2a75-4757-a86c-99d425e3974a:92:232
2026-10-04 18:51:33.936999 [V:onnxruntime:, session_state.cc:1385 VerifyEachNodeIsAssignedToAnEp]   Div (/model/layers.1/input_layernorm/Div) d95923ea-2a75-4757-a86c-99d425e3974a:92:232
2026-10-04 18:51:33.936999 [V:onnxruntime:, session_state.cc:1385 VerifyEachNodeIsAssignedToAnEp]   Mul (/model/layers.1/input_layernorm/Mul_1) d95923ea-2a75-4757-a86c-99d425e3974a:92:232
2026-10-04 18:51:33.936999 [V:onnxruntime:, session_state.cc:1385 VerifyEachNodeIsAssignedToAnEp]   Shape (/model/layers.1/self_attn/Shape) d95923ea-2a75-4757-a86c-99d425e3974a:92:232
2026-10-04 18:51:33.936999 [V:onnxruntime:, session_state.cc:1385 VerifyEachNodeIsAssignedToAnEp]   MatMulNBits (/model/layers.1/self_attn/q_proj/MatMul_Q4) d95923ea-2a75-4757-a86c-99d425e3974a:92:232
2026-10-04 18:51:33.936999 [V:onnxruntime:, session_state.cc:1385 VerifyEachNodeIsAssignedToAnEp]   MatMulNBits (/model/layers.1/self_attn/k_proj/MatMul_Q4) d95923ea-2a75-4757-a86c-99d425e3974a:92:232
2026-10-04 18:51:33.936999 [V:onnxruntime:, session_state.cc:1385 VerifyEachNodeIsAssignedToAnEp]   MatMulNBits (/model/layers.1/self_attn/v_proj/MatMul_Q4) d95923ea-2a75-4757-a86c-99d425e3974a:92:232
2026-10-04 18:51:33.936999 [V:onnxruntime:, session_state.cc:1385 VerifyEachNodeIsAssignedToAnEp]   Reshape (/model/layers.1/self_attn/Reshape) d95923ea-2a75-4757-a86c-99d425e3974a:92:232
2026-10-04 18:51:33.938000 [V:onnxruntime:, session_state.cc:1385 VerifyEachNodeIsAssignedToAnEp]   Reshape (/model/layers.1/self_attn/Reshape_1) d95923ea-2a75-4757-a86c-99d425e3974a:92:232
2026-10-04 18:51:33.938000 [V:onnxruntime:, session_state.cc:1385 VerifyEachNodeIsAssignedToAnEp]   Reshape (/model/layers.1/self_attn/Reshape_2) d95923ea-2a75-4757-a86c-99d425e3974a:92:232
2026-10-04 18:51:33.938000 [V:onnxruntime:, session_state.cc:1385 VerifyEachNodeIsAssignedToAnEp]   Transpose (/model/layers.1/self_attn/Transpose) d95923ea-2a75-4757-a86c-99d425e3974a:92:232
2026-10-04 18:51:33.938000 [V:onnxruntime:, session_state.cc:1385 VerifyEachNodeIsAssignedToAnEp]   Transpose (/model/layers.1/self_attn/Transpose_1) d95923ea-2a75-4757-a86c-99d425e3974a:92:232
2026-10-04 18:51:33.938000 [V:onnxruntime:, session_state.cc:1385 VerifyEachNodeIsAssignedToAnEp]   Transpose (/model/layers.1/self_attn/Transpose_2) d95923ea-2a75-4757-a86c-99d425e3974a:92:232
2026-10-04 18:51:33.939000 [V:onnxruntime:, session_state.cc:1385 VerifyEachNodeIsAssignedToAnEp]   Mul (/model/layers.1/self_attn/Mul) d95923ea-2a75-4757-a86c-99d425e3974a:92:232
2026-10-04 18:51:33.939000 [V:onnxruntime:, session_state.cc:1385 VerifyEachNodeIsAssignedToAnEp]   Mul (/model/layers.1/self_attn/Mul_2) d95923ea-2a75-4757-a86c-99d425e3974a:92:232
2026-10-04 18:51:33.939000 [V:onnxruntime:, session_state.cc:1385 VerifyEachNodeIsAssignedToAnEp]   Concat (/model/layers.1/self_attn/Concat_6) d95923ea-2a75-4757-a86c-99d425e3974a:92:232
2026-10-04 18:51:33.939999 [V:onnxruntime:, session_state.cc:1385 VerifyEachNodeIsAssignedToAnEp]   Slice (/model/layers.1/self_attn/Slice) d95923ea-2a75-4757-a86c-99d425e3974a:92:232
2026-10-04 18:51:33.939999 [V:onnxruntime:, session_state.cc:1385 VerifyEachNodeIsAssignedToAnEp]   Slice (/model/layers.1/self_attn/Slice_1) d95923ea-2a75-4757-a86c-99d425e3974a:92:232
2026-10-04 18:51:33.939999 [V:onnxruntime:, session_state.cc:1385 VerifyEachNodeIsAssignedToAnEp]   Slice (/model/layers.1/self_attn/Slice_2) d95923ea-2a75-4757-a86c-99d425e3974a:92:232
2026-10-04 18:51:33.941000 [V:onnxruntime:, session_state.cc:1385 VerifyEachNodeIsAssignedToAnEp]   Slice (/model/layers.1/self_attn/Slice_3) d95923ea-2a75-4757-a86c-99d425e3974a:92:232
2026-10-04 18:51:33.941000 [V:onnxruntime:, session_state.cc:1385 VerifyEachNodeIsAssignedToAnEp]   Shape (/model/layers.1/self_attn/Shape_9) d95923ea-2a75-4757-a86c-99d425e3974a:92:232
2026-10-04 18:51:33.941000 [V:onnxruntime:, session_state.cc:1385 VerifyEachNodeIsAssignedToAnEp]   Unsqueeze (/model/layers.1/self_attn/Unsqueeze_19) d95923ea-2a75-4757-a86c-99d425e3974a:92:232
2026-10-04 18:51:33.942000 [V:onnxruntime:, session_state.cc:1385 VerifyEachNodeIsAssignedToAnEp]   Neg (/model/layers.1/self_attn/Neg) d95923ea-2a75-4757-a86c-99d425e3974a:92:232
2026-10-04 18:51:33.942000 [V:onnxruntime:, session_state.cc:1385 VerifyEachNodeIsAssignedToAnEp]   Neg (/model/layers.1/self_attn/Neg_1) d95923ea-2a75-4757-a86c-99d425e3974a:92:232
2026-10-04 18:51:33.942000 [V:onnxruntime:, session_state.cc:1385 VerifyEachNodeIsAssignedToAnEp]   Concat (/model/layers.1/self_attn/Concat_3) d95923ea-2a75-4757-a86c-99d425e3974a:92:232
2026-10-04 18:51:33.943000 [V:onnxruntime:, session_state.cc:1385 VerifyEachNodeIsAssignedToAnEp]   Concat (/model/layers.1/self_attn/Concat_4) d95923ea-2a75-4757-a86c-99d425e3974a:92:232
2026-10-04 18:51:33.943000 [V:onnxruntime:, session_state.cc:1385 VerifyEachNodeIsAssignedToAnEp]   Mul (/model/layers.1/self_attn/Mul_1) d95923ea-2a75-4757-a86c-99d425e3974a:92:232
2026-10-04 18:51:33.943999 [V:onnxruntime:, session_state.cc:1385 VerifyEachNodeIsAssignedToAnEp]   Mul (/model/layers.1/self_attn/Mul_3) d95923ea-2a75-4757-a86c-99d425e3974a:92:232
2026-10-04 18:51:33.943999 [V:onnxruntime:, session_state.cc:1385 VerifyEachNodeIsAssignedToAnEp]   Add (/model/layers.1/self_attn/Add) d95923ea-2a75-4757-a86c-99d425e3974a:92:232
2026-10-04 18:51:33.943999 [V:onnxruntime:, session_state.cc:1385 VerifyEachNodeIsAssignedToAnEp]   Add (/model/layers.1/self_attn/Add_1) d95923ea-2a75-4757-a86c-99d425e3974a:92:232
2026-10-04 18:51:33.944999 [V:onnxruntime:, session_state.cc:1385 VerifyEachNodeIsAssignedToAnEp]   Concat (/model/layers.1/self_attn/Concat_5) d95923ea-2a75-4757-a86c-99d425e3974a:92:232
2026-10-04 18:51:33.944999 [V:onnxruntime:, session_state.cc:1385 VerifyEachNodeIsAssignedToAnEp]   Mul (/model/layers.1/self_attn/Mul_8) d95923ea-2a75-4757-a86c-99d425e3974a:92:232
2026-10-04 18:51:33.944999 [V:onnxruntime:, session_state.cc:1385 VerifyEachNodeIsAssignedToAnEp]   Shape (/model/layers.1/self_attn/Shape_4) d95923ea-2a75-4757-a86c-99d425e3974a:92:232
2026-10-04 18:51:33.944999 [V:onnxruntime:, session_state.cc:1385 VerifyEachNodeIsAssignedToAnEp]   Unsqueeze (/model/layers.1/self_attn/Unsqueeze_10) d95923ea-2a75-4757-a86c-99d425e3974a:92:232
2026-10-04 18:51:33.946000 [V:onnxruntime:, session_state.cc:1385 VerifyEachNodeIsAssignedToAnEp]   Expand (/model/layers.1/self_attn/Expand_1) d95923ea-2a75-4757-a86c-99d425e3974a:92:232
2026-10-04 18:51:33.946000 [V:onnxruntime:, session_state.cc:1385 VerifyEachNodeIsAssignedToAnEp]   Reshape (/model/layers.1/self_attn/Reshape_6) d95923ea-2a75-4757-a86c-99d425e3974a:92:232
2026-10-04 18:51:33.946000 [V:onnxruntime:, session_state.cc:1385 VerifyEachNodeIsAssignedToAnEp]   Expand (/model/layers.1/self_attn/Expand) d95923ea-2a75-4757-a86c-99d425e3974a:92:232
2026-10-04 18:51:33.947000 [V:onnxruntime:, session_state.cc:1385 VerifyEachNodeIsAssignedToAnEp]   Reshape (/model/layers.1/self_attn/Reshape_4) d95923ea-2a75-4757-a86c-99d425e3974a:92:232
2026-10-04 18:51:33.947000 [V:onnxruntime:, session_state.cc:1385 VerifyEachNodeIsAssignedToAnEp]   Shape (/model/layers.1/self_attn/Shape_14) d95923ea-2a75-4757-a86c-99d425e3974a:92:232
2026-10-04 18:51:33.947000 [V:onnxruntime:, session_state.cc:1385 VerifyEachNodeIsAssignedToAnEp]   Transpose (/model/layers.1/self_attn/Transpose_3) d95923ea-2a75-4757-a86c-99d425e3974a:92:232
2026-10-04 18:51:33.947999 [V:onnxruntime:, session_state.cc:1385 VerifyEachNodeIsAssignedToAnEp]   Mul (/model/layers.1/self_attn/Mul_9) d95923ea-2a75-4757-a86c-99d425e3974a:92:232
2026-10-04 18:51:33.949000 [V:onnxruntime:, session_state.cc:1385 VerifyEachNodeIsAssignedToAnEp]   MatMul (/model/layers.1/self_attn/MatMul) d95923ea-2a75-4757-a86c-99d425e3974a:92:232
2026-10-04 18:51:33.949000 [V:onnxruntime:, session_state.cc:1385 VerifyEachNodeIsAssignedToAnEp]   Slice (/model/layers.1/self_attn/Slice_4) d95923ea-2a75-4757-a86c-99d425e3974a:92:232
2026-10-04 18:51:33.950000 [V:onnxruntime:, session_state.cc:1385 VerifyEachNodeIsAssignedToAnEp]   Add (/model/layers.1/self_attn/Add_2) d95923ea-2a75-4757-a86c-99d425e3974a:92:232
2026-10-04 18:51:33.950000 [V:onnxruntime:, session_state.cc:1385 VerifyEachNodeIsAssignedToAnEp]   Softmax (/model/layers.1/self_attn/Softmax) d95923ea-2a75-4757-a86c-99d425e3974a:92:232
2026-10-04 18:51:33.950000 [V:onnxruntime:, session_state.cc:1385 VerifyEachNodeIsAssignedToAnEp]   MatMul (/model/layers.1/self_attn/MatMul_1) d95923ea-2a75-4757-a86c-99d425e3974a:92:232
2026-10-04 18:51:33.951000 [V:onnxruntime:, session_state.cc:1385 VerifyEachNodeIsAssignedToAnEp]   Transpose (/model/layers.1/self_attn/Transpose_4) d95923ea-2a75-4757-a86c-99d425e3974a:92:232
2026-10-04 18:51:33.951000 [V:onnxruntime:, session_state.cc:1385 VerifyEachNodeIsAssignedToAnEp]   Reshape (/model/layers.1/self_attn/Reshape_7) d95923ea-2a75-4757-a86c-99d425e3974a:92:232
2026-10-04 18:51:33.951000 [V:onnxruntime:, session_state.cc:1385 VerifyEachNodeIsAssignedToAnEp]   MatMulNBits (/model/layers.1/self_attn/o_proj/MatMul_Q4) d95923ea-2a75-4757-a86c-99d425e3974a:92:232
2026-10-04 18:51:33.951000 [V:onnxruntime:, session_state.cc:1385 VerifyEachNodeIsAssignedToAnEp]   Add (/model/layers.1/Add) d95923ea-2a75-4757-a86c-99d425e3974a:92:232
2026-10-04 18:51:33.951000 [V:onnxruntime:, session_state.cc:1385 VerifyEachNodeIsAssignedToAnEp]   Pow (/model/layers.1/post_attention_layernorm/Pow) d95923ea-2a75-4757-a86c-99d425e3974a:92:232
2026-10-04 18:51:33.951000 [V:onnxruntime:, session_state.cc:1385 VerifyEachNodeIsAssignedToAnEp]   ReduceMean (/model/layers.1/post_attention_layernorm/ReduceMean) d95923ea-2a75-4757-a86c-99d425e3974a:92:232
2026-10-04 18:51:33.959000 [V:onnxruntime:, session_state.cc:1385 VerifyEachNodeIsAssignedToAnEp]   Add (/model/layers.1/post_attention_layernorm/Add) d95923ea-2a75-4757-a86c-99d425e3974a:92:232
2026-10-04 18:51:33.959000 [V:onnxruntime:, session_state.cc:1385 VerifyEachNodeIsAssignedToAnEp]   Sqrt (/model/layers.1/post_attention_layernorm/Sqrt) d95923ea-2a75-4757-a86c-99d425e3974a:92:232
2026-10-04 18:51:33.959000 [V:onnxruntime:, session_state.cc:1385 VerifyEachNodeIsAssignedToAnEp]   Div (/model/layers.1/post_attention_layernorm/Div) d95923ea-2a75-4757-a86c-99d425e3974a:92:232
2026-10-04 18:51:33.959999 [V:onnxruntime:, session_state.cc:1385 VerifyEachNodeIsAssignedToAnEp]   Mul (/model/layers.1/post_attention_layernorm/Mul_1) d95923ea-2a75-4757-a86c-99d425e3974a:92:232
2026-10-04 18:51:33.959999 [V:onnxruntime:, session_state.cc:1385 VerifyEachNodeIsAssignedToAnEp]   MatMulNBits (/model/layers.1/mlp/gate_proj/MatMul_Q4) d95923ea-2a75-4757-a86c-99d425e3974a:92:232
2026-10-04 18:51:33.959999 [V:onnxruntime:, session_state.cc:1385 VerifyEachNodeIsAssignedToAnEp]   MatMulNBits (/model/layers.1/mlp/up_proj/MatMul_Q4) d95923ea-2a75-4757-a86c-99d425e3974a:92:232
2026-10-04 18:51:33.959999 [V:onnxruntime:, session_state.cc:1385 VerifyEachNodeIsAssignedToAnEp]   Mul (/model/layers.1/mlp/Mul) d95923ea-2a75-4757-a86c-99d425e3974a:92:232
2026-10-04 18:51:33.959999 [V:onnxruntime:, session_state.cc:1385 VerifyEachNodeIsAssignedToAnEp]   MatMulNBits (/model/layers.1/mlp/down_proj/MatMul_Q4) d95923ea-2a75-4757-a86c-99d425e3974a:92:232
2026-10-04 18:51:33.959999 [V:onnxruntime:, session_state.cc:1385 VerifyEachNodeIsAssignedToAnEp]   Add (/model/layers.1/Add_1) d95923ea-2a75-4757-a86c-99d425e3974a:92:232
2026-10-04 18:51:33.960999 [V:onnxruntime:, session_state.cc:1385 VerifyEachNodeIsAssignedToAnEp]   Pow (/model/layers.2/input_layernorm/Pow) d95923ea-2a75-4757-a86c-99d425e3974a:92:232
2026-10-04 18:51:33.960999 [V:onnxruntime:, session_state.cc:1385 VerifyEachNodeIsAssignedToAnEp]   ReduceMean (/model/layers.2/input_layernorm/ReduceMean) d95923ea-2a75-4757-a86c-99d425e3974a:92:232
2026-10-04 18:51:33.960999 [V:onnxruntime:, session_state.cc:1385 VerifyEachNodeIsAssignedToAnEp]   Add (/model/layers.2/input_layernorm/Add) d95923ea-2a75-4757-a86c-99d425e3974a:92:232
2026-10-04 18:51:33.960999 [V:onnxruntime:, session_state.cc:1385 VerifyEachNodeIsAssignedToAnEp]   Sqrt (/model/layers.2/input_layernorm/Sqrt) d95923ea-2a75-4757-a86c-99d425e3974a:92:232
2026-10-04 18:51:33.960999 [V:onnxruntime:, session_state.cc:1385 VerifyEachNodeIsAssignedToAnEp]   Div (/model/layers.2/input_layernorm/Div) d95923ea-2a75-4757-a86c-99d425e3974a:92:232
2026-10-04 18:51:33.960999 [V:onnxruntime:, session_state.cc:1385 VerifyEachNodeIsAssignedToAnEp]   Mul (/model/layers.2/input_layernorm/Mul_1) d95923ea-2a75-4757-a86c-99d425e3974a:92:232
2026-10-04 18:51:33.962000 [V:onnxruntime:, session_state.cc:1385 VerifyEachNodeIsAssignedToAnEp]   Shape (/model/layers.2/self_attn/Shape) d95923ea-2a75-4757-a86c-99d425e3974a:92:232
2026-10-04 18:51:33.962000 [V:onnxruntime:, session_state.cc:1385 VerifyEachNodeIsAssignedToAnEp]   MatMulNBits (/model/layers.2/self_attn/q_proj/MatMul_Q4) d95923ea-2a75-4757-a86c-99d425e3974a:92:232
2026-10-04 18:51:33.962000 [V:onnxruntime:, session_state.cc:1385 VerifyEachNodeIsAssignedToAnEp]   MatMulNBits (/model/layers.2/self_attn/k_proj/MatMul_Q4) d95923ea-2a75-4757-a86c-99d425e3974a:92:232
2026-10-04 18:51:33.962000 [V:onnxruntime:, session_state.cc:1385 VerifyEachNodeIsAssignedToAnEp]   MatMulNBits (/model/layers.2/self_attn/v_proj/MatMul_Q4) d95923ea-2a75-4757-a86c-99d425e3974a:92:232
2026-10-04 18:51:33.962000 [V:onnxruntime:, session_state.cc:1385 VerifyEachNodeIsAssignedToAnEp]   Reshape (/model/layers.2/self_attn/Reshape) d95923ea-2a75-4757-a86c-99d425e3974a:92:232
2026-10-04 18:51:33.962000 [V:onnxruntime:, session_state.cc:1385 VerifyEachNodeIsAssignedToAnEp]   Reshape (/model/layers.2/self_attn/Reshape_1) d95923ea-2a75-4757-a86c-99d425e3974a:92:232
2026-10-04 18:51:33.963000 [V:onnxruntime:, session_state.cc:1385 VerifyEachNodeIsAssignedToAnEp]   Reshape (/model/layers.2/self_attn/Reshape_2) d95923ea-2a75-4757-a86c-99d425e3974a:92:232
2026-10-04 18:51:33.963000 [V:onnxruntime:, session_state.cc:1385 VerifyEachNodeIsAssignedToAnEp]   Transpose (/model/layers.2/self_attn/Transpose) d95923ea-2a75-4757-a86c-99d425e3974a:92:232
2026-10-04 18:51:33.963000 [V:onnxruntime:, session_state.cc:1385 VerifyEachNodeIsAssignedToAnEp]   Transpose (/model/layers.2/self_attn/Transpose_1) d95923ea-2a75-4757-a86c-99d425e3974a:92:232
2026-10-04 18:51:33.963000 [V:onnxruntime:, session_state.cc:1385 VerifyEachNodeIsAssignedToAnEp]   Transpose (/model/layers.2/self_attn/Transpose_2) d95923ea-2a75-4757-a86c-99d425e3974a:92:232
2026-10-04 18:51:33.963000 [V:onnxruntime:, session_state.cc:1385 VerifyEachNodeIsAssignedToAnEp]   Mul (/model/layers.2/self_attn/Mul) d95923ea-2a75-4757-a86c-99d425e3974a:92:232
2026-10-04 18:51:33.963000 [V:onnxruntime:, session_state.cc:1385 VerifyEachNodeIsAssignedToAnEp]   Mul (/model/layers.2/self_attn/Mul_2) d95923ea-2a75-4757-a86c-99d425e3974a:92:232
2026-10-04 18:51:33.963999 [V:onnxruntime:, session_state.cc:1385 VerifyEachNodeIsAssignedToAnEp]   Concat (/model/layers.2/self_attn/Concat_6) d95923ea-2a75-4757-a86c-99d425e3974a:92:232
2026-10-04 18:51:33.963999 [V:onnxruntime:, session_state.cc:1385 VerifyEachNodeIsAssignedToAnEp]   Slice (/model/layers.2/self_attn/Slice) d95923ea-2a75-4757-a86c-99d425e3974a:92:232
2026-10-04 18:51:33.963999 [V:onnxruntime:, session_state.cc:1385 VerifyEachNodeIsAssignedToAnEp]   Slice (/model/layers.2/self_attn/Slice_1) d95923ea-2a75-4757-a86c-99d425e3974a:92:232
2026-10-04 18:51:33.963999 [V:onnxruntime:, session_state.cc:1385 VerifyEachNodeIsAssignedToAnEp]   Slice (/model/layers.2/self_attn/Slice_2) d95923ea-2a75-4757-a86c-99d425e3974a:92:232
2026-10-04 18:51:33.963999 [V:onnxruntime:, session_state.cc:1385 VerifyEachNodeIsAssignedToAnEp]   Slice (/model/layers.2/self_attn/Slice_3) d95923ea-2a75-4757-a86c-99d425e3974a:92:232
2026-10-04 18:51:33.965000 [V:onnxruntime:, session_state.cc:1385 VerifyEachNodeIsAssignedToAnEp]   Shape (/model/layers.2/self_attn/Shape_9) d95923ea-2a75-4757-a86c-99d425e3974a:92:232
2026-10-04 18:51:33.965000 [V:onnxruntime:, session_state.cc:1385 VerifyEachNodeIsAssignedToAnEp]   Unsqueeze (/model/layers.2/self_attn/Unsqueeze_19) d95923ea-2a75-4757-a86c-99d425e3974a:92:232
2026-10-04 18:51:33.965000 [V:onnxruntime:, session_state.cc:1385 VerifyEachNodeIsAssignedToAnEp]   Neg (/model/layers.2/self_attn/Neg) d95923ea-2a75-4757-a86c-99d425e3974a:92:232
2026-10-04 18:51:33.965000 [V:onnxruntime:, session_state.cc:1385 VerifyEachNodeIsAssignedToAnEp]   Neg (/model/layers.2/self_attn/Neg_1) d95923ea-2a75-4757-a86c-99d425e3974a:92:232
2026-10-04 18:51:33.965000 [V:onnxruntime:, session_state.cc:1385 VerifyEachNodeIsAssignedToAnEp]   Concat (/model/layers.2/self_attn/Concat_3) d95923ea-2a75-4757-a86c-99d425e3974a:92:232
2026-10-04 18:51:33.965000 [V:onnxruntime:, session_state.cc:1385 VerifyEachNodeIsAssignedToAnEp]   Concat (/model/layers.2/self_attn/Concat_4) d95923ea-2a75-4757-a86c-99d425e3974a:92:232
2026-10-04 18:51:33.966000 [V:onnxruntime:, session_state.cc:1385 VerifyEachNodeIsAssignedToAnEp]   Mul (/model/layers.2/self_attn/Mul_1) d95923ea-2a75-4757-a86c-99d425e3974a:92:232
2026-10-04 18:51:33.966000 [V:onnxruntime:, session_state.cc:1385 VerifyEachNodeIsAssignedToAnEp]   Mul (/model/layers.2/self_attn/Mul_3) d95923ea-2a75-4757-a86c-99d425e3974a:92:232
2026-10-04 18:51:33.966000 [V:onnxruntime:, session_state.cc:1385 VerifyEachNodeIsAssignedToAnEp]   Add (/model/layers.2/self_attn/Add) d95923ea-2a75-4757-a86c-99d425e3974a:92:232
2026-10-04 18:51:33.966000 [V:onnxruntime:, session_state.cc:1385 VerifyEachNodeIsAssignedToAnEp]   Add (/model/layers.2/self_attn/Add_1) d95923ea-2a75-4757-a86c-99d425e3974a:92:232
2026-10-04 18:51:33.966000 [V:onnxruntime:, session_state.cc:1385 VerifyEachNodeIsAssignedToAnEp]   Concat (/model/layers.2/self_attn/Concat_5) d95923ea-2a75-4757-a86c-99d425e3974a:92:232
2026-10-04 18:51:33.966000 [V:onnxruntime:, session_state.cc:1385 VerifyEachNodeIsAssignedToAnEp]   Mul (/model/layers.2/self_attn/Mul_8) d95923ea-2a75-4757-a86c-99d425e3974a:92:232
2026-10-04 18:51:33.967000 [V:onnxruntime:, session_state.cc:1385 VerifyEachNodeIsAssignedToAnEp]   Shape (/model/layers.2/self_attn/Shape_4) d95923ea-2a75-4757-a86c-99d425e3974a:92:232
2026-10-04 18:51:33.967000 [V:onnxruntime:, session_state.cc:1385 VerifyEachNodeIsAssignedToAnEp]   Unsqueeze (/model/layers.2/self_attn/Unsqueeze_10) d95923ea-2a75-4757-a86c-99d425e3974a:92:232
2026-10-04 18:51:33.967000 [V:onnxruntime:, session_state.cc:1385 VerifyEachNodeIsAssignedToAnEp]   Expand (/model/layers.2/self_attn/Expand_1) d95923ea-2a75-4757-a86c-99d425e3974a:92:232
2026-10-04 18:51:33.967000 [V:onnxruntime:, session_state.cc:1385 VerifyEachNodeIsAssignedToAnEp]   Reshape (/model/layers.2/self_attn/Reshape_6) d95923ea-2a75-4757-a86c-99d425e3974a:92:232
2026-10-04 18:51:33.967000 [V:onnxruntime:, session_state.cc:1385 VerifyEachNodeIsAssignedToAnEp]   Expand (/model/layers.2/self_attn/Expand) d95923ea-2a75-4757-a86c-99d425e3974a:92:232
2026-10-04 18:51:33.967000 [V:onnxruntime:, session_state.cc:1385 VerifyEachNodeIsAssignedToAnEp]   Reshape (/model/layers.2/self_attn/Reshape_4) d95923ea-2a75-4757-a86c-99d425e3974a:92:232
2026-10-04 18:51:33.967000 [V:onnxruntime:, session_state.cc:1385 VerifyEachNodeIsAssignedToAnEp]   Shape (/model/layers.2/self_attn/Shape_14) d95923ea-2a75-4757-a86c-99d425e3974a:92:232
2026-10-04 18:51:33.967999 [V:onnxruntime:, session_state.cc:1385 VerifyEachNodeIsAssignedToAnEp]   Transpose (/model/layers.2/self_attn/Transpose_3) d95923ea-2a75-4757-a86c-99d425e3974a:92:232
2026-10-04 18:51:33.968999 [V:onnxruntime:, session_state.cc:1385 VerifyEachNodeIsAssignedToAnEp]   Mul (/model/layers.2/self_attn/Mul_9) d95923ea-2a75-4757-a86c-99d425e3974a:92:232
2026-10-04 18:51:33.968999 [V:onnxruntime:, session_state.cc:1385 VerifyEachNodeIsAssignedToAnEp]   MatMul (/model/layers.2/self_attn/MatMul) d95923ea-2a75-4757-a86c-99d425e3974a:92:232
2026-10-04 18:51:33.968999 [V:onnxruntime:, session_state.cc:1385 VerifyEachNodeIsAssignedToAnEp]   Slice (/model/layers.2/self_attn/Slice_4) d95923ea-2a75-4757-a86c-99d425e3974a:92:232
2026-10-04 18:51:33.968999 [V:onnxruntime:, session_state.cc:1385 VerifyEachNodeIsAssignedToAnEp]   Add (/model/layers.2/self_attn/Add_2) d95923ea-2a75-4757-a86c-99d425e3974a:92:232
2026-10-04 18:51:33.968999 [V:onnxruntime:, session_state.cc:1385 VerifyEachNodeIsAssignedToAnEp]   Softmax (/model/layers.2/self_attn/Softmax) d95923ea-2a75-4757-a86c-99d425e3974a:92:232
2026-10-04 18:51:33.968999 [V:onnxruntime:, session_state.cc:1385 VerifyEachNodeIsAssignedToAnEp]   MatMul (/model/layers.2/self_attn/MatMul_1) d95923ea-2a75-4757-a86c-99d425e3974a:92:232
2026-10-04 18:51:33.970000 [V:onnxruntime:, session_state.cc:1385 VerifyEachNodeIsAssignedToAnEp]   Transpose (/model/layers.2/self_attn/Transpose_4) d95923ea-2a75-4757-a86c-99d425e3974a:92:232
2026-10-04 18:51:33.970000 [V:onnxruntime:, session_state.cc:1385 VerifyEachNodeIsAssignedToAnEp]   Reshape (/model/layers.2/self_attn/Reshape_7) d95923ea-2a75-4757-a86c-99d425e3974a:92:232
2026-10-04 18:51:33.970000 [V:onnxruntime:, session_state.cc:1385 VerifyEachNodeIsAssignedToAnEp]   MatMulNBits (/model/layers.2/self_attn/o_proj/MatMul_Q4) d95923ea-2a75-4757-a86c-99d425e3974a:92:232
2026-10-04 18:51:33.970000 [V:onnxruntime:, session_state.cc:1385 VerifyEachNodeIsAssignedToAnEp]   Add (/model/layers.2/Add) d95923ea-2a75-4757-a86c-99d425e3974a:92:232
2026-10-04 18:51:33.970000 [V:onnxruntime:, session_state.cc:1385 VerifyEachNodeIsAssignedToAnEp]   Pow (/model/layers.2/post_attention_layernorm/Pow) d95923ea-2a75-4757-a86c-99d425e3974a:92:232
2026-10-04 18:51:33.970000 [V:onnxruntime:, session_state.cc:1385 VerifyEachNodeIsAssignedToAnEp]   ReduceMean (/model/layers.2/post_attention_layernorm/ReduceMean) d95923ea-2a75-4757-a86c-99d425e3974a:92:232
2026-10-04 18:51:33.970000 [V:onnxruntime:, session_state.cc:1385 VerifyEachNodeIsAssignedToAnEp]   Add (/model/layers.2/post_attention_layernorm/Add) d95923ea-2a75-4757-a86c-99d425e3974a:92:232
2026-10-04 18:51:33.971000 [V:onnxruntime:, session_state.cc:1385 VerifyEachNodeIsAssignedToAnEp]   Sqrt (/model/layers.2/post_attention_layernorm/Sqrt) d95923ea-2a75-4757-a86c-99d425e3974a:92:232
2026-10-04 18:51:33.971000 [V:onnxruntime:, session_state.cc:1385 VerifyEachNodeIsAssignedToAnEp]   Div (/model/layers.2/post_attention_layernorm/Div) d95923ea-2a75-4757-a86c-99d425e3974a:92:232
2026-10-04 18:51:33.971000 [V:onnxruntime:, session_state.cc:1385 VerifyEachNodeIsAssignedToAnEp]   Mul (/model/layers.2/post_attention_layernorm/Mul_1) d95923ea-2a75-4757-a86c-99d425e3974a:92:232
2026-10-04 18:51:33.971000 [V:onnxruntime:, session_state.cc:1385 VerifyEachNodeIsAssignedToAnEp]   MatMulNBits (/model/layers.2/mlp/gate_proj/MatMul_Q4) d95923ea-2a75-4757-a86c-99d425e3974a:92:232
2026-10-04 18:51:33.971000 [V:onnxruntime:, session_state.cc:1385 VerifyEachNodeIsAssignedToAnEp]   MatMulNBits (/model/layers.2/mlp/up_proj/MatMul_Q4) d95923ea-2a75-4757-a86c-99d425e3974a:92:232
2026-10-04 18:51:33.971000 [V:onnxruntime:, session_state.cc:1385 VerifyEachNodeIsAssignedToAnEp]   Mul (/model/layers.2/mlp/Mul) d95923ea-2a75-4757-a86c-99d425e3974a:92:232
2026-10-04 18:51:33.971999 [V:onnxruntime:, session_state.cc:1385 VerifyEachNodeIsAssignedToAnEp]   MatMulNBits (/model/layers.2/mlp/down_proj/MatMul_Q4) d95923ea-2a75-4757-a86c-99d425e3974a:92:232
2026-10-04 18:51:33.971999 [V:onnxruntime:, session_state.cc:1385 VerifyEachNodeIsAssignedToAnEp]   Add (/model/layers.2/Add_1) d95923ea-2a75-4757-a86c-99d425e3974a:92:232
2026-10-04 18:51:33.971999 [V:onnxruntime:, session_state.cc:1385 VerifyEachNodeIsAssignedToAnEp]   Pow (/model/layers.3/input_layernorm/Pow) d95923ea-2a75-4757-a86c-99d425e3974a:92:232
2026-10-04 18:51:33.971999 [V:onnxruntime:, session_state.cc:1385 VerifyEachNodeIsAssignedToAnEp]   ReduceMean (/model/layers.3/input_layernorm/ReduceMean) d95923ea-2a75-4757-a86c-99d425e3974a:92:232
2026-10-04 18:51:33.971999 [V:onnxruntime:, session_state.cc:1385 VerifyEachNodeIsAssignedToAnEp]   Add (/model/layers.3/input_layernorm/Add) d95923ea-2a75-4757-a86c-99d425e3974a:92:232
2026-10-04 18:51:33.973000 [V:onnxruntime:, session_state.cc:1385 VerifyEachNodeIsAssignedToAnEp]   Sqrt (/model/layers.3/input_layernorm/Sqrt) d95923ea-2a75-4757-a86c-99d425e3974a:92:232
2026-10-04 18:51:33.973000 [V:onnxruntime:, session_state.cc:1385 VerifyEachNodeIsAssignedToAnEp]   Div (/model/layers.3/input_layernorm/Div) d95923ea-2a75-4757-a86c-99d425e3974a:92:232
2026-10-04 18:51:33.973000 [V:onnxruntime:, session_state.cc:1385 VerifyEachNodeIsAssignedToAnEp]   Mul (/model/layers.3/input_layernorm/Mul_1) d95923ea-2a75-4757-a86c-99d425e3974a:92:232
2026-10-04 18:51:33.973000 [V:onnxruntime:, session_state.cc:1385 VerifyEachNodeIsAssignedToAnEp]   Shape (/model/layers.3/self_attn/Shape) d95923ea-2a75-4757-a86c-99d425e3974a:92:232
2026-10-04 18:51:33.973000 [V:onnxruntime:, session_state.cc:1385 VerifyEachNodeIsAssignedToAnEp]   MatMulNBits (/model/layers.3/self_attn/q_proj/MatMul_Q4) d95923ea-2a75-4757-a86c-99d425e3974a:92:232
2026-10-04 18:51:33.973000 [V:onnxruntime:, session_state.cc:1385 VerifyEachNodeIsAssignedToAnEp]   MatMulNBits (/model/layers.3/self_attn/k_proj/MatMul_Q4) d95923ea-2a75-4757-a86c-99d425e3974a:92:232
2026-10-04 18:51:33.973000 [V:onnxruntime:, session_state.cc:1385 VerifyEachNodeIsAssignedToAnEp]   MatMulNBits (/model/layers.3/self_attn/v_proj/MatMul_Q4) d95923ea-2a75-4757-a86c-99d425e3974a:92:232
2026-10-04 18:51:33.974000 [V:onnxruntime:, session_state.cc:1385 VerifyEachNodeIsAssignedToAnEp]   Reshape (/model/layers.3/self_attn/Reshape) d95923ea-2a75-4757-a86c-99d425e3974a:92:232
2026-10-04 18:51:33.974000 [V:onnxruntime:, session_state.cc:1385 VerifyEachNodeIsAssignedToAnEp]   Reshape (/model/layers.3/self_attn/Reshape_1) d95923ea-2a75-4757-a86c-99d425e3974a:92:232
2026-10-04 18:51:33.974000 [V:onnxruntime:, session_state.cc:1385 VerifyEachNodeIsAssignedToAnEp]   Reshape (/model/layers.3/self_attn/Reshape_2) d95923ea-2a75-4757-a86c-99d425e3974a:92:232
2026-10-04 18:51:33.974000 [V:onnxruntime:, session_state.cc:1385 VerifyEachNodeIsAssignedToAnEp]   Transpose (/model/layers.3/self_attn/Transpose) d95923ea-2a75-4757-a86c-99d425e3974a:92:232
2026-10-04 18:51:33.974000 [V:onnxruntime:, session_state.cc:1385 VerifyEachNodeIsAssignedToAnEp]   Transpose (/model/layers.3/self_attn/Transpose_1) d95923ea-2a75-4757-a86c-99d425e3974a:92:232
2026-10-04 18:51:33.974000 [V:onnxruntime:, session_state.cc:1385 VerifyEachNodeIsAssignedToAnEp]   Transpose (/model/layers.3/self_attn/Transpose_2) d95923ea-2a75-4757-a86c-99d425e3974a:92:232
2026-10-04 18:51:33.975000 [V:onnxruntime:, session_state.cc:1385 VerifyEachNodeIsAssignedToAnEp]   Mul (/model/layers.3/self_attn/Mul) d95923ea-2a75-4757-a86c-99d425e3974a:92:232
2026-10-04 18:51:33.975000 [V:onnxruntime:, session_state.cc:1385 VerifyEachNodeIsAssignedToAnEp]   Mul (/model/layers.3/self_attn/Mul_2) d95923ea-2a75-4757-a86c-99d425e3974a:92:232
2026-10-04 18:51:33.975000 [V:onnxruntime:, session_state.cc:1385 VerifyEachNodeIsAssignedToAnEp]   Concat (/model/layers.3/self_attn/Concat_6) d95923ea-2a75-4757-a86c-99d425e3974a:92:232
2026-10-04 18:51:33.975000 [V:onnxruntime:, session_state.cc:1385 VerifyEachNodeIsAssignedToAnEp]   Slice (/model/layers.3/self_attn/Slice) d95923ea-2a75-4757-a86c-99d425e3974a:92:232
2026-10-04 18:51:33.975000 [V:onnxruntime:, session_state.cc:1385 VerifyEachNodeIsAssignedToAnEp]   Slice (/model/layers.3/self_attn/Slice_1) d95923ea-2a75-4757-a86c-99d425e3974a:92:232
2026-10-04 18:51:33.975000 [V:onnxruntime:, session_state.cc:1385 VerifyEachNodeIsAssignedToAnEp]   Slice (/model/layers.3/self_attn/Slice_2) d95923ea-2a75-4757-a86c-99d425e3974a:92:232
2026-10-04 18:51:33.975999 [V:onnxruntime:, session_state.cc:1385 VerifyEachNodeIsAssignedToAnEp]   Slice (/model/layers.3/self_attn/Slice_3) d95923ea-2a75-4757-a86c-99d425e3974a:92:232
2026-10-04 18:51:33.975999 [V:onnxruntime:, session_state.cc:1385 VerifyEachNodeIsAssignedToAnEp]   Shape (/model/layers.3/self_attn/Shape_9) d95923ea-2a75-4757-a86c-99d425e3974a:92:232
2026-10-04 18:51:33.975999 [V:onnxruntime:, session_state.cc:1385 VerifyEachNodeIsAssignedToAnEp]   Unsqueeze (/model/layers.3/self_attn/Unsqueeze_19) d95923ea-2a75-4757-a86c-99d425e3974a:92:232
2026-10-04 18:51:33.975999 [V:onnxruntime:, session_state.cc:1385 VerifyEachNodeIsAssignedToAnEp]   Neg (/model/layers.3/self_attn/Neg) d95923ea-2a75-4757-a86c-99d425e3974a:92:232
2026-10-04 18:51:33.975999 [V:onnxruntime:, session_state.cc:1385 VerifyEachNodeIsAssignedToAnEp]   Neg (/model/layers.3/self_attn/Neg_1) d95923ea-2a75-4757-a86c-99d425e3974a:92:232
2026-10-04 18:51:33.975999 [V:onnxruntime:, session_state.cc:1385 VerifyEachNodeIsAssignedToAnEp]   Concat (/model/layers.3/self_attn/Concat_3) d95923ea-2a75-4757-a86c-99d425e3974a:92:232
2026-10-04 18:51:33.975999 [V:onnxruntime:, session_state.cc:1385 VerifyEachNodeIsAssignedToAnEp]   Concat (/model/layers.3/self_attn/Concat_4) d95923ea-2a75-4757-a86c-99d425e3974a:92:232
2026-10-04 18:51:33.975999 [V:onnxruntime:, session_state.cc:1385 VerifyEachNodeIsAssignedToAnEp]   Mul (/model/layers.3/self_attn/Mul_1) d95923ea-2a75-4757-a86c-99d425e3974a:92:232
2026-10-04 18:51:33.975999 [V:onnxruntime:, session_state.cc:1385 VerifyEachNodeIsAssignedToAnEp]   Mul (/model/layers.3/self_attn/Mul_3) d95923ea-2a75-4757-a86c-99d425e3974a:92:232
2026-10-04 18:51:33.976999 [V:onnxruntime:, session_state.cc:1385 VerifyEachNodeIsAssignedToAnEp]   Add (/model/layers.3/self_attn/Add) d95923ea-2a75-4757-a86c-99d425e3974a:92:232
2026-10-04 18:51:33.976999 [V:onnxruntime:, session_state.cc:1385 VerifyEachNodeIsAssignedToAnEp]   Add (/model/layers.3/self_attn/Add_1) d95923ea-2a75-4757-a86c-99d425e3974a:92:232
2026-10-04 18:51:33.976999 [V:onnxruntime:, session_state.cc:1385 VerifyEachNodeIsAssignedToAnEp]   Concat (/model/layers.3/self_attn/Concat_5) d95923ea-2a75-4757-a86c-99d425e3974a:92:232
2026-10-04 18:51:33.976999 [V:onnxruntime:, session_state.cc:1385 VerifyEachNodeIsAssignedToAnEp]   Mul (/model/layers.3/self_attn/Mul_8) d95923ea-2a75-4757-a86c-99d425e3974a:92:232
2026-10-04 18:51:33.976999 [V:onnxruntime:, session_state.cc:1385 VerifyEachNodeIsAssignedToAnEp]   Shape (/model/layers.3/self_attn/Shape_4) d95923ea-2a75-4757-a86c-99d425e3974a:92:232
2026-10-04 18:51:33.976999 [V:onnxruntime:, session_state.cc:1385 VerifyEachNodeIsAssignedToAnEp]   Unsqueeze (/model/layers.3/self_attn/Unsqueeze_10) d95923ea-2a75-4757-a86c-99d425e3974a:92:232
2026-10-04 18:51:33.976999 [V:onnxruntime:, session_state.cc:1385 VerifyEachNodeIsAssignedToAnEp]   Expand (/model/layers.3/self_attn/Expand_1) d95923ea-2a75-4757-a86c-99d425e3974a:92:232
2026-10-04 18:51:33.978000 [V:onnxruntime:, session_state.cc:1385 VerifyEachNodeIsAssignedToAnEp]   Reshape (/model/layers.3/self_attn/Reshape_6) d95923ea-2a75-4757-a86c-99d425e3974a:92:232
2026-10-04 18:51:33.978000 [V:onnxruntime:, session_state.cc:1385 VerifyEachNodeIsAssignedToAnEp]   Expand (/model/layers.3/self_attn/Expand) d95923ea-2a75-4757-a86c-99d425e3974a:92:232
2026-10-04 18:51:33.978000 [V:onnxruntime:, session_state.cc:1385 VerifyEachNodeIsAssignedToAnEp]   Reshape (/model/layers.3/self_attn/Reshape_4) d95923ea-2a75-4757-a86c-99d425e3974a:92:232
2026-10-04 18:51:33.978000 [V:onnxruntime:, session_state.cc:1385 VerifyEachNodeIsAssignedToAnEp]   Shape (/model/layers.3/self_attn/Shape_14) d95923ea-2a75-4757-a86c-99d425e3974a:92:232
2026-10-04 18:51:33.978000 [V:onnxruntime:, session_state.cc:1385 VerifyEachNodeIsAssignedToAnEp]   Transpose (/model/layers.3/self_attn/Transpose_3) d95923ea-2a75-4757-a86c-99d425e3974a:92:232
2026-10-04 18:51:33.978000 [V:onnxruntime:, session_state.cc:1385 VerifyEachNodeIsAssignedToAnEp]   Mul (/model/layers.3/self_attn/Mul_9) d95923ea-2a75-4757-a86c-99d425e3974a:92:232
2026-10-04 18:51:33.978000 [V:onnxruntime:, session_state.cc:1385 VerifyEachNodeIsAssignedToAnEp]   MatMul (/model/layers.3/self_attn/MatMul) d95923ea-2a75-4757-a86c-99d425e3974a:92:232
2026-10-04 18:51:33.979000 [V:onnxruntime:, session_state.cc:1385 VerifyEachNodeIsAssignedToAnEp]   Slice (/model/layers.3/self_attn/Slice_4) d95923ea-2a75-4757-a86c-99d425e3974a:92:232
2026-10-04 18:51:33.979000 [V:onnxruntime:, session_state.cc:1385 VerifyEachNodeIsAssignedToAnEp]   Add (/model/layers.3/self_attn/Add_2) d95923ea-2a75-4757-a86c-99d425e3974a:92:232
2026-10-04 18:51:33.979000 [V:onnxruntime:, session_state.cc:1385 VerifyEachNodeIsAssignedToAnEp]   Softmax (/model/layers.3/self_attn/Softmax) d95923ea-2a75-4757-a86c-99d425e3974a:92:232
2026-10-04 18:51:33.979000 [V:onnxruntime:, session_state.cc:1385 VerifyEachNodeIsAssignedToAnEp]   MatMul (/model/layers.3/self_attn/MatMul_1) d95923ea-2a75-4757-a86c-99d425e3974a:92:232
2026-10-04 18:51:33.979000 [V:onnxruntime:, session_state.cc:1385 VerifyEachNodeIsAssignedToAnEp]   Transpose (/model/layers.3/self_attn/Transpose_4) d95923ea-2a75-4757-a86c-99d425e3974a:92:232
2026-10-04 18:51:33.979000 [V:onnxruntime:, session_state.cc:1385 VerifyEachNodeIsAssignedToAnEp]   Reshape (/model/layers.3/self_attn/Reshape_7) d95923ea-2a75-4757-a86c-99d425e3974a:92:232
2026-10-04 18:51:33.979999 [V:onnxruntime:, session_state.cc:1385 VerifyEachNodeIsAssignedToAnEp]   MatMulNBits (/model/layers.3/self_attn/o_proj/MatMul_Q4) d95923ea-2a75-4757-a86c-99d425e3974a:92:232
2026-10-04 18:51:33.979999 [V:onnxruntime:, session_state.cc:1385 VerifyEachNodeIsAssignedToAnEp]   Add (/model/layers.3/Add) d95923ea-2a75-4757-a86c-99d425e3974a:92:232
2026-10-04 18:51:33.979999 [V:onnxruntime:, session_state.cc:1385 VerifyEachNodeIsAssignedToAnEp]   Pow (/model/layers.3/post_attention_layernorm/Pow) d95923ea-2a75-4757-a86c-99d425e3974a:92:232
2026-10-04 18:51:33.979999 [V:onnxruntime:, session_state.cc:1385 VerifyEachNodeIsAssignedToAnEp]   ReduceMean (/model/layers.3/post_attention_layernorm/ReduceMean) d95923ea-2a75-4757-a86c-99d425e3974a:92:232
2026-10-04 18:51:33.979999 [V:onnxruntime:, session_state.cc:1385 VerifyEachNodeIsAssignedToAnEp]   Add (/model/layers.3/post_attention_layernorm/Add) d95923ea-2a75-4757-a86c-99d425e3974a:92:232
2026-10-04 18:51:33.979999 [V:onnxruntime:, session_state.cc:1385 VerifyEachNodeIsAssignedToAnEp]   Sqrt (/model/layers.3/post_attention_layernorm/Sqrt) d95923ea-2a75-4757-a86c-99d425e3974a:92:232
2026-10-04 18:51:33.981000 [V:onnxruntime:, session_state.cc:1385 VerifyEachNodeIsAssignedToAnEp]   Div (/model/layers.3/post_attention_layernorm/Div) d95923ea-2a75-4757-a86c-99d425e3974a:92:232
2026-10-04 18:51:33.981000 [V:onnxruntime:, session_state.cc:1385 VerifyEachNodeIsAssignedToAnEp]   Mul (/model/layers.3/post_attention_layernorm/Mul_1) d95923ea-2a75-4757-a86c-99d425e3974a:92:232
2026-10-04 18:51:33.981000 [V:onnxruntime:, session_state.cc:1385 VerifyEachNodeIsAssignedToAnEp]   MatMulNBits (/model/layers.3/mlp/gate_proj/MatMul_Q4) d95923ea-2a75-4757-a86c-99d425e3974a:92:232
2026-10-04 18:51:33.981000 [V:onnxruntime:, session_state.cc:1385 VerifyEachNodeIsAssignedToAnEp]   MatMulNBits (/model/layers.3/mlp/up_proj/MatMul_Q4) d95923ea-2a75-4757-a86c-99d425e3974a:92:232
2026-10-04 18:51:33.981000 [V:onnxruntime:, session_state.cc:1385 VerifyEachNodeIsAssignedToAnEp]   Mul (/model/layers.3/mlp/Mul) d95923ea-2a75-4757-a86c-99d425e3974a:92:232
2026-10-04 18:51:33.981000 [V:onnxruntime:, session_state.cc:1385 VerifyEachNodeIsAssignedToAnEp]   MatMulNBits (/model/layers.3/mlp/down_proj/MatMul_Q4) d95923ea-2a75-4757-a86c-99d425e3974a:92:232
2026-10-04 18:51:33.982000 [V:onnxruntime:, session_state.cc:1385 VerifyEachNodeIsAssignedToAnEp]   Add (/model/layers.3/Add_1) d95923ea-2a75-4757-a86c-99d425e3974a:92:232
2026-10-04 18:51:33.982000 [V:onnxruntime:, session_state.cc:1385 VerifyEachNodeIsAssignedToAnEp]   Pow (/model/layers.4/input_layernorm/Pow) d95923ea-2a75-4757-a86c-99d425e3974a:92:232
2026-10-04 18:51:33.982000 [V:onnxruntime:, session_state.cc:1385 VerifyEachNodeIsAssignedToAnEp]   ReduceMean (/model/layers.4/input_layernorm/ReduceMean) d95923ea-2a75-4757-a86c-99d425e3974a:92:232
2026-10-04 18:51:33.982000 [V:onnxruntime:, session_state.cc:1385 VerifyEachNodeIsAssignedToAnEp]   Add (/model/layers.4/input_layernorm/Add) d95923ea-2a75-4757-a86c-99d425e3974a:92:232
2026-10-04 18:51:33.982000 [V:onnxruntime:, session_state.cc:1385 VerifyEachNodeIsAssignedToAnEp]   Sqrt (/model/layers.4/input_layernorm/Sqrt) d95923ea-2a75-4757-a86c-99d425e3974a:92:232
2026-10-04 18:51:33.982000 [V:onnxruntime:, session_state.cc:1385 VerifyEachNodeIsAssignedToAnEp]   Div (/model/layers.4/input_layernorm/Div) d95923ea-2a75-4757-a86c-99d425e3974a:92:232
2026-10-04 18:51:33.982000 [V:onnxruntime:, session_state.cc:1385 VerifyEachNodeIsAssignedToAnEp]   Mul (/model/layers.4/input_layernorm/Mul_1) d95923ea-2a75-4757-a86c-99d425e3974a:92:232
2026-10-04 18:51:33.983000 [V:onnxruntime:, session_state.cc:1385 VerifyEachNodeIsAssignedToAnEp]   Shape (/model/layers.4/self_attn/Shape) d95923ea-2a75-4757-a86c-99d425e3974a:92:232
2026-10-04 18:51:33.983000 [V:onnxruntime:, session_state.cc:1385 VerifyEachNodeIsAssignedToAnEp]   MatMulNBits (/model/layers.4/self_attn/q_proj/MatMul_Q4) d95923ea-2a75-4757-a86c-99d425e3974a:92:232
2026-10-04 18:51:33.983000 [V:onnxruntime:, session_state.cc:1385 VerifyEachNodeIsAssignedToAnEp]   MatMulNBits (/model/layers.4/self_attn/k_proj/MatMul_Q4) d95923ea-2a75-4757-a86c-99d425e3974a:92:232
2026-10-04 18:51:33.983000 [V:onnxruntime:, session_state.cc:1385 VerifyEachNodeIsAssignedToAnEp]   MatMulNBits (/model/layers.4/self_attn/v_proj/MatMul_Q4) d95923ea-2a75-4757-a86c-99d425e3974a:92:232
2026-10-04 18:51:33.983000 [V:onnxruntime:, session_state.cc:1385 VerifyEachNodeIsAssignedToAnEp]   Reshape (/model/layers.4/self_attn/Reshape) d95923ea-2a75-4757-a86c-99d425e3974a:92:232
2026-10-04 18:51:33.983000 [V:onnxruntime:, session_state.cc:1385 VerifyEachNodeIsAssignedToAnEp]   Reshape (/model/layers.4/self_attn/Reshape_1) d95923ea-2a75-4757-a86c-99d425e3974a:92:232
2026-10-04 18:51:33.983999 [V:onnxruntime:, session_state.cc:1385 VerifyEachNodeIsAssignedToAnEp]   Reshape (/model/layers.4/self_attn/Reshape_2) d95923ea-2a75-4757-a86c-99d425e3974a:92:232
2026-10-04 18:51:33.983999 [V:onnxruntime:, session_state.cc:1385 VerifyEachNodeIsAssignedToAnEp]   Transpose (/model/layers.4/self_attn/Transpose) d95923ea-2a75-4757-a86c-99d425e3974a:92:232
2026-10-04 18:51:33.984999 [V:onnxruntime:, session_state.cc:1385 VerifyEachNodeIsAssignedToAnEp]   Transpose (/model/layers.4/self_attn/Transpose_1) d95923ea-2a75-4757-a86c-99d425e3974a:92:232
2026-10-04 18:51:33.984999 [V:onnxruntime:, session_state.cc:1385 VerifyEachNodeIsAssignedToAnEp]   Transpose (/model/layers.4/self_attn/Transpose_2) d95923ea-2a75-4757-a86c-99d425e3974a:92:232
2026-10-04 18:51:33.984999 [V:onnxruntime:, session_state.cc:1385 VerifyEachNodeIsAssignedToAnEp]   Mul (/model/layers.4/self_attn/Mul) d95923ea-2a75-4757-a86c-99d425e3974a:92:232
2026-10-04 18:51:33.984999 [V:onnxruntime:, session_state.cc:1385 VerifyEachNodeIsAssignedToAnEp]   Mul (/model/layers.4/self_attn/Mul_2) d95923ea-2a75-4757-a86c-99d425e3974a:92:232
2026-10-04 18:51:33.984999 [V:onnxruntime:, session_state.cc:1385 VerifyEachNodeIsAssignedToAnEp]   Concat (/model/layers.4/self_attn/Concat_6) d95923ea-2a75-4757-a86c-99d425e3974a:92:232
2026-10-04 18:51:33.984999 [V:onnxruntime:, session_state.cc:1385 VerifyEachNodeIsAssignedToAnEp]   Slice (/model/layers.4/self_attn/Slice) d95923ea-2a75-4757-a86c-99d425e3974a:92:232
2026-10-04 18:51:33.984999 [V:onnxruntime:, session_state.cc:1385 VerifyEachNodeIsAssignedToAnEp]   Slice (/model/layers.4/self_attn/Slice_1) d95923ea-2a75-4757-a86c-99d425e3974a:92:232
2026-10-04 18:51:33.986000 [V:onnxruntime:, session_state.cc:1385 VerifyEachNodeIsAssignedToAnEp]   Slice (/model/layers.4/self_attn/Slice_2) d95923ea-2a75-4757-a86c-99d425e3974a:92:232
2026-10-04 18:51:33.986000 [V:onnxruntime:, session_state.cc:1385 VerifyEachNodeIsAssignedToAnEp]   Slice (/model/layers.4/self_attn/Slice_3) d95923ea-2a75-4757-a86c-99d425e3974a:92:232
2026-10-04 18:51:33.986000 [V:onnxruntime:, session_state.cc:1385 VerifyEachNodeIsAssignedToAnEp]   Shape (/model/layers.4/self_attn/Shape_9) d95923ea-2a75-4757-a86c-99d425e3974a:92:232
2026-10-04 18:51:33.986000 [V:onnxruntime:, session_state.cc:1385 VerifyEachNodeIsAssignedToAnEp]   Unsqueeze (/model/layers.4/self_attn/Unsqueeze_19) d95923ea-2a75-4757-a86c-99d425e3974a:92:232
2026-10-04 18:51:33.986000 [V:onnxruntime:, session_state.cc:1385 VerifyEachNodeIsAssignedToAnEp]   Neg (/model/layers.4/self_attn/Neg) d95923ea-2a75-4757-a86c-99d425e3974a:92:232
2026-10-04 18:51:33.986000 [V:onnxruntime:, session_state.cc:1385 VerifyEachNodeIsAssignedToAnEp]   Neg (/model/layers.4/self_attn/Neg_1) d95923ea-2a75-4757-a86c-99d425e3974a:92:232
2026-10-04 18:51:33.986000 [V:onnxruntime:, session_state.cc:1385 VerifyEachNodeIsAssignedToAnEp]   Concat (/model/layers.4/self_attn/Concat_3) d95923ea-2a75-4757-a86c-99d425e3974a:92:232
2026-10-04 18:51:33.987000 [V:onnxruntime:, session_state.cc:1385 VerifyEachNodeIsAssignedToAnEp]   Concat (/model/layers.4/self_attn/Concat_4) d95923ea-2a75-4757-a86c-99d425e3974a:92:232
2026-10-04 18:51:33.987000 [V:onnxruntime:, session_state.cc:1385 VerifyEachNodeIsAssignedToAnEp]   Mul (/model/layers.4/self_attn/Mul_1) d95923ea-2a75-4757-a86c-99d425e3974a:92:232
2026-10-04 18:51:33.987000 [V:onnxruntime:, session_state.cc:1385 VerifyEachNodeIsAssignedToAnEp]   Mul (/model/layers.4/self_attn/Mul_3) d95923ea-2a75-4757-a86c-99d425e3974a:92:232
2026-10-04 18:51:33.987000 [V:onnxruntime:, session_state.cc:1385 VerifyEachNodeIsAssignedToAnEp]   Add (/model/layers.4/self_attn/Add) d95923ea-2a75-4757-a86c-99d425e3974a:92:232
2026-10-04 18:51:33.987000 [V:onnxruntime:, session_state.cc:1385 VerifyEachNodeIsAssignedToAnEp]   Add (/model/layers.4/self_attn/Add_1) d95923ea-2a75-4757-a86c-99d425e3974a:92:232
2026-10-04 18:51:33.987000 [V:onnxruntime:, session_state.cc:1385 VerifyEachNodeIsAssignedToAnEp]   Concat (/model/layers.4/self_attn/Concat_5) d95923ea-2a75-4757-a86c-99d425e3974a:92:232
2026-10-04 18:51:33.987999 [V:onnxruntime:, session_state.cc:1385 VerifyEachNodeIsAssignedToAnEp]   Mul (/model/layers.4/self_attn/Mul_8) d95923ea-2a75-4757-a86c-99d425e3974a:92:232
2026-10-04 18:51:33.987999 [V:onnxruntime:, session_state.cc:1385 VerifyEachNodeIsAssignedToAnEp]   Shape (/model/layers.4/self_attn/Shape_4) d95923ea-2a75-4757-a86c-99d425e3974a:92:232
2026-10-04 18:51:33.987999 [V:onnxruntime:, session_state.cc:1385 VerifyEachNodeIsAssignedToAnEp]   Unsqueeze (/model/layers.4/self_attn/Unsqueeze_10) d95923ea-2a75-4757-a86c-99d425e3974a:92:232
2026-10-04 18:51:33.987999 [V:onnxruntime:, session_state.cc:1385 VerifyEachNodeIsAssignedToAnEp]   Expand (/model/layers.4/self_attn/Expand_1) d95923ea-2a75-4757-a86c-99d425e3974a:92:232
2026-10-04 18:51:33.987999 [V:onnxruntime:, session_state.cc:1385 VerifyEachNodeIsAssignedToAnEp]   Reshape (/model/layers.4/self_attn/Reshape_6) d95923ea-2a75-4757-a86c-99d425e3974a:92:232
2026-10-04 18:51:33.987999 [V:onnxruntime:, session_state.cc:1385 VerifyEachNodeIsAssignedToAnEp]   Expand (/model/layers.4/self_attn/Expand) d95923ea-2a75-4757-a86c-99d425e3974a:92:232
2026-10-04 18:51:33.987999 [V:onnxruntime:, session_state.cc:1385 VerifyEachNodeIsAssignedToAnEp]   Reshape (/model/layers.4/self_attn/Reshape_4) d95923ea-2a75-4757-a86c-99d425e3974a:92:232
2026-10-04 18:51:33.989000 [V:onnxruntime:, session_state.cc:1385 VerifyEachNodeIsAssignedToAnEp]   Shape (/model/layers.4/self_attn/Shape_14) d95923ea-2a75-4757-a86c-99d425e3974a:92:232
2026-10-04 18:51:33.989000 [V:onnxruntime:, session_state.cc:1385 VerifyEachNodeIsAssignedToAnEp]   Transpose (/model/layers.4/self_attn/Transpose_3) d95923ea-2a75-4757-a86c-99d425e3974a:92:232
2026-10-04 18:51:33.989000 [V:onnxruntime:, session_state.cc:1385 VerifyEachNodeIsAssignedToAnEp]   Mul (/model/layers.4/self_attn/Mul_9) d95923ea-2a75-4757-a86c-99d425e3974a:92:232
2026-10-04 18:51:33.989000 [V:onnxruntime:, session_state.cc:1385 VerifyEachNodeIsAssignedToAnEp]   MatMul (/model/layers.4/self_attn/MatMul) d95923ea-2a75-4757-a86c-99d425e3974a:92:232
2026-10-04 18:51:33.989000 [V:onnxruntime:, session_state.cc:1385 VerifyEachNodeIsAssignedToAnEp]   Slice (/model/layers.4/self_attn/Slice_4) d95923ea-2a75-4757-a86c-99d425e3974a:92:232
2026-10-04 18:51:33.989000 [V:onnxruntime:, session_state.cc:1385 VerifyEachNodeIsAssignedToAnEp]   Add (/model/layers.4/self_attn/Add_2) d95923ea-2a75-4757-a86c-99d425e3974a:92:232
2026-10-04 18:51:33.990000 [V:onnxruntime:, session_state.cc:1385 VerifyEachNodeIsAssignedToAnEp]   Softmax (/model/layers.4/self_attn/Softmax) d95923ea-2a75-4757-a86c-99d425e3974a:92:232
2026-10-04 18:51:33.990000 [V:onnxruntime:, session_state.cc:1385 VerifyEachNodeIsAssignedToAnEp]   MatMul (/model/layers.4/self_attn/MatMul_1) d95923ea-2a75-4757-a86c-99d425e3974a:92:232
2026-10-04 18:51:33.990000 [V:onnxruntime:, session_state.cc:1385 VerifyEachNodeIsAssignedToAnEp]   Transpose (/model/layers.4/self_attn/Transpose_4) d95923ea-2a75-4757-a86c-99d425e3974a:92:232
2026-10-04 18:51:33.990000 [V:onnxruntime:, session_state.cc:1385 VerifyEachNodeIsAssignedToAnEp]   Reshape (/model/layers.4/self_attn/Reshape_7) d95923ea-2a75-4757-a86c-99d425e3974a:92:232
2026-10-04 18:51:33.990000 [V:onnxruntime:, session_state.cc:1385 VerifyEachNodeIsAssignedToAnEp]   MatMulNBits (/model/layers.4/self_attn/o_proj/MatMul_Q4) d95923ea-2a75-4757-a86c-99d425e3974a:92:232
2026-10-04 18:51:33.990000 [V:onnxruntime:, session_state.cc:1385 VerifyEachNodeIsAssignedToAnEp]   Add (/model/layers.4/Add) d95923ea-2a75-4757-a86c-99d425e3974a:92:232
2026-10-04 18:51:33.990000 [V:onnxruntime:, session_state.cc:1385 VerifyEachNodeIsAssignedToAnEp]   Pow (/model/layers.4/post_attention_layernorm/Pow) d95923ea-2a75-4757-a86c-99d425e3974a:92:232
2026-10-04 18:51:33.991000 [V:onnxruntime:, session_state.cc:1385 VerifyEachNodeIsAssignedToAnEp]   ReduceMean (/model/layers.4/post_attention_layernorm/ReduceMean) d95923ea-2a75-4757-a86c-99d425e3974a:92:232
2026-10-04 18:51:33.991000 [V:onnxruntime:, session_state.cc:1385 VerifyEachNodeIsAssignedToAnEp]   Add (/model/layers.4/post_attention_layernorm/Add) d95923ea-2a75-4757-a86c-99d425e3974a:92:232
2026-10-04 18:51:33.991000 [V:onnxruntime:, session_state.cc:1385 VerifyEachNodeIsAssignedToAnEp]   Sqrt (/model/layers.4/post_attention_layernorm/Sqrt) d95923ea-2a75-4757-a86c-99d425e3974a:92:232
2026-10-04 18:51:33.991000 [V:onnxruntime:, session_state.cc:1385 VerifyEachNodeIsAssignedToAnEp]   Div (/model/layers.4/post_attention_layernorm/Div) d95923ea-2a75-4757-a86c-99d425e3974a:92:232
2026-10-04 18:51:33.991000 [V:onnxruntime:, session_state.cc:1385 VerifyEachNodeIsAssignedToAnEp]   Mul (/model/layers.4/post_attention_layernorm/Mul_1) d95923ea-2a75-4757-a86c-99d425e3974a:92:232
2026-10-04 18:51:33.991000 [V:onnxruntime:, session_state.cc:1385 VerifyEachNodeIsAssignedToAnEp]   MatMulNBits (/model/layers.4/mlp/gate_proj/MatMul_Q4) d95923ea-2a75-4757-a86c-99d425e3974a:92:232
2026-10-04 18:51:33.991000 [V:onnxruntime:, session_state.cc:1385 VerifyEachNodeIsAssignedToAnEp]   MatMulNBits (/model/layers.4/mlp/up_proj/MatMul_Q4) d95923ea-2a75-4757-a86c-99d425e3974a:92:232
2026-10-04 18:51:33.991999 [V:onnxruntime:, session_state.cc:1385 VerifyEachNodeIsAssignedToAnEp]   Mul (/model/layers.4/mlp/Mul) d95923ea-2a75-4757-a86c-99d425e3974a:92:232
2026-10-04 18:51:33.991999 [V:onnxruntime:, session_state.cc:1385 VerifyEachNodeIsAssignedToAnEp]   MatMulNBits (/model/layers.4/mlp/down_proj/MatMul_Q4) d95923ea-2a75-4757-a86c-99d425e3974a:92:232
2026-10-04 18:51:33.991999 [V:onnxruntime:, session_state.cc:1385 VerifyEachNodeIsAssignedToAnEp]   Add (/model/layers.4/Add_1) d95923ea-2a75-4757-a86c-99d425e3974a:92:232
2026-10-04 18:51:33.991999 [V:onnxruntime:, session_state.cc:1385 VerifyEachNodeIsAssignedToAnEp]   Pow (/model/layers.5/input_layernorm/Pow) d95923ea-2a75-4757-a86c-99d425e3974a:92:232
2026-10-04 18:51:33.991999 [V:onnxruntime:, session_state.cc:1385 VerifyEachNodeIsAssignedToAnEp]   ReduceMean (/model/layers.5/input_layernorm/ReduceMean) d95923ea-2a75-4757-a86c-99d425e3974a:92:232
2026-10-04 18:51:33.991999 [V:onnxruntime:, session_state.cc:1385 VerifyEachNodeIsAssignedToAnEp]   Add (/model/layers.5/input_layernorm/Add) d95923ea-2a75-4757-a86c-99d425e3974a:92:232
2026-10-04 18:51:33.991999 [V:onnxruntime:, session_state.cc:1385 VerifyEachNodeIsAssignedToAnEp]   Sqrt (/model/layers.5/input_layernorm/Sqrt) d95923ea-2a75-4757-a86c-99d425e3974a:92:232
2026-10-04 18:51:33.992999 [V:onnxruntime:, session_state.cc:1385 VerifyEachNodeIsAssignedToAnEp]   Div (/model/layers.5/input_layernorm/Div) d95923ea-2a75-4757-a86c-99d425e3974a:92:232
2026-10-04 18:51:33.992999 [V:onnxruntime:, session_state.cc:1385 VerifyEachNodeIsAssignedToAnEp]   Mul (/model/layers.5/input_layernorm/Mul_1) d95923ea-2a75-4757-a86c-99d425e3974a:92:232
2026-10-04 18:51:33.992999 [V:onnxruntime:, session_state.cc:1385 VerifyEachNodeIsAssignedToAnEp]   Shape (/model/layers.5/self_attn/Shape) d95923ea-2a75-4757-a86c-99d425e3974a:92:232
2026-10-04 18:51:33.992999 [V:onnxruntime:, session_state.cc:1385 VerifyEachNodeIsAssignedToAnEp]   MatMulNBits (/model/layers.5/self_attn/q_proj/MatMul_Q4) d95923ea-2a75-4757-a86c-99d425e3974a:92:232
2026-10-04 18:51:33.992999 [V:onnxruntime:, session_state.cc:1385 VerifyEachNodeIsAssignedToAnEp]   MatMulNBits (/model/layers.5/self_attn/k_proj/MatMul_Q4) d95923ea-2a75-4757-a86c-99d425e3974a:92:232
2026-10-04 18:51:33.992999 [V:onnxruntime:, session_state.cc:1385 VerifyEachNodeIsAssignedToAnEp]   MatMulNBits (/model/layers.5/self_attn/v_proj/MatMul_Q4) d95923ea-2a75-4757-a86c-99d425e3974a:92:232
2026-10-04 18:51:33.992999 [V:onnxruntime:, session_state.cc:1385 VerifyEachNodeIsAssignedToAnEp]   Reshape (/model/layers.5/self_attn/Reshape) d95923ea-2a75-4757-a86c-99d425e3974a:92:232
2026-10-04 18:51:33.994000 [V:onnxruntime:, session_state.cc:1385 VerifyEachNodeIsAssignedToAnEp]   Reshape (/model/layers.5/self_attn/Reshape_1) d95923ea-2a75-4757-a86c-99d425e3974a:92:232
2026-10-04 18:51:33.994000 [V:onnxruntime:, session_state.cc:1385 VerifyEachNodeIsAssignedToAnEp]   Reshape (/model/layers.5/self_attn/Reshape_2) d95923ea-2a75-4757-a86c-99d425e3974a:92:232
2026-10-04 18:51:33.994000 [V:onnxruntime:, session_state.cc:1385 VerifyEachNodeIsAssignedToAnEp]   Transpose (/model/layers.5/self_attn/Transpose) d95923ea-2a75-4757-a86c-99d425e3974a:92:232
2026-10-04 18:51:33.994000 [V:onnxruntime:, session_state.cc:1385 VerifyEachNodeIsAssignedToAnEp]   Transpose (/model/layers.5/self_attn/Transpose_1) d95923ea-2a75-4757-a86c-99d425e3974a:92:232
2026-10-04 18:51:33.994000 [V:onnxruntime:, session_state.cc:1385 VerifyEachNodeIsAssignedToAnEp]   Transpose (/model/layers.5/self_attn/Transpose_2) d95923ea-2a75-4757-a86c-99d425e3974a:92:232
2026-10-04 18:51:33.994000 [V:onnxruntime:, session_state.cc:1385 VerifyEachNodeIsAssignedToAnEp]   Mul (/model/layers.5/self_attn/Mul) d95923ea-2a75-4757-a86c-99d425e3974a:92:232
2026-10-04 18:51:33.994000 [V:onnxruntime:, session_state.cc:1385 VerifyEachNodeIsAssignedToAnEp]   Mul (/model/layers.5/self_attn/Mul_2) d95923ea-2a75-4757-a86c-99d425e3974a:92:232
2026-10-04 18:51:33.994000 [V:onnxruntime:, session_state.cc:1385 VerifyEachNodeIsAssignedToAnEp]   Concat (/model/layers.5/self_attn/Concat_6) d95923ea-2a75-4757-a86c-99d425e3974a:92:232
2026-10-04 18:51:33.995000 [V:onnxruntime:, session_state.cc:1385 VerifyEachNodeIsAssignedToAnEp]   Slice (/model/layers.5/self_attn/Slice) d95923ea-2a75-4757-a86c-99d425e3974a:92:232
2026-10-04 18:51:33.995000 [V:onnxruntime:, session_state.cc:1385 VerifyEachNodeIsAssignedToAnEp]   Slice (/model/layers.5/self_attn/Slice_1) d95923ea-2a75-4757-a86c-99d425e3974a:92:232
2026-10-04 18:51:33.995000 [V:onnxruntime:, session_state.cc:1385 VerifyEachNodeIsAssignedToAnEp]   Slice (/model/layers.5/self_attn/Slice_2) d95923ea-2a75-4757-a86c-99d425e3974a:92:232
2026-10-04 18:51:33.995000 [V:onnxruntime:, session_state.cc:1385 VerifyEachNodeIsAssignedToAnEp]   Slice (/model/layers.5/self_attn/Slice_3) d95923ea-2a75-4757-a86c-99d425e3974a:92:232
2026-10-04 18:51:33.995000 [V:onnxruntime:, session_state.cc:1385 VerifyEachNodeIsAssignedToAnEp]   Shape (/model/layers.5/self_attn/Shape_9) d95923ea-2a75-4757-a86c-99d425e3974a:92:232
2026-10-04 18:51:33.995000 [V:onnxruntime:, session_state.cc:1385 VerifyEachNodeIsAssignedToAnEp]   Unsqueeze (/model/layers.5/self_attn/Unsqueeze_19) d95923ea-2a75-4757-a86c-99d425e3974a:92:232
2026-10-04 18:51:33.995000 [V:onnxruntime:, session_state.cc:1385 VerifyEachNodeIsAssignedToAnEp]   Neg (/model/layers.5/self_attn/Neg) d95923ea-2a75-4757-a86c-99d425e3974a:92:232
2026-10-04 18:51:33.995999 [V:onnxruntime:, session_state.cc:1385 VerifyEachNodeIsAssignedToAnEp]   Neg (/model/layers.5/self_attn/Neg_1) d95923ea-2a75-4757-a86c-99d425e3974a:92:232
2026-10-04 18:51:33.995999 [V:onnxruntime:, session_state.cc:1385 VerifyEachNodeIsAssignedToAnEp]   Concat (/model/layers.5/self_attn/Concat_3) d95923ea-2a75-4757-a86c-99d425e3974a:92:232
2026-10-04 18:51:33.995999 [V:onnxruntime:, session_state.cc:1385 VerifyEachNodeIsAssignedToAnEp]   Concat (/model/layers.5/self_attn/Concat_4) d95923ea-2a75-4757-a86c-99d425e3974a:92:232
2026-10-04 18:51:33.995999 [V:onnxruntime:, session_state.cc:1385 VerifyEachNodeIsAssignedToAnEp]   Mul (/model/layers.5/self_attn/Mul_1) d95923ea-2a75-4757-a86c-99d425e3974a:92:232
2026-10-04 18:51:33.995999 [V:onnxruntime:, session_state.cc:1385 VerifyEachNodeIsAssignedToAnEp]   Mul (/model/layers.5/self_attn/Mul_3) d95923ea-2a75-4757-a86c-99d425e3974a:92:232
2026-10-04 18:51:33.995999 [V:onnxruntime:, session_state.cc:1385 VerifyEachNodeIsAssignedToAnEp]   Add (/model/layers.5/self_attn/Add) d95923ea-2a75-4757-a86c-99d425e3974a:92:232
2026-10-04 18:51:33.995999 [V:onnxruntime:, session_state.cc:1385 VerifyEachNodeIsAssignedToAnEp]   Add (/model/layers.5/self_attn/Add_1) d95923ea-2a75-4757-a86c-99d425e3974a:92:232
2026-10-04 18:51:33.997000 [V:onnxruntime:, session_state.cc:1385 VerifyEachNodeIsAssignedToAnEp]   Concat (/model/layers.5/self_attn/Concat_5) d95923ea-2a75-4757-a86c-99d425e3974a:92:232
2026-10-04 18:51:33.997000 [V:onnxruntime:, session_state.cc:1385 VerifyEachNodeIsAssignedToAnEp]   Mul (/model/layers.5/self_attn/Mul_8) d95923ea-2a75-4757-a86c-99d425e3974a:92:232
2026-10-04 18:51:33.997000 [V:onnxruntime:, session_state.cc:1385 VerifyEachNodeIsAssignedToAnEp]   Shape (/model/layers.5/self_attn/Shape_4) d95923ea-2a75-4757-a86c-99d425e3974a:92:232
2026-10-04 18:51:33.997000 [V:onnxruntime:, session_state.cc:1385 VerifyEachNodeIsAssignedToAnEp]   Unsqueeze (/model/layers.5/self_attn/Unsqueeze_10) d95923ea-2a75-4757-a86c-99d425e3974a:92:232
2026-10-04 18:51:33.997000 [V:onnxruntime:, session_state.cc:1385 VerifyEachNodeIsAssignedToAnEp]   Expand (/model/layers.5/self_attn/Expand_1) d95923ea-2a75-4757-a86c-99d425e3974a:92:232
2026-10-04 18:51:33.997000 [V:onnxruntime:, session_state.cc:1385 VerifyEachNodeIsAssignedToAnEp]   Reshape (/model/layers.5/self_attn/Reshape_6) d95923ea-2a75-4757-a86c-99d425e3974a:92:232
2026-10-04 18:51:33.998000 [V:onnxruntime:, session_state.cc:1385 VerifyEachNodeIsAssignedToAnEp]   Expand (/model/layers.5/self_attn/Expand) d95923ea-2a75-4757-a86c-99d425e3974a:92:232
2026-10-04 18:51:33.998000 [V:onnxruntime:, session_state.cc:1385 VerifyEachNodeIsAssignedToAnEp]   Reshape (/model/layers.5/self_attn/Reshape_4) d95923ea-2a75-4757-a86c-99d425e3974a:92:232
2026-10-04 18:51:33.998000 [V:onnxruntime:, session_state.cc:1385 VerifyEachNodeIsAssignedToAnEp]   Shape (/model/layers.5/self_attn/Shape_14) d95923ea-2a75-4757-a86c-99d425e3974a:92:232
2026-10-04 18:51:33.998000 [V:onnxruntime:, session_state.cc:1385 VerifyEachNodeIsAssignedToAnEp]   Transpose (/model/layers.5/self_attn/Transpose_3) d95923ea-2a75-4757-a86c-99d425e3974a:92:232
2026-10-04 18:51:33.998000 [V:onnxruntime:, session_state.cc:1385 VerifyEachNodeIsAssignedToAnEp]   Mul (/model/layers.5/self_attn/Mul_9) d95923ea-2a75-4757-a86c-99d425e3974a:92:232
2026-10-04 18:51:33.998000 [V:onnxruntime:, session_state.cc:1385 VerifyEachNodeIsAssignedToAnEp]   MatMul (/model/layers.5/self_attn/MatMul) d95923ea-2a75-4757-a86c-99d425e3974a:92:232
2026-10-04 18:51:33.998000 [V:onnxruntime:, session_state.cc:1385 VerifyEachNodeIsAssignedToAnEp]   Slice (/model/layers.5/self_attn/Slice_4) d95923ea-2a75-4757-a86c-99d425e3974a:92:232
2026-10-04 18:51:33.999000 [V:onnxruntime:, session_state.cc:1385 VerifyEachNodeIsAssignedToAnEp]   Add (/model/layers.5/self_attn/Add_2) d95923ea-2a75-4757-a86c-99d425e3974a:92:232
2026-10-04 18:51:33.999000 [V:onnxruntime:, session_state.cc:1385 VerifyEachNodeIsAssignedToAnEp]   Softmax (/model/layers.5/self_attn/Softmax) d95923ea-2a75-4757-a86c-99d425e3974a:92:232
2026-10-04 18:51:33.999000 [V:onnxruntime:, session_state.cc:1385 VerifyEachNodeIsAssignedToAnEp]   MatMul (/model/layers.5/self_attn/MatMul_1) d95923ea-2a75-4757-a86c-99d425e3974a:92:232
2026-10-04 18:51:33.999000 [V:onnxruntime:, session_state.cc:1385 VerifyEachNodeIsAssignedToAnEp]   Transpose (/model/layers.5/self_attn/Transpose_4) d95923ea-2a75-4757-a86c-99d425e3974a:92:232
2026-10-04 18:51:33.999000 [V:onnxruntime:, session_state.cc:1385 VerifyEachNodeIsAssignedToAnEp]   Reshape (/model/layers.5/self_attn/Reshape_7) d95923ea-2a75-4757-a86c-99d425e3974a:92:232
2026-10-04 18:51:33.999000 [V:onnxruntime:, session_state.cc:1385 VerifyEachNodeIsAssignedToAnEp]   MatMulNBits (/model/layers.5/self_attn/o_proj/MatMul_Q4) d95923ea-2a75-4757-a86c-99d425e3974a:92:232
2026-10-04 18:51:33.999000 [V:onnxruntime:, session_state.cc:1385 VerifyEachNodeIsAssignedToAnEp]   Add (/model/layers.5/Add) d95923ea-2a75-4757-a86c-99d425e3974a:92:232
2026-10-04 18:51:33.999000 [V:onnxruntime:, session_state.cc:1385 VerifyEachNodeIsAssignedToAnEp]   Pow (/model/layers.5/post_attention_layernorm/Pow) d95923ea-2a75-4757-a86c-99d425e3974a:92:232
2026-10-04 18:51:33.999999 [V:onnxruntime:, session_state.cc:1385 VerifyEachNodeIsAssignedToAnEp]   ReduceMean (/model/layers.5/post_attention_layernorm/ReduceMean) d95923ea-2a75-4757-a86c-99d425e3974a:92:232
2026-10-04 18:51:33.999999 [V:onnxruntime:, session_state.cc:1385 VerifyEachNodeIsAssignedToAnEp]   Add (/model/layers.5/post_attention_layernorm/Add) d95923ea-2a75-4757-a86c-99d425e3974a:92:232
2026-10-04 18:51:33.999999 [V:onnxruntime:, session_state.cc:1385 VerifyEachNodeIsAssignedToAnEp]   Sqrt (/model/layers.5/post_attention_layernorm/Sqrt) d95923ea-2a75-4757-a86c-99d425e3974a:92:232
2026-10-04 18:51:33.999999 [V:onnxruntime:, session_state.cc:1385 VerifyEachNodeIsAssignedToAnEp]   Div (/model/layers.5/post_attention_layernorm/Div) d95923ea-2a75-4757-a86c-99d425e3974a:92:232
2026-10-04 18:51:33.999999 [V:onnxruntime:, session_state.cc:1385 VerifyEachNodeIsAssignedToAnEp]   Mul (/model/layers.5/post_attention_layernorm/Mul_1) d95923ea-2a75-4757-a86c-99d425e3974a:92:232
2026-10-04 18:51:33.999999 [V:onnxruntime:, session_state.cc:1385 VerifyEachNodeIsAssignedToAnEp]   MatMulNBits (/model/layers.5/mlp/gate_proj/MatMul_Q4) d95923ea-2a75-4757-a86c-99d425e3974a:92:232
2026-10-04 18:51:33.999999 [V:onnxruntime:, session_state.cc:1385 VerifyEachNodeIsAssignedToAnEp]   MatMulNBits (/model/layers.5/mlp/up_proj/MatMul_Q4) d95923ea-2a75-4757-a86c-99d425e3974a:92:232
2026-10-04 18:51:34.000999 [V:onnxruntime:, session_state.cc:1385 VerifyEachNodeIsAssignedToAnEp]   Mul (/model/layers.5/mlp/Mul) d95923ea-2a75-4757-a86c-99d425e3974a:92:232
2026-10-04 18:51:34.000999 [V:onnxruntime:, session_state.cc:1385 VerifyEachNodeIsAssignedToAnEp]   MatMulNBits (/model/layers.5/mlp/down_proj/MatMul_Q4) d95923ea-2a75-4757-a86c-99d425e3974a:92:232
2026-10-04 18:51:34.000999 [V:onnxruntime:, session_state.cc:1385 VerifyEachNodeIsAssignedToAnEp]   Add (/model/layers.5/Add_1) d95923ea-2a75-4757-a86c-99d425e3974a:92:232
2026-10-04 18:51:34.000999 [V:onnxruntime:, session_state.cc:1385 VerifyEachNodeIsAssignedToAnEp]   Pow (/model/layers.6/input_layernorm/Pow) d95923ea-2a75-4757-a86c-99d425e3974a:92:232
2026-10-04 18:51:34.000999 [V:onnxruntime:, session_state.cc:1385 VerifyEachNodeIsAssignedToAnEp]   ReduceMean (/model/layers.6/input_layernorm/ReduceMean) d95923ea-2a75-4757-a86c-99d425e3974a:92:232
2026-10-04 18:51:34.000999 [V:onnxruntime:, session_state.cc:1385 VerifyEachNodeIsAssignedToAnEp]   Add (/model/layers.6/input_layernorm/Add) d95923ea-2a75-4757-a86c-99d425e3974a:92:232
2026-10-04 18:51:34.000999 [V:onnxruntime:, session_state.cc:1385 VerifyEachNodeIsAssignedToAnEp]   Sqrt (/model/layers.6/input_layernorm/Sqrt) d95923ea-2a75-4757-a86c-99d425e3974a:92:232
2026-10-04 18:51:34.000999 [V:onnxruntime:, session_state.cc:1385 VerifyEachNodeIsAssignedToAnEp]   Div (/model/layers.6/input_layernorm/Div) d95923ea-2a75-4757-a86c-99d425e3974a:92:232
2026-10-04 18:51:34.000999 [V:onnxruntime:, session_state.cc:1385 VerifyEachNodeIsAssignedToAnEp]   Mul (/model/layers.6/input_layernorm/Mul_1) d95923ea-2a75-4757-a86c-99d425e3974a:92:232
2026-10-04 18:51:34.002000 [V:onnxruntime:, session_state.cc:1385 VerifyEachNodeIsAssignedToAnEp]   Shape (/model/layers.6/self_attn/Shape) d95923ea-2a75-4757-a86c-99d425e3974a:92:232
2026-10-04 18:51:34.002000 [V:onnxruntime:, session_state.cc:1385 VerifyEachNodeIsAssignedToAnEp]   MatMulNBits (/model/layers.6/self_attn/q_proj/MatMul_Q4) d95923ea-2a75-4757-a86c-99d425e3974a:92:232
2026-10-04 18:51:34.002000 [V:onnxruntime:, session_state.cc:1385 VerifyEachNodeIsAssignedToAnEp]   MatMulNBits (/model/layers.6/self_attn/k_proj/MatMul_Q4) d95923ea-2a75-4757-a86c-99d425e3974a:92:232
2026-10-04 18:51:34.002000 [V:onnxruntime:, session_state.cc:1385 VerifyEachNodeIsAssignedToAnEp]   MatMulNBits (/model/layers.6/self_attn/v_proj/MatMul_Q4) d95923ea-2a75-4757-a86c-99d425e3974a:92:232
2026-10-04 18:51:34.002000 [V:onnxruntime:, session_state.cc:1385 VerifyEachNodeIsAssignedToAnEp]   Reshape (/model/layers.6/self_attn/Reshape) d95923ea-2a75-4757-a86c-99d425e3974a:92:232
2026-10-04 18:51:34.002000 [V:onnxruntime:, session_state.cc:1385 VerifyEachNodeIsAssignedToAnEp]   Reshape (/model/layers.6/self_attn/Reshape_1) d95923ea-2a75-4757-a86c-99d425e3974a:92:232
2026-10-04 18:51:34.002000 [V:onnxruntime:, session_state.cc:1385 VerifyEachNodeIsAssignedToAnEp]   Reshape (/model/layers.6/self_attn/Reshape_2) d95923ea-2a75-4757-a86c-99d425e3974a:92:232
2026-10-04 18:51:34.003000 [V:onnxruntime:, session_state.cc:1385 VerifyEachNodeIsAssignedToAnEp]   Transpose (/model/layers.6/self_attn/Transpose) d95923ea-2a75-4757-a86c-99d425e3974a:92:232
2026-10-04 18:51:34.003000 [V:onnxruntime:, session_state.cc:1385 VerifyEachNodeIsAssignedToAnEp]   Transpose (/model/layers.6/self_attn/Transpose_1) d95923ea-2a75-4757-a86c-99d425e3974a:92:232
2026-10-04 18:51:34.003000 [V:onnxruntime:, session_state.cc:1385 VerifyEachNodeIsAssignedToAnEp]   Transpose (/model/layers.6/self_attn/Transpose_2) d95923ea-2a75-4757-a86c-99d425e3974a:92:232
2026-10-04 18:51:34.003000 [V:onnxruntime:, session_state.cc:1385 VerifyEachNodeIsAssignedToAnEp]   Mul (/model/layers.6/self_attn/Mul) d95923ea-2a75-4757-a86c-99d425e3974a:92:232
2026-10-04 18:51:34.003000 [V:onnxruntime:, session_state.cc:1385 VerifyEachNodeIsAssignedToAnEp]   Mul (/model/layers.6/self_attn/Mul_2) d95923ea-2a75-4757-a86c-99d425e3974a:92:232
2026-10-04 18:51:34.003000 [V:onnxruntime:, session_state.cc:1385 VerifyEachNodeIsAssignedToAnEp]   Concat (/model/layers.6/self_attn/Concat_6) d95923ea-2a75-4757-a86c-99d425e3974a:92:232
2026-10-04 18:51:34.007000 [V:onnxruntime:, session_state.cc:1385 VerifyEachNodeIsAssignedToAnEp]   Slice (/model/layers.6/self_attn/Slice) d95923ea-2a75-4757-a86c-99d425e3974a:92:232
2026-10-04 18:51:34.007000 [V:onnxruntime:, session_state.cc:1385 VerifyEachNodeIsAssignedToAnEp]   Slice (/model/layers.6/self_attn/Slice_1) d95923ea-2a75-4757-a86c-99d425e3974a:92:232
2026-10-04 18:51:34.007000 [V:onnxruntime:, session_state.cc:1385 VerifyEachNodeIsAssignedToAnEp]   Slice (/model/layers.6/self_attn/Slice_2) d95923ea-2a75-4757-a86c-99d425e3974a:92:232
2026-10-04 18:51:34.007000 [V:onnxruntime:, session_state.cc:1385 VerifyEachNodeIsAssignedToAnEp]   Slice (/model/layers.6/self_attn/Slice_3) d95923ea-2a75-4757-a86c-99d425e3974a:92:232
2026-10-04 18:51:34.007000 [V:onnxruntime:, session_state.cc:1385 VerifyEachNodeIsAssignedToAnEp]   Shape (/model/layers.6/self_attn/Shape_9) d95923ea-2a75-4757-a86c-99d425e3974a:92:232
2026-10-04 18:51:34.007999 [V:onnxruntime:, session_state.cc:1385 VerifyEachNodeIsAssignedToAnEp]   Unsqueeze (/model/layers.6/self_attn/Unsqueeze_19) d95923ea-2a75-4757-a86c-99d425e3974a:92:232
2026-10-04 18:51:34.007999 [V:onnxruntime:, session_state.cc:1385 VerifyEachNodeIsAssignedToAnEp]   Neg (/model/layers.6/self_attn/Neg) d95923ea-2a75-4757-a86c-99d425e3974a:92:232
2026-10-04 18:51:34.007999 [V:onnxruntime:, session_state.cc:1385 VerifyEachNodeIsAssignedToAnEp]   Neg (/model/layers.6/self_attn/Neg_1) d95923ea-2a75-4757-a86c-99d425e3974a:92:232
2026-10-04 18:51:34.007999 [V:onnxruntime:, session_state.cc:1385 VerifyEachNodeIsAssignedToAnEp]   Concat (/model/layers.6/self_attn/Concat_3) d95923ea-2a75-4757-a86c-99d425e3974a:92:232
2026-10-04 18:51:34.007999 [V:onnxruntime:, session_state.cc:1385 VerifyEachNodeIsAssignedToAnEp]   Concat (/model/layers.6/self_attn/Concat_4) d95923ea-2a75-4757-a86c-99d425e3974a:92:232
2026-10-04 18:51:34.007999 [V:onnxruntime:, session_state.cc:1385 VerifyEachNodeIsAssignedToAnEp]   Mul (/model/layers.6/self_attn/Mul_1) d95923ea-2a75-4757-a86c-99d425e3974a:92:232
2026-10-04 18:51:34.007999 [V:onnxruntime:, session_state.cc:1385 VerifyEachNodeIsAssignedToAnEp]   Mul (/model/layers.6/self_attn/Mul_3) d95923ea-2a75-4757-a86c-99d425e3974a:92:232
2026-10-04 18:51:34.008999 [V:onnxruntime:, session_state.cc:1385 VerifyEachNodeIsAssignedToAnEp]   Add (/model/layers.6/self_attn/Add) d95923ea-2a75-4757-a86c-99d425e3974a:92:232
2026-10-04 18:51:34.008999 [V:onnxruntime:, session_state.cc:1385 VerifyEachNodeIsAssignedToAnEp]   Add (/model/layers.6/self_attn/Add_1) d95923ea-2a75-4757-a86c-99d425e3974a:92:232
2026-10-04 18:51:34.008999 [V:onnxruntime:, session_state.cc:1385 VerifyEachNodeIsAssignedToAnEp]   Concat (/model/layers.6/self_attn/Concat_5) d95923ea-2a75-4757-a86c-99d425e3974a:92:232
2026-10-04 18:51:34.008999 [V:onnxruntime:, session_state.cc:1385 VerifyEachNodeIsAssignedToAnEp]   Mul (/model/layers.6/self_attn/Mul_8) d95923ea-2a75-4757-a86c-99d425e3974a:92:232
2026-10-04 18:51:34.010000 [V:onnxruntime:, session_state.cc:1385 VerifyEachNodeIsAssignedToAnEp]   Shape (/model/layers.6/self_attn/Shape_4) d95923ea-2a75-4757-a86c-99d425e3974a:92:232
2026-10-04 18:51:34.010000 [V:onnxruntime:, session_state.cc:1385 VerifyEachNodeIsAssignedToAnEp]   Unsqueeze (/model/layers.6/self_attn/Unsqueeze_10) d95923ea-2a75-4757-a86c-99d425e3974a:92:232
2026-10-04 18:51:34.010000 [V:onnxruntime:, session_state.cc:1385 VerifyEachNodeIsAssignedToAnEp]   Expand (/model/layers.6/self_attn/Expand_1) d95923ea-2a75-4757-a86c-99d425e3974a:92:232
2026-10-04 18:51:34.010000 [V:onnxruntime:, session_state.cc:1385 VerifyEachNodeIsAssignedToAnEp]   Reshape (/model/layers.6/self_attn/Reshape_6) d95923ea-2a75-4757-a86c-99d425e3974a:92:232
2026-10-04 18:51:34.010000 [V:onnxruntime:, session_state.cc:1385 VerifyEachNodeIsAssignedToAnEp]   Expand (/model/layers.6/self_attn/Expand) d95923ea-2a75-4757-a86c-99d425e3974a:92:232
2026-10-04 18:51:34.010000 [V:onnxruntime:, session_state.cc:1385 VerifyEachNodeIsAssignedToAnEp]   Reshape (/model/layers.6/self_attn/Reshape_4) d95923ea-2a75-4757-a86c-99d425e3974a:92:232
2026-10-04 18:51:34.010000 [V:onnxruntime:, session_state.cc:1385 VerifyEachNodeIsAssignedToAnEp]   Shape (/model/layers.6/self_attn/Shape_14) d95923ea-2a75-4757-a86c-99d425e3974a:92:232
2026-10-04 18:51:34.011000 [V:onnxruntime:, session_state.cc:1385 VerifyEachNodeIsAssignedToAnEp]   Transpose (/model/layers.6/self_attn/Transpose_3) d95923ea-2a75-4757-a86c-99d425e3974a:92:232
2026-10-04 18:51:34.011000 [V:onnxruntime:, session_state.cc:1385 VerifyEachNodeIsAssignedToAnEp]   Mul (/model/layers.6/self_attn/Mul_9) d95923ea-2a75-4757-a86c-99d425e3974a:92:232
2026-10-04 18:51:34.011000 [V:onnxruntime:, session_state.cc:1385 VerifyEachNodeIsAssignedToAnEp]   MatMul (/model/layers.6/self_attn/MatMul) d95923ea-2a75-4757-a86c-99d425e3974a:92:232
2026-10-04 18:51:34.011000 [V:onnxruntime:, session_state.cc:1385 VerifyEachNodeIsAssignedToAnEp]   Slice (/model/layers.6/self_attn/Slice_4) d95923ea-2a75-4757-a86c-99d425e3974a:92:232
2026-10-04 18:51:34.011000 [V:onnxruntime:, session_state.cc:1385 VerifyEachNodeIsAssignedToAnEp]   Add (/model/layers.6/self_attn/Add_2) d95923ea-2a75-4757-a86c-99d425e3974a:92:232
2026-10-04 18:51:34.011000 [V:onnxruntime:, session_state.cc:1385 VerifyEachNodeIsAssignedToAnEp]   Softmax (/model/layers.6/self_attn/Softmax) d95923ea-2a75-4757-a86c-99d425e3974a:92:232
2026-10-04 18:51:34.011000 [V:onnxruntime:, session_state.cc:1385 VerifyEachNodeIsAssignedToAnEp]   MatMul (/model/layers.6/self_attn/MatMul_1) d95923ea-2a75-4757-a86c-99d425e3974a:92:232
2026-10-04 18:51:34.011000 [V:onnxruntime:, session_state.cc:1385 VerifyEachNodeIsAssignedToAnEp]   Transpose (/model/layers.6/self_attn/Transpose_4) d95923ea-2a75-4757-a86c-99d425e3974a:92:232
2026-10-04 18:51:34.011999 [V:onnxruntime:, session_state.cc:1385 VerifyEachNodeIsAssignedToAnEp]   Reshape (/model/layers.6/self_attn/Reshape_7) d95923ea-2a75-4757-a86c-99d425e3974a:92:232
2026-10-04 18:51:34.011999 [V:onnxruntime:, session_state.cc:1385 VerifyEachNodeIsAssignedToAnEp]   MatMulNBits (/model/layers.6/self_attn/o_proj/MatMul_Q4) d95923ea-2a75-4757-a86c-99d425e3974a:92:232
2026-10-04 18:51:34.011999 [V:onnxruntime:, session_state.cc:1385 VerifyEachNodeIsAssignedToAnEp]   Add (/model/layers.6/Add) d95923ea-2a75-4757-a86c-99d425e3974a:92:232
2026-10-04 18:51:34.011999 [V:onnxruntime:, session_state.cc:1385 VerifyEachNodeIsAssignedToAnEp]   Pow (/model/layers.6/post_attention_layernorm/Pow) d95923ea-2a75-4757-a86c-99d425e3974a:92:232
2026-10-04 18:51:34.011999 [V:onnxruntime:, session_state.cc:1385 VerifyEachNodeIsAssignedToAnEp]   ReduceMean (/model/layers.6/post_attention_layernorm/ReduceMean) d95923ea-2a75-4757-a86c-99d425e3974a:92:232
2026-10-04 18:51:34.011999 [V:onnxruntime:, session_state.cc:1385 VerifyEachNodeIsAssignedToAnEp]   Add (/model/layers.6/post_attention_layernorm/Add) d95923ea-2a75-4757-a86c-99d425e3974a:92:232
2026-10-04 18:51:34.011999 [V:onnxruntime:, session_state.cc:1385 VerifyEachNodeIsAssignedToAnEp]   Sqrt (/model/layers.6/post_attention_layernorm/Sqrt) d95923ea-2a75-4757-a86c-99d425e3974a:92:232
2026-10-04 18:51:34.013000 [V:onnxruntime:, session_state.cc:1385 VerifyEachNodeIsAssignedToAnEp]   Div (/model/layers.6/post_attention_layernorm/Div) d95923ea-2a75-4757-a86c-99d425e3974a:92:232
2026-10-04 18:51:34.013000 [V:onnxruntime:, session_state.cc:1385 VerifyEachNodeIsAssignedToAnEp]   Mul (/model/layers.6/post_attention_layernorm/Mul_1) d95923ea-2a75-4757-a86c-99d425e3974a:92:232
2026-10-04 18:51:34.013000 [V:onnxruntime:, session_state.cc:1385 VerifyEachNodeIsAssignedToAnEp]   MatMulNBits (/model/layers.6/mlp/gate_proj/MatMul_Q4) d95923ea-2a75-4757-a86c-99d425e3974a:92:232
2026-10-04 18:51:34.013000 [V:onnxruntime:, session_state.cc:1385 VerifyEachNodeIsAssignedToAnEp]   MatMulNBits (/model/layers.6/mlp/up_proj/MatMul_Q4) d95923ea-2a75-4757-a86c-99d425e3974a:92:232
2026-10-04 18:51:34.013000 [V:onnxruntime:, session_state.cc:1385 VerifyEachNodeIsAssignedToAnEp]   Mul (/model/layers.6/mlp/Mul) d95923ea-2a75-4757-a86c-99d425e3974a:92:232
2026-10-04 18:51:34.013000 [V:onnxruntime:, session_state.cc:1385 VerifyEachNodeIsAssignedToAnEp]   MatMulNBits (/model/layers.6/mlp/down_proj/MatMul_Q4) d95923ea-2a75-4757-a86c-99d425e3974a:92:232
2026-10-04 18:51:34.014000 [V:onnxruntime:, session_state.cc:1385 VerifyEachNodeIsAssignedToAnEp]   Add (/model/layers.6/Add_1) d95923ea-2a75-4757-a86c-99d425e3974a:92:232
2026-10-04 18:51:34.014000 [V:onnxruntime:, session_state.cc:1385 VerifyEachNodeIsAssignedToAnEp]   Pow (/model/layers.7/input_layernorm/Pow) d95923ea-2a75-4757-a86c-99d425e3974a:92:232
2026-10-04 18:51:34.014000 [V:onnxruntime:, session_state.cc:1385 VerifyEachNodeIsAssignedToAnEp]   ReduceMean (/model/layers.7/input_layernorm/ReduceMean) d95923ea-2a75-4757-a86c-99d425e3974a:92:232
2026-10-04 18:51:34.014000 [V:onnxruntime:, session_state.cc:1385 VerifyEachNodeIsAssignedToAnEp]   Add (/model/layers.7/input_layernorm/Add) d95923ea-2a75-4757-a86c-99d425e3974a:92:232
2026-10-04 18:51:34.014000 [V:onnxruntime:, session_state.cc:1385 VerifyEachNodeIsAssignedToAnEp]   Sqrt (/model/layers.7/input_layernorm/Sqrt) d95923ea-2a75-4757-a86c-99d425e3974a:92:232
2026-10-04 18:51:34.014000 [V:onnxruntime:, session_state.cc:1385 VerifyEachNodeIsAssignedToAnEp]   Div (/model/layers.7/input_layernorm/Div) d95923ea-2a75-4757-a86c-99d425e3974a:92:232
2026-10-04 18:51:34.014000 [V:onnxruntime:, session_state.cc:1385 VerifyEachNodeIsAssignedToAnEp]   Mul (/model/layers.7/input_layernorm/Mul_1) d95923ea-2a75-4757-a86c-99d425e3974a:92:232
2026-10-04 18:51:34.014000 [V:onnxruntime:, session_state.cc:1385 VerifyEachNodeIsAssignedToAnEp]   Shape (/model/layers.7/self_attn/Shape) d95923ea-2a75-4757-a86c-99d425e3974a:92:232
2026-10-04 18:51:34.015000 [V:onnxruntime:, session_state.cc:1385 VerifyEachNodeIsAssignedToAnEp]   MatMulNBits (/model/layers.7/self_attn/q_proj/MatMul_Q4) d95923ea-2a75-4757-a86c-99d425e3974a:92:232
2026-10-04 18:51:34.015000 [V:onnxruntime:, session_state.cc:1385 VerifyEachNodeIsAssignedToAnEp]   MatMulNBits (/model/layers.7/self_attn/k_proj/MatMul_Q4) d95923ea-2a75-4757-a86c-99d425e3974a:92:232
2026-10-04 18:51:34.015000 [V:onnxruntime:, session_state.cc:1385 VerifyEachNodeIsAssignedToAnEp]   MatMulNBits (/model/layers.7/self_attn/v_proj/MatMul_Q4) d95923ea-2a75-4757-a86c-99d425e3974a:92:232
2026-10-04 18:51:34.015000 [V:onnxruntime:, session_state.cc:1385 VerifyEachNodeIsAssignedToAnEp]   Reshape (/model/layers.7/self_attn/Reshape) d95923ea-2a75-4757-a86c-99d425e3974a:92:232
2026-10-04 18:51:34.015000 [V:onnxruntime:, session_state.cc:1385 VerifyEachNodeIsAssignedToAnEp]   Reshape (/model/layers.7/self_attn/Reshape_1) d95923ea-2a75-4757-a86c-99d425e3974a:92:232
2026-10-04 18:51:34.015000 [V:onnxruntime:, session_state.cc:1385 VerifyEachNodeIsAssignedToAnEp]   Reshape (/model/layers.7/self_attn/Reshape_2) d95923ea-2a75-4757-a86c-99d425e3974a:92:232
2026-10-04 18:51:34.015000 [V:onnxruntime:, session_state.cc:1385 VerifyEachNodeIsAssignedToAnEp]   Transpose (/model/layers.7/self_attn/Transpose) d95923ea-2a75-4757-a86c-99d425e3974a:92:232
2026-10-04 18:51:34.015000 [V:onnxruntime:, session_state.cc:1385 VerifyEachNodeIsAssignedToAnEp]   Transpose (/model/layers.7/self_attn/Transpose_1) d95923ea-2a75-4757-a86c-99d425e3974a:92:232
2026-10-04 18:51:34.015999 [V:onnxruntime:, session_state.cc:1385 VerifyEachNodeIsAssignedToAnEp]   Transpose (/model/layers.7/self_attn/Transpose_2) d95923ea-2a75-4757-a86c-99d425e3974a:92:232
2026-10-04 18:51:34.015999 [V:onnxruntime:, session_state.cc:1385 VerifyEachNodeIsAssignedToAnEp]   Mul (/model/layers.7/self_attn/Mul) d95923ea-2a75-4757-a86c-99d425e3974a:92:232
2026-10-04 18:51:34.015999 [V:onnxruntime:, session_state.cc:1385 VerifyEachNodeIsAssignedToAnEp]   Mul (/model/layers.7/self_attn/Mul_2) d95923ea-2a75-4757-a86c-99d425e3974a:92:232
2026-10-04 18:51:34.015999 [V:onnxruntime:, session_state.cc:1385 VerifyEachNodeIsAssignedToAnEp]   Concat (/model/layers.7/self_attn/Concat_6) d95923ea-2a75-4757-a86c-99d425e3974a:92:232
2026-10-04 18:51:34.015999 [V:onnxruntime:, session_state.cc:1385 VerifyEachNodeIsAssignedToAnEp]   Slice (/model/layers.7/self_attn/Slice) d95923ea-2a75-4757-a86c-99d425e3974a:92:232
2026-10-04 18:51:34.015999 [V:onnxruntime:, session_state.cc:1385 VerifyEachNodeIsAssignedToAnEp]   Slice (/model/layers.7/self_attn/Slice_1) d95923ea-2a75-4757-a86c-99d425e3974a:92:232
2026-10-04 18:51:34.015999 [V:onnxruntime:, session_state.cc:1385 VerifyEachNodeIsAssignedToAnEp]   Slice (/model/layers.7/self_attn/Slice_2) d95923ea-2a75-4757-a86c-99d425e3974a:92:232
2026-10-04 18:51:34.015999 [V:onnxruntime:, session_state.cc:1385 VerifyEachNodeIsAssignedToAnEp]   Slice (/model/layers.7/self_attn/Slice_3) d95923ea-2a75-4757-a86c-99d425e3974a:92:232
2026-10-04 18:51:34.016999 [V:onnxruntime:, session_state.cc:1385 VerifyEachNodeIsAssignedToAnEp]   Shape (/model/layers.7/self_attn/Shape_9) d95923ea-2a75-4757-a86c-99d425e3974a:92:232
2026-10-04 18:51:34.016999 [V:onnxruntime:, session_state.cc:1385 VerifyEachNodeIsAssignedToAnEp]   Unsqueeze (/model/layers.7/self_attn/Unsqueeze_19) d95923ea-2a75-4757-a86c-99d425e3974a:92:232
2026-10-04 18:51:34.016999 [V:onnxruntime:, session_state.cc:1385 VerifyEachNodeIsAssignedToAnEp]   Neg (/model/layers.7/self_attn/Neg) d95923ea-2a75-4757-a86c-99d425e3974a:92:232
2026-10-04 18:51:34.016999 [V:onnxruntime:, session_state.cc:1385 VerifyEachNodeIsAssignedToAnEp]   Neg (/model/layers.7/self_attn/Neg_1) d95923ea-2a75-4757-a86c-99d425e3974a:92:232
2026-10-04 18:51:34.016999 [V:onnxruntime:, session_state.cc:1385 VerifyEachNodeIsAssignedToAnEp]   Concat (/model/layers.7/self_attn/Concat_3) d95923ea-2a75-4757-a86c-99d425e3974a:92:232
2026-10-04 18:51:34.016999 [V:onnxruntime:, session_state.cc:1385 VerifyEachNodeIsAssignedToAnEp]   Concat (/model/layers.7/self_attn/Concat_4) d95923ea-2a75-4757-a86c-99d425e3974a:92:232
2026-10-04 18:51:34.016999 [V:onnxruntime:, session_state.cc:1385 VerifyEachNodeIsAssignedToAnEp]   Mul (/model/layers.7/self_attn/Mul_1) d95923ea-2a75-4757-a86c-99d425e3974a:92:232
2026-10-04 18:51:34.016999 [V:onnxruntime:, session_state.cc:1385 VerifyEachNodeIsAssignedToAnEp]   Mul (/model/layers.7/self_attn/Mul_3) d95923ea-2a75-4757-a86c-99d425e3974a:92:232
2026-10-04 18:51:34.016999 [V:onnxruntime:, session_state.cc:1385 VerifyEachNodeIsAssignedToAnEp]   Add (/model/layers.7/self_attn/Add) d95923ea-2a75-4757-a86c-99d425e3974a:92:232
2026-10-04 18:51:34.018000 [V:onnxruntime:, session_state.cc:1385 VerifyEachNodeIsAssignedToAnEp]   Add (/model/layers.7/self_attn/Add_1) d95923ea-2a75-4757-a86c-99d425e3974a:92:232
2026-10-04 18:51:34.018000 [V:onnxruntime:, session_state.cc:1385 VerifyEachNodeIsAssignedToAnEp]   Concat (/model/layers.7/self_attn/Concat_5) d95923ea-2a75-4757-a86c-99d425e3974a:92:232
2026-10-04 18:51:34.018000 [V:onnxruntime:, session_state.cc:1385 VerifyEachNodeIsAssignedToAnEp]   Mul (/model/layers.7/self_attn/Mul_8) d95923ea-2a75-4757-a86c-99d425e3974a:92:232
2026-10-04 18:51:34.018000 [V:onnxruntime:, session_state.cc:1385 VerifyEachNodeIsAssignedToAnEp]   Shape (/model/layers.7/self_attn/Shape_4) d95923ea-2a75-4757-a86c-99d425e3974a:92:232
2026-10-04 18:51:34.018000 [V:onnxruntime:, session_state.cc:1385 VerifyEachNodeIsAssignedToAnEp]   Unsqueeze (/model/layers.7/self_attn/Unsqueeze_10) d95923ea-2a75-4757-a86c-99d425e3974a:92:232
2026-10-04 18:51:34.018000 [V:onnxruntime:, session_state.cc:1385 VerifyEachNodeIsAssignedToAnEp]   Expand (/model/layers.7/self_attn/Expand_1) d95923ea-2a75-4757-a86c-99d425e3974a:92:232
2026-10-04 18:51:34.018000 [V:onnxruntime:, session_state.cc:1385 VerifyEachNodeIsAssignedToAnEp]   Reshape (/model/layers.7/self_attn/Reshape_6) d95923ea-2a75-4757-a86c-99d425e3974a:92:232
2026-10-04 18:51:34.018000 [V:onnxruntime:, session_state.cc:1385 VerifyEachNodeIsAssignedToAnEp]   Expand (/model/layers.7/self_attn/Expand) d95923ea-2a75-4757-a86c-99d425e3974a:92:232
2026-10-04 18:51:34.019000 [V:onnxruntime:, session_state.cc:1385 VerifyEachNodeIsAssignedToAnEp]   Reshape (/model/layers.7/self_attn/Reshape_4) d95923ea-2a75-4757-a86c-99d425e3974a:92:232
2026-10-04 18:51:34.019000 [V:onnxruntime:, session_state.cc:1385 VerifyEachNodeIsAssignedToAnEp]   Shape (/model/layers.7/self_attn/Shape_14) d95923ea-2a75-4757-a86c-99d425e3974a:92:232
2026-10-04 18:51:34.019000 [V:onnxruntime:, session_state.cc:1385 VerifyEachNodeIsAssignedToAnEp]   Transpose (/model/layers.7/self_attn/Transpose_3) d95923ea-2a75-4757-a86c-99d425e3974a:92:232
2026-10-04 18:51:34.019000 [V:onnxruntime:, session_state.cc:1385 VerifyEachNodeIsAssignedToAnEp]   Mul (/model/layers.7/self_attn/Mul_9) d95923ea-2a75-4757-a86c-99d425e3974a:92:232
2026-10-04 18:51:34.019000 [V:onnxruntime:, session_state.cc:1385 VerifyEachNodeIsAssignedToAnEp]   MatMul (/model/layers.7/self_attn/MatMul) d95923ea-2a75-4757-a86c-99d425e3974a:92:232
2026-10-04 18:51:34.019000 [V:onnxruntime:, session_state.cc:1385 VerifyEachNodeIsAssignedToAnEp]   Slice (/model/layers.7/self_attn/Slice_4) d95923ea-2a75-4757-a86c-99d425e3974a:92:232
2026-10-04 18:51:34.019000 [V:onnxruntime:, session_state.cc:1385 VerifyEachNodeIsAssignedToAnEp]   Add (/model/layers.7/self_attn/Add_2) d95923ea-2a75-4757-a86c-99d425e3974a:92:232
2026-10-04 18:51:34.019000 [V:onnxruntime:, session_state.cc:1385 VerifyEachNodeIsAssignedToAnEp]   Softmax (/model/layers.7/self_attn/Softmax) d95923ea-2a75-4757-a86c-99d425e3974a:92:232
2026-10-04 18:51:34.019999 [V:onnxruntime:, session_state.cc:1385 VerifyEachNodeIsAssignedToAnEp]   MatMul (/model/layers.7/self_attn/MatMul_1) d95923ea-2a75-4757-a86c-99d425e3974a:92:232
2026-10-04 18:51:34.019999 [V:onnxruntime:, session_state.cc:1385 VerifyEachNodeIsAssignedToAnEp]   Transpose (/model/layers.7/self_attn/Transpose_4) d95923ea-2a75-4757-a86c-99d425e3974a:92:232
2026-10-04 18:51:34.019999 [V:onnxruntime:, session_state.cc:1385 VerifyEachNodeIsAssignedToAnEp]   Reshape (/model/layers.7/self_attn/Reshape_7) d95923ea-2a75-4757-a86c-99d425e3974a:92:232
2026-10-04 18:51:34.019999 [V:onnxruntime:, session_state.cc:1385 VerifyEachNodeIsAssignedToAnEp]   MatMulNBits (/model/layers.7/self_attn/o_proj/MatMul_Q4) d95923ea-2a75-4757-a86c-99d425e3974a:92:232
2026-10-04 18:51:34.019999 [V:onnxruntime:, session_state.cc:1385 VerifyEachNodeIsAssignedToAnEp]   Add (/model/layers.7/Add) d95923ea-2a75-4757-a86c-99d425e3974a:92:232
2026-10-04 18:51:34.019999 [V:onnxruntime:, session_state.cc:1385 VerifyEachNodeIsAssignedToAnEp]   Pow (/model/layers.7/post_attention_layernorm/Pow) d95923ea-2a75-4757-a86c-99d425e3974a:92:232
2026-10-04 18:51:34.019999 [V:onnxruntime:, session_state.cc:1385 VerifyEachNodeIsAssignedToAnEp]   ReduceMean (/model/layers.7/post_attention_layernorm/ReduceMean) d95923ea-2a75-4757-a86c-99d425e3974a:92:232
2026-10-04 18:51:34.021000 [V:onnxruntime:, session_state.cc:1385 VerifyEachNodeIsAssignedToAnEp]   Add (/model/layers.7/post_attention_layernorm/Add) d95923ea-2a75-4757-a86c-99d425e3974a:92:232
2026-10-04 18:51:34.021000 [V:onnxruntime:, session_state.cc:1385 VerifyEachNodeIsAssignedToAnEp]   Sqrt (/model/layers.7/post_attention_layernorm/Sqrt) d95923ea-2a75-4757-a86c-99d425e3974a:92:232
2026-10-04 18:51:34.021000 [V:onnxruntime:, session_state.cc:1385 VerifyEachNodeIsAssignedToAnEp]   Div (/model/layers.7/post_attention_layernorm/Div) d95923ea-2a75-4757-a86c-99d425e3974a:92:232
2026-10-04 18:51:34.021000 [V:onnxruntime:, session_state.cc:1385 VerifyEachNodeIsAssignedToAnEp]   Mul (/model/layers.7/post_attention_layernorm/Mul_1) d95923ea-2a75-4757-a86c-99d425e3974a:92:232
2026-10-04 18:51:34.021000 [V:onnxruntime:, session_state.cc:1385 VerifyEachNodeIsAssignedToAnEp]   MatMulNBits (/model/layers.7/mlp/gate_proj/MatMul_Q4) d95923ea-2a75-4757-a86c-99d425e3974a:92:232
2026-10-04 18:51:34.021000 [V:onnxruntime:, session_state.cc:1385 VerifyEachNodeIsAssignedToAnEp]   MatMulNBits (/model/layers.7/mlp/up_proj/MatMul_Q4) d95923ea-2a75-4757-a86c-99d425e3974a:92:232
2026-10-04 18:51:34.022000 [V:onnxruntime:, session_state.cc:1385 VerifyEachNodeIsAssignedToAnEp]   Mul (/model/layers.7/mlp/Mul) d95923ea-2a75-4757-a86c-99d425e3974a:92:232
2026-10-04 18:51:34.022000 [V:onnxruntime:, session_state.cc:1385 VerifyEachNodeIsAssignedToAnEp]   MatMulNBits (/model/layers.7/mlp/down_proj/MatMul_Q4) d95923ea-2a75-4757-a86c-99d425e3974a:92:232
2026-10-04 18:51:34.022000 [V:onnxruntime:, session_state.cc:1385 VerifyEachNodeIsAssignedToAnEp]   Add (/model/layers.7/Add_1) d95923ea-2a75-4757-a86c-99d425e3974a:92:232
2026-10-04 18:51:34.022000 [V:onnxruntime:, session_state.cc:1385 VerifyEachNodeIsAssignedToAnEp]   Pow (/model/layers.8/input_layernorm/Pow) d95923ea-2a75-4757-a86c-99d425e3974a:92:232
2026-10-04 18:51:34.022000 [V:onnxruntime:, session_state.cc:1385 VerifyEachNodeIsAssignedToAnEp]   ReduceMean (/model/layers.8/input_layernorm/ReduceMean) d95923ea-2a75-4757-a86c-99d425e3974a:92:232
2026-10-04 18:51:34.022000 [V:onnxruntime:, session_state.cc:1385 VerifyEachNodeIsAssignedToAnEp]   Add (/model/layers.8/input_layernorm/Add) d95923ea-2a75-4757-a86c-99d425e3974a:92:232
2026-10-04 18:51:34.022000 [V:onnxruntime:, session_state.cc:1385 VerifyEachNodeIsAssignedToAnEp]   Sqrt (/model/layers.8/input_layernorm/Sqrt) d95923ea-2a75-4757-a86c-99d425e3974a:92:232
2026-10-04 18:51:34.023000 [V:onnxruntime:, session_state.cc:1385 VerifyEachNodeIsAssignedToAnEp]   Div (/model/layers.8/input_layernorm/Div) d95923ea-2a75-4757-a86c-99d425e3974a:92:232
2026-10-04 18:51:34.023000 [V:onnxruntime:, session_state.cc:1385 VerifyEachNodeIsAssignedToAnEp]   Mul (/model/layers.8/input_layernorm/Mul_1) d95923ea-2a75-4757-a86c-99d425e3974a:92:232
2026-10-04 18:51:34.023000 [V:onnxruntime:, session_state.cc:1385 VerifyEachNodeIsAssignedToAnEp]   Shape (/model/layers.8/self_attn/Shape) d95923ea-2a75-4757-a86c-99d425e3974a:92:232
2026-10-04 18:51:34.023000 [V:onnxruntime:, session_state.cc:1385 VerifyEachNodeIsAssignedToAnEp]   MatMulNBits (/model/layers.8/self_attn/q_proj/MatMul_Q4) d95923ea-2a75-4757-a86c-99d425e3974a:92:232
2026-10-04 18:51:34.032999 [V:onnxruntime:, session_state.cc:1385 VerifyEachNodeIsAssignedToAnEp]   MatMulNBits (/model/layers.8/self_attn/k_proj/MatMul_Q4) d95923ea-2a75-4757-a86c-99d425e3974a:92:232
2026-10-04 18:51:34.034000 [V:onnxruntime:, session_state.cc:1385 VerifyEachNodeIsAssignedToAnEp]   MatMulNBits (/model/layers.8/self_attn/v_proj/MatMul_Q4) d95923ea-2a75-4757-a86c-99d425e3974a:92:232
2026-10-04 18:51:34.034000 [V:onnxruntime:, session_state.cc:1385 VerifyEachNodeIsAssignedToAnEp]   Reshape (/model/layers.8/self_attn/Reshape) d95923ea-2a75-4757-a86c-99d425e3974a:92:232
2026-10-04 18:51:34.034000 [V:onnxruntime:, session_state.cc:1385 VerifyEachNodeIsAssignedToAnEp]   Reshape (/model/layers.8/self_attn/Reshape_1) d95923ea-2a75-4757-a86c-99d425e3974a:92:232
2026-10-04 18:51:34.034000 [V:onnxruntime:, session_state.cc:1385 VerifyEachNodeIsAssignedToAnEp]   Reshape (/model/layers.8/self_attn/Reshape_2) d95923ea-2a75-4757-a86c-99d425e3974a:92:232
2026-10-04 18:51:34.034000 [V:onnxruntime:, session_state.cc:1385 VerifyEachNodeIsAssignedToAnEp]   Transpose (/model/layers.8/self_attn/Transpose) d95923ea-2a75-4757-a86c-99d425e3974a:92:232
2026-10-04 18:51:34.034000 [V:onnxruntime:, session_state.cc:1385 VerifyEachNodeIsAssignedToAnEp]   Transpose (/model/layers.8/self_attn/Transpose_1) d95923ea-2a75-4757-a86c-99d425e3974a:92:232
2026-10-04 18:51:34.035000 [V:onnxruntime:, session_state.cc:1385 VerifyEachNodeIsAssignedToAnEp]   Transpose (/model/layers.8/self_attn/Transpose_2) d95923ea-2a75-4757-a86c-99d425e3974a:92:232
2026-10-04 18:51:34.035999 [V:onnxruntime:, session_state.cc:1385 VerifyEachNodeIsAssignedToAnEp]   Mul (/model/layers.8/self_attn/Mul) d95923ea-2a75-4757-a86c-99d425e3974a:92:232
2026-10-04 18:51:34.035999 [V:onnxruntime:, session_state.cc:1385 VerifyEachNodeIsAssignedToAnEp]   Mul (/model/layers.8/self_attn/Mul_2) d95923ea-2a75-4757-a86c-99d425e3974a:92:232
2026-10-04 18:51:34.035999 [V:onnxruntime:, session_state.cc:1385 VerifyEachNodeIsAssignedToAnEp]   Concat (/model/layers.8/self_attn/Concat_6) d95923ea-2a75-4757-a86c-99d425e3974a:92:232
2026-10-04 18:51:34.035999 [V:onnxruntime:, session_state.cc:1385 VerifyEachNodeIsAssignedToAnEp]   Slice (/model/layers.8/self_attn/Slice) d95923ea-2a75-4757-a86c-99d425e3974a:92:232
2026-10-04 18:51:34.035999 [V:onnxruntime:, session_state.cc:1385 VerifyEachNodeIsAssignedToAnEp]   Slice (/model/layers.8/self_attn/Slice_1) d95923ea-2a75-4757-a86c-99d425e3974a:92:232
2026-10-04 18:51:34.035999 [V:onnxruntime:, session_state.cc:1385 VerifyEachNodeIsAssignedToAnEp]   Slice (/model/layers.8/self_attn/Slice_2) d95923ea-2a75-4757-a86c-99d425e3974a:92:232
2026-10-04 18:51:34.035999 [V:onnxruntime:, session_state.cc:1385 VerifyEachNodeIsAssignedToAnEp]   Slice (/model/layers.8/self_attn/Slice_3) d95923ea-2a75-4757-a86c-99d425e3974a:92:232
2026-10-04 18:51:34.037000 [V:onnxruntime:, session_state.cc:1385 VerifyEachNodeIsAssignedToAnEp]   Shape (/model/layers.8/self_attn/Shape_9) d95923ea-2a75-4757-a86c-99d425e3974a:92:232
2026-10-04 18:51:34.037000 [V:onnxruntime:, session_state.cc:1385 VerifyEachNodeIsAssignedToAnEp]   Unsqueeze (/model/layers.8/self_attn/Unsqueeze_19) d95923ea-2a75-4757-a86c-99d425e3974a:92:232
2026-10-04 18:51:34.037000 [V:onnxruntime:, session_state.cc:1385 VerifyEachNodeIsAssignedToAnEp]   Neg (/model/layers.8/self_attn/Neg) d95923ea-2a75-4757-a86c-99d425e3974a:92:232
2026-10-04 18:51:34.037000 [V:onnxruntime:, session_state.cc:1385 VerifyEachNodeIsAssignedToAnEp]   Neg (/model/layers.8/self_attn/Neg_1) d95923ea-2a75-4757-a86c-99d425e3974a:92:232
2026-10-04 18:51:34.037000 [V:onnxruntime:, session_state.cc:1385 VerifyEachNodeIsAssignedToAnEp]   Concat (/model/layers.8/self_attn/Concat_3) d95923ea-2a75-4757-a86c-99d425e3974a:92:232
2026-10-04 18:51:34.037000 [V:onnxruntime:, session_state.cc:1385 VerifyEachNodeIsAssignedToAnEp]   Concat (/model/layers.8/self_attn/Concat_4) d95923ea-2a75-4757-a86c-99d425e3974a:92:232
2026-10-04 18:51:34.037000 [V:onnxruntime:, session_state.cc:1385 VerifyEachNodeIsAssignedToAnEp]   Mul (/model/layers.8/self_attn/Mul_1) d95923ea-2a75-4757-a86c-99d425e3974a:92:232
2026-10-04 18:51:34.038000 [V:onnxruntime:, session_state.cc:1385 VerifyEachNodeIsAssignedToAnEp]   Mul (/model/layers.8/self_attn/Mul_3) d95923ea-2a75-4757-a86c-99d425e3974a:92:232
2026-10-04 18:51:34.038000 [V:onnxruntime:, session_state.cc:1385 VerifyEachNodeIsAssignedToAnEp]   Add (/model/layers.8/self_attn/Add) d95923ea-2a75-4757-a86c-99d425e3974a:92:232
2026-10-04 18:51:34.038000 [V:onnxruntime:, session_state.cc:1385 VerifyEachNodeIsAssignedToAnEp]   Add (/model/layers.8/self_attn/Add_1) d95923ea-2a75-4757-a86c-99d425e3974a:92:232
2026-10-04 18:51:34.038000 [V:onnxruntime:, session_state.cc:1385 VerifyEachNodeIsAssignedToAnEp]   Concat (/model/layers.8/self_attn/Concat_5) d95923ea-2a75-4757-a86c-99d425e3974a:92:232
2026-10-04 18:51:34.038000 [V:onnxruntime:, session_state.cc:1385 VerifyEachNodeIsAssignedToAnEp]   Mul (/model/layers.8/self_attn/Mul_8) d95923ea-2a75-4757-a86c-99d425e3974a:92:232
2026-10-04 18:51:34.038000 [V:onnxruntime:, session_state.cc:1385 VerifyEachNodeIsAssignedToAnEp]   Shape (/model/layers.8/self_attn/Shape_4) d95923ea-2a75-4757-a86c-99d425e3974a:92:232
2026-10-04 18:51:34.038000 [V:onnxruntime:, session_state.cc:1385 VerifyEachNodeIsAssignedToAnEp]   Unsqueeze (/model/layers.8/self_attn/Unsqueeze_10) d95923ea-2a75-4757-a86c-99d425e3974a:92:232
2026-10-04 18:51:34.038000 [V:onnxruntime:, session_state.cc:1385 VerifyEachNodeIsAssignedToAnEp]   Expand (/model/layers.8/self_attn/Expand_1) d95923ea-2a75-4757-a86c-99d425e3974a:92:232
2026-10-04 18:51:34.038000 [V:onnxruntime:, session_state.cc:1385 VerifyEachNodeIsAssignedToAnEp]   Reshape (/model/layers.8/self_attn/Reshape_6) d95923ea-2a75-4757-a86c-99d425e3974a:92:232
2026-10-04 18:51:34.038000 [V:onnxruntime:, session_state.cc:1385 VerifyEachNodeIsAssignedToAnEp]   Expand (/model/layers.8/self_attn/Expand) d95923ea-2a75-4757-a86c-99d425e3974a:92:232
2026-10-04 18:51:34.038000 [V:onnxruntime:, session_state.cc:1385 VerifyEachNodeIsAssignedToAnEp]   Reshape (/model/layers.8/self_attn/Reshape_4) d95923ea-2a75-4757-a86c-99d425e3974a:92:232
2026-10-04 18:51:34.038000 [V:onnxruntime:, session_state.cc:1385 VerifyEachNodeIsAssignedToAnEp]   Shape (/model/layers.8/self_attn/Shape_14) d95923ea-2a75-4757-a86c-99d425e3974a:92:232
2026-10-04 18:51:34.038000 [V:onnxruntime:, session_state.cc:1385 VerifyEachNodeIsAssignedToAnEp]   Transpose (/model/layers.8/self_attn/Transpose_3) d95923ea-2a75-4757-a86c-99d425e3974a:92:232
2026-10-04 18:51:34.039000 [V:onnxruntime:, session_state.cc:1385 VerifyEachNodeIsAssignedToAnEp]   Mul (/model/layers.8/self_attn/Mul_9) d95923ea-2a75-4757-a86c-99d425e3974a:92:232
2026-10-04 18:51:34.039000 [V:onnxruntime:, session_state.cc:1385 VerifyEachNodeIsAssignedToAnEp]   MatMul (/model/layers.8/self_attn/MatMul) d95923ea-2a75-4757-a86c-99d425e3974a:92:232
2026-10-04 18:51:34.039000 [V:onnxruntime:, session_state.cc:1385 VerifyEachNodeIsAssignedToAnEp]   Slice (/model/layers.8/self_attn/Slice_4) d95923ea-2a75-4757-a86c-99d425e3974a:92:232
2026-10-04 18:51:34.039000 [V:onnxruntime:, session_state.cc:1385 VerifyEachNodeIsAssignedToAnEp]   Add (/model/layers.8/self_attn/Add_2) d95923ea-2a75-4757-a86c-99d425e3974a:92:232
2026-10-04 18:51:34.039000 [V:onnxruntime:, session_state.cc:1385 VerifyEachNodeIsAssignedToAnEp]   Softmax (/model/layers.8/self_attn/Softmax) d95923ea-2a75-4757-a86c-99d425e3974a:92:232
2026-10-04 18:51:34.040999 [V:onnxruntime:, session_state.cc:1385 VerifyEachNodeIsAssignedToAnEp]   MatMul (/model/layers.8/self_attn/MatMul_1) d95923ea-2a75-4757-a86c-99d425e3974a:92:232
2026-10-04 18:51:34.040999 [V:onnxruntime:, session_state.cc:1385 VerifyEachNodeIsAssignedToAnEp]   Transpose (/model/layers.8/self_attn/Transpose_4) d95923ea-2a75-4757-a86c-99d425e3974a:92:232
2026-10-04 18:51:34.040999 [V:onnxruntime:, session_state.cc:1385 VerifyEachNodeIsAssignedToAnEp]   Reshape (/model/layers.8/self_attn/Reshape_7) d95923ea-2a75-4757-a86c-99d425e3974a:92:232
2026-10-04 18:51:34.040999 [V:onnxruntime:, session_state.cc:1385 VerifyEachNodeIsAssignedToAnEp]   MatMulNBits (/model/layers.8/self_attn/o_proj/MatMul_Q4) d95923ea-2a75-4757-a86c-99d425e3974a:92:232
2026-10-04 18:51:34.040999 [V:onnxruntime:, session_state.cc:1385 VerifyEachNodeIsAssignedToAnEp]   Add (/model/layers.8/Add) d95923ea-2a75-4757-a86c-99d425e3974a:92:232
2026-10-04 18:51:34.040999 [V:onnxruntime:, session_state.cc:1385 VerifyEachNodeIsAssignedToAnEp]   Pow (/model/layers.8/post_attention_layernorm/Pow) d95923ea-2a75-4757-a86c-99d425e3974a:92:232
2026-10-04 18:51:34.042000 [V:onnxruntime:, session_state.cc:1385 VerifyEachNodeIsAssignedToAnEp]   ReduceMean (/model/layers.8/post_attention_layernorm/ReduceMean) d95923ea-2a75-4757-a86c-99d425e3974a:92:232
2026-10-04 18:51:34.042000 [V:onnxruntime:, session_state.cc:1385 VerifyEachNodeIsAssignedToAnEp]   Add (/model/layers.8/post_attention_layernorm/Add) d95923ea-2a75-4757-a86c-99d425e3974a:92:232
2026-10-04 18:51:34.042000 [V:onnxruntime:, session_state.cc:1385 VerifyEachNodeIsAssignedToAnEp]   Sqrt (/model/layers.8/post_attention_layernorm/Sqrt) d95923ea-2a75-4757-a86c-99d425e3974a:92:232
2026-10-04 18:51:34.042000 [V:onnxruntime:, session_state.cc:1385 VerifyEachNodeIsAssignedToAnEp]   Div (/model/layers.8/post_attention_layernorm/Div) d95923ea-2a75-4757-a86c-99d425e3974a:92:232
2026-10-04 18:51:34.042000 [V:onnxruntime:, session_state.cc:1385 VerifyEachNodeIsAssignedToAnEp]   Mul (/model/layers.8/post_attention_layernorm/Mul_1) d95923ea-2a75-4757-a86c-99d425e3974a:92:232
2026-10-04 18:51:34.042000 [V:onnxruntime:, session_state.cc:1385 VerifyEachNodeIsAssignedToAnEp]   MatMulNBits (/model/layers.8/mlp/gate_proj/MatMul_Q4) d95923ea-2a75-4757-a86c-99d425e3974a:92:232
2026-10-04 18:51:34.042000 [V:onnxruntime:, session_state.cc:1385 VerifyEachNodeIsAssignedToAnEp]   MatMulNBits (/model/layers.8/mlp/up_proj/MatMul_Q4) d95923ea-2a75-4757-a86c-99d425e3974a:92:232
2026-10-04 18:51:34.042000 [V:onnxruntime:, session_state.cc:1385 VerifyEachNodeIsAssignedToAnEp]   Mul (/model/layers.8/mlp/Mul) d95923ea-2a75-4757-a86c-99d425e3974a:92:232
2026-10-04 18:51:34.042000 [V:onnxruntime:, session_state.cc:1385 VerifyEachNodeIsAssignedToAnEp]   MatMulNBits (/model/layers.8/mlp/down_proj/MatMul_Q4) d95923ea-2a75-4757-a86c-99d425e3974a:92:232
2026-10-04 18:51:34.042000 [V:onnxruntime:, session_state.cc:1385 VerifyEachNodeIsAssignedToAnEp]   Add (/model/layers.8/Add_1) d95923ea-2a75-4757-a86c-99d425e3974a:92:232
2026-10-04 18:51:34.043000 [V:onnxruntime:, session_state.cc:1385 VerifyEachNodeIsAssignedToAnEp]   Pow (/model/layers.9/input_layernorm/Pow) d95923ea-2a75-4757-a86c-99d425e3974a:92:232
2026-10-04 18:51:34.043000 [V:onnxruntime:, session_state.cc:1385 VerifyEachNodeIsAssignedToAnEp]   ReduceMean (/model/layers.9/input_layernorm/ReduceMean) d95923ea-2a75-4757-a86c-99d425e3974a:92:232
2026-10-04 18:51:34.043000 [V:onnxruntime:, session_state.cc:1385 VerifyEachNodeIsAssignedToAnEp]   Add (/model/layers.9/input_layernorm/Add) d95923ea-2a75-4757-a86c-99d425e3974a:92:232
2026-10-04 18:51:34.043000 [V:onnxruntime:, session_state.cc:1385 VerifyEachNodeIsAssignedToAnEp]   Sqrt (/model/layers.9/input_layernorm/Sqrt) d95923ea-2a75-4757-a86c-99d425e3974a:92:232
2026-10-04 18:51:34.043000 [V:onnxruntime:, session_state.cc:1385 VerifyEachNodeIsAssignedToAnEp]   Div (/model/layers.9/input_layernorm/Div) d95923ea-2a75-4757-a86c-99d425e3974a:92:232
2026-10-04 18:51:34.043000 [V:onnxruntime:, session_state.cc:1385 VerifyEachNodeIsAssignedToAnEp]   Mul (/model/layers.9/input_layernorm/Mul_1) d95923ea-2a75-4757-a86c-99d425e3974a:92:232
2026-10-04 18:51:34.043000 [V:onnxruntime:, session_state.cc:1385 VerifyEachNodeIsAssignedToAnEp]   Shape (/model/layers.9/self_attn/Shape) d95923ea-2a75-4757-a86c-99d425e3974a:92:232
2026-10-04 18:51:34.043999 [V:onnxruntime:, session_state.cc:1385 VerifyEachNodeIsAssignedToAnEp]   MatMulNBits (/model/layers.9/self_attn/q_proj/MatMul_Q4) d95923ea-2a75-4757-a86c-99d425e3974a:92:232
2026-10-04 18:51:34.043999 [V:onnxruntime:, session_state.cc:1385 VerifyEachNodeIsAssignedToAnEp]   MatMulNBits (/model/layers.9/self_attn/k_proj/MatMul_Q4) d95923ea-2a75-4757-a86c-99d425e3974a:92:232
2026-10-04 18:51:34.043999 [V:onnxruntime:, session_state.cc:1385 VerifyEachNodeIsAssignedToAnEp]   MatMulNBits (/model/layers.9/self_attn/v_proj/MatMul_Q4) d95923ea-2a75-4757-a86c-99d425e3974a:92:232
2026-10-04 18:51:34.043999 [V:onnxruntime:, session_state.cc:1385 VerifyEachNodeIsAssignedToAnEp]   Reshape (/model/layers.9/self_attn/Reshape) d95923ea-2a75-4757-a86c-99d425e3974a:92:232
2026-10-04 18:51:34.043999 [V:onnxruntime:, session_state.cc:1385 VerifyEachNodeIsAssignedToAnEp]   Reshape (/model/layers.9/self_attn/Reshape_1) d95923ea-2a75-4757-a86c-99d425e3974a:92:232
2026-10-04 18:51:34.043999 [V:onnxruntime:, session_state.cc:1385 VerifyEachNodeIsAssignedToAnEp]   Reshape (/model/layers.9/self_attn/Reshape_2) d95923ea-2a75-4757-a86c-99d425e3974a:92:232
2026-10-04 18:51:34.043999 [V:onnxruntime:, session_state.cc:1385 VerifyEachNodeIsAssignedToAnEp]   Transpose (/model/layers.9/self_attn/Transpose) d95923ea-2a75-4757-a86c-99d425e3974a:92:232
2026-10-04 18:51:34.045000 [V:onnxruntime:, session_state.cc:1385 VerifyEachNodeIsAssignedToAnEp]   Transpose (/model/layers.9/self_attn/Transpose_1) d95923ea-2a75-4757-a86c-99d425e3974a:92:232
2026-10-04 18:51:34.045000 [V:onnxruntime:, session_state.cc:1385 VerifyEachNodeIsAssignedToAnEp]   Transpose (/model/layers.9/self_attn/Transpose_2) d95923ea-2a75-4757-a86c-99d425e3974a:92:232
2026-10-04 18:51:34.045000 [V:onnxruntime:, session_state.cc:1385 VerifyEachNodeIsAssignedToAnEp]   Mul (/model/layers.9/self_attn/Mul) d95923ea-2a75-4757-a86c-99d425e3974a:92:232
2026-10-04 18:51:34.045000 [V:onnxruntime:, session_state.cc:1385 VerifyEachNodeIsAssignedToAnEp]   Mul (/model/layers.9/self_attn/Mul_2) d95923ea-2a75-4757-a86c-99d425e3974a:92:232
2026-10-04 18:51:34.045000 [V:onnxruntime:, session_state.cc:1385 VerifyEachNodeIsAssignedToAnEp]   Concat (/model/layers.9/self_attn/Concat_6) d95923ea-2a75-4757-a86c-99d425e3974a:92:232
2026-10-04 18:51:34.045000 [V:onnxruntime:, session_state.cc:1385 VerifyEachNodeIsAssignedToAnEp]   Slice (/model/layers.9/self_attn/Slice) d95923ea-2a75-4757-a86c-99d425e3974a:92:232
2026-10-04 18:51:34.045000 [V:onnxruntime:, session_state.cc:1385 VerifyEachNodeIsAssignedToAnEp]   Slice (/model/layers.9/self_attn/Slice_1) d95923ea-2a75-4757-a86c-99d425e3974a:92:232
2026-10-04 18:51:34.046000 [V:onnxruntime:, session_state.cc:1385 VerifyEachNodeIsAssignedToAnEp]   Slice (/model/layers.9/self_attn/Slice_2) d95923ea-2a75-4757-a86c-99d425e3974a:92:232
2026-10-04 18:51:34.046000 [V:onnxruntime:, session_state.cc:1385 VerifyEachNodeIsAssignedToAnEp]   Slice (/model/layers.9/self_attn/Slice_3) d95923ea-2a75-4757-a86c-99d425e3974a:92:232
2026-10-04 18:51:34.046000 [V:onnxruntime:, session_state.cc:1385 VerifyEachNodeIsAssignedToAnEp]   Shape (/model/layers.9/self_attn/Shape_9) d95923ea-2a75-4757-a86c-99d425e3974a:92:232
2026-10-04 18:51:34.046000 [V:onnxruntime:, session_state.cc:1385 VerifyEachNodeIsAssignedToAnEp]   Unsqueeze (/model/layers.9/self_attn/Unsqueeze_19) d95923ea-2a75-4757-a86c-99d425e3974a:92:232
2026-10-04 18:51:34.046000 [V:onnxruntime:, session_state.cc:1385 VerifyEachNodeIsAssignedToAnEp]   Neg (/model/layers.9/self_attn/Neg) d95923ea-2a75-4757-a86c-99d425e3974a:92:232
2026-10-04 18:51:34.046000 [V:onnxruntime:, session_state.cc:1385 VerifyEachNodeIsAssignedToAnEp]   Neg (/model/layers.9/self_attn/Neg_1) d95923ea-2a75-4757-a86c-99d425e3974a:92:232
2026-10-04 18:51:34.047000 [V:onnxruntime:, session_state.cc:1385 VerifyEachNodeIsAssignedToAnEp]   Concat (/model/layers.9/self_attn/Concat_3) d95923ea-2a75-4757-a86c-99d425e3974a:92:232
2026-10-04 18:51:34.047000 [V:onnxruntime:, session_state.cc:1385 VerifyEachNodeIsAssignedToAnEp]   Concat (/model/layers.9/self_attn/Concat_4) d95923ea-2a75-4757-a86c-99d425e3974a:92:232
2026-10-04 18:51:34.047000 [V:onnxruntime:, session_state.cc:1385 VerifyEachNodeIsAssignedToAnEp]   Mul (/model/layers.9/self_attn/Mul_1) d95923ea-2a75-4757-a86c-99d425e3974a:92:232
2026-10-04 18:51:34.047000 [V:onnxruntime:, session_state.cc:1385 VerifyEachNodeIsAssignedToAnEp]   Mul (/model/layers.9/self_attn/Mul_3) d95923ea-2a75-4757-a86c-99d425e3974a:92:232
2026-10-04 18:51:34.047000 [V:onnxruntime:, session_state.cc:1385 VerifyEachNodeIsAssignedToAnEp]   Add (/model/layers.9/self_attn/Add) d95923ea-2a75-4757-a86c-99d425e3974a:92:232
2026-10-04 18:51:34.047000 [V:onnxruntime:, session_state.cc:1385 VerifyEachNodeIsAssignedToAnEp]   Add (/model/layers.9/self_attn/Add_1) d95923ea-2a75-4757-a86c-99d425e3974a:92:232
2026-10-04 18:51:34.047000 [V:onnxruntime:, session_state.cc:1385 VerifyEachNodeIsAssignedToAnEp]   Concat (/model/layers.9/self_attn/Concat_5) d95923ea-2a75-4757-a86c-99d425e3974a:92:232
2026-10-04 18:51:34.047999 [V:onnxruntime:, session_state.cc:1385 VerifyEachNodeIsAssignedToAnEp]   Mul (/model/layers.9/self_attn/Mul_8) d95923ea-2a75-4757-a86c-99d425e3974a:92:232
2026-10-04 18:51:34.047999 [V:onnxruntime:, session_state.cc:1385 VerifyEachNodeIsAssignedToAnEp]   Shape (/model/layers.9/self_attn/Shape_4) d95923ea-2a75-4757-a86c-99d425e3974a:92:232
2026-10-04 18:51:34.047999 [V:onnxruntime:, session_state.cc:1385 VerifyEachNodeIsAssignedToAnEp]   Unsqueeze (/model/layers.9/self_attn/Unsqueeze_10) d95923ea-2a75-4757-a86c-99d425e3974a:92:232
2026-10-04 18:51:34.047999 [V:onnxruntime:, session_state.cc:1385 VerifyEachNodeIsAssignedToAnEp]   Expand (/model/layers.9/self_attn/Expand_1) d95923ea-2a75-4757-a86c-99d425e3974a:92:232
2026-10-04 18:51:34.047999 [V:onnxruntime:, session_state.cc:1385 VerifyEachNodeIsAssignedToAnEp]   Reshape (/model/layers.9/self_attn/Reshape_6) d95923ea-2a75-4757-a86c-99d425e3974a:92:232
2026-10-04 18:51:34.047999 [V:onnxruntime:, session_state.cc:1385 VerifyEachNodeIsAssignedToAnEp]   Expand (/model/layers.9/self_attn/Expand) d95923ea-2a75-4757-a86c-99d425e3974a:92:232
2026-10-04 18:51:34.047999 [V:onnxruntime:, session_state.cc:1385 VerifyEachNodeIsAssignedToAnEp]   Reshape (/model/layers.9/self_attn/Reshape_4) d95923ea-2a75-4757-a86c-99d425e3974a:92:232
2026-10-04 18:51:34.048999 [V:onnxruntime:, session_state.cc:1385 VerifyEachNodeIsAssignedToAnEp]   Shape (/model/layers.9/self_attn/Shape_14) d95923ea-2a75-4757-a86c-99d425e3974a:92:232
2026-10-04 18:51:34.048999 [V:onnxruntime:, session_state.cc:1385 VerifyEachNodeIsAssignedToAnEp]   Transpose (/model/layers.9/self_attn/Transpose_3) d95923ea-2a75-4757-a86c-99d425e3974a:92:232
2026-10-04 18:51:34.048999 [V:onnxruntime:, session_state.cc:1385 VerifyEachNodeIsAssignedToAnEp]   Mul (/model/layers.9/self_attn/Mul_9) d95923ea-2a75-4757-a86c-99d425e3974a:92:232
2026-10-04 18:51:34.048999 [V:onnxruntime:, session_state.cc:1385 VerifyEachNodeIsAssignedToAnEp]   MatMul (/model/layers.9/self_attn/MatMul) d95923ea-2a75-4757-a86c-99d425e3974a:92:232
2026-10-04 18:51:34.048999 [V:onnxruntime:, session_state.cc:1385 VerifyEachNodeIsAssignedToAnEp]   Slice (/model/layers.9/self_attn/Slice_4) d95923ea-2a75-4757-a86c-99d425e3974a:92:232
2026-10-04 18:51:34.048999 [V:onnxruntime:, session_state.cc:1385 VerifyEachNodeIsAssignedToAnEp]   Add (/model/layers.9/self_attn/Add_2) d95923ea-2a75-4757-a86c-99d425e3974a:92:232
2026-10-04 18:51:34.048999 [V:onnxruntime:, session_state.cc:1385 VerifyEachNodeIsAssignedToAnEp]   Softmax (/model/layers.9/self_attn/Softmax) d95923ea-2a75-4757-a86c-99d425e3974a:92:232
2026-10-04 18:51:34.050000 [V:onnxruntime:, session_state.cc:1385 VerifyEachNodeIsAssignedToAnEp]   MatMul (/model/layers.9/self_attn/MatMul_1) d95923ea-2a75-4757-a86c-99d425e3974a:92:232
2026-10-04 18:51:34.050000 [V:onnxruntime:, session_state.cc:1385 VerifyEachNodeIsAssignedToAnEp]   Transpose (/model/layers.9/self_attn/Transpose_4) d95923ea-2a75-4757-a86c-99d425e3974a:92:232
2026-10-04 18:51:34.050000 [V:onnxruntime:, session_state.cc:1385 VerifyEachNodeIsAssignedToAnEp]   Reshape (/model/layers.9/self_attn/Reshape_7) d95923ea-2a75-4757-a86c-99d425e3974a:92:232
2026-10-04 18:51:34.050000 [V:onnxruntime:, session_state.cc:1385 VerifyEachNodeIsAssignedToAnEp]   MatMulNBits (/model/layers.9/self_attn/o_proj/MatMul_Q4) d95923ea-2a75-4757-a86c-99d425e3974a:92:232
2026-10-04 18:51:34.050000 [V:onnxruntime:, session_state.cc:1385 VerifyEachNodeIsAssignedToAnEp]   Add (/model/layers.9/Add) d95923ea-2a75-4757-a86c-99d425e3974a:92:232
2026-10-04 18:51:34.050000 [V:onnxruntime:, session_state.cc:1385 VerifyEachNodeIsAssignedToAnEp]   Pow (/model/layers.9/post_attention_layernorm/Pow) d95923ea-2a75-4757-a86c-99d425e3974a:92:232
2026-10-04 18:51:34.050000 [V:onnxruntime:, session_state.cc:1385 VerifyEachNodeIsAssignedToAnEp]   ReduceMean (/model/layers.9/post_attention_layernorm/ReduceMean) d95923ea-2a75-4757-a86c-99d425e3974a:92:232
2026-10-04 18:51:34.050000 [V:onnxruntime:, session_state.cc:1385 VerifyEachNodeIsAssignedToAnEp]   Add (/model/layers.9/post_attention_layernorm/Add) d95923ea-2a75-4757-a86c-99d425e3974a:92:232
2026-10-04 18:51:34.051000 [V:onnxruntime:, session_state.cc:1385 VerifyEachNodeIsAssignedToAnEp]   Sqrt (/model/layers.9/post_attention_layernorm/Sqrt) d95923ea-2a75-4757-a86c-99d425e3974a:92:232
2026-10-04 18:51:34.051000 [V:onnxruntime:, session_state.cc:1385 VerifyEachNodeIsAssignedToAnEp]   Div (/model/layers.9/post_attention_layernorm/Div) d95923ea-2a75-4757-a86c-99d425e3974a:92:232
2026-10-04 18:51:34.051000 [V:onnxruntime:, session_state.cc:1385 VerifyEachNodeIsAssignedToAnEp]   Mul (/model/layers.9/post_attention_layernorm/Mul_1) d95923ea-2a75-4757-a86c-99d425e3974a:92:232
2026-10-04 18:51:34.051000 [V:onnxruntime:, session_state.cc:1385 VerifyEachNodeIsAssignedToAnEp]   MatMulNBits (/model/layers.9/mlp/gate_proj/MatMul_Q4) d95923ea-2a75-4757-a86c-99d425e3974a:92:232
2026-10-04 18:51:34.051000 [V:onnxruntime:, session_state.cc:1385 VerifyEachNodeIsAssignedToAnEp]   MatMulNBits (/model/layers.9/mlp/up_proj/MatMul_Q4) d95923ea-2a75-4757-a86c-99d425e3974a:92:232
2026-10-04 18:51:34.051000 [V:onnxruntime:, session_state.cc:1385 VerifyEachNodeIsAssignedToAnEp]   Mul (/model/layers.9/mlp/Mul) d95923ea-2a75-4757-a86c-99d425e3974a:92:232
2026-10-04 18:51:34.051999 [V:onnxruntime:, session_state.cc:1385 VerifyEachNodeIsAssignedToAnEp]   MatMulNBits (/model/layers.9/mlp/down_proj/MatMul_Q4) d95923ea-2a75-4757-a86c-99d425e3974a:92:232
2026-10-04 18:51:34.053000 [V:onnxruntime:, session_state.cc:1385 VerifyEachNodeIsAssignedToAnEp]   Add (/model/layers.9/Add_1) d95923ea-2a75-4757-a86c-99d425e3974a:92:232
2026-10-04 18:51:34.053000 [V:onnxruntime:, session_state.cc:1385 VerifyEachNodeIsAssignedToAnEp]   Pow (/model/layers.10/input_layernorm/Pow) d95923ea-2a75-4757-a86c-99d425e3974a:92:232
2026-10-04 18:51:34.053000 [V:onnxruntime:, session_state.cc:1385 VerifyEachNodeIsAssignedToAnEp]   ReduceMean (/model/layers.10/input_layernorm/ReduceMean) d95923ea-2a75-4757-a86c-99d425e3974a:92:232
2026-10-04 18:51:34.053000 [V:onnxruntime:, session_state.cc:1385 VerifyEachNodeIsAssignedToAnEp]   Add (/model/layers.10/input_layernorm/Add) d95923ea-2a75-4757-a86c-99d425e3974a:92:232
2026-10-04 18:51:34.053000 [V:onnxruntime:, session_state.cc:1385 VerifyEachNodeIsAssignedToAnEp]   Sqrt (/model/layers.10/input_layernorm/Sqrt) d95923ea-2a75-4757-a86c-99d425e3974a:92:232
2026-10-04 18:51:34.053000 [V:onnxruntime:, session_state.cc:1385 VerifyEachNodeIsAssignedToAnEp]   Div (/model/layers.10/input_layernorm/Div) d95923ea-2a75-4757-a86c-99d425e3974a:92:232
2026-10-04 18:51:34.054000 [V:onnxruntime:, session_state.cc:1385 VerifyEachNodeIsAssignedToAnEp]   Mul (/model/layers.10/input_layernorm/Mul_1) d95923ea-2a75-4757-a86c-99d425e3974a:92:232
2026-10-04 18:51:34.054000 [V:onnxruntime:, session_state.cc:1385 VerifyEachNodeIsAssignedToAnEp]   Shape (/model/layers.10/self_attn/Shape) d95923ea-2a75-4757-a86c-99d425e3974a:92:232
2026-10-04 18:51:34.054000 [V:onnxruntime:, session_state.cc:1385 VerifyEachNodeIsAssignedToAnEp]   MatMulNBits (/model/layers.10/self_attn/q_proj/MatMul_Q4) d95923ea-2a75-4757-a86c-99d425e3974a:92:232
2026-10-04 18:51:34.054000 [V:onnxruntime:, session_state.cc:1385 VerifyEachNodeIsAssignedToAnEp]   MatMulNBits (/model/layers.10/self_attn/k_proj/MatMul_Q4) d95923ea-2a75-4757-a86c-99d425e3974a:92:232
2026-10-04 18:51:34.054000 [V:onnxruntime:, session_state.cc:1385 VerifyEachNodeIsAssignedToAnEp]   MatMulNBits (/model/layers.10/self_attn/v_proj/MatMul_Q4) d95923ea-2a75-4757-a86c-99d425e3974a:92:232
2026-10-04 18:51:34.054000 [V:onnxruntime:, session_state.cc:1385 VerifyEachNodeIsAssignedToAnEp]   Reshape (/model/layers.10/self_attn/Reshape) d95923ea-2a75-4757-a86c-99d425e3974a:92:232
2026-10-04 18:51:34.054000 [V:onnxruntime:, session_state.cc:1385 VerifyEachNodeIsAssignedToAnEp]   Reshape (/model/layers.10/self_attn/Reshape_1) d95923ea-2a75-4757-a86c-99d425e3974a:92:232
2026-10-04 18:51:34.054000 [V:onnxruntime:, session_state.cc:1385 VerifyEachNodeIsAssignedToAnEp]   Reshape (/model/layers.10/self_attn/Reshape_2) d95923ea-2a75-4757-a86c-99d425e3974a:92:232
2026-10-04 18:51:34.054000 [V:onnxruntime:, session_state.cc:1385 VerifyEachNodeIsAssignedToAnEp]   Transpose (/model/layers.10/self_attn/Transpose) d95923ea-2a75-4757-a86c-99d425e3974a:92:232
2026-10-04 18:51:34.054000 [V:onnxruntime:, session_state.cc:1385 VerifyEachNodeIsAssignedToAnEp]   Transpose (/model/layers.10/self_attn/Transpose_1) d95923ea-2a75-4757-a86c-99d425e3974a:92:232
2026-10-04 18:51:34.054000 [V:onnxruntime:, session_state.cc:1385 VerifyEachNodeIsAssignedToAnEp]   Transpose (/model/layers.10/self_attn/Transpose_2) d95923ea-2a75-4757-a86c-99d425e3974a:92:232
2026-10-04 18:51:34.055000 [V:onnxruntime:, session_state.cc:1385 VerifyEachNodeIsAssignedToAnEp]   Mul (/model/layers.10/self_attn/Mul) d95923ea-2a75-4757-a86c-99d425e3974a:92:232
2026-10-04 18:51:34.055000 [V:onnxruntime:, session_state.cc:1385 VerifyEachNodeIsAssignedToAnEp]   Mul (/model/layers.10/self_attn/Mul_2) d95923ea-2a75-4757-a86c-99d425e3974a:92:232
2026-10-04 18:51:34.055000 [V:onnxruntime:, session_state.cc:1385 VerifyEachNodeIsAssignedToAnEp]   Concat (/model/layers.10/self_attn/Concat_6) d95923ea-2a75-4757-a86c-99d425e3974a:92:232
2026-10-04 18:51:34.055000 [V:onnxruntime:, session_state.cc:1385 VerifyEachNodeIsAssignedToAnEp]   Slice (/model/layers.10/self_attn/Slice) d95923ea-2a75-4757-a86c-99d425e3974a:92:232
2026-10-04 18:51:34.055000 [V:onnxruntime:, session_state.cc:1385 VerifyEachNodeIsAssignedToAnEp]   Slice (/model/layers.10/self_attn/Slice_1) d95923ea-2a75-4757-a86c-99d425e3974a:92:232
2026-10-04 18:51:34.055000 [V:onnxruntime:, session_state.cc:1385 VerifyEachNodeIsAssignedToAnEp]   Slice (/model/layers.10/self_attn/Slice_2) d95923ea-2a75-4757-a86c-99d425e3974a:92:232
2026-10-04 18:51:34.055000 [V:onnxruntime:, session_state.cc:1385 VerifyEachNodeIsAssignedToAnEp]   Slice (/model/layers.10/self_attn/Slice_3) d95923ea-2a75-4757-a86c-99d425e3974a:92:232
2026-10-04 18:51:34.056999 [V:onnxruntime:, session_state.cc:1385 VerifyEachNodeIsAssignedToAnEp]   Shape (/model/layers.10/self_attn/Shape_9) d95923ea-2a75-4757-a86c-99d425e3974a:92:232
2026-10-04 18:51:34.056999 [V:onnxruntime:, session_state.cc:1385 VerifyEachNodeIsAssignedToAnEp]   Unsqueeze (/model/layers.10/self_attn/Unsqueeze_19) d95923ea-2a75-4757-a86c-99d425e3974a:92:232
2026-10-04 18:51:34.056999 [V:onnxruntime:, session_state.cc:1385 VerifyEachNodeIsAssignedToAnEp]   Neg (/model/layers.10/self_attn/Neg) d95923ea-2a75-4757-a86c-99d425e3974a:92:232
2026-10-04 18:51:34.056999 [V:onnxruntime:, session_state.cc:1385 VerifyEachNodeIsAssignedToAnEp]   Neg (/model/layers.10/self_attn/Neg_1) d95923ea-2a75-4757-a86c-99d425e3974a:92:232
2026-10-04 18:51:34.056999 [V:onnxruntime:, session_state.cc:1385 VerifyEachNodeIsAssignedToAnEp]   Concat (/model/layers.10/self_attn/Concat_3) d95923ea-2a75-4757-a86c-99d425e3974a:92:232
2026-10-04 18:51:34.056999 [V:onnxruntime:, session_state.cc:1385 VerifyEachNodeIsAssignedToAnEp]   Concat (/model/layers.10/self_attn/Concat_4) d95923ea-2a75-4757-a86c-99d425e3974a:92:232
2026-10-04 18:51:34.056999 [V:onnxruntime:, session_state.cc:1385 VerifyEachNodeIsAssignedToAnEp]   Mul (/model/layers.10/self_attn/Mul_1) d95923ea-2a75-4757-a86c-99d425e3974a:92:232
2026-10-04 18:51:34.058000 [V:onnxruntime:, session_state.cc:1385 VerifyEachNodeIsAssignedToAnEp]   Mul (/model/layers.10/self_attn/Mul_3) d95923ea-2a75-4757-a86c-99d425e3974a:92:232
2026-10-04 18:51:34.058000 [V:onnxruntime:, session_state.cc:1385 VerifyEachNodeIsAssignedToAnEp]   Add (/model/layers.10/self_attn/Add) d95923ea-2a75-4757-a86c-99d425e3974a:92:232
2026-10-04 18:51:34.058000 [V:onnxruntime:, session_state.cc:1385 VerifyEachNodeIsAssignedToAnEp]   Add (/model/layers.10/self_attn/Add_1) d95923ea-2a75-4757-a86c-99d425e3974a:92:232
2026-10-04 18:51:34.058000 [V:onnxruntime:, session_state.cc:1385 VerifyEachNodeIsAssignedToAnEp]   Concat (/model/layers.10/self_attn/Concat_5) d95923ea-2a75-4757-a86c-99d425e3974a:92:232
2026-10-04 18:51:34.058000 [V:onnxruntime:, session_state.cc:1385 VerifyEachNodeIsAssignedToAnEp]   Mul (/model/layers.10/self_attn/Mul_8) d95923ea-2a75-4757-a86c-99d425e3974a:92:232
2026-10-04 18:51:34.058000 [V:onnxruntime:, session_state.cc:1385 VerifyEachNodeIsAssignedToAnEp]   Shape (/model/layers.10/self_attn/Shape_4) d95923ea-2a75-4757-a86c-99d425e3974a:92:232
2026-10-04 18:51:34.059000 [V:onnxruntime:, session_state.cc:1385 VerifyEachNodeIsAssignedToAnEp]   Unsqueeze (/model/layers.10/self_attn/Unsqueeze_10) d95923ea-2a75-4757-a86c-99d425e3974a:92:232
2026-10-04 18:51:34.059000 [V:onnxruntime:, session_state.cc:1385 VerifyEachNodeIsAssignedToAnEp]   Expand (/model/layers.10/self_attn/Expand_1) d95923ea-2a75-4757-a86c-99d425e3974a:92:232
2026-10-04 18:51:34.059000 [V:onnxruntime:, session_state.cc:1385 VerifyEachNodeIsAssignedToAnEp]   Reshape (/model/layers.10/self_attn/Reshape_6) d95923ea-2a75-4757-a86c-99d425e3974a:92:232
2026-10-04 18:51:34.059000 [V:onnxruntime:, session_state.cc:1385 VerifyEachNodeIsAssignedToAnEp]   Expand (/model/layers.10/self_attn/Expand) d95923ea-2a75-4757-a86c-99d425e3974a:92:232
2026-10-04 18:51:34.059999 [V:onnxruntime:, session_state.cc:1385 VerifyEachNodeIsAssignedToAnEp]   Reshape (/model/layers.10/self_attn/Reshape_4) d95923ea-2a75-4757-a86c-99d425e3974a:92:232
2026-10-04 18:51:34.059999 [V:onnxruntime:, session_state.cc:1385 VerifyEachNodeIsAssignedToAnEp]   Shape (/model/layers.10/self_attn/Shape_14) d95923ea-2a75-4757-a86c-99d425e3974a:92:232
2026-10-04 18:51:34.059999 [V:onnxruntime:, session_state.cc:1385 VerifyEachNodeIsAssignedToAnEp]   Transpose (/model/layers.10/self_attn/Transpose_3) d95923ea-2a75-4757-a86c-99d425e3974a:92:232
2026-10-04 18:51:34.059999 [V:onnxruntime:, session_state.cc:1385 VerifyEachNodeIsAssignedToAnEp]   Mul (/model/layers.10/self_attn/Mul_9) d95923ea-2a75-4757-a86c-99d425e3974a:92:232
2026-10-04 18:51:34.059999 [V:onnxruntime:, session_state.cc:1385 VerifyEachNodeIsAssignedToAnEp]   MatMul (/model/layers.10/self_attn/MatMul) d95923ea-2a75-4757-a86c-99d425e3974a:92:232
2026-10-04 18:51:34.061000 [V:onnxruntime:, session_state.cc:1385 VerifyEachNodeIsAssignedToAnEp]   Slice (/model/layers.10/self_attn/Slice_4) d95923ea-2a75-4757-a86c-99d425e3974a:92:232
2026-10-04 18:51:34.067999 [V:onnxruntime:, session_state.cc:1385 VerifyEachNodeIsAssignedToAnEp]   Add (/model/layers.10/self_attn/Add_2) d95923ea-2a75-4757-a86c-99d425e3974a:92:232
2026-10-04 18:51:34.069000 [V:onnxruntime:, session_state.cc:1385 VerifyEachNodeIsAssignedToAnEp]   Softmax (/model/layers.10/self_attn/Softmax) d95923ea-2a75-4757-a86c-99d425e3974a:92:232
2026-10-04 18:51:34.070000 [V:onnxruntime:, session_state.cc:1385 VerifyEachNodeIsAssignedToAnEp]   MatMul (/model/layers.10/self_attn/MatMul_1) d95923ea-2a75-4757-a86c-99d425e3974a:92:232
2026-10-04 18:51:34.070000 [V:onnxruntime:, session_state.cc:1385 VerifyEachNodeIsAssignedToAnEp]   Transpose (/model/layers.10/self_attn/Transpose_4) d95923ea-2a75-4757-a86c-99d425e3974a:92:232
2026-10-04 18:51:34.070000 [V:onnxruntime:, session_state.cc:1385 VerifyEachNodeIsAssignedToAnEp]   Reshape (/model/layers.10/self_attn/Reshape_7) d95923ea-2a75-4757-a86c-99d425e3974a:92:232
2026-10-04 18:51:34.070000 [V:onnxruntime:, session_state.cc:1385 VerifyEachNodeIsAssignedToAnEp]   MatMulNBits (/model/layers.10/self_attn/o_proj/MatMul_Q4) d95923ea-2a75-4757-a86c-99d425e3974a:92:232
2026-10-04 18:51:34.070000 [V:onnxruntime:, session_state.cc:1385 VerifyEachNodeIsAssignedToAnEp]   Add (/model/layers.10/Add) d95923ea-2a75-4757-a86c-99d425e3974a:92:232
2026-10-04 18:51:34.071000 [V:onnxruntime:, session_state.cc:1385 VerifyEachNodeIsAssignedToAnEp]   Pow (/model/layers.10/post_attention_layernorm/Pow) d95923ea-2a75-4757-a86c-99d425e3974a:92:232
2026-10-04 18:51:34.071000 [V:onnxruntime:, session_state.cc:1385 VerifyEachNodeIsAssignedToAnEp]   ReduceMean (/model/layers.10/post_attention_layernorm/ReduceMean) d95923ea-2a75-4757-a86c-99d425e3974a:92:232
2026-10-04 18:51:34.071000 [V:onnxruntime:, session_state.cc:1385 VerifyEachNodeIsAssignedToAnEp]   Add (/model/layers.10/post_attention_layernorm/Add) d95923ea-2a75-4757-a86c-99d425e3974a:92:232
2026-10-04 18:51:34.071000 [V:onnxruntime:, session_state.cc:1385 VerifyEachNodeIsAssignedToAnEp]   Sqrt (/model/layers.10/post_attention_layernorm/Sqrt) d95923ea-2a75-4757-a86c-99d425e3974a:92:232
2026-10-04 18:51:34.071000 [V:onnxruntime:, session_state.cc:1385 VerifyEachNodeIsAssignedToAnEp]   Div (/model/layers.10/post_attention_layernorm/Div) d95923ea-2a75-4757-a86c-99d425e3974a:92:232
2026-10-04 18:51:34.071999 [V:onnxruntime:, session_state.cc:1385 VerifyEachNodeIsAssignedToAnEp]   Mul (/model/layers.10/post_attention_layernorm/Mul_1) d95923ea-2a75-4757-a86c-99d425e3974a:92:232
2026-10-04 18:51:34.071999 [V:onnxruntime:, session_state.cc:1385 VerifyEachNodeIsAssignedToAnEp]   MatMulNBits (/model/layers.10/mlp/gate_proj/MatMul_Q4) d95923ea-2a75-4757-a86c-99d425e3974a:92:232
2026-10-04 18:51:34.071999 [V:onnxruntime:, session_state.cc:1385 VerifyEachNodeIsAssignedToAnEp]   MatMulNBits (/model/layers.10/mlp/up_proj/MatMul_Q4) d95923ea-2a75-4757-a86c-99d425e3974a:92:232
2026-10-04 18:51:34.071999 [V:onnxruntime:, session_state.cc:1385 VerifyEachNodeIsAssignedToAnEp]   Mul (/model/layers.10/mlp/Mul) d95923ea-2a75-4757-a86c-99d425e3974a:92:232
2026-10-04 18:51:34.071999 [V:onnxruntime:, session_state.cc:1385 VerifyEachNodeIsAssignedToAnEp]   MatMulNBits (/model/layers.10/mlp/down_proj/MatMul_Q4) d95923ea-2a75-4757-a86c-99d425e3974a:92:232
2026-10-04 18:51:34.071999 [V:onnxruntime:, session_state.cc:1385 VerifyEachNodeIsAssignedToAnEp]   Add (/model/layers.10/Add_1) d95923ea-2a75-4757-a86c-99d425e3974a:92:232
2026-10-04 18:51:34.072999 [V:onnxruntime:, session_state.cc:1385 VerifyEachNodeIsAssignedToAnEp]   Pow (/model/layers.11/input_layernorm/Pow) d95923ea-2a75-4757-a86c-99d425e3974a:92:232
2026-10-04 18:51:34.072999 [V:onnxruntime:, session_state.cc:1385 VerifyEachNodeIsAssignedToAnEp]   ReduceMean (/model/layers.11/input_layernorm/ReduceMean) d95923ea-2a75-4757-a86c-99d425e3974a:92:232
2026-10-04 18:51:34.072999 [V:onnxruntime:, session_state.cc:1385 VerifyEachNodeIsAssignedToAnEp]   Add (/model/layers.11/input_layernorm/Add) d95923ea-2a75-4757-a86c-99d425e3974a:92:232
2026-10-04 18:51:34.072999 [V:onnxruntime:, session_state.cc:1385 VerifyEachNodeIsAssignedToAnEp]   Sqrt (/model/layers.11/input_layernorm/Sqrt) d95923ea-2a75-4757-a86c-99d425e3974a:92:232
2026-10-04 18:51:34.072999 [V:onnxruntime:, session_state.cc:1385 VerifyEachNodeIsAssignedToAnEp]   Div (/model/layers.11/input_layernorm/Div) d95923ea-2a75-4757-a86c-99d425e3974a:92:232
2026-10-04 18:51:34.072999 [V:onnxruntime:, session_state.cc:1385 VerifyEachNodeIsAssignedToAnEp]   Mul (/model/layers.11/input_layernorm/Mul_1) d95923ea-2a75-4757-a86c-99d425e3974a:92:232
2026-10-04 18:51:34.074000 [V:onnxruntime:, session_state.cc:1385 VerifyEachNodeIsAssignedToAnEp]   Shape (/model/layers.11/self_attn/Shape) d95923ea-2a75-4757-a86c-99d425e3974a:92:232
2026-10-04 18:51:34.074000 [V:onnxruntime:, session_state.cc:1385 VerifyEachNodeIsAssignedToAnEp]   MatMulNBits (/model/layers.11/self_attn/q_proj/MatMul_Q4) d95923ea-2a75-4757-a86c-99d425e3974a:92:232
2026-10-04 18:51:34.074000 [V:onnxruntime:, session_state.cc:1385 VerifyEachNodeIsAssignedToAnEp]   MatMulNBits (/model/layers.11/self_attn/k_proj/MatMul_Q4) d95923ea-2a75-4757-a86c-99d425e3974a:92:232
2026-10-04 18:51:34.075000 [V:onnxruntime:, session_state.cc:1385 VerifyEachNodeIsAssignedToAnEp]   MatMulNBits (/model/layers.11/self_attn/v_proj/MatMul_Q4) d95923ea-2a75-4757-a86c-99d425e3974a:92:232
2026-10-04 18:51:34.075000 [V:onnxruntime:, session_state.cc:1385 VerifyEachNodeIsAssignedToAnEp]   Reshape (/model/layers.11/self_attn/Reshape) d95923ea-2a75-4757-a86c-99d425e3974a:92:232
2026-10-04 18:51:34.075000 [V:onnxruntime:, session_state.cc:1385 VerifyEachNodeIsAssignedToAnEp]   Reshape (/model/layers.11/self_attn/Reshape_1) d95923ea-2a75-4757-a86c-99d425e3974a:92:232
2026-10-04 18:51:34.075000 [V:onnxruntime:, session_state.cc:1385 VerifyEachNodeIsAssignedToAnEp]   Reshape (/model/layers.11/self_attn/Reshape_2) d95923ea-2a75-4757-a86c-99d425e3974a:92:232
2026-10-04 18:51:34.075000 [V:onnxruntime:, session_state.cc:1385 VerifyEachNodeIsAssignedToAnEp]   Transpose (/model/layers.11/self_attn/Transpose) d95923ea-2a75-4757-a86c-99d425e3974a:92:232
2026-10-04 18:51:34.075000 [V:onnxruntime:, session_state.cc:1385 VerifyEachNodeIsAssignedToAnEp]   Transpose (/model/layers.11/self_attn/Transpose_1) d95923ea-2a75-4757-a86c-99d425e3974a:92:232
2026-10-04 18:51:34.075999 [V:onnxruntime:, session_state.cc:1385 VerifyEachNodeIsAssignedToAnEp]   Transpose (/model/layers.11/self_attn/Transpose_2) d95923ea-2a75-4757-a86c-99d425e3974a:92:232
2026-10-04 18:51:34.075999 [V:onnxruntime:, session_state.cc:1385 VerifyEachNodeIsAssignedToAnEp]   Mul (/model/layers.11/self_attn/Mul) d95923ea-2a75-4757-a86c-99d425e3974a:92:232
2026-10-04 18:51:34.075999 [V:onnxruntime:, session_state.cc:1385 VerifyEachNodeIsAssignedToAnEp]   Mul (/model/layers.11/self_attn/Mul_2) d95923ea-2a75-4757-a86c-99d425e3974a:92:232
2026-10-04 18:51:34.075999 [V:onnxruntime:, session_state.cc:1385 VerifyEachNodeIsAssignedToAnEp]   Concat (/model/layers.11/self_attn/Concat_6) d95923ea-2a75-4757-a86c-99d425e3974a:92:232
2026-10-04 18:51:34.075999 [V:onnxruntime:, session_state.cc:1385 VerifyEachNodeIsAssignedToAnEp]   Slice (/model/layers.11/self_attn/Slice) d95923ea-2a75-4757-a86c-99d425e3974a:92:232
2026-10-04 18:51:34.075999 [V:onnxruntime:, session_state.cc:1385 VerifyEachNodeIsAssignedToAnEp]   Slice (/model/layers.11/self_attn/Slice_1) d95923ea-2a75-4757-a86c-99d425e3974a:92:232
2026-10-04 18:51:34.077000 [V:onnxruntime:, session_state.cc:1385 VerifyEachNodeIsAssignedToAnEp]   Slice (/model/layers.11/self_attn/Slice_2) d95923ea-2a75-4757-a86c-99d425e3974a:92:232
2026-10-04 18:51:34.077000 [V:onnxruntime:, session_state.cc:1385 VerifyEachNodeIsAssignedToAnEp]   Slice (/model/layers.11/self_attn/Slice_3) d95923ea-2a75-4757-a86c-99d425e3974a:92:232
2026-10-04 18:51:34.077000 [V:onnxruntime:, session_state.cc:1385 VerifyEachNodeIsAssignedToAnEp]   Shape (/model/layers.11/self_attn/Shape_9) d95923ea-2a75-4757-a86c-99d425e3974a:92:232
2026-10-04 18:51:34.077000 [V:onnxruntime:, session_state.cc:1385 VerifyEachNodeIsAssignedToAnEp]   Unsqueeze (/model/layers.11/self_attn/Unsqueeze_19) d95923ea-2a75-4757-a86c-99d425e3974a:92:232
2026-10-04 18:51:34.077000 [V:onnxruntime:, session_state.cc:1385 VerifyEachNodeIsAssignedToAnEp]   Neg (/model/layers.11/self_attn/Neg) d95923ea-2a75-4757-a86c-99d425e3974a:92:232
2026-10-04 18:51:34.077000 [V:onnxruntime:, session_state.cc:1385 VerifyEachNodeIsAssignedToAnEp]   Neg (/model/layers.11/self_attn/Neg_1) d95923ea-2a75-4757-a86c-99d425e3974a:92:232
2026-10-04 18:51:34.078000 [V:onnxruntime:, session_state.cc:1385 VerifyEachNodeIsAssignedToAnEp]   Concat (/model/layers.11/self_attn/Concat_3) d95923ea-2a75-4757-a86c-99d425e3974a:92:232
2026-10-04 18:51:34.078000 [V:onnxruntime:, session_state.cc:1385 VerifyEachNodeIsAssignedToAnEp]   Concat (/model/layers.11/self_attn/Concat_4) d95923ea-2a75-4757-a86c-99d425e3974a:92:232
2026-10-04 18:51:34.078000 [V:onnxruntime:, session_state.cc:1385 VerifyEachNodeIsAssignedToAnEp]   Mul (/model/layers.11/self_attn/Mul_1) d95923ea-2a75-4757-a86c-99d425e3974a:92:232
2026-10-04 18:51:34.078000 [V:onnxruntime:, session_state.cc:1385 VerifyEachNodeIsAssignedToAnEp]   Mul (/model/layers.11/self_attn/Mul_3) d95923ea-2a75-4757-a86c-99d425e3974a:92:232
2026-10-04 18:51:34.078000 [V:onnxruntime:, session_state.cc:1385 VerifyEachNodeIsAssignedToAnEp]   Add (/model/layers.11/self_attn/Add) d95923ea-2a75-4757-a86c-99d425e3974a:92:232
2026-10-04 18:51:34.078000 [V:onnxruntime:, session_state.cc:1385 VerifyEachNodeIsAssignedToAnEp]   Add (/model/layers.11/self_attn/Add_1) d95923ea-2a75-4757-a86c-99d425e3974a:92:232
2026-10-04 18:51:34.079000 [V:onnxruntime:, session_state.cc:1385 VerifyEachNodeIsAssignedToAnEp]   Concat (/model/layers.11/self_attn/Concat_5) d95923ea-2a75-4757-a86c-99d425e3974a:92:232
2026-10-04 18:51:34.079000 [V:onnxruntime:, session_state.cc:1385 VerifyEachNodeIsAssignedToAnEp]   Mul (/model/layers.11/self_attn/Mul_8) d95923ea-2a75-4757-a86c-99d425e3974a:92:232
2026-10-04 18:51:34.079000 [V:onnxruntime:, session_state.cc:1385 VerifyEachNodeIsAssignedToAnEp]   Shape (/model/layers.11/self_attn/Shape_4) d95923ea-2a75-4757-a86c-99d425e3974a:92:232
2026-10-04 18:51:34.079000 [V:onnxruntime:, session_state.cc:1385 VerifyEachNodeIsAssignedToAnEp]   Unsqueeze (/model/layers.11/self_attn/Unsqueeze_10) d95923ea-2a75-4757-a86c-99d425e3974a:92:232
2026-10-04 18:51:34.079000 [V:onnxruntime:, session_state.cc:1385 VerifyEachNodeIsAssignedToAnEp]   Expand (/model/layers.11/self_attn/Expand_1) d95923ea-2a75-4757-a86c-99d425e3974a:92:232
2026-10-04 18:51:34.079000 [V:onnxruntime:, session_state.cc:1385 VerifyEachNodeIsAssignedToAnEp]   Reshape (/model/layers.11/self_attn/Reshape_6) d95923ea-2a75-4757-a86c-99d425e3974a:92:232
2026-10-04 18:51:34.079999 [V:onnxruntime:, session_state.cc:1385 VerifyEachNodeIsAssignedToAnEp]   Expand (/model/layers.11/self_attn/Expand) d95923ea-2a75-4757-a86c-99d425e3974a:92:232
2026-10-04 18:51:34.079999 [V:onnxruntime:, session_state.cc:1385 VerifyEachNodeIsAssignedToAnEp]   Reshape (/model/layers.11/self_attn/Reshape_4) d95923ea-2a75-4757-a86c-99d425e3974a:92:232
2026-10-04 18:51:34.079999 [V:onnxruntime:, session_state.cc:1385 VerifyEachNodeIsAssignedToAnEp]   Shape (/model/layers.11/self_attn/Shape_14) d95923ea-2a75-4757-a86c-99d425e3974a:92:232
2026-10-04 18:51:34.079999 [V:onnxruntime:, session_state.cc:1385 VerifyEachNodeIsAssignedToAnEp]   Transpose (/model/layers.11/self_attn/Transpose_3) d95923ea-2a75-4757-a86c-99d425e3974a:92:232
2026-10-04 18:51:34.080999 [V:onnxruntime:, session_state.cc:1385 VerifyEachNodeIsAssignedToAnEp]   Mul (/model/layers.11/self_attn/Mul_9) d95923ea-2a75-4757-a86c-99d425e3974a:92:232
2026-10-04 18:51:34.080999 [V:onnxruntime:, session_state.cc:1385 VerifyEachNodeIsAssignedToAnEp]   MatMul (/model/layers.11/self_attn/MatMul) d95923ea-2a75-4757-a86c-99d425e3974a:92:232
2026-10-04 18:51:34.080999 [V:onnxruntime:, session_state.cc:1385 VerifyEachNodeIsAssignedToAnEp]   Slice (/model/layers.11/self_attn/Slice_4) d95923ea-2a75-4757-a86c-99d425e3974a:92:232
2026-10-04 18:51:34.080999 [V:onnxruntime:, session_state.cc:1385 VerifyEachNodeIsAssignedToAnEp]   Add (/model/layers.11/self_attn/Add_2) d95923ea-2a75-4757-a86c-99d425e3974a:92:232
2026-10-04 18:51:34.080999 [V:onnxruntime:, session_state.cc:1385 VerifyEachNodeIsAssignedToAnEp]   Softmax (/model/layers.11/self_attn/Softmax) d95923ea-2a75-4757-a86c-99d425e3974a:92:232
2026-10-04 18:51:34.080999 [V:onnxruntime:, session_state.cc:1385 VerifyEachNodeIsAssignedToAnEp]   MatMul (/model/layers.11/self_attn/MatMul_1) d95923ea-2a75-4757-a86c-99d425e3974a:92:232
2026-10-04 18:51:34.082000 [V:onnxruntime:, session_state.cc:1385 VerifyEachNodeIsAssignedToAnEp]   Transpose (/model/layers.11/self_attn/Transpose_4) d95923ea-2a75-4757-a86c-99d425e3974a:92:232
2026-10-04 18:51:34.082000 [V:onnxruntime:, session_state.cc:1385 VerifyEachNodeIsAssignedToAnEp]   Reshape (/model/layers.11/self_attn/Reshape_7) d95923ea-2a75-4757-a86c-99d425e3974a:92:232
2026-10-04 18:51:34.082000 [V:onnxruntime:, session_state.cc:1385 VerifyEachNodeIsAssignedToAnEp]   MatMulNBits (/model/layers.11/self_attn/o_proj/MatMul_Q4) d95923ea-2a75-4757-a86c-99d425e3974a:92:232
2026-10-04 18:51:34.082000 [V:onnxruntime:, session_state.cc:1385 VerifyEachNodeIsAssignedToAnEp]   Add (/model/layers.11/Add) d95923ea-2a75-4757-a86c-99d425e3974a:92:232
2026-10-04 18:51:34.082000 [V:onnxruntime:, session_state.cc:1385 VerifyEachNodeIsAssignedToAnEp]   Pow (/model/layers.11/post_attention_layernorm/Pow) d95923ea-2a75-4757-a86c-99d425e3974a:92:232
2026-10-04 18:51:34.082000 [V:onnxruntime:, session_state.cc:1385 VerifyEachNodeIsAssignedToAnEp]   ReduceMean (/model/layers.11/post_attention_layernorm/ReduceMean) d95923ea-2a75-4757-a86c-99d425e3974a:92:232
2026-10-04 18:51:34.083000 [V:onnxruntime:, session_state.cc:1385 VerifyEachNodeIsAssignedToAnEp]   Add (/model/layers.11/post_attention_layernorm/Add) d95923ea-2a75-4757-a86c-99d425e3974a:92:232
2026-10-04 18:51:34.083000 [V:onnxruntime:, session_state.cc:1385 VerifyEachNodeIsAssignedToAnEp]   Sqrt (/model/layers.11/post_attention_layernorm/Sqrt) d95923ea-2a75-4757-a86c-99d425e3974a:92:232
2026-10-04 18:51:34.083000 [V:onnxruntime:, session_state.cc:1385 VerifyEachNodeIsAssignedToAnEp]   Div (/model/layers.11/post_attention_layernorm/Div) d95923ea-2a75-4757-a86c-99d425e3974a:92:232
2026-10-04 18:51:34.083000 [V:onnxruntime:, session_state.cc:1385 VerifyEachNodeIsAssignedToAnEp]   Mul (/model/layers.11/post_attention_layernorm/Mul_1) d95923ea-2a75-4757-a86c-99d425e3974a:92:232
2026-10-04 18:51:34.083000 [V:onnxruntime:, session_state.cc:1385 VerifyEachNodeIsAssignedToAnEp]   MatMulNBits (/model/layers.11/mlp/gate_proj/MatMul_Q4) d95923ea-2a75-4757-a86c-99d425e3974a:92:232
2026-10-04 18:51:34.083000 [V:onnxruntime:, session_state.cc:1385 VerifyEachNodeIsAssignedToAnEp]   MatMulNBits (/model/layers.11/mlp/up_proj/MatMul_Q4) d95923ea-2a75-4757-a86c-99d425e3974a:92:232
2026-10-04 18:51:34.083000 [V:onnxruntime:, session_state.cc:1385 VerifyEachNodeIsAssignedToAnEp]   Mul (/model/layers.11/mlp/Mul) d95923ea-2a75-4757-a86c-99d425e3974a:92:232
2026-10-04 18:51:34.083000 [V:onnxruntime:, session_state.cc:1385 VerifyEachNodeIsAssignedToAnEp]   MatMulNBits (/model/layers.11/mlp/down_proj/MatMul_Q4) d95923ea-2a75-4757-a86c-99d425e3974a:92:232
2026-10-04 18:51:34.083999 [V:onnxruntime:, session_state.cc:1385 VerifyEachNodeIsAssignedToAnEp]   Add (/model/layers.11/Add_1) d95923ea-2a75-4757-a86c-99d425e3974a:92:232
2026-10-04 18:51:34.083999 [V:onnxruntime:, session_state.cc:1385 VerifyEachNodeIsAssignedToAnEp]   Pow (/model/layers.12/input_layernorm/Pow) d95923ea-2a75-4757-a86c-99d425e3974a:92:232
2026-10-04 18:51:34.083999 [V:onnxruntime:, session_state.cc:1385 VerifyEachNodeIsAssignedToAnEp]   ReduceMean (/model/layers.12/input_layernorm/ReduceMean) d95923ea-2a75-4757-a86c-99d425e3974a:92:232
2026-10-04 18:51:34.083999 [V:onnxruntime:, session_state.cc:1385 VerifyEachNodeIsAssignedToAnEp]   Add (/model/layers.12/input_layernorm/Add) d95923ea-2a75-4757-a86c-99d425e3974a:92:232
2026-10-04 18:51:34.083999 [V:onnxruntime:, session_state.cc:1385 VerifyEachNodeIsAssignedToAnEp]   Sqrt (/model/layers.12/input_layernorm/Sqrt) d95923ea-2a75-4757-a86c-99d425e3974a:92:232
2026-10-04 18:51:34.085000 [V:onnxruntime:, session_state.cc:1385 VerifyEachNodeIsAssignedToAnEp]   Div (/model/layers.12/input_layernorm/Div) d95923ea-2a75-4757-a86c-99d425e3974a:92:232
2026-10-04 18:51:34.085000 [V:onnxruntime:, session_state.cc:1385 VerifyEachNodeIsAssignedToAnEp]   Mul (/model/layers.12/input_layernorm/Mul_1) d95923ea-2a75-4757-a86c-99d425e3974a:92:232
2026-10-04 18:51:34.085000 [V:onnxruntime:, session_state.cc:1385 VerifyEachNodeIsAssignedToAnEp]   Shape (/model/layers.12/self_attn/Shape) d95923ea-2a75-4757-a86c-99d425e3974a:92:232
2026-10-04 18:51:34.085000 [V:onnxruntime:, session_state.cc:1385 VerifyEachNodeIsAssignedToAnEp]   MatMulNBits (/model/layers.12/self_attn/q_proj/MatMul_Q4) d95923ea-2a75-4757-a86c-99d425e3974a:92:232
2026-10-04 18:51:34.086000 [V:onnxruntime:, session_state.cc:1385 VerifyEachNodeIsAssignedToAnEp]   MatMulNBits (/model/layers.12/self_attn/k_proj/MatMul_Q4) d95923ea-2a75-4757-a86c-99d425e3974a:92:232
2026-10-04 18:51:34.086000 [V:onnxruntime:, session_state.cc:1385 VerifyEachNodeIsAssignedToAnEp]   MatMulNBits (/model/layers.12/self_attn/v_proj/MatMul_Q4) d95923ea-2a75-4757-a86c-99d425e3974a:92:232
2026-10-04 18:51:34.086000 [V:onnxruntime:, session_state.cc:1385 VerifyEachNodeIsAssignedToAnEp]   Reshape (/model/layers.12/self_attn/Reshape) d95923ea-2a75-4757-a86c-99d425e3974a:92:232
2026-10-04 18:51:34.086000 [V:onnxruntime:, session_state.cc:1385 VerifyEachNodeIsAssignedToAnEp]   Reshape (/model/layers.12/self_attn/Reshape_1) d95923ea-2a75-4757-a86c-99d425e3974a:92:232
2026-10-04 18:51:34.086000 [V:onnxruntime:, session_state.cc:1385 VerifyEachNodeIsAssignedToAnEp]   Reshape (/model/layers.12/self_attn/Reshape_2) d95923ea-2a75-4757-a86c-99d425e3974a:92:232
2026-10-04 18:51:34.086000 [V:onnxruntime:, session_state.cc:1385 VerifyEachNodeIsAssignedToAnEp]   Transpose (/model/layers.12/self_attn/Transpose) d95923ea-2a75-4757-a86c-99d425e3974a:92:232
2026-10-04 18:51:34.087000 [V:onnxruntime:, session_state.cc:1385 VerifyEachNodeIsAssignedToAnEp]   Transpose (/model/layers.12/self_attn/Transpose_1) d95923ea-2a75-4757-a86c-99d425e3974a:92:232
2026-10-04 18:51:34.087000 [V:onnxruntime:, session_state.cc:1385 VerifyEachNodeIsAssignedToAnEp]   Transpose (/model/layers.12/self_attn/Transpose_2) d95923ea-2a75-4757-a86c-99d425e3974a:92:232
2026-10-04 18:51:34.087000 [V:onnxruntime:, session_state.cc:1385 VerifyEachNodeIsAssignedToAnEp]   Mul (/model/layers.12/self_attn/Mul) d95923ea-2a75-4757-a86c-99d425e3974a:92:232
2026-10-04 18:51:34.087000 [V:onnxruntime:, session_state.cc:1385 VerifyEachNodeIsAssignedToAnEp]   Mul (/model/layers.12/self_attn/Mul_2) d95923ea-2a75-4757-a86c-99d425e3974a:92:232
2026-10-04 18:51:34.087999 [V:onnxruntime:, session_state.cc:1385 VerifyEachNodeIsAssignedToAnEp]   Concat (/model/layers.12/self_attn/Concat_6) d95923ea-2a75-4757-a86c-99d425e3974a:92:232
2026-10-04 18:51:34.087999 [V:onnxruntime:, session_state.cc:1385 VerifyEachNodeIsAssignedToAnEp]   Slice (/model/layers.12/self_attn/Slice) d95923ea-2a75-4757-a86c-99d425e3974a:92:232
2026-10-04 18:51:34.087999 [V:onnxruntime:, session_state.cc:1385 VerifyEachNodeIsAssignedToAnEp]   Slice (/model/layers.12/self_attn/Slice_1) d95923ea-2a75-4757-a86c-99d425e3974a:92:232
2026-10-04 18:51:34.088999 [V:onnxruntime:, session_state.cc:1385 VerifyEachNodeIsAssignedToAnEp]   Slice (/model/layers.12/self_attn/Slice_2) d95923ea-2a75-4757-a86c-99d425e3974a:92:232
2026-10-04 18:51:34.088999 [V:onnxruntime:, session_state.cc:1385 VerifyEachNodeIsAssignedToAnEp]   Slice (/model/layers.12/self_attn/Slice_3) d95923ea-2a75-4757-a86c-99d425e3974a:92:232
2026-10-04 18:51:34.090000 [V:onnxruntime:, session_state.cc:1385 VerifyEachNodeIsAssignedToAnEp]   Shape (/model/layers.12/self_attn/Shape_9) d95923ea-2a75-4757-a86c-99d425e3974a:92:232
2026-10-04 18:51:34.090000 [V:onnxruntime:, session_state.cc:1385 VerifyEachNodeIsAssignedToAnEp]   Unsqueeze (/model/layers.12/self_attn/Unsqueeze_19) d95923ea-2a75-4757-a86c-99d425e3974a:92:232
2026-10-04 18:51:34.090000 [V:onnxruntime:, session_state.cc:1385 VerifyEachNodeIsAssignedToAnEp]   Neg (/model/layers.12/self_attn/Neg) d95923ea-2a75-4757-a86c-99d425e3974a:92:232
2026-10-04 18:51:34.091000 [V:onnxruntime:, session_state.cc:1385 VerifyEachNodeIsAssignedToAnEp]   Neg (/model/layers.12/self_attn/Neg_1) d95923ea-2a75-4757-a86c-99d425e3974a:92:232
2026-10-04 18:51:34.091000 [V:onnxruntime:, session_state.cc:1385 VerifyEachNodeIsAssignedToAnEp]   Concat (/model/layers.12/self_attn/Concat_3) d95923ea-2a75-4757-a86c-99d425e3974a:92:232
2026-10-04 18:51:34.091000 [V:onnxruntime:, session_state.cc:1385 VerifyEachNodeIsAssignedToAnEp]   Concat (/model/layers.12/self_attn/Concat_4) d95923ea-2a75-4757-a86c-99d425e3974a:92:232
2026-10-04 18:51:34.091000 [V:onnxruntime:, session_state.cc:1385 VerifyEachNodeIsAssignedToAnEp]   Mul (/model/layers.12/self_attn/Mul_1) d95923ea-2a75-4757-a86c-99d425e3974a:92:232
2026-10-04 18:51:34.091000 [V:onnxruntime:, session_state.cc:1385 VerifyEachNodeIsAssignedToAnEp]   Mul (/model/layers.12/self_attn/Mul_3) d95923ea-2a75-4757-a86c-99d425e3974a:92:232
2026-10-04 18:51:34.091000 [V:onnxruntime:, session_state.cc:1385 VerifyEachNodeIsAssignedToAnEp]   Add (/model/layers.12/self_attn/Add) d95923ea-2a75-4757-a86c-99d425e3974a:92:232
2026-10-04 18:51:34.091999 [V:onnxruntime:, session_state.cc:1385 VerifyEachNodeIsAssignedToAnEp]   Add (/model/layers.12/self_attn/Add_1) d95923ea-2a75-4757-a86c-99d425e3974a:92:232
2026-10-04 18:51:34.091999 [V:onnxruntime:, session_state.cc:1385 VerifyEachNodeIsAssignedToAnEp]   Concat (/model/layers.12/self_attn/Concat_5) d95923ea-2a75-4757-a86c-99d425e3974a:92:232
2026-10-04 18:51:34.091999 [V:onnxruntime:, session_state.cc:1385 VerifyEachNodeIsAssignedToAnEp]   Mul (/model/layers.12/self_attn/Mul_8) d95923ea-2a75-4757-a86c-99d425e3974a:92:232
2026-10-04 18:51:34.091999 [V:onnxruntime:, session_state.cc:1385 VerifyEachNodeIsAssignedToAnEp]   Shape (/model/layers.12/self_attn/Shape_4) d95923ea-2a75-4757-a86c-99d425e3974a:92:232
2026-10-04 18:51:34.091999 [V:onnxruntime:, session_state.cc:1385 VerifyEachNodeIsAssignedToAnEp]   Unsqueeze (/model/layers.12/self_attn/Unsqueeze_10) d95923ea-2a75-4757-a86c-99d425e3974a:92:232
2026-10-04 18:51:34.091999 [V:onnxruntime:, session_state.cc:1385 VerifyEachNodeIsAssignedToAnEp]   Expand (/model/layers.12/self_attn/Expand_1) d95923ea-2a75-4757-a86c-99d425e3974a:92:232
2026-10-04 18:51:34.093000 [V:onnxruntime:, session_state.cc:1385 VerifyEachNodeIsAssignedToAnEp]   Reshape (/model/layers.12/self_attn/Reshape_6) d95923ea-2a75-4757-a86c-99d425e3974a:92:232
2026-10-04 18:51:34.093000 [V:onnxruntime:, session_state.cc:1385 VerifyEachNodeIsAssignedToAnEp]   Expand (/model/layers.12/self_attn/Expand) d95923ea-2a75-4757-a86c-99d425e3974a:92:232
2026-10-04 18:51:34.093000 [V:onnxruntime:, session_state.cc:1385 VerifyEachNodeIsAssignedToAnEp]   Reshape (/model/layers.12/self_attn/Reshape_4) d95923ea-2a75-4757-a86c-99d425e3974a:92:232
2026-10-04 18:51:34.093000 [V:onnxruntime:, session_state.cc:1385 VerifyEachNodeIsAssignedToAnEp]   Shape (/model/layers.12/self_attn/Shape_14) d95923ea-2a75-4757-a86c-99d425e3974a:92:232
2026-10-04 18:51:34.093000 [V:onnxruntime:, session_state.cc:1385 VerifyEachNodeIsAssignedToAnEp]   Transpose (/model/layers.12/self_attn/Transpose_3) d95923ea-2a75-4757-a86c-99d425e3974a:92:232
2026-10-04 18:51:34.093000 [V:onnxruntime:, session_state.cc:1385 VerifyEachNodeIsAssignedToAnEp]   Mul (/model/layers.12/self_attn/Mul_9) d95923ea-2a75-4757-a86c-99d425e3974a:92:232
2026-10-04 18:51:34.094000 [V:onnxruntime:, session_state.cc:1385 VerifyEachNodeIsAssignedToAnEp]   MatMul (/model/layers.12/self_attn/MatMul) d95923ea-2a75-4757-a86c-99d425e3974a:92:232
2026-10-04 18:51:34.094000 [V:onnxruntime:, session_state.cc:1385 VerifyEachNodeIsAssignedToAnEp]   Slice (/model/layers.12/self_attn/Slice_4) d95923ea-2a75-4757-a86c-99d425e3974a:92:232
2026-10-04 18:51:34.094000 [V:onnxruntime:, session_state.cc:1385 VerifyEachNodeIsAssignedToAnEp]   Add (/model/layers.12/self_attn/Add_2) d95923ea-2a75-4757-a86c-99d425e3974a:92:232
2026-10-04 18:51:34.094000 [V:onnxruntime:, session_state.cc:1385 VerifyEachNodeIsAssignedToAnEp]   Softmax (/model/layers.12/self_attn/Softmax) d95923ea-2a75-4757-a86c-99d425e3974a:92:232
2026-10-04 18:51:34.094000 [V:onnxruntime:, session_state.cc:1385 VerifyEachNodeIsAssignedToAnEp]   MatMul (/model/layers.12/self_attn/MatMul_1) d95923ea-2a75-4757-a86c-99d425e3974a:92:232
2026-10-04 18:51:34.094000 [V:onnxruntime:, session_state.cc:1385 VerifyEachNodeIsAssignedToAnEp]   Transpose (/model/layers.12/self_attn/Transpose_4) d95923ea-2a75-4757-a86c-99d425e3974a:92:232
2026-10-04 18:51:34.095000 [V:onnxruntime:, session_state.cc:1385 VerifyEachNodeIsAssignedToAnEp]   Reshape (/model/layers.12/self_attn/Reshape_7) d95923ea-2a75-4757-a86c-99d425e3974a:92:232
2026-10-04 18:51:34.095000 [V:onnxruntime:, session_state.cc:1385 VerifyEachNodeIsAssignedToAnEp]   MatMulNBits (/model/layers.12/self_attn/o_proj/MatMul_Q4) d95923ea-2a75-4757-a86c-99d425e3974a:92:232
2026-10-04 18:51:34.095000 [V:onnxruntime:, session_state.cc:1385 VerifyEachNodeIsAssignedToAnEp]   Add (/model/layers.12/Add) d95923ea-2a75-4757-a86c-99d425e3974a:92:232
2026-10-04 18:51:34.095000 [V:onnxruntime:, session_state.cc:1385 VerifyEachNodeIsAssignedToAnEp]   Pow (/model/layers.12/post_attention_layernorm/Pow) d95923ea-2a75-4757-a86c-99d425e3974a:92:232
2026-10-04 18:51:34.095000 [V:onnxruntime:, session_state.cc:1385 VerifyEachNodeIsAssignedToAnEp]   ReduceMean (/model/layers.12/post_attention_layernorm/ReduceMean) d95923ea-2a75-4757-a86c-99d425e3974a:92:232
2026-10-04 18:51:34.095999 [V:onnxruntime:, session_state.cc:1385 VerifyEachNodeIsAssignedToAnEp]   Add (/model/layers.12/post_attention_layernorm/Add) d95923ea-2a75-4757-a86c-99d425e3974a:92:232
2026-10-04 18:51:34.095999 [V:onnxruntime:, session_state.cc:1385 VerifyEachNodeIsAssignedToAnEp]   Sqrt (/model/layers.12/post_attention_layernorm/Sqrt) d95923ea-2a75-4757-a86c-99d425e3974a:92:232
2026-10-04 18:51:34.095999 [V:onnxruntime:, session_state.cc:1385 VerifyEachNodeIsAssignedToAnEp]   Div (/model/layers.12/post_attention_layernorm/Div) d95923ea-2a75-4757-a86c-99d425e3974a:92:232
2026-10-04 18:51:34.095999 [V:onnxruntime:, session_state.cc:1385 VerifyEachNodeIsAssignedToAnEp]   Mul (/model/layers.12/post_attention_layernorm/Mul_1) d95923ea-2a75-4757-a86c-99d425e3974a:92:232
2026-10-04 18:51:34.095999 [V:onnxruntime:, session_state.cc:1385 VerifyEachNodeIsAssignedToAnEp]   MatMulNBits (/model/layers.12/mlp/gate_proj/MatMul_Q4) d95923ea-2a75-4757-a86c-99d425e3974a:92:232
2026-10-04 18:51:34.095999 [V:onnxruntime:, session_state.cc:1385 VerifyEachNodeIsAssignedToAnEp]   MatMulNBits (/model/layers.12/mlp/up_proj/MatMul_Q4) d95923ea-2a75-4757-a86c-99d425e3974a:92:232
2026-10-04 18:51:34.096999 [V:onnxruntime:, session_state.cc:1385 VerifyEachNodeIsAssignedToAnEp]   Mul (/model/layers.12/mlp/Mul) d95923ea-2a75-4757-a86c-99d425e3974a:92:232
2026-10-04 18:51:34.096999 [V:onnxruntime:, session_state.cc:1385 VerifyEachNodeIsAssignedToAnEp]   MatMulNBits (/model/layers.12/mlp/down_proj/MatMul_Q4) d95923ea-2a75-4757-a86c-99d425e3974a:92:232
2026-10-04 18:51:34.096999 [V:onnxruntime:, session_state.cc:1385 VerifyEachNodeIsAssignedToAnEp]   Add (/model/layers.12/Add_1) d95923ea-2a75-4757-a86c-99d425e3974a:92:232
2026-10-04 18:51:34.096999 [V:onnxruntime:, session_state.cc:1385 VerifyEachNodeIsAssignedToAnEp]   Pow (/model/layers.13/input_layernorm/Pow) d95923ea-2a75-4757-a86c-99d425e3974a:92:232
2026-10-04 18:51:34.096999 [V:onnxruntime:, session_state.cc:1385 VerifyEachNodeIsAssignedToAnEp]   ReduceMean (/model/layers.13/input_layernorm/ReduceMean) d95923ea-2a75-4757-a86c-99d425e3974a:92:232
2026-10-04 18:51:34.096999 [V:onnxruntime:, session_state.cc:1385 VerifyEachNodeIsAssignedToAnEp]   Add (/model/layers.13/input_layernorm/Add) d95923ea-2a75-4757-a86c-99d425e3974a:92:232
2026-10-04 18:51:34.096999 [V:onnxruntime:, session_state.cc:1385 VerifyEachNodeIsAssignedToAnEp]   Sqrt (/model/layers.13/input_layernorm/Sqrt) d95923ea-2a75-4757-a86c-99d425e3974a:92:232
2026-10-04 18:51:34.098000 [V:onnxruntime:, session_state.cc:1385 VerifyEachNodeIsAssignedToAnEp]   Div (/model/layers.13/input_layernorm/Div) d95923ea-2a75-4757-a86c-99d425e3974a:92:232
2026-10-04 18:51:34.098000 [V:onnxruntime:, session_state.cc:1385 VerifyEachNodeIsAssignedToAnEp]   Mul (/model/layers.13/input_layernorm/Mul_1) d95923ea-2a75-4757-a86c-99d425e3974a:92:232
2026-10-04 18:51:34.098000 [V:onnxruntime:, session_state.cc:1385 VerifyEachNodeIsAssignedToAnEp]   Shape (/model/layers.13/self_attn/Shape) d95923ea-2a75-4757-a86c-99d425e3974a:92:232
2026-10-04 18:51:34.098000 [V:onnxruntime:, session_state.cc:1385 VerifyEachNodeIsAssignedToAnEp]   MatMulNBits (/model/layers.13/self_attn/q_proj/MatMul_Q4) d95923ea-2a75-4757-a86c-99d425e3974a:92:232
2026-10-04 18:51:34.098000 [V:onnxruntime:, session_state.cc:1385 VerifyEachNodeIsAssignedToAnEp]   MatMulNBits (/model/layers.13/self_attn/k_proj/MatMul_Q4) d95923ea-2a75-4757-a86c-99d425e3974a:92:232
2026-10-04 18:51:34.098000 [V:onnxruntime:, session_state.cc:1385 VerifyEachNodeIsAssignedToAnEp]   MatMulNBits (/model/layers.13/self_attn/v_proj/MatMul_Q4) d95923ea-2a75-4757-a86c-99d425e3974a:92:232
2026-10-04 18:51:34.099000 [V:onnxruntime:, session_state.cc:1385 VerifyEachNodeIsAssignedToAnEp]   Reshape (/model/layers.13/self_attn/Reshape) d95923ea-2a75-4757-a86c-99d425e3974a:92:232
2026-10-04 18:51:34.099000 [V:onnxruntime:, session_state.cc:1385 VerifyEachNodeIsAssignedToAnEp]   Reshape (/model/layers.13/self_attn/Reshape_1) d95923ea-2a75-4757-a86c-99d425e3974a:92:232
2026-10-04 18:51:34.099999 [V:onnxruntime:, session_state.cc:1385 VerifyEachNodeIsAssignedToAnEp]   Reshape (/model/layers.13/self_attn/Reshape_2) d95923ea-2a75-4757-a86c-99d425e3974a:92:232
2026-10-04 18:51:34.099999 [V:onnxruntime:, session_state.cc:1385 VerifyEachNodeIsAssignedToAnEp]   Transpose (/model/layers.13/self_attn/Transpose) d95923ea-2a75-4757-a86c-99d425e3974a:92:232
2026-10-04 18:51:34.099999 [V:onnxruntime:, session_state.cc:1385 VerifyEachNodeIsAssignedToAnEp]   Transpose (/model/layers.13/self_attn/Transpose_1) d95923ea-2a75-4757-a86c-99d425e3974a:92:232
2026-10-04 18:51:34.099999 [V:onnxruntime:, session_state.cc:1385 VerifyEachNodeIsAssignedToAnEp]   Transpose (/model/layers.13/self_attn/Transpose_2) d95923ea-2a75-4757-a86c-99d425e3974a:92:232
2026-10-04 18:51:34.099999 [V:onnxruntime:, session_state.cc:1385 VerifyEachNodeIsAssignedToAnEp]   Mul (/model/layers.13/self_attn/Mul) d95923ea-2a75-4757-a86c-99d425e3974a:92:232
2026-10-04 18:51:34.099999 [V:onnxruntime:, session_state.cc:1385 VerifyEachNodeIsAssignedToAnEp]   Mul (/model/layers.13/self_attn/Mul_2) d95923ea-2a75-4757-a86c-99d425e3974a:92:232
2026-10-04 18:51:34.101000 [V:onnxruntime:, session_state.cc:1385 VerifyEachNodeIsAssignedToAnEp]   Concat (/model/layers.13/self_attn/Concat_6) d95923ea-2a75-4757-a86c-99d425e3974a:92:232
2026-10-04 18:51:34.101000 [V:onnxruntime:, session_state.cc:1385 VerifyEachNodeIsAssignedToAnEp]   Slice (/model/layers.13/self_attn/Slice) d95923ea-2a75-4757-a86c-99d425e3974a:92:232
2026-10-04 18:51:34.101000 [V:onnxruntime:, session_state.cc:1385 VerifyEachNodeIsAssignedToAnEp]   Slice (/model/layers.13/self_attn/Slice_1) d95923ea-2a75-4757-a86c-99d425e3974a:92:232
2026-10-04 18:51:34.101000 [V:onnxruntime:, session_state.cc:1385 VerifyEachNodeIsAssignedToAnEp]   Slice (/model/layers.13/self_attn/Slice_2) d95923ea-2a75-4757-a86c-99d425e3974a:92:232
2026-10-04 18:51:34.101000 [V:onnxruntime:, session_state.cc:1385 VerifyEachNodeIsAssignedToAnEp]   Slice (/model/layers.13/self_attn/Slice_3) d95923ea-2a75-4757-a86c-99d425e3974a:92:232
2026-10-04 18:51:34.101000 [V:onnxruntime:, session_state.cc:1385 VerifyEachNodeIsAssignedToAnEp]   Shape (/model/layers.13/self_attn/Shape_9) d95923ea-2a75-4757-a86c-99d425e3974a:92:232
2026-10-04 18:51:34.102000 [V:onnxruntime:, session_state.cc:1385 VerifyEachNodeIsAssignedToAnEp]   Unsqueeze (/model/layers.13/self_attn/Unsqueeze_19) d95923ea-2a75-4757-a86c-99d425e3974a:92:232
2026-10-04 18:51:34.102000 [V:onnxruntime:, session_state.cc:1385 VerifyEachNodeIsAssignedToAnEp]   Neg (/model/layers.13/self_attn/Neg) d95923ea-2a75-4757-a86c-99d425e3974a:92:232
2026-10-04 18:51:34.102000 [V:onnxruntime:, session_state.cc:1385 VerifyEachNodeIsAssignedToAnEp]   Neg (/model/layers.13/self_attn/Neg_1) d95923ea-2a75-4757-a86c-99d425e3974a:92:232
2026-10-04 18:51:34.102000 [V:onnxruntime:, session_state.cc:1385 VerifyEachNodeIsAssignedToAnEp]   Concat (/model/layers.13/self_attn/Concat_3) d95923ea-2a75-4757-a86c-99d425e3974a:92:232
2026-10-04 18:51:34.102000 [V:onnxruntime:, session_state.cc:1385 VerifyEachNodeIsAssignedToAnEp]   Concat (/model/layers.13/self_attn/Concat_4) d95923ea-2a75-4757-a86c-99d425e3974a:92:232
2026-10-04 18:51:34.102000 [V:onnxruntime:, session_state.cc:1385 VerifyEachNodeIsAssignedToAnEp]   Mul (/model/layers.13/self_attn/Mul_1) d95923ea-2a75-4757-a86c-99d425e3974a:92:232
2026-10-04 18:51:34.103000 [V:onnxruntime:, session_state.cc:1385 VerifyEachNodeIsAssignedToAnEp]   Mul (/model/layers.13/self_attn/Mul_3) d95923ea-2a75-4757-a86c-99d425e3974a:92:232
2026-10-04 18:51:34.103000 [V:onnxruntime:, session_state.cc:1385 VerifyEachNodeIsAssignedToAnEp]   Add (/model/layers.13/self_attn/Add) d95923ea-2a75-4757-a86c-99d425e3974a:92:232
2026-10-04 18:51:34.103000 [V:onnxruntime:, session_state.cc:1385 VerifyEachNodeIsAssignedToAnEp]   Add (/model/layers.13/self_attn/Add_1) d95923ea-2a75-4757-a86c-99d425e3974a:92:232
2026-10-04 18:51:34.103000 [V:onnxruntime:, session_state.cc:1385 VerifyEachNodeIsAssignedToAnEp]   Concat (/model/layers.13/self_attn/Concat_5) d95923ea-2a75-4757-a86c-99d425e3974a:92:232
2026-10-04 18:51:34.103000 [V:onnxruntime:, session_state.cc:1385 VerifyEachNodeIsAssignedToAnEp]   Mul (/model/layers.13/self_attn/Mul_8) d95923ea-2a75-4757-a86c-99d425e3974a:92:232
2026-10-04 18:51:34.103000 [V:onnxruntime:, session_state.cc:1385 VerifyEachNodeIsAssignedToAnEp]   Shape (/model/layers.13/self_attn/Shape_4) d95923ea-2a75-4757-a86c-99d425e3974a:92:232
2026-10-04 18:51:34.103999 [V:onnxruntime:, session_state.cc:1385 VerifyEachNodeIsAssignedToAnEp]   Unsqueeze (/model/layers.13/self_attn/Unsqueeze_10) d95923ea-2a75-4757-a86c-99d425e3974a:92:232
2026-10-04 18:51:34.103999 [V:onnxruntime:, session_state.cc:1385 VerifyEachNodeIsAssignedToAnEp]   Expand (/model/layers.13/self_attn/Expand_1) d95923ea-2a75-4757-a86c-99d425e3974a:92:232
2026-10-04 18:51:34.103999 [V:onnxruntime:, session_state.cc:1385 VerifyEachNodeIsAssignedToAnEp]   Reshape (/model/layers.13/self_attn/Reshape_6) d95923ea-2a75-4757-a86c-99d425e3974a:92:232
2026-10-04 18:51:34.103999 [V:onnxruntime:, session_state.cc:1385 VerifyEachNodeIsAssignedToAnEp]   Expand (/model/layers.13/self_attn/Expand) d95923ea-2a75-4757-a86c-99d425e3974a:92:232
2026-10-04 18:51:34.103999 [V:onnxruntime:, session_state.cc:1385 VerifyEachNodeIsAssignedToAnEp]   Reshape (/model/layers.13/self_attn/Reshape_4) d95923ea-2a75-4757-a86c-99d425e3974a:92:232
2026-10-04 18:51:34.103999 [V:onnxruntime:, session_state.cc:1385 VerifyEachNodeIsAssignedToAnEp]   Shape (/model/layers.13/self_attn/Shape_14) d95923ea-2a75-4757-a86c-99d425e3974a:92:232
2026-10-04 18:51:34.104999 [V:onnxruntime:, session_state.cc:1385 VerifyEachNodeIsAssignedToAnEp]   Transpose (/model/layers.13/self_attn/Transpose_3) d95923ea-2a75-4757-a86c-99d425e3974a:92:232
2026-10-04 18:51:34.104999 [V:onnxruntime:, session_state.cc:1385 VerifyEachNodeIsAssignedToAnEp]   Mul (/model/layers.13/self_attn/Mul_9) d95923ea-2a75-4757-a86c-99d425e3974a:92:232
2026-10-04 18:51:34.104999 [V:onnxruntime:, session_state.cc:1385 VerifyEachNodeIsAssignedToAnEp]   MatMul (/model/layers.13/self_attn/MatMul) d95923ea-2a75-4757-a86c-99d425e3974a:92:232
2026-10-04 18:51:34.104999 [V:onnxruntime:, session_state.cc:1385 VerifyEachNodeIsAssignedToAnEp]   Slice (/model/layers.13/self_attn/Slice_4) d95923ea-2a75-4757-a86c-99d425e3974a:92:232
2026-10-04 18:51:34.104999 [V:onnxruntime:, session_state.cc:1385 VerifyEachNodeIsAssignedToAnEp]   Add (/model/layers.13/self_attn/Add_2) d95923ea-2a75-4757-a86c-99d425e3974a:92:232
2026-10-04 18:51:34.104999 [V:onnxruntime:, session_state.cc:1385 VerifyEachNodeIsAssignedToAnEp]   Softmax (/model/layers.13/self_attn/Softmax) d95923ea-2a75-4757-a86c-99d425e3974a:92:232
2026-10-04 18:51:34.104999 [V:onnxruntime:, session_state.cc:1385 VerifyEachNodeIsAssignedToAnEp]   MatMul (/model/layers.13/self_attn/MatMul_1) d95923ea-2a75-4757-a86c-99d425e3974a:92:232
2026-10-04 18:51:34.106000 [V:onnxruntime:, session_state.cc:1385 VerifyEachNodeIsAssignedToAnEp]   Transpose (/model/layers.13/self_attn/Transpose_4) d95923ea-2a75-4757-a86c-99d425e3974a:92:232
2026-10-04 18:51:34.106000 [V:onnxruntime:, session_state.cc:1385 VerifyEachNodeIsAssignedToAnEp]   Reshape (/model/layers.13/self_attn/Reshape_7) d95923ea-2a75-4757-a86c-99d425e3974a:92:232
2026-10-04 18:51:34.106000 [V:onnxruntime:, session_state.cc:1385 VerifyEachNodeIsAssignedToAnEp]   MatMulNBits (/model/layers.13/self_attn/o_proj/MatMul_Q4) d95923ea-2a75-4757-a86c-99d425e3974a:92:232
2026-10-04 18:51:34.106000 [V:onnxruntime:, session_state.cc:1385 VerifyEachNodeIsAssignedToAnEp]   Add (/model/layers.13/Add) d95923ea-2a75-4757-a86c-99d425e3974a:92:232
2026-10-04 18:51:34.106000 [V:onnxruntime:, session_state.cc:1385 VerifyEachNodeIsAssignedToAnEp]   Pow (/model/layers.13/post_attention_layernorm/Pow) d95923ea-2a75-4757-a86c-99d425e3974a:92:232
2026-10-04 18:51:34.106000 [V:onnxruntime:, session_state.cc:1385 VerifyEachNodeIsAssignedToAnEp]   ReduceMean (/model/layers.13/post_attention_layernorm/ReduceMean) d95923ea-2a75-4757-a86c-99d425e3974a:92:232
2026-10-04 18:51:34.107000 [V:onnxruntime:, session_state.cc:1385 VerifyEachNodeIsAssignedToAnEp]   Add (/model/layers.13/post_attention_layernorm/Add) d95923ea-2a75-4757-a86c-99d425e3974a:92:232
2026-10-04 18:51:34.107000 [V:onnxruntime:, session_state.cc:1385 VerifyEachNodeIsAssignedToAnEp]   Sqrt (/model/layers.13/post_attention_layernorm/Sqrt) d95923ea-2a75-4757-a86c-99d425e3974a:92:232
2026-10-04 18:51:34.107000 [V:onnxruntime:, session_state.cc:1385 VerifyEachNodeIsAssignedToAnEp]   Div (/model/layers.13/post_attention_layernorm/Div) d95923ea-2a75-4757-a86c-99d425e3974a:92:232
2026-10-04 18:51:34.107000 [V:onnxruntime:, session_state.cc:1385 VerifyEachNodeIsAssignedToAnEp]   Mul (/model/layers.13/post_attention_layernorm/Mul_1) d95923ea-2a75-4757-a86c-99d425e3974a:92:232
2026-10-04 18:51:34.107000 [V:onnxruntime:, session_state.cc:1385 VerifyEachNodeIsAssignedToAnEp]   MatMulNBits (/model/layers.13/mlp/gate_proj/MatMul_Q4) d95923ea-2a75-4757-a86c-99d425e3974a:92:232
2026-10-04 18:51:34.107000 [V:onnxruntime:, session_state.cc:1385 VerifyEachNodeIsAssignedToAnEp]   MatMulNBits (/model/layers.13/mlp/up_proj/MatMul_Q4) d95923ea-2a75-4757-a86c-99d425e3974a:92:232
2026-10-04 18:51:34.107000 [V:onnxruntime:, session_state.cc:1385 VerifyEachNodeIsAssignedToAnEp]   Mul (/model/layers.13/mlp/Mul) d95923ea-2a75-4757-a86c-99d425e3974a:92:232
2026-10-04 18:51:34.107000 [V:onnxruntime:, session_state.cc:1385 VerifyEachNodeIsAssignedToAnEp]   MatMulNBits (/model/layers.13/mlp/down_proj/MatMul_Q4) d95923ea-2a75-4757-a86c-99d425e3974a:92:232
2026-10-04 18:51:34.107000 [V:onnxruntime:, session_state.cc:1385 VerifyEachNodeIsAssignedToAnEp]   Add (/model/layers.13/Add_1) d95923ea-2a75-4757-a86c-99d425e3974a:92:232
2026-10-04 18:51:34.107999 [V:onnxruntime:, session_state.cc:1385 VerifyEachNodeIsAssignedToAnEp]   Pow (/model/layers.14/input_layernorm/Pow) d95923ea-2a75-4757-a86c-99d425e3974a:92:232
2026-10-04 18:51:34.107999 [V:onnxruntime:, session_state.cc:1385 VerifyEachNodeIsAssignedToAnEp]   ReduceMean (/model/layers.14/input_layernorm/ReduceMean) d95923ea-2a75-4757-a86c-99d425e3974a:92:232
2026-10-04 18:51:34.107999 [V:onnxruntime:, session_state.cc:1385 VerifyEachNodeIsAssignedToAnEp]   Add (/model/layers.14/input_layernorm/Add) d95923ea-2a75-4757-a86c-99d425e3974a:92:232
2026-10-04 18:51:34.107999 [V:onnxruntime:, session_state.cc:1385 VerifyEachNodeIsAssignedToAnEp]   Sqrt (/model/layers.14/input_layernorm/Sqrt) d95923ea-2a75-4757-a86c-99d425e3974a:92:232
2026-10-04 18:51:34.107999 [V:onnxruntime:, session_state.cc:1385 VerifyEachNodeIsAssignedToAnEp]   Div (/model/layers.14/input_layernorm/Div) d95923ea-2a75-4757-a86c-99d425e3974a:92:232
2026-10-04 18:51:34.107999 [V:onnxruntime:, session_state.cc:1385 VerifyEachNodeIsAssignedToAnEp]   Mul (/model/layers.14/input_layernorm/Mul_1) d95923ea-2a75-4757-a86c-99d425e3974a:92:232
2026-10-04 18:51:34.107999 [V:onnxruntime:, session_state.cc:1385 VerifyEachNodeIsAssignedToAnEp]   Shape (/model/layers.14/self_attn/Shape) d95923ea-2a75-4757-a86c-99d425e3974a:92:232
2026-10-04 18:51:34.109000 [V:onnxruntime:, session_state.cc:1385 VerifyEachNodeIsAssignedToAnEp]   MatMulNBits (/model/layers.14/self_attn/q_proj/MatMul_Q4) d95923ea-2a75-4757-a86c-99d425e3974a:92:232
2026-10-04 18:51:34.109000 [V:onnxruntime:, session_state.cc:1385 VerifyEachNodeIsAssignedToAnEp]   MatMulNBits (/model/layers.14/self_attn/k_proj/MatMul_Q4) d95923ea-2a75-4757-a86c-99d425e3974a:92:232
2026-10-04 18:51:34.109000 [V:onnxruntime:, session_state.cc:1385 VerifyEachNodeIsAssignedToAnEp]   MatMulNBits (/model/layers.14/self_attn/v_proj/MatMul_Q4) d95923ea-2a75-4757-a86c-99d425e3974a:92:232
2026-10-04 18:51:34.109000 [V:onnxruntime:, session_state.cc:1385 VerifyEachNodeIsAssignedToAnEp]   Reshape (/model/layers.14/self_attn/Reshape) d95923ea-2a75-4757-a86c-99d425e3974a:92:232
2026-10-04 18:51:34.109000 [V:onnxruntime:, session_state.cc:1385 VerifyEachNodeIsAssignedToAnEp]   Reshape (/model/layers.14/self_attn/Reshape_1) d95923ea-2a75-4757-a86c-99d425e3974a:92:232
2026-10-04 18:51:34.109000 [V:onnxruntime:, session_state.cc:1385 VerifyEachNodeIsAssignedToAnEp]   Reshape (/model/layers.14/self_attn/Reshape_2) d95923ea-2a75-4757-a86c-99d425e3974a:92:232
2026-10-04 18:51:34.109000 [V:onnxruntime:, session_state.cc:1385 VerifyEachNodeIsAssignedToAnEp]   Transpose (/model/layers.14/self_attn/Transpose) d95923ea-2a75-4757-a86c-99d425e3974a:92:232
2026-10-04 18:51:34.110000 [V:onnxruntime:, session_state.cc:1385 VerifyEachNodeIsAssignedToAnEp]   Transpose (/model/layers.14/self_attn/Transpose_1) d95923ea-2a75-4757-a86c-99d425e3974a:92:232
2026-10-04 18:51:34.110000 [V:onnxruntime:, session_state.cc:1385 VerifyEachNodeIsAssignedToAnEp]   Transpose (/model/layers.14/self_attn/Transpose_2) d95923ea-2a75-4757-a86c-99d425e3974a:92:232
2026-10-04 18:51:34.110000 [V:onnxruntime:, session_state.cc:1385 VerifyEachNodeIsAssignedToAnEp]   Mul (/model/layers.14/self_attn/Mul) d95923ea-2a75-4757-a86c-99d425e3974a:92:232
2026-10-04 18:51:34.110000 [V:onnxruntime:, session_state.cc:1385 VerifyEachNodeIsAssignedToAnEp]   Mul (/model/layers.14/self_attn/Mul_2) d95923ea-2a75-4757-a86c-99d425e3974a:92:232
2026-10-04 18:51:34.110000 [V:onnxruntime:, session_state.cc:1385 VerifyEachNodeIsAssignedToAnEp]   Concat (/model/layers.14/self_attn/Concat_6) d95923ea-2a75-4757-a86c-99d425e3974a:92:232
2026-10-04 18:51:34.110000 [V:onnxruntime:, session_state.cc:1385 VerifyEachNodeIsAssignedToAnEp]   Slice (/model/layers.14/self_attn/Slice) d95923ea-2a75-4757-a86c-99d425e3974a:92:232
2026-10-04 18:51:34.111000 [V:onnxruntime:, session_state.cc:1385 VerifyEachNodeIsAssignedToAnEp]   Slice (/model/layers.14/self_attn/Slice_1) d95923ea-2a75-4757-a86c-99d425e3974a:92:232
2026-10-04 18:51:34.111000 [V:onnxruntime:, session_state.cc:1385 VerifyEachNodeIsAssignedToAnEp]   Slice (/model/layers.14/self_attn/Slice_2) d95923ea-2a75-4757-a86c-99d425e3974a:92:232
2026-10-04 18:51:34.111000 [V:onnxruntime:, session_state.cc:1385 VerifyEachNodeIsAssignedToAnEp]   Slice (/model/layers.14/self_attn/Slice_3) d95923ea-2a75-4757-a86c-99d425e3974a:92:232
2026-10-04 18:51:34.111000 [V:onnxruntime:, session_state.cc:1385 VerifyEachNodeIsAssignedToAnEp]   Shape (/model/layers.14/self_attn/Shape_9) d95923ea-2a75-4757-a86c-99d425e3974a:92:232
2026-10-04 18:51:34.111000 [V:onnxruntime:, session_state.cc:1385 VerifyEachNodeIsAssignedToAnEp]   Unsqueeze (/model/layers.14/self_attn/Unsqueeze_19) d95923ea-2a75-4757-a86c-99d425e3974a:92:232
2026-10-04 18:51:34.111000 [V:onnxruntime:, session_state.cc:1385 VerifyEachNodeIsAssignedToAnEp]   Neg (/model/layers.14/self_attn/Neg) d95923ea-2a75-4757-a86c-99d425e3974a:92:232
2026-10-04 18:51:34.111999 [V:onnxruntime:, session_state.cc:1385 VerifyEachNodeIsAssignedToAnEp]   Neg (/model/layers.14/self_attn/Neg_1) d95923ea-2a75-4757-a86c-99d425e3974a:92:232
2026-10-04 18:51:34.111999 [V:onnxruntime:, session_state.cc:1385 VerifyEachNodeIsAssignedToAnEp]   Concat (/model/layers.14/self_attn/Concat_3) d95923ea-2a75-4757-a86c-99d425e3974a:92:232
2026-10-04 18:51:34.111999 [V:onnxruntime:, session_state.cc:1385 VerifyEachNodeIsAssignedToAnEp]   Concat (/model/layers.14/self_attn/Concat_4) d95923ea-2a75-4757-a86c-99d425e3974a:92:232
2026-10-04 18:51:34.111999 [V:onnxruntime:, session_state.cc:1385 VerifyEachNodeIsAssignedToAnEp]   Mul (/model/layers.14/self_attn/Mul_1) d95923ea-2a75-4757-a86c-99d425e3974a:92:232
2026-10-04 18:51:34.111999 [V:onnxruntime:, session_state.cc:1385 VerifyEachNodeIsAssignedToAnEp]   Mul (/model/layers.14/self_attn/Mul_3) d95923ea-2a75-4757-a86c-99d425e3974a:92:232
2026-10-04 18:51:34.111999 [V:onnxruntime:, session_state.cc:1385 VerifyEachNodeIsAssignedToAnEp]   Add (/model/layers.14/self_attn/Add) d95923ea-2a75-4757-a86c-99d425e3974a:92:232
2026-10-04 18:51:34.111999 [V:onnxruntime:, session_state.cc:1385 VerifyEachNodeIsAssignedToAnEp]   Add (/model/layers.14/self_attn/Add_1) d95923ea-2a75-4757-a86c-99d425e3974a:92:232
2026-10-04 18:51:34.112999 [V:onnxruntime:, session_state.cc:1385 VerifyEachNodeIsAssignedToAnEp]   Concat (/model/layers.14/self_attn/Concat_5) d95923ea-2a75-4757-a86c-99d425e3974a:92:232
2026-10-04 18:51:34.112999 [V:onnxruntime:, session_state.cc:1385 VerifyEachNodeIsAssignedToAnEp]   Mul (/model/layers.14/self_attn/Mul_8) d95923ea-2a75-4757-a86c-99d425e3974a:92:232
2026-10-04 18:51:34.112999 [V:onnxruntime:, session_state.cc:1385 VerifyEachNodeIsAssignedToAnEp]   Shape (/model/layers.14/self_attn/Shape_4) d95923ea-2a75-4757-a86c-99d425e3974a:92:232
2026-10-04 18:51:34.112999 [V:onnxruntime:, session_state.cc:1385 VerifyEachNodeIsAssignedToAnEp]   Unsqueeze (/model/layers.14/self_attn/Unsqueeze_10) d95923ea-2a75-4757-a86c-99d425e3974a:92:232
2026-10-04 18:51:34.112999 [V:onnxruntime:, session_state.cc:1385 VerifyEachNodeIsAssignedToAnEp]   Expand (/model/layers.14/self_attn/Expand_1) d95923ea-2a75-4757-a86c-99d425e3974a:92:232
2026-10-04 18:51:34.112999 [V:onnxruntime:, session_state.cc:1385 VerifyEachNodeIsAssignedToAnEp]   Reshape (/model/layers.14/self_attn/Reshape_6) d95923ea-2a75-4757-a86c-99d425e3974a:92:232
2026-10-04 18:51:34.112999 [V:onnxruntime:, session_state.cc:1385 VerifyEachNodeIsAssignedToAnEp]   Expand (/model/layers.14/self_attn/Expand) d95923ea-2a75-4757-a86c-99d425e3974a:92:232
2026-10-04 18:51:34.114000 [V:onnxruntime:, session_state.cc:1385 VerifyEachNodeIsAssignedToAnEp]   Reshape (/model/layers.14/self_attn/Reshape_4) d95923ea-2a75-4757-a86c-99d425e3974a:92:232
2026-10-04 18:51:34.114000 [V:onnxruntime:, session_state.cc:1385 VerifyEachNodeIsAssignedToAnEp]   Shape (/model/layers.14/self_attn/Shape_14) d95923ea-2a75-4757-a86c-99d425e3974a:92:232
2026-10-04 18:51:34.114000 [V:onnxruntime:, session_state.cc:1385 VerifyEachNodeIsAssignedToAnEp]   Transpose (/model/layers.14/self_attn/Transpose_3) d95923ea-2a75-4757-a86c-99d425e3974a:92:232
2026-10-04 18:51:34.114000 [V:onnxruntime:, session_state.cc:1385 VerifyEachNodeIsAssignedToAnEp]   Mul (/model/layers.14/self_attn/Mul_9) d95923ea-2a75-4757-a86c-99d425e3974a:92:232
2026-10-04 18:51:34.114000 [V:onnxruntime:, session_state.cc:1385 VerifyEachNodeIsAssignedToAnEp]   MatMul (/model/layers.14/self_attn/MatMul) d95923ea-2a75-4757-a86c-99d425e3974a:92:232
2026-10-04 18:51:34.114000 [V:onnxruntime:, session_state.cc:1385 VerifyEachNodeIsAssignedToAnEp]   Slice (/model/layers.14/self_attn/Slice_4) d95923ea-2a75-4757-a86c-99d425e3974a:92:232
2026-10-04 18:51:34.115000 [V:onnxruntime:, session_state.cc:1385 VerifyEachNodeIsAssignedToAnEp]   Add (/model/layers.14/self_attn/Add_2) d95923ea-2a75-4757-a86c-99d425e3974a:92:232
2026-10-04 18:51:34.115000 [V:onnxruntime:, session_state.cc:1385 VerifyEachNodeIsAssignedToAnEp]   Softmax (/model/layers.14/self_attn/Softmax) d95923ea-2a75-4757-a86c-99d425e3974a:92:232
2026-10-04 18:51:34.115999 [V:onnxruntime:, session_state.cc:1385 VerifyEachNodeIsAssignedToAnEp]   MatMul (/model/layers.14/self_attn/MatMul_1) d95923ea-2a75-4757-a86c-99d425e3974a:92:232
2026-10-04 18:51:34.115999 [V:onnxruntime:, session_state.cc:1385 VerifyEachNodeIsAssignedToAnEp]   Transpose (/model/layers.14/self_attn/Transpose_4) d95923ea-2a75-4757-a86c-99d425e3974a:92:232
2026-10-04 18:51:34.115999 [V:onnxruntime:, session_state.cc:1385 VerifyEachNodeIsAssignedToAnEp]   Reshape (/model/layers.14/self_attn/Reshape_7) d95923ea-2a75-4757-a86c-99d425e3974a:92:232
2026-10-04 18:51:34.115999 [V:onnxruntime:, session_state.cc:1385 VerifyEachNodeIsAssignedToAnEp]   MatMulNBits (/model/layers.14/self_attn/o_proj/MatMul_Q4) d95923ea-2a75-4757-a86c-99d425e3974a:92:232
2026-10-04 18:51:34.115999 [V:onnxruntime:, session_state.cc:1385 VerifyEachNodeIsAssignedToAnEp]   Add (/model/layers.14/Add) d95923ea-2a75-4757-a86c-99d425e3974a:92:232
2026-10-04 18:51:34.115999 [V:onnxruntime:, session_state.cc:1385 VerifyEachNodeIsAssignedToAnEp]   Pow (/model/layers.14/post_attention_layernorm/Pow) d95923ea-2a75-4757-a86c-99d425e3974a:92:232
2026-10-04 18:51:34.115999 [V:onnxruntime:, session_state.cc:1385 VerifyEachNodeIsAssignedToAnEp]   ReduceMean (/model/layers.14/post_attention_layernorm/ReduceMean) d95923ea-2a75-4757-a86c-99d425e3974a:92:232
2026-10-04 18:51:34.117000 [V:onnxruntime:, session_state.cc:1385 VerifyEachNodeIsAssignedToAnEp]   Add (/model/layers.14/post_attention_layernorm/Add) d95923ea-2a75-4757-a86c-99d425e3974a:92:232
2026-10-04 18:51:34.117000 [V:onnxruntime:, session_state.cc:1385 VerifyEachNodeIsAssignedToAnEp]   Sqrt (/model/layers.14/post_attention_layernorm/Sqrt) d95923ea-2a75-4757-a86c-99d425e3974a:92:232
2026-10-04 18:51:34.117000 [V:onnxruntime:, session_state.cc:1385 VerifyEachNodeIsAssignedToAnEp]   Div (/model/layers.14/post_attention_layernorm/Div) d95923ea-2a75-4757-a86c-99d425e3974a:92:232
2026-10-04 18:51:34.117000 [V:onnxruntime:, session_state.cc:1385 VerifyEachNodeIsAssignedToAnEp]   Mul (/model/layers.14/post_attention_layernorm/Mul_1) d95923ea-2a75-4757-a86c-99d425e3974a:92:232
2026-10-04 18:51:34.117000 [V:onnxruntime:, session_state.cc:1385 VerifyEachNodeIsAssignedToAnEp]   MatMulNBits (/model/layers.14/mlp/gate_proj/MatMul_Q4) d95923ea-2a75-4757-a86c-99d425e3974a:92:232
2026-10-04 18:51:34.117000 [V:onnxruntime:, session_state.cc:1385 VerifyEachNodeIsAssignedToAnEp]   MatMulNBits (/model/layers.14/mlp/up_proj/MatMul_Q4) d95923ea-2a75-4757-a86c-99d425e3974a:92:232
2026-10-04 18:51:34.117000 [V:onnxruntime:, session_state.cc:1385 VerifyEachNodeIsAssignedToAnEp]   Mul (/model/layers.14/mlp/Mul) d95923ea-2a75-4757-a86c-99d425e3974a:92:232
2026-10-04 18:51:34.117000 [V:onnxruntime:, session_state.cc:1385 VerifyEachNodeIsAssignedToAnEp]   MatMulNBits (/model/layers.14/mlp/down_proj/MatMul_Q4) d95923ea-2a75-4757-a86c-99d425e3974a:92:232
2026-10-04 18:51:34.118000 [V:onnxruntime:, session_state.cc:1385 VerifyEachNodeIsAssignedToAnEp]   Add (/model/layers.14/Add_1) d95923ea-2a75-4757-a86c-99d425e3974a:92:232
2026-10-04 18:51:34.118000 [V:onnxruntime:, session_state.cc:1385 VerifyEachNodeIsAssignedToAnEp]   Pow (/model/layers.15/input_layernorm/Pow) d95923ea-2a75-4757-a86c-99d425e3974a:92:232
2026-10-04 18:51:34.118000 [V:onnxruntime:, session_state.cc:1385 VerifyEachNodeIsAssignedToAnEp]   ReduceMean (/model/layers.15/input_layernorm/ReduceMean) d95923ea-2a75-4757-a86c-99d425e3974a:92:232
2026-10-04 18:51:34.118000 [V:onnxruntime:, session_state.cc:1385 VerifyEachNodeIsAssignedToAnEp]   Add (/model/layers.15/input_layernorm/Add) d95923ea-2a75-4757-a86c-99d425e3974a:92:232
2026-10-04 18:51:34.118000 [V:onnxruntime:, session_state.cc:1385 VerifyEachNodeIsAssignedToAnEp]   Sqrt (/model/layers.15/input_layernorm/Sqrt) d95923ea-2a75-4757-a86c-99d425e3974a:92:232
2026-10-04 18:51:34.118000 [V:onnxruntime:, session_state.cc:1385 VerifyEachNodeIsAssignedToAnEp]   Div (/model/layers.15/input_layernorm/Div) d95923ea-2a75-4757-a86c-99d425e3974a:92:232
2026-10-04 18:51:34.118000 [V:onnxruntime:, session_state.cc:1385 VerifyEachNodeIsAssignedToAnEp]   Mul (/model/layers.15/input_layernorm/Mul_1) d95923ea-2a75-4757-a86c-99d425e3974a:92:232
2026-10-04 18:51:34.119000 [V:onnxruntime:, session_state.cc:1385 VerifyEachNodeIsAssignedToAnEp]   Shape (/model/layers.15/self_attn/Shape) d95923ea-2a75-4757-a86c-99d425e3974a:92:232
2026-10-04 18:51:34.119000 [V:onnxruntime:, session_state.cc:1385 VerifyEachNodeIsAssignedToAnEp]   MatMulNBits (/model/layers.15/self_attn/q_proj/MatMul_Q4) d95923ea-2a75-4757-a86c-99d425e3974a:92:232
2026-10-04 18:51:34.119000 [V:onnxruntime:, session_state.cc:1385 VerifyEachNodeIsAssignedToAnEp]   MatMulNBits (/model/layers.15/self_attn/k_proj/MatMul_Q4) d95923ea-2a75-4757-a86c-99d425e3974a:92:232
2026-10-04 18:51:34.122000 [V:onnxruntime:, session_state.cc:1385 VerifyEachNodeIsAssignedToAnEp]   MatMulNBits (/model/layers.15/self_attn/v_proj/MatMul_Q4) d95923ea-2a75-4757-a86c-99d425e3974a:92:232
2026-10-04 18:51:34.123000 [V:onnxruntime:, session_state.cc:1385 VerifyEachNodeIsAssignedToAnEp]   Reshape (/model/layers.15/self_attn/Reshape) d95923ea-2a75-4757-a86c-99d425e3974a:92:232
2026-10-04 18:51:34.123000 [V:onnxruntime:, session_state.cc:1385 VerifyEachNodeIsAssignedToAnEp]   Reshape (/model/layers.15/self_attn/Reshape_1) d95923ea-2a75-4757-a86c-99d425e3974a:92:232
2026-10-04 18:51:34.123000 [V:onnxruntime:, session_state.cc:1385 VerifyEachNodeIsAssignedToAnEp]   Reshape (/model/layers.15/self_attn/Reshape_2) d95923ea-2a75-4757-a86c-99d425e3974a:92:232
2026-10-04 18:51:34.123000 [V:onnxruntime:, session_state.cc:1385 VerifyEachNodeIsAssignedToAnEp]   Transpose (/model/layers.15/self_attn/Transpose) d95923ea-2a75-4757-a86c-99d425e3974a:92:232
2026-10-04 18:51:34.123000 [V:onnxruntime:, session_state.cc:1385 VerifyEachNodeIsAssignedToAnEp]   Transpose (/model/layers.15/self_attn/Transpose_1) d95923ea-2a75-4757-a86c-99d425e3974a:92:232
2026-10-04 18:51:34.123000 [V:onnxruntime:, session_state.cc:1385 VerifyEachNodeIsAssignedToAnEp]   Transpose (/model/layers.15/self_attn/Transpose_2) d95923ea-2a75-4757-a86c-99d425e3974a:92:232
2026-10-04 18:51:34.123000 [V:onnxruntime:, session_state.cc:1385 VerifyEachNodeIsAssignedToAnEp]   Mul (/model/layers.15/self_attn/Mul) d95923ea-2a75-4757-a86c-99d425e3974a:92:232
2026-10-04 18:51:34.134000 [V:onnxruntime:, session_state.cc:1385 VerifyEachNodeIsAssignedToAnEp]   Mul (/model/layers.15/self_attn/Mul_2) d95923ea-2a75-4757-a86c-99d425e3974a:92:232
2026-10-04 18:51:34.134000 [V:onnxruntime:, session_state.cc:1385 VerifyEachNodeIsAssignedToAnEp]   Concat (/model/layers.15/self_attn/Concat_6) d95923ea-2a75-4757-a86c-99d425e3974a:92:232
2026-10-04 18:51:34.134000 [V:onnxruntime:, session_state.cc:1385 VerifyEachNodeIsAssignedToAnEp]   Slice (/model/layers.15/self_attn/Slice) d95923ea-2a75-4757-a86c-99d425e3974a:92:232
2026-10-04 18:51:34.134000 [V:onnxruntime:, session_state.cc:1385 VerifyEachNodeIsAssignedToAnEp]   Slice (/model/layers.15/self_attn/Slice_1) d95923ea-2a75-4757-a86c-99d425e3974a:92:232
2026-10-04 18:51:34.134000 [V:onnxruntime:, session_state.cc:1385 VerifyEachNodeIsAssignedToAnEp]   Slice (/model/layers.15/self_attn/Slice_2) d95923ea-2a75-4757-a86c-99d425e3974a:92:232
2026-10-04 18:51:34.134000 [V:onnxruntime:, session_state.cc:1385 VerifyEachNodeIsAssignedToAnEp]   Slice (/model/layers.15/self_attn/Slice_3) d95923ea-2a75-4757-a86c-99d425e3974a:92:232
2026-10-04 18:51:34.135000 [V:onnxruntime:, session_state.cc:1385 VerifyEachNodeIsAssignedToAnEp]   Shape (/model/layers.15/self_attn/Shape_9) d95923ea-2a75-4757-a86c-99d425e3974a:92:232
2026-10-04 18:51:34.135000 [V:onnxruntime:, session_state.cc:1385 VerifyEachNodeIsAssignedToAnEp]   Unsqueeze (/model/layers.15/self_attn/Unsqueeze_19) d95923ea-2a75-4757-a86c-99d425e3974a:92:232
2026-10-04 18:51:34.135000 [V:onnxruntime:, session_state.cc:1385 VerifyEachNodeIsAssignedToAnEp]   Neg (/model/layers.15/self_attn/Neg) d95923ea-2a75-4757-a86c-99d425e3974a:92:232
2026-10-04 18:51:34.135000 [V:onnxruntime:, session_state.cc:1385 VerifyEachNodeIsAssignedToAnEp]   Neg (/model/layers.15/self_attn/Neg_1) d95923ea-2a75-4757-a86c-99d425e3974a:92:232
2026-10-04 18:51:34.135000 [V:onnxruntime:, session_state.cc:1385 VerifyEachNodeIsAssignedToAnEp]   Concat (/model/layers.15/self_attn/Concat_3) d95923ea-2a75-4757-a86c-99d425e3974a:92:232
2026-10-04 18:51:34.135000 [V:onnxruntime:, session_state.cc:1385 VerifyEachNodeIsAssignedToAnEp]   Concat (/model/layers.15/self_attn/Concat_4) d95923ea-2a75-4757-a86c-99d425e3974a:92:232
2026-10-04 18:51:34.135999 [V:onnxruntime:, session_state.cc:1385 VerifyEachNodeIsAssignedToAnEp]   Mul (/model/layers.15/self_attn/Mul_1) d95923ea-2a75-4757-a86c-99d425e3974a:92:232
2026-10-04 18:51:34.135999 [V:onnxruntime:, session_state.cc:1385 VerifyEachNodeIsAssignedToAnEp]   Mul (/model/layers.15/self_attn/Mul_3) d95923ea-2a75-4757-a86c-99d425e3974a:92:232
2026-10-04 18:51:34.135999 [V:onnxruntime:, session_state.cc:1385 VerifyEachNodeIsAssignedToAnEp]   Add (/model/layers.15/self_attn/Add) d95923ea-2a75-4757-a86c-99d425e3974a:92:232
2026-10-04 18:51:34.135999 [V:onnxruntime:, session_state.cc:1385 VerifyEachNodeIsAssignedToAnEp]   Add (/model/layers.15/self_attn/Add_1) d95923ea-2a75-4757-a86c-99d425e3974a:92:232
2026-10-04 18:51:34.135999 [V:onnxruntime:, session_state.cc:1385 VerifyEachNodeIsAssignedToAnEp]   Concat (/model/layers.15/self_attn/Concat_5) d95923ea-2a75-4757-a86c-99d425e3974a:92:232
2026-10-04 18:51:34.135999 [V:onnxruntime:, session_state.cc:1385 VerifyEachNodeIsAssignedToAnEp]   Mul (/model/layers.15/self_attn/Mul_8) d95923ea-2a75-4757-a86c-99d425e3974a:92:232
2026-10-04 18:51:34.136999 [V:onnxruntime:, session_state.cc:1385 VerifyEachNodeIsAssignedToAnEp]   Shape (/model/layers.15/self_attn/Shape_4) d95923ea-2a75-4757-a86c-99d425e3974a:92:232
2026-10-04 18:51:34.136999 [V:onnxruntime:, session_state.cc:1385 VerifyEachNodeIsAssignedToAnEp]   Unsqueeze (/model/layers.15/self_attn/Unsqueeze_10) d95923ea-2a75-4757-a86c-99d425e3974a:92:232
2026-10-04 18:51:34.136999 [V:onnxruntime:, session_state.cc:1385 VerifyEachNodeIsAssignedToAnEp]   Expand (/model/layers.15/self_attn/Expand_1) d95923ea-2a75-4757-a86c-99d425e3974a:92:232
2026-10-04 18:51:34.136999 [V:onnxruntime:, session_state.cc:1385 VerifyEachNodeIsAssignedToAnEp]   Reshape (/model/layers.15/self_attn/Reshape_6) d95923ea-2a75-4757-a86c-99d425e3974a:92:232
2026-10-04 18:51:34.136999 [V:onnxruntime:, session_state.cc:1385 VerifyEachNodeIsAssignedToAnEp]   Expand (/model/layers.15/self_attn/Expand) d95923ea-2a75-4757-a86c-99d425e3974a:92:232
2026-10-04 18:51:34.136999 [V:onnxruntime:, session_state.cc:1385 VerifyEachNodeIsAssignedToAnEp]   Reshape (/model/layers.15/self_attn/Reshape_4) d95923ea-2a75-4757-a86c-99d425e3974a:92:232
2026-10-04 18:51:34.136999 [V:onnxruntime:, session_state.cc:1385 VerifyEachNodeIsAssignedToAnEp]   Shape (/model/layers.15/self_attn/Shape_14) d95923ea-2a75-4757-a86c-99d425e3974a:92:232
2026-10-04 18:51:34.138000 [V:onnxruntime:, session_state.cc:1385 VerifyEachNodeIsAssignedToAnEp]   Transpose (/model/layers.15/self_attn/Transpose_3) d95923ea-2a75-4757-a86c-99d425e3974a:92:232
2026-10-04 18:51:34.138000 [V:onnxruntime:, session_state.cc:1385 VerifyEachNodeIsAssignedToAnEp]   Mul (/model/layers.15/self_attn/Mul_9) d95923ea-2a75-4757-a86c-99d425e3974a:92:232
2026-10-04 18:51:34.138000 [V:onnxruntime:, session_state.cc:1385 VerifyEachNodeIsAssignedToAnEp]   MatMul (/model/layers.15/self_attn/MatMul) d95923ea-2a75-4757-a86c-99d425e3974a:92:232
2026-10-04 18:51:34.138000 [V:onnxruntime:, session_state.cc:1385 VerifyEachNodeIsAssignedToAnEp]   Slice (/model/layers.15/self_attn/Slice_4) d95923ea-2a75-4757-a86c-99d425e3974a:92:232
2026-10-04 18:51:34.138000 [V:onnxruntime:, session_state.cc:1385 VerifyEachNodeIsAssignedToAnEp]   Add (/model/layers.15/self_attn/Add_2) d95923ea-2a75-4757-a86c-99d425e3974a:92:232
2026-10-04 18:51:34.138000 [V:onnxruntime:, session_state.cc:1385 VerifyEachNodeIsAssignedToAnEp]   Softmax (/model/layers.15/self_attn/Softmax) d95923ea-2a75-4757-a86c-99d425e3974a:92:232
2026-10-04 18:51:34.138000 [V:onnxruntime:, session_state.cc:1385 VerifyEachNodeIsAssignedToAnEp]   MatMul (/model/layers.15/self_attn/MatMul_1) d95923ea-2a75-4757-a86c-99d425e3974a:92:232
2026-10-04 18:51:34.138000 [V:onnxruntime:, session_state.cc:1385 VerifyEachNodeIsAssignedToAnEp]   Transpose (/model/layers.15/self_attn/Transpose_4) d95923ea-2a75-4757-a86c-99d425e3974a:92:232
2026-10-04 18:51:34.139000 [V:onnxruntime:, session_state.cc:1385 VerifyEachNodeIsAssignedToAnEp]   Reshape (/model/layers.15/self_attn/Reshape_7) d95923ea-2a75-4757-a86c-99d425e3974a:92:232
2026-10-04 18:51:34.139000 [V:onnxruntime:, session_state.cc:1385 VerifyEachNodeIsAssignedToAnEp]   MatMulNBits (/model/layers.15/self_attn/o_proj/MatMul_Q4) d95923ea-2a75-4757-a86c-99d425e3974a:92:232
2026-10-04 18:51:34.139000 [V:onnxruntime:, session_state.cc:1385 VerifyEachNodeIsAssignedToAnEp]   Add (/model/layers.15/Add) d95923ea-2a75-4757-a86c-99d425e3974a:92:232
2026-10-04 18:51:34.139000 [V:onnxruntime:, session_state.cc:1385 VerifyEachNodeIsAssignedToAnEp]   Pow (/model/layers.15/post_attention_layernorm/Pow) d95923ea-2a75-4757-a86c-99d425e3974a:92:232
2026-10-04 18:51:34.139000 [V:onnxruntime:, session_state.cc:1385 VerifyEachNodeIsAssignedToAnEp]   ReduceMean (/model/layers.15/post_attention_layernorm/ReduceMean) d95923ea-2a75-4757-a86c-99d425e3974a:92:232
2026-10-04 18:51:34.139000 [V:onnxruntime:, session_state.cc:1385 VerifyEachNodeIsAssignedToAnEp]   Add (/model/layers.15/post_attention_layernorm/Add) d95923ea-2a75-4757-a86c-99d425e3974a:92:232
2026-10-04 18:51:34.139000 [V:onnxruntime:, session_state.cc:1385 VerifyEachNodeIsAssignedToAnEp]   Sqrt (/model/layers.15/post_attention_layernorm/Sqrt) d95923ea-2a75-4757-a86c-99d425e3974a:92:232
2026-10-04 18:51:34.139999 [V:onnxruntime:, session_state.cc:1385 VerifyEachNodeIsAssignedToAnEp]   Div (/model/layers.15/post_attention_layernorm/Div) d95923ea-2a75-4757-a86c-99d425e3974a:92:232
2026-10-04 18:51:34.139999 [V:onnxruntime:, session_state.cc:1385 VerifyEachNodeIsAssignedToAnEp]   Mul (/model/layers.15/post_attention_layernorm/Mul_1) d95923ea-2a75-4757-a86c-99d425e3974a:92:232
2026-10-04 18:51:34.139999 [V:onnxruntime:, session_state.cc:1385 VerifyEachNodeIsAssignedToAnEp]   MatMulNBits (/model/layers.15/mlp/gate_proj/MatMul_Q4) d95923ea-2a75-4757-a86c-99d425e3974a:92:232
2026-10-04 18:51:34.141000 [V:onnxruntime:, session_state.cc:1385 VerifyEachNodeIsAssignedToAnEp]   MatMulNBits (/model/layers.15/mlp/up_proj/MatMul_Q4) d95923ea-2a75-4757-a86c-99d425e3974a:92:232
2026-10-04 18:51:34.141000 [V:onnxruntime:, session_state.cc:1385 VerifyEachNodeIsAssignedToAnEp]   Mul (/model/layers.15/mlp/Mul) d95923ea-2a75-4757-a86c-99d425e3974a:92:232
2026-10-04 18:51:34.141000 [V:onnxruntime:, session_state.cc:1385 VerifyEachNodeIsAssignedToAnEp]   MatMulNBits (/model/layers.15/mlp/down_proj/MatMul_Q4) d95923ea-2a75-4757-a86c-99d425e3974a:92:232
2026-10-04 18:51:34.141000 [V:onnxruntime:, session_state.cc:1385 VerifyEachNodeIsAssignedToAnEp]   Add (/model/layers.15/Add_1) d95923ea-2a75-4757-a86c-99d425e3974a:92:232
2026-10-04 18:51:34.141000 [V:onnxruntime:, session_state.cc:1385 VerifyEachNodeIsAssignedToAnEp]   Pow (/model/layers.16/input_layernorm/Pow) d95923ea-2a75-4757-a86c-99d425e3974a:92:232
2026-10-04 18:51:34.141000 [V:onnxruntime:, session_state.cc:1385 VerifyEachNodeIsAssignedToAnEp]   ReduceMean (/model/layers.16/input_layernorm/ReduceMean) d95923ea-2a75-4757-a86c-99d425e3974a:92:232
2026-10-04 18:51:34.141000 [V:onnxruntime:, session_state.cc:1385 VerifyEachNodeIsAssignedToAnEp]   Add (/model/layers.16/input_layernorm/Add) d95923ea-2a75-4757-a86c-99d425e3974a:92:232
2026-10-04 18:51:34.142000 [V:onnxruntime:, session_state.cc:1385 VerifyEachNodeIsAssignedToAnEp]   Sqrt (/model/layers.16/input_layernorm/Sqrt) d95923ea-2a75-4757-a86c-99d425e3974a:92:232
2026-10-04 18:51:34.142000 [V:onnxruntime:, session_state.cc:1385 VerifyEachNodeIsAssignedToAnEp]   Div (/model/layers.16/input_layernorm/Div) d95923ea-2a75-4757-a86c-99d425e3974a:92:232
2026-10-04 18:51:34.142000 [V:onnxruntime:, session_state.cc:1385 VerifyEachNodeIsAssignedToAnEp]   Mul (/model/layers.16/input_layernorm/Mul_1) d95923ea-2a75-4757-a86c-99d425e3974a:92:232
2026-10-04 18:51:34.142000 [V:onnxruntime:, session_state.cc:1385 VerifyEachNodeIsAssignedToAnEp]   Shape (/model/layers.16/self_attn/Shape) d95923ea-2a75-4757-a86c-99d425e3974a:92:232
2026-10-04 18:51:34.142000 [V:onnxruntime:, session_state.cc:1385 VerifyEachNodeIsAssignedToAnEp]   MatMulNBits (/model/layers.16/self_attn/q_proj/MatMul_Q4) d95923ea-2a75-4757-a86c-99d425e3974a:92:232
2026-10-04 18:51:34.142000 [V:onnxruntime:, session_state.cc:1385 VerifyEachNodeIsAssignedToAnEp]   MatMulNBits (/model/layers.16/self_attn/k_proj/MatMul_Q4) d95923ea-2a75-4757-a86c-99d425e3974a:92:232
2026-10-04 18:51:34.142000 [V:onnxruntime:, session_state.cc:1385 VerifyEachNodeIsAssignedToAnEp]   MatMulNBits (/model/layers.16/self_attn/v_proj/MatMul_Q4) d95923ea-2a75-4757-a86c-99d425e3974a:92:232
2026-10-04 18:51:34.142000 [V:onnxruntime:, session_state.cc:1385 VerifyEachNodeIsAssignedToAnEp]   Reshape (/model/layers.16/self_attn/Reshape) d95923ea-2a75-4757-a86c-99d425e3974a:92:232
2026-10-04 18:51:34.143000 [V:onnxruntime:, session_state.cc:1385 VerifyEachNodeIsAssignedToAnEp]   Reshape (/model/layers.16/self_attn/Reshape_1) d95923ea-2a75-4757-a86c-99d425e3974a:92:232
2026-10-04 18:51:34.143000 [V:onnxruntime:, session_state.cc:1385 VerifyEachNodeIsAssignedToAnEp]   Reshape (/model/layers.16/self_attn/Reshape_2) d95923ea-2a75-4757-a86c-99d425e3974a:92:232
2026-10-04 18:51:34.143000 [V:onnxruntime:, session_state.cc:1385 VerifyEachNodeIsAssignedToAnEp]   Transpose (/model/layers.16/self_attn/Transpose) d95923ea-2a75-4757-a86c-99d425e3974a:92:232
2026-10-04 18:51:34.143000 [V:onnxruntime:, session_state.cc:1385 VerifyEachNodeIsAssignedToAnEp]   Transpose (/model/layers.16/self_attn/Transpose_1) d95923ea-2a75-4757-a86c-99d425e3974a:92:232
2026-10-04 18:51:34.143000 [V:onnxruntime:, session_state.cc:1385 VerifyEachNodeIsAssignedToAnEp]   Transpose (/model/layers.16/self_attn/Transpose_2) d95923ea-2a75-4757-a86c-99d425e3974a:92:232
2026-10-04 18:51:34.143000 [V:onnxruntime:, session_state.cc:1385 VerifyEachNodeIsAssignedToAnEp]   Mul (/model/layers.16/self_attn/Mul) d95923ea-2a75-4757-a86c-99d425e3974a:92:232
2026-10-04 18:51:34.143000 [V:onnxruntime:, session_state.cc:1385 VerifyEachNodeIsAssignedToAnEp]   Mul (/model/layers.16/self_attn/Mul_2) d95923ea-2a75-4757-a86c-99d425e3974a:92:232
2026-10-04 18:51:34.143999 [V:onnxruntime:, session_state.cc:1385 VerifyEachNodeIsAssignedToAnEp]   Concat (/model/layers.16/self_attn/Concat_6) d95923ea-2a75-4757-a86c-99d425e3974a:92:232
2026-10-04 18:51:34.143999 [V:onnxruntime:, session_state.cc:1385 VerifyEachNodeIsAssignedToAnEp]   Slice (/model/layers.16/self_attn/Slice) d95923ea-2a75-4757-a86c-99d425e3974a:92:232
2026-10-04 18:51:34.143999 [V:onnxruntime:, session_state.cc:1385 VerifyEachNodeIsAssignedToAnEp]   Slice (/model/layers.16/self_attn/Slice_1) d95923ea-2a75-4757-a86c-99d425e3974a:92:232
2026-10-04 18:51:34.143999 [V:onnxruntime:, session_state.cc:1385 VerifyEachNodeIsAssignedToAnEp]   Slice (/model/layers.16/self_attn/Slice_2) d95923ea-2a75-4757-a86c-99d425e3974a:92:232
2026-10-04 18:51:34.143999 [V:onnxruntime:, session_state.cc:1385 VerifyEachNodeIsAssignedToAnEp]   Slice (/model/layers.16/self_attn/Slice_3) d95923ea-2a75-4757-a86c-99d425e3974a:92:232
2026-10-04 18:51:34.143999 [V:onnxruntime:, session_state.cc:1385 VerifyEachNodeIsAssignedToAnEp]   Shape (/model/layers.16/self_attn/Shape_9) d95923ea-2a75-4757-a86c-99d425e3974a:92:232
2026-10-04 18:51:34.144999 [V:onnxruntime:, session_state.cc:1385 VerifyEachNodeIsAssignedToAnEp]   Unsqueeze (/model/layers.16/self_attn/Unsqueeze_19) d95923ea-2a75-4757-a86c-99d425e3974a:92:232
2026-10-04 18:51:34.144999 [V:onnxruntime:, session_state.cc:1385 VerifyEachNodeIsAssignedToAnEp]   Neg (/model/layers.16/self_attn/Neg) d95923ea-2a75-4757-a86c-99d425e3974a:92:232
2026-10-04 18:51:34.144999 [V:onnxruntime:, session_state.cc:1385 VerifyEachNodeIsAssignedToAnEp]   Neg (/model/layers.16/self_attn/Neg_1) d95923ea-2a75-4757-a86c-99d425e3974a:92:232
2026-10-04 18:51:34.144999 [V:onnxruntime:, session_state.cc:1385 VerifyEachNodeIsAssignedToAnEp]   Concat (/model/layers.16/self_attn/Concat_3) d95923ea-2a75-4757-a86c-99d425e3974a:92:232
2026-10-04 18:51:34.144999 [V:onnxruntime:, session_state.cc:1385 VerifyEachNodeIsAssignedToAnEp]   Concat (/model/layers.16/self_attn/Concat_4) d95923ea-2a75-4757-a86c-99d425e3974a:92:232
2026-10-04 18:51:34.144999 [V:onnxruntime:, session_state.cc:1385 VerifyEachNodeIsAssignedToAnEp]   Mul (/model/layers.16/self_attn/Mul_1) d95923ea-2a75-4757-a86c-99d425e3974a:92:232
2026-10-04 18:51:34.144999 [V:onnxruntime:, session_state.cc:1385 VerifyEachNodeIsAssignedToAnEp]   Mul (/model/layers.16/self_attn/Mul_3) d95923ea-2a75-4757-a86c-99d425e3974a:92:232
2026-10-04 18:51:34.146000 [V:onnxruntime:, session_state.cc:1385 VerifyEachNodeIsAssignedToAnEp]   Add (/model/layers.16/self_attn/Add) d95923ea-2a75-4757-a86c-99d425e3974a:92:232
2026-10-04 18:51:34.146000 [V:onnxruntime:, session_state.cc:1385 VerifyEachNodeIsAssignedToAnEp]   Add (/model/layers.16/self_attn/Add_1) d95923ea-2a75-4757-a86c-99d425e3974a:92:232
2026-10-04 18:51:34.146000 [V:onnxruntime:, session_state.cc:1385 VerifyEachNodeIsAssignedToAnEp]   Concat (/model/layers.16/self_attn/Concat_5) d95923ea-2a75-4757-a86c-99d425e3974a:92:232
2026-10-04 18:51:34.146000 [V:onnxruntime:, session_state.cc:1385 VerifyEachNodeIsAssignedToAnEp]   Mul (/model/layers.16/self_attn/Mul_8) d95923ea-2a75-4757-a86c-99d425e3974a:92:232
2026-10-04 18:51:34.146000 [V:onnxruntime:, session_state.cc:1385 VerifyEachNodeIsAssignedToAnEp]   Shape (/model/layers.16/self_attn/Shape_4) d95923ea-2a75-4757-a86c-99d425e3974a:92:232
2026-10-04 18:51:34.146000 [V:onnxruntime:, session_state.cc:1385 VerifyEachNodeIsAssignedToAnEp]   Unsqueeze (/model/layers.16/self_attn/Unsqueeze_10) d95923ea-2a75-4757-a86c-99d425e3974a:92:232
2026-10-04 18:51:34.146000 [V:onnxruntime:, session_state.cc:1385 VerifyEachNodeIsAssignedToAnEp]   Expand (/model/layers.16/self_attn/Expand_1) d95923ea-2a75-4757-a86c-99d425e3974a:92:232
2026-10-04 18:51:34.146000 [V:onnxruntime:, session_state.cc:1385 VerifyEachNodeIsAssignedToAnEp]   Reshape (/model/layers.16/self_attn/Reshape_6) d95923ea-2a75-4757-a86c-99d425e3974a:92:232
2026-10-04 18:51:34.147000 [V:onnxruntime:, session_state.cc:1385 VerifyEachNodeIsAssignedToAnEp]   Expand (/model/layers.16/self_attn/Expand) d95923ea-2a75-4757-a86c-99d425e3974a:92:232
2026-10-04 18:51:34.147000 [V:onnxruntime:, session_state.cc:1385 VerifyEachNodeIsAssignedToAnEp]   Reshape (/model/layers.16/self_attn/Reshape_4) d95923ea-2a75-4757-a86c-99d425e3974a:92:232
2026-10-04 18:51:34.147000 [V:onnxruntime:, session_state.cc:1385 VerifyEachNodeIsAssignedToAnEp]   Shape (/model/layers.16/self_attn/Shape_14) d95923ea-2a75-4757-a86c-99d425e3974a:92:232
2026-10-04 18:51:34.147000 [V:onnxruntime:, session_state.cc:1385 VerifyEachNodeIsAssignedToAnEp]   Transpose (/model/layers.16/self_attn/Transpose_3) d95923ea-2a75-4757-a86c-99d425e3974a:92:232
2026-10-04 18:51:34.147000 [V:onnxruntime:, session_state.cc:1385 VerifyEachNodeIsAssignedToAnEp]   Mul (/model/layers.16/self_attn/Mul_9) d95923ea-2a75-4757-a86c-99d425e3974a:92:232
2026-10-04 18:51:34.147000 [V:onnxruntime:, session_state.cc:1385 VerifyEachNodeIsAssignedToAnEp]   MatMul (/model/layers.16/self_attn/MatMul) d95923ea-2a75-4757-a86c-99d425e3974a:92:232
2026-10-04 18:51:34.147999 [V:onnxruntime:, session_state.cc:1385 VerifyEachNodeIsAssignedToAnEp]   Slice (/model/layers.16/self_attn/Slice_4) d95923ea-2a75-4757-a86c-99d425e3974a:92:232
2026-10-04 18:51:34.147999 [V:onnxruntime:, session_state.cc:1385 VerifyEachNodeIsAssignedToAnEp]   Add (/model/layers.16/self_attn/Add_2) d95923ea-2a75-4757-a86c-99d425e3974a:92:232
2026-10-04 18:51:34.147999 [V:onnxruntime:, session_state.cc:1385 VerifyEachNodeIsAssignedToAnEp]   Softmax (/model/layers.16/self_attn/Softmax) d95923ea-2a75-4757-a86c-99d425e3974a:92:232
2026-10-04 18:51:34.147999 [V:onnxruntime:, session_state.cc:1385 VerifyEachNodeIsAssignedToAnEp]   MatMul (/model/layers.16/self_attn/MatMul_1) d95923ea-2a75-4757-a86c-99d425e3974a:92:232
2026-10-04 18:51:34.147999 [V:onnxruntime:, session_state.cc:1385 VerifyEachNodeIsAssignedToAnEp]   Transpose (/model/layers.16/self_attn/Transpose_4) d95923ea-2a75-4757-a86c-99d425e3974a:92:232
2026-10-04 18:51:34.147999 [V:onnxruntime:, session_state.cc:1385 VerifyEachNodeIsAssignedToAnEp]   Reshape (/model/layers.16/self_attn/Reshape_7) d95923ea-2a75-4757-a86c-99d425e3974a:92:232
2026-10-04 18:51:34.147999 [V:onnxruntime:, session_state.cc:1385 VerifyEachNodeIsAssignedToAnEp]   MatMulNBits (/model/layers.16/self_attn/o_proj/MatMul_Q4) d95923ea-2a75-4757-a86c-99d425e3974a:92:232
2026-10-04 18:51:34.149000 [V:onnxruntime:, session_state.cc:1385 VerifyEachNodeIsAssignedToAnEp]   Add (/model/layers.16/Add) d95923ea-2a75-4757-a86c-99d425e3974a:92:232
2026-10-04 18:51:34.149000 [V:onnxruntime:, session_state.cc:1385 VerifyEachNodeIsAssignedToAnEp]   Pow (/model/layers.16/post_attention_layernorm/Pow) d95923ea-2a75-4757-a86c-99d425e3974a:92:232
2026-10-04 18:51:34.149000 [V:onnxruntime:, session_state.cc:1385 VerifyEachNodeIsAssignedToAnEp]   ReduceMean (/model/layers.16/post_attention_layernorm/ReduceMean) d95923ea-2a75-4757-a86c-99d425e3974a:92:232
2026-10-04 18:51:34.149000 [V:onnxruntime:, session_state.cc:1385 VerifyEachNodeIsAssignedToAnEp]   Add (/model/layers.16/post_attention_layernorm/Add) d95923ea-2a75-4757-a86c-99d425e3974a:92:232
2026-10-04 18:51:34.149000 [V:onnxruntime:, session_state.cc:1385 VerifyEachNodeIsAssignedToAnEp]   Sqrt (/model/layers.16/post_attention_layernorm/Sqrt) d95923ea-2a75-4757-a86c-99d425e3974a:92:232
2026-10-04 18:51:34.149000 [V:onnxruntime:, session_state.cc:1385 VerifyEachNodeIsAssignedToAnEp]   Div (/model/layers.16/post_attention_layernorm/Div) d95923ea-2a75-4757-a86c-99d425e3974a:92:232
2026-10-04 18:51:34.150000 [V:onnxruntime:, session_state.cc:1385 VerifyEachNodeIsAssignedToAnEp]   Mul (/model/layers.16/post_attention_layernorm/Mul_1) d95923ea-2a75-4757-a86c-99d425e3974a:92:232
2026-10-04 18:51:34.150000 [V:onnxruntime:, session_state.cc:1385 VerifyEachNodeIsAssignedToAnEp]   MatMulNBits (/model/layers.16/mlp/gate_proj/MatMul_Q4) d95923ea-2a75-4757-a86c-99d425e3974a:92:232
2026-10-04 18:51:34.150000 [V:onnxruntime:, session_state.cc:1385 VerifyEachNodeIsAssignedToAnEp]   MatMulNBits (/model/layers.16/mlp/up_proj/MatMul_Q4) d95923ea-2a75-4757-a86c-99d425e3974a:92:232
2026-10-04 18:51:34.150000 [V:onnxruntime:, session_state.cc:1385 VerifyEachNodeIsAssignedToAnEp]   Mul (/model/layers.16/mlp/Mul) d95923ea-2a75-4757-a86c-99d425e3974a:92:232
2026-10-04 18:51:34.150000 [V:onnxruntime:, session_state.cc:1385 VerifyEachNodeIsAssignedToAnEp]   MatMulNBits (/model/layers.16/mlp/down_proj/MatMul_Q4) d95923ea-2a75-4757-a86c-99d425e3974a:92:232
2026-10-04 18:51:34.150000 [V:onnxruntime:, session_state.cc:1385 VerifyEachNodeIsAssignedToAnEp]   Add (/model/layers.16/Add_1) d95923ea-2a75-4757-a86c-99d425e3974a:92:232
2026-10-04 18:51:34.150000 [V:onnxruntime:, session_state.cc:1385 VerifyEachNodeIsAssignedToAnEp]   Pow (/model/layers.17/input_layernorm/Pow) d95923ea-2a75-4757-a86c-99d425e3974a:92:232
2026-10-04 18:51:34.151000 [V:onnxruntime:, session_state.cc:1385 VerifyEachNodeIsAssignedToAnEp]   ReduceMean (/model/layers.17/input_layernorm/ReduceMean) d95923ea-2a75-4757-a86c-99d425e3974a:92:232
2026-10-04 18:51:34.151000 [V:onnxruntime:, session_state.cc:1385 VerifyEachNodeIsAssignedToAnEp]   Add (/model/layers.17/input_layernorm/Add) d95923ea-2a75-4757-a86c-99d425e3974a:92:232
2026-10-04 18:51:34.151000 [V:onnxruntime:, session_state.cc:1385 VerifyEachNodeIsAssignedToAnEp]   Sqrt (/model/layers.17/input_layernorm/Sqrt) d95923ea-2a75-4757-a86c-99d425e3974a:92:232
2026-10-04 18:51:34.151000 [V:onnxruntime:, session_state.cc:1385 VerifyEachNodeIsAssignedToAnEp]   Div (/model/layers.17/input_layernorm/Div) d95923ea-2a75-4757-a86c-99d425e3974a:92:232
2026-10-04 18:51:34.151000 [V:onnxruntime:, session_state.cc:1385 VerifyEachNodeIsAssignedToAnEp]   Mul (/model/layers.17/input_layernorm/Mul_1) d95923ea-2a75-4757-a86c-99d425e3974a:92:232
2026-10-04 18:51:34.151000 [V:onnxruntime:, session_state.cc:1385 VerifyEachNodeIsAssignedToAnEp]   Shape (/model/layers.17/self_attn/Shape) d95923ea-2a75-4757-a86c-99d425e3974a:92:232
2026-10-04 18:51:34.151000 [V:onnxruntime:, session_state.cc:1385 VerifyEachNodeIsAssignedToAnEp]   MatMulNBits (/model/layers.17/self_attn/q_proj/MatMul_Q4) d95923ea-2a75-4757-a86c-99d425e3974a:92:232
2026-10-04 18:51:34.151000 [V:onnxruntime:, session_state.cc:1385 VerifyEachNodeIsAssignedToAnEp]   MatMulNBits (/model/layers.17/self_attn/k_proj/MatMul_Q4) d95923ea-2a75-4757-a86c-99d425e3974a:92:232
2026-10-04 18:51:34.151999 [V:onnxruntime:, session_state.cc:1385 VerifyEachNodeIsAssignedToAnEp]   MatMulNBits (/model/layers.17/self_attn/v_proj/MatMul_Q4) d95923ea-2a75-4757-a86c-99d425e3974a:92:232
2026-10-04 18:51:34.151999 [V:onnxruntime:, session_state.cc:1385 VerifyEachNodeIsAssignedToAnEp]   Reshape (/model/layers.17/self_attn/Reshape) d95923ea-2a75-4757-a86c-99d425e3974a:92:232
2026-10-04 18:51:34.151999 [V:onnxruntime:, session_state.cc:1385 VerifyEachNodeIsAssignedToAnEp]   Reshape (/model/layers.17/self_attn/Reshape_1) d95923ea-2a75-4757-a86c-99d425e3974a:92:232
2026-10-04 18:51:34.151999 [V:onnxruntime:, session_state.cc:1385 VerifyEachNodeIsAssignedToAnEp]   Reshape (/model/layers.17/self_attn/Reshape_2) d95923ea-2a75-4757-a86c-99d425e3974a:92:232
2026-10-04 18:51:34.151999 [V:onnxruntime:, session_state.cc:1385 VerifyEachNodeIsAssignedToAnEp]   Transpose (/model/layers.17/self_attn/Transpose) d95923ea-2a75-4757-a86c-99d425e3974a:92:232
2026-10-04 18:51:34.151999 [V:onnxruntime:, session_state.cc:1385 VerifyEachNodeIsAssignedToAnEp]   Transpose (/model/layers.17/self_attn/Transpose_1) d95923ea-2a75-4757-a86c-99d425e3974a:92:232
2026-10-04 18:51:34.152999 [V:onnxruntime:, session_state.cc:1385 VerifyEachNodeIsAssignedToAnEp]   Transpose (/model/layers.17/self_attn/Transpose_2) d95923ea-2a75-4757-a86c-99d425e3974a:92:232
2026-10-04 18:51:34.152999 [V:onnxruntime:, session_state.cc:1385 VerifyEachNodeIsAssignedToAnEp]   Mul (/model/layers.17/self_attn/Mul) d95923ea-2a75-4757-a86c-99d425e3974a:92:232
2026-10-04 18:51:34.152999 [V:onnxruntime:, session_state.cc:1385 VerifyEachNodeIsAssignedToAnEp]   Mul (/model/layers.17/self_attn/Mul_2) d95923ea-2a75-4757-a86c-99d425e3974a:92:232
2026-10-04 18:51:34.152999 [V:onnxruntime:, session_state.cc:1385 VerifyEachNodeIsAssignedToAnEp]   Concat (/model/layers.17/self_attn/Concat_6) d95923ea-2a75-4757-a86c-99d425e3974a:92:232
2026-10-04 18:51:34.152999 [V:onnxruntime:, session_state.cc:1385 VerifyEachNodeIsAssignedToAnEp]   Slice (/model/layers.17/self_attn/Slice) d95923ea-2a75-4757-a86c-99d425e3974a:92:232
2026-10-04 18:51:34.152999 [V:onnxruntime:, session_state.cc:1385 VerifyEachNodeIsAssignedToAnEp]   Slice (/model/layers.17/self_attn/Slice_1) d95923ea-2a75-4757-a86c-99d425e3974a:92:232
2026-10-04 18:51:34.152999 [V:onnxruntime:, session_state.cc:1385 VerifyEachNodeIsAssignedToAnEp]   Slice (/model/layers.17/self_attn/Slice_2) d95923ea-2a75-4757-a86c-99d425e3974a:92:232
2026-10-04 18:51:34.154000 [V:onnxruntime:, session_state.cc:1385 VerifyEachNodeIsAssignedToAnEp]   Slice (/model/layers.17/self_attn/Slice_3) d95923ea-2a75-4757-a86c-99d425e3974a:92:232
2026-10-04 18:51:34.154000 [V:onnxruntime:, session_state.cc:1385 VerifyEachNodeIsAssignedToAnEp]   Shape (/model/layers.17/self_attn/Shape_9) d95923ea-2a75-4757-a86c-99d425e3974a:92:232
2026-10-04 18:51:34.154000 [V:onnxruntime:, session_state.cc:1385 VerifyEachNodeIsAssignedToAnEp]   Unsqueeze (/model/layers.17/self_attn/Unsqueeze_19) d95923ea-2a75-4757-a86c-99d425e3974a:92:232
2026-10-04 18:51:34.154000 [V:onnxruntime:, session_state.cc:1385 VerifyEachNodeIsAssignedToAnEp]   Neg (/model/layers.17/self_attn/Neg) d95923ea-2a75-4757-a86c-99d425e3974a:92:232
2026-10-04 18:51:34.154000 [V:onnxruntime:, session_state.cc:1385 VerifyEachNodeIsAssignedToAnEp]   Neg (/model/layers.17/self_attn/Neg_1) d95923ea-2a75-4757-a86c-99d425e3974a:92:232
2026-10-04 18:51:34.154000 [V:onnxruntime:, session_state.cc:1385 VerifyEachNodeIsAssignedToAnEp]   Concat (/model/layers.17/self_attn/Concat_3) d95923ea-2a75-4757-a86c-99d425e3974a:92:232
2026-10-04 18:51:34.154000 [V:onnxruntime:, session_state.cc:1385 VerifyEachNodeIsAssignedToAnEp]   Concat (/model/layers.17/self_attn/Concat_4) d95923ea-2a75-4757-a86c-99d425e3974a:92:232
2026-10-04 18:51:34.154000 [V:onnxruntime:, session_state.cc:1385 VerifyEachNodeIsAssignedToAnEp]   Mul (/model/layers.17/self_attn/Mul_1) d95923ea-2a75-4757-a86c-99d425e3974a:92:232
2026-10-04 18:51:34.155000 [V:onnxruntime:, session_state.cc:1385 VerifyEachNodeIsAssignedToAnEp]   Mul (/model/layers.17/self_attn/Mul_3) d95923ea-2a75-4757-a86c-99d425e3974a:92:232
2026-10-04 18:51:34.155000 [V:onnxruntime:, session_state.cc:1385 VerifyEachNodeIsAssignedToAnEp]   Add (/model/layers.17/self_attn/Add) d95923ea-2a75-4757-a86c-99d425e3974a:92:232
2026-10-04 18:51:34.155000 [V:onnxruntime:, session_state.cc:1385 VerifyEachNodeIsAssignedToAnEp]   Add (/model/layers.17/self_attn/Add_1) d95923ea-2a75-4757-a86c-99d425e3974a:92:232
2026-10-04 18:51:34.155000 [V:onnxruntime:, session_state.cc:1385 VerifyEachNodeIsAssignedToAnEp]   Concat (/model/layers.17/self_attn/Concat_5) d95923ea-2a75-4757-a86c-99d425e3974a:92:232
2026-10-04 18:51:34.155000 [V:onnxruntime:, session_state.cc:1385 VerifyEachNodeIsAssignedToAnEp]   Mul (/model/layers.17/self_attn/Mul_8) d95923ea-2a75-4757-a86c-99d425e3974a:92:232
2026-10-04 18:51:34.155000 [V:onnxruntime:, session_state.cc:1385 VerifyEachNodeIsAssignedToAnEp]   Shape (/model/layers.17/self_attn/Shape_4) d95923ea-2a75-4757-a86c-99d425e3974a:92:232
2026-10-04 18:51:34.155000 [V:onnxruntime:, session_state.cc:1385 VerifyEachNodeIsAssignedToAnEp]   Unsqueeze (/model/layers.17/self_attn/Unsqueeze_10) d95923ea-2a75-4757-a86c-99d425e3974a:92:232
2026-10-04 18:51:34.155999 [V:onnxruntime:, session_state.cc:1385 VerifyEachNodeIsAssignedToAnEp]   Expand (/model/layers.17/self_attn/Expand_1) d95923ea-2a75-4757-a86c-99d425e3974a:92:232
2026-10-04 18:51:34.155999 [V:onnxruntime:, session_state.cc:1385 VerifyEachNodeIsAssignedToAnEp]   Reshape (/model/layers.17/self_attn/Reshape_6) d95923ea-2a75-4757-a86c-99d425e3974a:92:232
2026-10-04 18:51:34.155999 [V:onnxruntime:, session_state.cc:1385 VerifyEachNodeIsAssignedToAnEp]   Expand (/model/layers.17/self_attn/Expand) d95923ea-2a75-4757-a86c-99d425e3974a:92:232
2026-10-04 18:51:34.155999 [V:onnxruntime:, session_state.cc:1385 VerifyEachNodeIsAssignedToAnEp]   Reshape (/model/layers.17/self_attn/Reshape_4) d95923ea-2a75-4757-a86c-99d425e3974a:92:232
2026-10-04 18:51:34.155999 [V:onnxruntime:, session_state.cc:1385 VerifyEachNodeIsAssignedToAnEp]   Shape (/model/layers.17/self_attn/Shape_14) d95923ea-2a75-4757-a86c-99d425e3974a:92:232
2026-10-04 18:51:34.155999 [V:onnxruntime:, session_state.cc:1385 VerifyEachNodeIsAssignedToAnEp]   Transpose (/model/layers.17/self_attn/Transpose_3) d95923ea-2a75-4757-a86c-99d425e3974a:92:232
2026-10-04 18:51:34.155999 [V:onnxruntime:, session_state.cc:1385 VerifyEachNodeIsAssignedToAnEp]   Mul (/model/layers.17/self_attn/Mul_9) d95923ea-2a75-4757-a86c-99d425e3974a:92:232
2026-10-04 18:51:34.155999 [V:onnxruntime:, session_state.cc:1385 VerifyEachNodeIsAssignedToAnEp]   MatMul (/model/layers.17/self_attn/MatMul) d95923ea-2a75-4757-a86c-99d425e3974a:92:232
2026-10-04 18:51:34.157000 [V:onnxruntime:, session_state.cc:1385 VerifyEachNodeIsAssignedToAnEp]   Slice (/model/layers.17/self_attn/Slice_4) d95923ea-2a75-4757-a86c-99d425e3974a:92:232
2026-10-04 18:51:34.157000 [V:onnxruntime:, session_state.cc:1385 VerifyEachNodeIsAssignedToAnEp]   Add (/model/layers.17/self_attn/Add_2) d95923ea-2a75-4757-a86c-99d425e3974a:92:232
2026-10-04 18:51:34.157000 [V:onnxruntime:, session_state.cc:1385 VerifyEachNodeIsAssignedToAnEp]   Softmax (/model/layers.17/self_attn/Softmax) d95923ea-2a75-4757-a86c-99d425e3974a:92:232
2026-10-04 18:51:34.157000 [V:onnxruntime:, session_state.cc:1385 VerifyEachNodeIsAssignedToAnEp]   MatMul (/model/layers.17/self_attn/MatMul_1) d95923ea-2a75-4757-a86c-99d425e3974a:92:232
2026-10-04 18:51:34.157000 [V:onnxruntime:, session_state.cc:1385 VerifyEachNodeIsAssignedToAnEp]   Transpose (/model/layers.17/self_attn/Transpose_4) d95923ea-2a75-4757-a86c-99d425e3974a:92:232
2026-10-04 18:51:34.157000 [V:onnxruntime:, session_state.cc:1385 VerifyEachNodeIsAssignedToAnEp]   Reshape (/model/layers.17/self_attn/Reshape_7) d95923ea-2a75-4757-a86c-99d425e3974a:92:232
2026-10-04 18:51:34.157000 [V:onnxruntime:, session_state.cc:1385 VerifyEachNodeIsAssignedToAnEp]   MatMulNBits (/model/layers.17/self_attn/o_proj/MatMul_Q4) d95923ea-2a75-4757-a86c-99d425e3974a:92:232
2026-10-04 18:51:34.158000 [V:onnxruntime:, session_state.cc:1385 VerifyEachNodeIsAssignedToAnEp]   Add (/model/layers.17/Add) d95923ea-2a75-4757-a86c-99d425e3974a:92:232
2026-10-04 18:51:34.158000 [V:onnxruntime:, session_state.cc:1385 VerifyEachNodeIsAssignedToAnEp]   Pow (/model/layers.17/post_attention_layernorm/Pow) d95923ea-2a75-4757-a86c-99d425e3974a:92:232
2026-10-04 18:51:34.158000 [V:onnxruntime:, session_state.cc:1385 VerifyEachNodeIsAssignedToAnEp]   ReduceMean (/model/layers.17/post_attention_layernorm/ReduceMean) d95923ea-2a75-4757-a86c-99d425e3974a:92:232
2026-10-04 18:51:34.158000 [V:onnxruntime:, session_state.cc:1385 VerifyEachNodeIsAssignedToAnEp]   Add (/model/layers.17/post_attention_layernorm/Add) d95923ea-2a75-4757-a86c-99d425e3974a:92:232
2026-10-04 18:51:34.158000 [V:onnxruntime:, session_state.cc:1385 VerifyEachNodeIsAssignedToAnEp]   Sqrt (/model/layers.17/post_attention_layernorm/Sqrt) d95923ea-2a75-4757-a86c-99d425e3974a:92:232
2026-10-04 18:51:34.158000 [V:onnxruntime:, session_state.cc:1385 VerifyEachNodeIsAssignedToAnEp]   Div (/model/layers.17/post_attention_layernorm/Div) d95923ea-2a75-4757-a86c-99d425e3974a:92:232
2026-10-04 18:51:34.158000 [V:onnxruntime:, session_state.cc:1385 VerifyEachNodeIsAssignedToAnEp]   Mul (/model/layers.17/post_attention_layernorm/Mul_1) d95923ea-2a75-4757-a86c-99d425e3974a:92:232
2026-10-04 18:51:34.158000 [V:onnxruntime:, session_state.cc:1385 VerifyEachNodeIsAssignedToAnEp]   MatMulNBits (/model/layers.17/mlp/gate_proj/MatMul_Q4) d95923ea-2a75-4757-a86c-99d425e3974a:92:232
2026-10-04 18:51:34.159000 [V:onnxruntime:, session_state.cc:1385 VerifyEachNodeIsAssignedToAnEp]   MatMulNBits (/model/layers.17/mlp/up_proj/MatMul_Q4) d95923ea-2a75-4757-a86c-99d425e3974a:92:232
2026-10-04 18:51:34.159000 [V:onnxruntime:, session_state.cc:1385 VerifyEachNodeIsAssignedToAnEp]   Mul (/model/layers.17/mlp/Mul) d95923ea-2a75-4757-a86c-99d425e3974a:92:232
2026-10-04 18:51:34.159000 [V:onnxruntime:, session_state.cc:1385 VerifyEachNodeIsAssignedToAnEp]   MatMulNBits (/model/layers.17/mlp/down_proj/MatMul_Q4) d95923ea-2a75-4757-a86c-99d425e3974a:92:232
2026-10-04 18:51:34.159000 [V:onnxruntime:, session_state.cc:1385 VerifyEachNodeIsAssignedToAnEp]   Add (/model/layers.17/Add_1) d95923ea-2a75-4757-a86c-99d425e3974a:92:232
2026-10-04 18:51:34.159000 [V:onnxruntime:, session_state.cc:1385 VerifyEachNodeIsAssignedToAnEp]   Pow (/model/layers.18/input_layernorm/Pow) d95923ea-2a75-4757-a86c-99d425e3974a:92:232
2026-10-04 18:51:34.159000 [V:onnxruntime:, session_state.cc:1385 VerifyEachNodeIsAssignedToAnEp]   ReduceMean (/model/layers.18/input_layernorm/ReduceMean) d95923ea-2a75-4757-a86c-99d425e3974a:92:232
2026-10-04 18:51:34.159999 [V:onnxruntime:, session_state.cc:1385 VerifyEachNodeIsAssignedToAnEp]   Add (/model/layers.18/input_layernorm/Add) d95923ea-2a75-4757-a86c-99d425e3974a:92:232
2026-10-04 18:51:34.159999 [V:onnxruntime:, session_state.cc:1385 VerifyEachNodeIsAssignedToAnEp]   Sqrt (/model/layers.18/input_layernorm/Sqrt) d95923ea-2a75-4757-a86c-99d425e3974a:92:232
2026-10-04 18:51:34.159999 [V:onnxruntime:, session_state.cc:1385 VerifyEachNodeIsAssignedToAnEp]   Div (/model/layers.18/input_layernorm/Div) d95923ea-2a75-4757-a86c-99d425e3974a:92:232
2026-10-04 18:51:34.159999 [V:onnxruntime:, session_state.cc:1385 VerifyEachNodeIsAssignedToAnEp]   Mul (/model/layers.18/input_layernorm/Mul_1) d95923ea-2a75-4757-a86c-99d425e3974a:92:232
2026-10-04 18:51:34.159999 [V:onnxruntime:, session_state.cc:1385 VerifyEachNodeIsAssignedToAnEp]   Shape (/model/layers.18/self_attn/Shape) d95923ea-2a75-4757-a86c-99d425e3974a:92:232
2026-10-04 18:51:34.159999 [V:onnxruntime:, session_state.cc:1385 VerifyEachNodeIsAssignedToAnEp]   MatMulNBits (/model/layers.18/self_attn/q_proj/MatMul_Q4) d95923ea-2a75-4757-a86c-99d425e3974a:92:232
2026-10-04 18:51:34.160999 [V:onnxruntime:, session_state.cc:1385 VerifyEachNodeIsAssignedToAnEp]   MatMulNBits (/model/layers.18/self_attn/k_proj/MatMul_Q4) d95923ea-2a75-4757-a86c-99d425e3974a:92:232
2026-10-04 18:51:34.160999 [V:onnxruntime:, session_state.cc:1385 VerifyEachNodeIsAssignedToAnEp]   MatMulNBits (/model/layers.18/self_attn/v_proj/MatMul_Q4) d95923ea-2a75-4757-a86c-99d425e3974a:92:232
2026-10-04 18:51:34.160999 [V:onnxruntime:, session_state.cc:1385 VerifyEachNodeIsAssignedToAnEp]   Reshape (/model/layers.18/self_attn/Reshape) d95923ea-2a75-4757-a86c-99d425e3974a:92:232
2026-10-04 18:51:34.160999 [V:onnxruntime:, session_state.cc:1385 VerifyEachNodeIsAssignedToAnEp]   Reshape (/model/layers.18/self_attn/Reshape_1) d95923ea-2a75-4757-a86c-99d425e3974a:92:232
2026-10-04 18:51:34.160999 [V:onnxruntime:, session_state.cc:1385 VerifyEachNodeIsAssignedToAnEp]   Reshape (/model/layers.18/self_attn/Reshape_2) d95923ea-2a75-4757-a86c-99d425e3974a:92:232
2026-10-04 18:51:34.160999 [V:onnxruntime:, session_state.cc:1385 VerifyEachNodeIsAssignedToAnEp]   Transpose (/model/layers.18/self_attn/Transpose) d95923ea-2a75-4757-a86c-99d425e3974a:92:232
2026-10-04 18:51:34.162000 [V:onnxruntime:, session_state.cc:1385 VerifyEachNodeIsAssignedToAnEp]   Transpose (/model/layers.18/self_attn/Transpose_1) d95923ea-2a75-4757-a86c-99d425e3974a:92:232
2026-10-04 18:51:34.162000 [V:onnxruntime:, session_state.cc:1385 VerifyEachNodeIsAssignedToAnEp]   Transpose (/model/layers.18/self_attn/Transpose_2) d95923ea-2a75-4757-a86c-99d425e3974a:92:232
2026-10-04 18:51:34.162000 [V:onnxruntime:, session_state.cc:1385 VerifyEachNodeIsAssignedToAnEp]   Mul (/model/layers.18/self_attn/Mul) d95923ea-2a75-4757-a86c-99d425e3974a:92:232
2026-10-04 18:51:34.162000 [V:onnxruntime:, session_state.cc:1385 VerifyEachNodeIsAssignedToAnEp]   Mul (/model/layers.18/self_attn/Mul_2) d95923ea-2a75-4757-a86c-99d425e3974a:92:232
2026-10-04 18:51:34.162000 [V:onnxruntime:, session_state.cc:1385 VerifyEachNodeIsAssignedToAnEp]   Concat (/model/layers.18/self_attn/Concat_6) d95923ea-2a75-4757-a86c-99d425e3974a:92:232
2026-10-04 18:51:34.162000 [V:onnxruntime:, session_state.cc:1385 VerifyEachNodeIsAssignedToAnEp]   Slice (/model/layers.18/self_attn/Slice) d95923ea-2a75-4757-a86c-99d425e3974a:92:232
2026-10-04 18:51:34.162000 [V:onnxruntime:, session_state.cc:1385 VerifyEachNodeIsAssignedToAnEp]   Slice (/model/layers.18/self_attn/Slice_1) d95923ea-2a75-4757-a86c-99d425e3974a:92:232
2026-10-04 18:51:34.162000 [V:onnxruntime:, session_state.cc:1385 VerifyEachNodeIsAssignedToAnEp]   Slice (/model/layers.18/self_attn/Slice_2) d95923ea-2a75-4757-a86c-99d425e3974a:92:232
2026-10-04 18:51:34.163000 [V:onnxruntime:, session_state.cc:1385 VerifyEachNodeIsAssignedToAnEp]   Slice (/model/layers.18/self_attn/Slice_3) d95923ea-2a75-4757-a86c-99d425e3974a:92:232
2026-10-04 18:51:34.163000 [V:onnxruntime:, session_state.cc:1385 VerifyEachNodeIsAssignedToAnEp]   Shape (/model/layers.18/self_attn/Shape_9) d95923ea-2a75-4757-a86c-99d425e3974a:92:232
2026-10-04 18:51:34.163000 [V:onnxruntime:, session_state.cc:1385 VerifyEachNodeIsAssignedToAnEp]   Unsqueeze (/model/layers.18/self_attn/Unsqueeze_19) d95923ea-2a75-4757-a86c-99d425e3974a:92:232
2026-10-04 18:51:34.163000 [V:onnxruntime:, session_state.cc:1385 VerifyEachNodeIsAssignedToAnEp]   Neg (/model/layers.18/self_attn/Neg) d95923ea-2a75-4757-a86c-99d425e3974a:92:232
2026-10-04 18:51:34.163000 [V:onnxruntime:, session_state.cc:1385 VerifyEachNodeIsAssignedToAnEp]   Neg (/model/layers.18/self_attn/Neg_1) d95923ea-2a75-4757-a86c-99d425e3974a:92:232
2026-10-04 18:51:34.163000 [V:onnxruntime:, session_state.cc:1385 VerifyEachNodeIsAssignedToAnEp]   Concat (/model/layers.18/self_attn/Concat_3) d95923ea-2a75-4757-a86c-99d425e3974a:92:232
2026-10-04 18:51:34.163000 [V:onnxruntime:, session_state.cc:1385 VerifyEachNodeIsAssignedToAnEp]   Concat (/model/layers.18/self_attn/Concat_4) d95923ea-2a75-4757-a86c-99d425e3974a:92:232
2026-10-04 18:51:34.163999 [V:onnxruntime:, session_state.cc:1385 VerifyEachNodeIsAssignedToAnEp]   Mul (/model/layers.18/self_attn/Mul_1) d95923ea-2a75-4757-a86c-99d425e3974a:92:232
2026-10-04 18:51:34.163999 [V:onnxruntime:, session_state.cc:1385 VerifyEachNodeIsAssignedToAnEp]   Mul (/model/layers.18/self_attn/Mul_3) d95923ea-2a75-4757-a86c-99d425e3974a:92:232
2026-10-04 18:51:34.165000 [V:onnxruntime:, session_state.cc:1385 VerifyEachNodeIsAssignedToAnEp]   Add (/model/layers.18/self_attn/Add) d95923ea-2a75-4757-a86c-99d425e3974a:92:232
2026-10-04 18:51:34.165000 [V:onnxruntime:, session_state.cc:1385 VerifyEachNodeIsAssignedToAnEp]   Add (/model/layers.18/self_attn/Add_1) d95923ea-2a75-4757-a86c-99d425e3974a:92:232
2026-10-04 18:51:34.165000 [V:onnxruntime:, session_state.cc:1385 VerifyEachNodeIsAssignedToAnEp]   Concat (/model/layers.18/self_attn/Concat_5) d95923ea-2a75-4757-a86c-99d425e3974a:92:232
2026-10-04 18:51:34.165000 [V:onnxruntime:, session_state.cc:1385 VerifyEachNodeIsAssignedToAnEp]   Mul (/model/layers.18/self_attn/Mul_8) d95923ea-2a75-4757-a86c-99d425e3974a:92:232
2026-10-04 18:51:34.165000 [V:onnxruntime:, session_state.cc:1385 VerifyEachNodeIsAssignedToAnEp]   Shape (/model/layers.18/self_attn/Shape_4) d95923ea-2a75-4757-a86c-99d425e3974a:92:232
2026-10-04 18:51:34.165000 [V:onnxruntime:, session_state.cc:1385 VerifyEachNodeIsAssignedToAnEp]   Unsqueeze (/model/layers.18/self_attn/Unsqueeze_10) d95923ea-2a75-4757-a86c-99d425e3974a:92:232
2026-10-04 18:51:34.166000 [V:onnxruntime:, session_state.cc:1385 VerifyEachNodeIsAssignedToAnEp]   Expand (/model/layers.18/self_attn/Expand_1) d95923ea-2a75-4757-a86c-99d425e3974a:92:232
2026-10-04 18:51:34.166000 [V:onnxruntime:, session_state.cc:1385 VerifyEachNodeIsAssignedToAnEp]   Reshape (/model/layers.18/self_attn/Reshape_6) d95923ea-2a75-4757-a86c-99d425e3974a:92:232
2026-10-04 18:51:34.166000 [V:onnxruntime:, session_state.cc:1385 VerifyEachNodeIsAssignedToAnEp]   Expand (/model/layers.18/self_attn/Expand) d95923ea-2a75-4757-a86c-99d425e3974a:92:232
2026-10-04 18:51:34.166000 [V:onnxruntime:, session_state.cc:1385 VerifyEachNodeIsAssignedToAnEp]   Reshape (/model/layers.18/self_attn/Reshape_4) d95923ea-2a75-4757-a86c-99d425e3974a:92:232
2026-10-04 18:51:34.166000 [V:onnxruntime:, session_state.cc:1385 VerifyEachNodeIsAssignedToAnEp]   Shape (/model/layers.18/self_attn/Shape_14) d95923ea-2a75-4757-a86c-99d425e3974a:92:232
2026-10-04 18:51:34.166000 [V:onnxruntime:, session_state.cc:1385 VerifyEachNodeIsAssignedToAnEp]   Transpose (/model/layers.18/self_attn/Transpose_3) d95923ea-2a75-4757-a86c-99d425e3974a:92:232
2026-10-04 18:51:34.167000 [V:onnxruntime:, session_state.cc:1385 VerifyEachNodeIsAssignedToAnEp]   Mul (/model/layers.18/self_attn/Mul_9) d95923ea-2a75-4757-a86c-99d425e3974a:92:232
2026-10-04 18:51:34.167000 [V:onnxruntime:, session_state.cc:1385 VerifyEachNodeIsAssignedToAnEp]   MatMul (/model/layers.18/self_attn/MatMul) d95923ea-2a75-4757-a86c-99d425e3974a:92:232
2026-10-04 18:51:34.167000 [V:onnxruntime:, session_state.cc:1385 VerifyEachNodeIsAssignedToAnEp]   Slice (/model/layers.18/self_attn/Slice_4) d95923ea-2a75-4757-a86c-99d425e3974a:92:232
2026-10-04 18:51:34.167000 [V:onnxruntime:, session_state.cc:1385 VerifyEachNodeIsAssignedToAnEp]   Add (/model/layers.18/self_attn/Add_2) d95923ea-2a75-4757-a86c-99d425e3974a:92:232
2026-10-04 18:51:34.167000 [V:onnxruntime:, session_state.cc:1385 VerifyEachNodeIsAssignedToAnEp]   Softmax (/model/layers.18/self_attn/Softmax) d95923ea-2a75-4757-a86c-99d425e3974a:92:232
2026-10-04 18:51:34.167000 [V:onnxruntime:, session_state.cc:1385 VerifyEachNodeIsAssignedToAnEp]   MatMul (/model/layers.18/self_attn/MatMul_1) d95923ea-2a75-4757-a86c-99d425e3974a:92:232
2026-10-04 18:51:34.167000 [V:onnxruntime:, session_state.cc:1385 VerifyEachNodeIsAssignedToAnEp]   Transpose (/model/layers.18/self_attn/Transpose_4) d95923ea-2a75-4757-a86c-99d425e3974a:92:232
2026-10-04 18:51:34.167000 [V:onnxruntime:, session_state.cc:1385 VerifyEachNodeIsAssignedToAnEp]   Reshape (/model/layers.18/self_attn/Reshape_7) d95923ea-2a75-4757-a86c-99d425e3974a:92:232
2026-10-04 18:51:34.167999 [V:onnxruntime:, session_state.cc:1385 VerifyEachNodeIsAssignedToAnEp]   MatMulNBits (/model/layers.18/self_attn/o_proj/MatMul_Q4) d95923ea-2a75-4757-a86c-99d425e3974a:92:232
2026-10-04 18:51:34.167999 [V:onnxruntime:, session_state.cc:1385 VerifyEachNodeIsAssignedToAnEp]   Add (/model/layers.18/Add) d95923ea-2a75-4757-a86c-99d425e3974a:92:232
2026-10-04 18:51:34.167999 [V:onnxruntime:, session_state.cc:1385 VerifyEachNodeIsAssignedToAnEp]   Pow (/model/layers.18/post_attention_layernorm/Pow) d95923ea-2a75-4757-a86c-99d425e3974a:92:232
2026-10-04 18:51:34.167999 [V:onnxruntime:, session_state.cc:1385 VerifyEachNodeIsAssignedToAnEp]   ReduceMean (/model/layers.18/post_attention_layernorm/ReduceMean) d95923ea-2a75-4757-a86c-99d425e3974a:92:232
2026-10-04 18:51:34.167999 [V:onnxruntime:, session_state.cc:1385 VerifyEachNodeIsAssignedToAnEp]   Add (/model/layers.18/post_attention_layernorm/Add) d95923ea-2a75-4757-a86c-99d425e3974a:92:232
2026-10-04 18:51:34.167999 [V:onnxruntime:, session_state.cc:1385 VerifyEachNodeIsAssignedToAnEp]   Sqrt (/model/layers.18/post_attention_layernorm/Sqrt) d95923ea-2a75-4757-a86c-99d425e3974a:92:232
2026-10-04 18:51:34.168999 [V:onnxruntime:, session_state.cc:1385 VerifyEachNodeIsAssignedToAnEp]   Div (/model/layers.18/post_attention_layernorm/Div) d95923ea-2a75-4757-a86c-99d425e3974a:92:232
2026-10-04 18:51:34.168999 [V:onnxruntime:, session_state.cc:1385 VerifyEachNodeIsAssignedToAnEp]   Mul (/model/layers.18/post_attention_layernorm/Mul_1) d95923ea-2a75-4757-a86c-99d425e3974a:92:232
2026-10-04 18:51:34.168999 [V:onnxruntime:, session_state.cc:1385 VerifyEachNodeIsAssignedToAnEp]   MatMulNBits (/model/layers.18/mlp/gate_proj/MatMul_Q4) d95923ea-2a75-4757-a86c-99d425e3974a:92:232
2026-10-04 18:51:34.168999 [V:onnxruntime:, session_state.cc:1385 VerifyEachNodeIsAssignedToAnEp]   MatMulNBits (/model/layers.18/mlp/up_proj/MatMul_Q4) d95923ea-2a75-4757-a86c-99d425e3974a:92:232
2026-10-04 18:51:34.168999 [V:onnxruntime:, session_state.cc:1385 VerifyEachNodeIsAssignedToAnEp]   Mul (/model/layers.18/mlp/Mul) d95923ea-2a75-4757-a86c-99d425e3974a:92:232
2026-10-04 18:51:34.170000 [V:onnxruntime:, session_state.cc:1385 VerifyEachNodeIsAssignedToAnEp]   MatMulNBits (/model/layers.18/mlp/down_proj/MatMul_Q4) d95923ea-2a75-4757-a86c-99d425e3974a:92:232
2026-10-04 18:51:34.170000 [V:onnxruntime:, session_state.cc:1385 VerifyEachNodeIsAssignedToAnEp]   Add (/model/layers.18/Add_1) d95923ea-2a75-4757-a86c-99d425e3974a:92:232
2026-10-04 18:51:34.170000 [V:onnxruntime:, session_state.cc:1385 VerifyEachNodeIsAssignedToAnEp]   Pow (/model/layers.19/input_layernorm/Pow) d95923ea-2a75-4757-a86c-99d425e3974a:92:232
2026-10-04 18:51:34.170000 [V:onnxruntime:, session_state.cc:1385 VerifyEachNodeIsAssignedToAnEp]   ReduceMean (/model/layers.19/input_layernorm/ReduceMean) d95923ea-2a75-4757-a86c-99d425e3974a:92:232
2026-10-04 18:51:34.170000 [V:onnxruntime:, session_state.cc:1385 VerifyEachNodeIsAssignedToAnEp]   Add (/model/layers.19/input_layernorm/Add) d95923ea-2a75-4757-a86c-99d425e3974a:92:232
2026-10-04 18:51:34.170000 [V:onnxruntime:, session_state.cc:1385 VerifyEachNodeIsAssignedToAnEp]   Sqrt (/model/layers.19/input_layernorm/Sqrt) d95923ea-2a75-4757-a86c-99d425e3974a:92:232
2026-10-04 18:51:34.171000 [V:onnxruntime:, session_state.cc:1385 VerifyEachNodeIsAssignedToAnEp]   Div (/model/layers.19/input_layernorm/Div) d95923ea-2a75-4757-a86c-99d425e3974a:92:232
2026-10-04 18:51:34.171000 [V:onnxruntime:, session_state.cc:1385 VerifyEachNodeIsAssignedToAnEp]   Mul (/model/layers.19/input_layernorm/Mul_1) d95923ea-2a75-4757-a86c-99d425e3974a:92:232
2026-10-04 18:51:34.171000 [V:onnxruntime:, session_state.cc:1385 VerifyEachNodeIsAssignedToAnEp]   Shape (/model/layers.19/self_attn/Shape) d95923ea-2a75-4757-a86c-99d425e3974a:92:232
2026-10-04 18:51:34.171000 [V:onnxruntime:, session_state.cc:1385 VerifyEachNodeIsAssignedToAnEp]   MatMulNBits (/model/layers.19/self_attn/q_proj/MatMul_Q4) d95923ea-2a75-4757-a86c-99d425e3974a:92:232
2026-10-04 18:51:34.171000 [V:onnxruntime:, session_state.cc:1385 VerifyEachNodeIsAssignedToAnEp]   MatMulNBits (/model/layers.19/self_attn/k_proj/MatMul_Q4) d95923ea-2a75-4757-a86c-99d425e3974a:92:232
2026-10-04 18:51:34.171000 [V:onnxruntime:, session_state.cc:1385 VerifyEachNodeIsAssignedToAnEp]   MatMulNBits (/model/layers.19/self_attn/v_proj/MatMul_Q4) d95923ea-2a75-4757-a86c-99d425e3974a:92:232
2026-10-04 18:51:34.171999 [V:onnxruntime:, session_state.cc:1385 VerifyEachNodeIsAssignedToAnEp]   Reshape (/model/layers.19/self_attn/Reshape) d95923ea-2a75-4757-a86c-99d425e3974a:92:232
2026-10-04 18:51:34.171999 [V:onnxruntime:, session_state.cc:1385 VerifyEachNodeIsAssignedToAnEp]   Reshape (/model/layers.19/self_attn/Reshape_1) d95923ea-2a75-4757-a86c-99d425e3974a:92:232
2026-10-04 18:51:34.171999 [V:onnxruntime:, session_state.cc:1385 VerifyEachNodeIsAssignedToAnEp]   Reshape (/model/layers.19/self_attn/Reshape_2) d95923ea-2a75-4757-a86c-99d425e3974a:92:232
2026-10-04 18:51:34.171999 [V:onnxruntime:, session_state.cc:1385 VerifyEachNodeIsAssignedToAnEp]   Transpose (/model/layers.19/self_attn/Transpose) d95923ea-2a75-4757-a86c-99d425e3974a:92:232
2026-10-04 18:51:34.173000 [V:onnxruntime:, session_state.cc:1385 VerifyEachNodeIsAssignedToAnEp]   Transpose (/model/layers.19/self_attn/Transpose_1) d95923ea-2a75-4757-a86c-99d425e3974a:92:232
2026-10-04 18:51:34.173000 [V:onnxruntime:, session_state.cc:1385 VerifyEachNodeIsAssignedToAnEp]   Transpose (/model/layers.19/self_attn/Transpose_2) d95923ea-2a75-4757-a86c-99d425e3974a:92:232
2026-10-04 18:51:34.173000 [V:onnxruntime:, session_state.cc:1385 VerifyEachNodeIsAssignedToAnEp]   Mul (/model/layers.19/self_attn/Mul) d95923ea-2a75-4757-a86c-99d425e3974a:92:232
2026-10-04 18:51:34.173000 [V:onnxruntime:, session_state.cc:1385 VerifyEachNodeIsAssignedToAnEp]   Mul (/model/layers.19/self_attn/Mul_2) d95923ea-2a75-4757-a86c-99d425e3974a:92:232
2026-10-04 18:51:34.173000 [V:onnxruntime:, session_state.cc:1385 VerifyEachNodeIsAssignedToAnEp]   Concat (/model/layers.19/self_attn/Concat_6) d95923ea-2a75-4757-a86c-99d425e3974a:92:232
2026-10-04 18:51:34.174000 [V:onnxruntime:, session_state.cc:1385 VerifyEachNodeIsAssignedToAnEp]   Slice (/model/layers.19/self_attn/Slice) d95923ea-2a75-4757-a86c-99d425e3974a:92:232
2026-10-04 18:51:34.174000 [V:onnxruntime:, session_state.cc:1385 VerifyEachNodeIsAssignedToAnEp]   Slice (/model/layers.19/self_attn/Slice_1) d95923ea-2a75-4757-a86c-99d425e3974a:92:232
2026-10-04 18:51:34.174000 [V:onnxruntime:, session_state.cc:1385 VerifyEachNodeIsAssignedToAnEp]   Slice (/model/layers.19/self_attn/Slice_2) d95923ea-2a75-4757-a86c-99d425e3974a:92:232
2026-10-04 18:51:34.174000 [V:onnxruntime:, session_state.cc:1385 VerifyEachNodeIsAssignedToAnEp]   Slice (/model/layers.19/self_attn/Slice_3) d95923ea-2a75-4757-a86c-99d425e3974a:92:232
2026-10-04 18:51:34.175000 [V:onnxruntime:, session_state.cc:1385 VerifyEachNodeIsAssignedToAnEp]   Shape (/model/layers.19/self_attn/Shape_9) d95923ea-2a75-4757-a86c-99d425e3974a:92:232
2026-10-04 18:51:34.175000 [V:onnxruntime:, session_state.cc:1385 VerifyEachNodeIsAssignedToAnEp]   Unsqueeze (/model/layers.19/self_attn/Unsqueeze_19) d95923ea-2a75-4757-a86c-99d425e3974a:92:232
2026-10-04 18:51:34.175000 [V:onnxruntime:, session_state.cc:1385 VerifyEachNodeIsAssignedToAnEp]   Neg (/model/layers.19/self_attn/Neg) d95923ea-2a75-4757-a86c-99d425e3974a:92:232
2026-10-04 18:51:34.175999 [V:onnxruntime:, session_state.cc:1385 VerifyEachNodeIsAssignedToAnEp]   Neg (/model/layers.19/self_attn/Neg_1) d95923ea-2a75-4757-a86c-99d425e3974a:92:232
2026-10-04 18:51:34.175999 [V:onnxruntime:, session_state.cc:1385 VerifyEachNodeIsAssignedToAnEp]   Concat (/model/layers.19/self_attn/Concat_3) d95923ea-2a75-4757-a86c-99d425e3974a:92:232
2026-10-04 18:51:34.175999 [V:onnxruntime:, session_state.cc:1385 VerifyEachNodeIsAssignedToAnEp]   Concat (/model/layers.19/self_attn/Concat_4) d95923ea-2a75-4757-a86c-99d425e3974a:92:232
2026-10-04 18:51:34.176999 [V:onnxruntime:, session_state.cc:1385 VerifyEachNodeIsAssignedToAnEp]   Mul (/model/layers.19/self_attn/Mul_1) d95923ea-2a75-4757-a86c-99d425e3974a:92:232
2026-10-04 18:51:34.176999 [V:onnxruntime:, session_state.cc:1385 VerifyEachNodeIsAssignedToAnEp]   Mul (/model/layers.19/self_attn/Mul_3) d95923ea-2a75-4757-a86c-99d425e3974a:92:232
2026-10-04 18:51:34.176999 [V:onnxruntime:, session_state.cc:1385 VerifyEachNodeIsAssignedToAnEp]   Add (/model/layers.19/self_attn/Add) d95923ea-2a75-4757-a86c-99d425e3974a:92:232
2026-10-04 18:51:34.178000 [V:onnxruntime:, session_state.cc:1385 VerifyEachNodeIsAssignedToAnEp]   Add (/model/layers.19/self_attn/Add_1) d95923ea-2a75-4757-a86c-99d425e3974a:92:232
2026-10-04 18:51:34.178000 [V:onnxruntime:, session_state.cc:1385 VerifyEachNodeIsAssignedToAnEp]   Concat (/model/layers.19/self_attn/Concat_5) d95923ea-2a75-4757-a86c-99d425e3974a:92:232
2026-10-04 18:51:34.178000 [V:onnxruntime:, session_state.cc:1385 VerifyEachNodeIsAssignedToAnEp]   Mul (/model/layers.19/self_attn/Mul_8) d95923ea-2a75-4757-a86c-99d425e3974a:92:232
2026-10-04 18:51:34.179000 [V:onnxruntime:, session_state.cc:1385 VerifyEachNodeIsAssignedToAnEp]   Shape (/model/layers.19/self_attn/Shape_4) d95923ea-2a75-4757-a86c-99d425e3974a:92:232
2026-10-04 18:51:34.186000 [V:onnxruntime:, session_state.cc:1385 VerifyEachNodeIsAssignedToAnEp]   Unsqueeze (/model/layers.19/self_attn/Unsqueeze_10) d95923ea-2a75-4757-a86c-99d425e3974a:92:232
2026-10-04 18:51:34.186000 [V:onnxruntime:, session_state.cc:1385 VerifyEachNodeIsAssignedToAnEp]   Expand (/model/layers.19/self_attn/Expand_1) d95923ea-2a75-4757-a86c-99d425e3974a:92:232
2026-10-04 18:51:34.186000 [V:onnxruntime:, session_state.cc:1385 VerifyEachNodeIsAssignedToAnEp]   Reshape (/model/layers.19/self_attn/Reshape_6) d95923ea-2a75-4757-a86c-99d425e3974a:92:232
2026-10-04 18:51:34.187000 [V:onnxruntime:, session_state.cc:1385 VerifyEachNodeIsAssignedToAnEp]   Expand (/model/layers.19/self_attn/Expand) d95923ea-2a75-4757-a86c-99d425e3974a:92:232
2026-10-04 18:51:34.187000 [V:onnxruntime:, session_state.cc:1385 VerifyEachNodeIsAssignedToAnEp]   Reshape (/model/layers.19/self_attn/Reshape_4) d95923ea-2a75-4757-a86c-99d425e3974a:92:232
2026-10-04 18:51:34.187000 [V:onnxruntime:, session_state.cc:1385 VerifyEachNodeIsAssignedToAnEp]   Shape (/model/layers.19/self_attn/Shape_14) d95923ea-2a75-4757-a86c-99d425e3974a:92:232
2026-10-04 18:51:34.187000 [V:onnxruntime:, session_state.cc:1385 VerifyEachNodeIsAssignedToAnEp]   Transpose (/model/layers.19/self_attn/Transpose_3) d95923ea-2a75-4757-a86c-99d425e3974a:92:232
2026-10-04 18:51:34.187999 [V:onnxruntime:, session_state.cc:1385 VerifyEachNodeIsAssignedToAnEp]   Mul (/model/layers.19/self_attn/Mul_9) d95923ea-2a75-4757-a86c-99d425e3974a:92:232
2026-10-04 18:51:34.187999 [V:onnxruntime:, session_state.cc:1385 VerifyEachNodeIsAssignedToAnEp]   MatMul (/model/layers.19/self_attn/MatMul) d95923ea-2a75-4757-a86c-99d425e3974a:92:232
2026-10-04 18:51:34.187999 [V:onnxruntime:, session_state.cc:1385 VerifyEachNodeIsAssignedToAnEp]   Slice (/model/layers.19/self_attn/Slice_4) d95923ea-2a75-4757-a86c-99d425e3974a:92:232
2026-10-04 18:51:34.187999 [V:onnxruntime:, session_state.cc:1385 VerifyEachNodeIsAssignedToAnEp]   Add (/model/layers.19/self_attn/Add_2) d95923ea-2a75-4757-a86c-99d425e3974a:92:232
2026-10-04 18:51:34.187999 [V:onnxruntime:, session_state.cc:1385 VerifyEachNodeIsAssignedToAnEp]   Softmax (/model/layers.19/self_attn/Softmax) d95923ea-2a75-4757-a86c-99d425e3974a:92:232
2026-10-04 18:51:34.187999 [V:onnxruntime:, session_state.cc:1385 VerifyEachNodeIsAssignedToAnEp]   MatMul (/model/layers.19/self_attn/MatMul_1) d95923ea-2a75-4757-a86c-99d425e3974a:92:232
2026-10-04 18:51:34.189000 [V:onnxruntime:, session_state.cc:1385 VerifyEachNodeIsAssignedToAnEp]   Transpose (/model/layers.19/self_attn/Transpose_4) d95923ea-2a75-4757-a86c-99d425e3974a:92:232
2026-10-04 18:51:34.189000 [V:onnxruntime:, session_state.cc:1385 VerifyEachNodeIsAssignedToAnEp]   Reshape (/model/layers.19/self_attn/Reshape_7) d95923ea-2a75-4757-a86c-99d425e3974a:92:232
2026-10-04 18:51:34.189000 [V:onnxruntime:, session_state.cc:1385 VerifyEachNodeIsAssignedToAnEp]   MatMulNBits (/model/layers.19/self_attn/o_proj/MatMul_Q4) d95923ea-2a75-4757-a86c-99d425e3974a:92:232
2026-10-04 18:51:34.189000 [V:onnxruntime:, session_state.cc:1385 VerifyEachNodeIsAssignedToAnEp]   Add (/model/layers.19/Add) d95923ea-2a75-4757-a86c-99d425e3974a:92:232
2026-10-04 18:51:34.189000 [V:onnxruntime:, session_state.cc:1385 VerifyEachNodeIsAssignedToAnEp]   Pow (/model/layers.19/post_attention_layernorm/Pow) d95923ea-2a75-4757-a86c-99d425e3974a:92:232
2026-10-04 18:51:34.190000 [V:onnxruntime:, session_state.cc:1385 VerifyEachNodeIsAssignedToAnEp]   ReduceMean (/model/layers.19/post_attention_layernorm/ReduceMean) d95923ea-2a75-4757-a86c-99d425e3974a:92:232
2026-10-04 18:51:34.190000 [V:onnxruntime:, session_state.cc:1385 VerifyEachNodeIsAssignedToAnEp]   Add (/model/layers.19/post_attention_layernorm/Add) d95923ea-2a75-4757-a86c-99d425e3974a:92:232
2026-10-04 18:51:34.190000 [V:onnxruntime:, session_state.cc:1385 VerifyEachNodeIsAssignedToAnEp]   Sqrt (/model/layers.19/post_attention_layernorm/Sqrt) d95923ea-2a75-4757-a86c-99d425e3974a:92:232
2026-10-04 18:51:34.190000 [V:onnxruntime:, session_state.cc:1385 VerifyEachNodeIsAssignedToAnEp]   Div (/model/layers.19/post_attention_layernorm/Div) d95923ea-2a75-4757-a86c-99d425e3974a:92:232
2026-10-04 18:51:34.190000 [V:onnxruntime:, session_state.cc:1385 VerifyEachNodeIsAssignedToAnEp]   Mul (/model/layers.19/post_attention_layernorm/Mul_1) d95923ea-2a75-4757-a86c-99d425e3974a:92:232
2026-10-04 18:51:34.190000 [V:onnxruntime:, session_state.cc:1385 VerifyEachNodeIsAssignedToAnEp]   MatMulNBits (/model/layers.19/mlp/gate_proj/MatMul_Q4) d95923ea-2a75-4757-a86c-99d425e3974a:92:232
2026-10-04 18:51:34.191000 [V:onnxruntime:, session_state.cc:1385 VerifyEachNodeIsAssignedToAnEp]   MatMulNBits (/model/layers.19/mlp/up_proj/MatMul_Q4) d95923ea-2a75-4757-a86c-99d425e3974a:92:232
2026-10-04 18:51:34.191000 [V:onnxruntime:, session_state.cc:1385 VerifyEachNodeIsAssignedToAnEp]   Mul (/model/layers.19/mlp/Mul) d95923ea-2a75-4757-a86c-99d425e3974a:92:232
2026-10-04 18:51:34.191000 [V:onnxruntime:, session_state.cc:1385 VerifyEachNodeIsAssignedToAnEp]   MatMulNBits (/model/layers.19/mlp/down_proj/MatMul_Q4) d95923ea-2a75-4757-a86c-99d425e3974a:92:232
2026-10-04 18:51:34.191000 [V:onnxruntime:, session_state.cc:1385 VerifyEachNodeIsAssignedToAnEp]   Add (/model/layers.19/Add_1) d95923ea-2a75-4757-a86c-99d425e3974a:92:232
2026-10-04 18:51:34.191000 [V:onnxruntime:, session_state.cc:1385 VerifyEachNodeIsAssignedToAnEp]   Pow (/model/layers.20/input_layernorm/Pow) d95923ea-2a75-4757-a86c-99d425e3974a:92:232
2026-10-04 18:51:34.191000 [V:onnxruntime:, session_state.cc:1385 VerifyEachNodeIsAssignedToAnEp]   ReduceMean (/model/layers.20/input_layernorm/ReduceMean) d95923ea-2a75-4757-a86c-99d425e3974a:92:232
2026-10-04 18:51:34.191999 [V:onnxruntime:, session_state.cc:1385 VerifyEachNodeIsAssignedToAnEp]   Add (/model/layers.20/input_layernorm/Add) d95923ea-2a75-4757-a86c-99d425e3974a:92:232
2026-10-04 18:51:34.191999 [V:onnxruntime:, session_state.cc:1385 VerifyEachNodeIsAssignedToAnEp]   Sqrt (/model/layers.20/input_layernorm/Sqrt) d95923ea-2a75-4757-a86c-99d425e3974a:92:232
2026-10-04 18:51:34.191999 [V:onnxruntime:, session_state.cc:1385 VerifyEachNodeIsAssignedToAnEp]   Div (/model/layers.20/input_layernorm/Div) d95923ea-2a75-4757-a86c-99d425e3974a:92:232
2026-10-04 18:51:34.191999 [V:onnxruntime:, session_state.cc:1385 VerifyEachNodeIsAssignedToAnEp]   Mul (/model/layers.20/input_layernorm/Mul_1) d95923ea-2a75-4757-a86c-99d425e3974a:92:232
2026-10-04 18:51:34.191999 [V:onnxruntime:, session_state.cc:1385 VerifyEachNodeIsAssignedToAnEp]   Shape (/model/layers.20/self_attn/Shape) d95923ea-2a75-4757-a86c-99d425e3974a:92:232
2026-10-04 18:51:34.192999 [V:onnxruntime:, session_state.cc:1385 VerifyEachNodeIsAssignedToAnEp]   MatMulNBits (/model/layers.20/self_attn/q_proj/MatMul_Q4) d95923ea-2a75-4757-a86c-99d425e3974a:92:232
2026-10-04 18:51:34.192999 [V:onnxruntime:, session_state.cc:1385 VerifyEachNodeIsAssignedToAnEp]   MatMulNBits (/model/layers.20/self_attn/k_proj/MatMul_Q4) d95923ea-2a75-4757-a86c-99d425e3974a:92:232
2026-10-04 18:51:34.192999 [V:onnxruntime:, session_state.cc:1385 VerifyEachNodeIsAssignedToAnEp]   MatMulNBits (/model/layers.20/self_attn/v_proj/MatMul_Q4) d95923ea-2a75-4757-a86c-99d425e3974a:92:232
2026-10-04 18:51:34.192999 [V:onnxruntime:, session_state.cc:1385 VerifyEachNodeIsAssignedToAnEp]   Reshape (/model/layers.20/self_attn/Reshape) d95923ea-2a75-4757-a86c-99d425e3974a:92:232
2026-10-04 18:51:34.192999 [V:onnxruntime:, session_state.cc:1385 VerifyEachNodeIsAssignedToAnEp]   Reshape (/model/layers.20/self_attn/Reshape_1) d95923ea-2a75-4757-a86c-99d425e3974a:92:232
2026-10-04 18:51:34.192999 [V:onnxruntime:, session_state.cc:1385 VerifyEachNodeIsAssignedToAnEp]   Reshape (/model/layers.20/self_attn/Reshape_2) d95923ea-2a75-4757-a86c-99d425e3974a:92:232
2026-10-04 18:51:34.194000 [V:onnxruntime:, session_state.cc:1385 VerifyEachNodeIsAssignedToAnEp]   Transpose (/model/layers.20/self_attn/Transpose) d95923ea-2a75-4757-a86c-99d425e3974a:92:232
2026-10-04 18:51:34.194000 [V:onnxruntime:, session_state.cc:1385 VerifyEachNodeIsAssignedToAnEp]   Transpose (/model/layers.20/self_attn/Transpose_1) d95923ea-2a75-4757-a86c-99d425e3974a:92:232
2026-10-04 18:51:34.194000 [V:onnxruntime:, session_state.cc:1385 VerifyEachNodeIsAssignedToAnEp]   Transpose (/model/layers.20/self_attn/Transpose_2) d95923ea-2a75-4757-a86c-99d425e3974a:92:232
2026-10-04 18:51:34.194000 [V:onnxruntime:, session_state.cc:1385 VerifyEachNodeIsAssignedToAnEp]   Mul (/model/layers.20/self_attn/Mul) d95923ea-2a75-4757-a86c-99d425e3974a:92:232
2026-10-04 18:51:34.194000 [V:onnxruntime:, session_state.cc:1385 VerifyEachNodeIsAssignedToAnEp]   Mul (/model/layers.20/self_attn/Mul_2) d95923ea-2a75-4757-a86c-99d425e3974a:92:232
2026-10-04 18:51:34.194000 [V:onnxruntime:, session_state.cc:1385 VerifyEachNodeIsAssignedToAnEp]   Concat (/model/layers.20/self_attn/Concat_6) d95923ea-2a75-4757-a86c-99d425e3974a:92:232
2026-10-04 18:51:34.195000 [V:onnxruntime:, session_state.cc:1385 VerifyEachNodeIsAssignedToAnEp]   Slice (/model/layers.20/self_attn/Slice) d95923ea-2a75-4757-a86c-99d425e3974a:92:232
2026-10-04 18:51:34.195000 [V:onnxruntime:, session_state.cc:1385 VerifyEachNodeIsAssignedToAnEp]   Slice (/model/layers.20/self_attn/Slice_1) d95923ea-2a75-4757-a86c-99d425e3974a:92:232
2026-10-04 18:51:34.195000 [V:onnxruntime:, session_state.cc:1385 VerifyEachNodeIsAssignedToAnEp]   Slice (/model/layers.20/self_attn/Slice_2) d95923ea-2a75-4757-a86c-99d425e3974a:92:232
2026-10-04 18:51:34.195000 [V:onnxruntime:, session_state.cc:1385 VerifyEachNodeIsAssignedToAnEp]   Slice (/model/layers.20/self_attn/Slice_3) d95923ea-2a75-4757-a86c-99d425e3974a:92:232
2026-10-04 18:51:34.195000 [V:onnxruntime:, session_state.cc:1385 VerifyEachNodeIsAssignedToAnEp]   Shape (/model/layers.20/self_attn/Shape_9) d95923ea-2a75-4757-a86c-99d425e3974a:92:232
2026-10-04 18:51:34.195000 [V:onnxruntime:, session_state.cc:1385 VerifyEachNodeIsAssignedToAnEp]   Unsqueeze (/model/layers.20/self_attn/Unsqueeze_19) d95923ea-2a75-4757-a86c-99d425e3974a:92:232
2026-10-04 18:51:34.195999 [V:onnxruntime:, session_state.cc:1385 VerifyEachNodeIsAssignedToAnEp]   Neg (/model/layers.20/self_attn/Neg) d95923ea-2a75-4757-a86c-99d425e3974a:92:232
2026-10-04 18:51:34.195999 [V:onnxruntime:, session_state.cc:1385 VerifyEachNodeIsAssignedToAnEp]   Neg (/model/layers.20/self_attn/Neg_1) d95923ea-2a75-4757-a86c-99d425e3974a:92:232
2026-10-04 18:51:34.195999 [V:onnxruntime:, session_state.cc:1385 VerifyEachNodeIsAssignedToAnEp]   Concat (/model/layers.20/self_attn/Concat_3) d95923ea-2a75-4757-a86c-99d425e3974a:92:232
2026-10-04 18:51:34.195999 [V:onnxruntime:, session_state.cc:1385 VerifyEachNodeIsAssignedToAnEp]   Concat (/model/layers.20/self_attn/Concat_4) d95923ea-2a75-4757-a86c-99d425e3974a:92:232
2026-10-04 18:51:34.195999 [V:onnxruntime:, session_state.cc:1385 VerifyEachNodeIsAssignedToAnEp]   Mul (/model/layers.20/self_attn/Mul_1) d95923ea-2a75-4757-a86c-99d425e3974a:92:232
2026-10-04 18:51:34.195999 [V:onnxruntime:, session_state.cc:1385 VerifyEachNodeIsAssignedToAnEp]   Mul (/model/layers.20/self_attn/Mul_3) d95923ea-2a75-4757-a86c-99d425e3974a:92:232
2026-10-04 18:51:34.195999 [V:onnxruntime:, session_state.cc:1385 VerifyEachNodeIsAssignedToAnEp]   Add (/model/layers.20/self_attn/Add) d95923ea-2a75-4757-a86c-99d425e3974a:92:232
2026-10-04 18:51:34.197000 [V:onnxruntime:, session_state.cc:1385 VerifyEachNodeIsAssignedToAnEp]   Add (/model/layers.20/self_attn/Add_1) d95923ea-2a75-4757-a86c-99d425e3974a:92:232
2026-10-04 18:51:34.197000 [V:onnxruntime:, session_state.cc:1385 VerifyEachNodeIsAssignedToAnEp]   Concat (/model/layers.20/self_attn/Concat_5) d95923ea-2a75-4757-a86c-99d425e3974a:92:232
2026-10-04 18:51:34.197000 [V:onnxruntime:, session_state.cc:1385 VerifyEachNodeIsAssignedToAnEp]   Mul (/model/layers.20/self_attn/Mul_8) d95923ea-2a75-4757-a86c-99d425e3974a:92:232
2026-10-04 18:51:34.197000 [V:onnxruntime:, session_state.cc:1385 VerifyEachNodeIsAssignedToAnEp]   Shape (/model/layers.20/self_attn/Shape_4) d95923ea-2a75-4757-a86c-99d425e3974a:92:232
2026-10-04 18:51:34.197000 [V:onnxruntime:, session_state.cc:1385 VerifyEachNodeIsAssignedToAnEp]   Unsqueeze (/model/layers.20/self_attn/Unsqueeze_10) d95923ea-2a75-4757-a86c-99d425e3974a:92:232
2026-10-04 18:51:34.197000 [V:onnxruntime:, session_state.cc:1385 VerifyEachNodeIsAssignedToAnEp]   Expand (/model/layers.20/self_attn/Expand_1) d95923ea-2a75-4757-a86c-99d425e3974a:92:232
2026-10-04 18:51:34.197000 [V:onnxruntime:, session_state.cc:1385 VerifyEachNodeIsAssignedToAnEp]   Reshape (/model/layers.20/self_attn/Reshape_6) d95923ea-2a75-4757-a86c-99d425e3974a:92:232
2026-10-04 18:51:34.197000 [V:onnxruntime:, session_state.cc:1385 VerifyEachNodeIsAssignedToAnEp]   Expand (/model/layers.20/self_attn/Expand) d95923ea-2a75-4757-a86c-99d425e3974a:92:232
2026-10-04 18:51:34.198000 [V:onnxruntime:, session_state.cc:1385 VerifyEachNodeIsAssignedToAnEp]   Reshape (/model/layers.20/self_attn/Reshape_4) d95923ea-2a75-4757-a86c-99d425e3974a:92:232
2026-10-04 18:51:34.198000 [V:onnxruntime:, session_state.cc:1385 VerifyEachNodeIsAssignedToAnEp]   Shape (/model/layers.20/self_attn/Shape_14) d95923ea-2a75-4757-a86c-99d425e3974a:92:232
2026-10-04 18:51:34.198000 [V:onnxruntime:, session_state.cc:1385 VerifyEachNodeIsAssignedToAnEp]   Transpose (/model/layers.20/self_attn/Transpose_3) d95923ea-2a75-4757-a86c-99d425e3974a:92:232
2026-10-04 18:51:34.198000 [V:onnxruntime:, session_state.cc:1385 VerifyEachNodeIsAssignedToAnEp]   Mul (/model/layers.20/self_attn/Mul_9) d95923ea-2a75-4757-a86c-99d425e3974a:92:232
2026-10-04 18:51:34.198000 [V:onnxruntime:, session_state.cc:1385 VerifyEachNodeIsAssignedToAnEp]   MatMul (/model/layers.20/self_attn/MatMul) d95923ea-2a75-4757-a86c-99d425e3974a:92:232
2026-10-04 18:51:34.198000 [V:onnxruntime:, session_state.cc:1385 VerifyEachNodeIsAssignedToAnEp]   Slice (/model/layers.20/self_attn/Slice_4) d95923ea-2a75-4757-a86c-99d425e3974a:92:232
2026-10-04 18:51:34.199000 [V:onnxruntime:, session_state.cc:1385 VerifyEachNodeIsAssignedToAnEp]   Add (/model/layers.20/self_attn/Add_2) d95923ea-2a75-4757-a86c-99d425e3974a:92:232
2026-10-04 18:51:34.199000 [V:onnxruntime:, session_state.cc:1385 VerifyEachNodeIsAssignedToAnEp]   Softmax (/model/layers.20/self_attn/Softmax) d95923ea-2a75-4757-a86c-99d425e3974a:92:232
2026-10-04 18:51:34.199000 [V:onnxruntime:, session_state.cc:1385 VerifyEachNodeIsAssignedToAnEp]   MatMul (/model/layers.20/self_attn/MatMul_1) d95923ea-2a75-4757-a86c-99d425e3974a:92:232
2026-10-04 18:51:34.199000 [V:onnxruntime:, session_state.cc:1385 VerifyEachNodeIsAssignedToAnEp]   Transpose (/model/layers.20/self_attn/Transpose_4) d95923ea-2a75-4757-a86c-99d425e3974a:92:232
2026-10-04 18:51:34.199000 [V:onnxruntime:, session_state.cc:1385 VerifyEachNodeIsAssignedToAnEp]   Reshape (/model/layers.20/self_attn/Reshape_7) d95923ea-2a75-4757-a86c-99d425e3974a:92:232
2026-10-04 18:51:34.199000 [V:onnxruntime:, session_state.cc:1385 VerifyEachNodeIsAssignedToAnEp]   MatMulNBits (/model/layers.20/self_attn/o_proj/MatMul_Q4) d95923ea-2a75-4757-a86c-99d425e3974a:92:232
2026-10-04 18:51:34.199000 [V:onnxruntime:, session_state.cc:1385 VerifyEachNodeIsAssignedToAnEp]   Add (/model/layers.20/Add) d95923ea-2a75-4757-a86c-99d425e3974a:92:232
2026-10-04 18:51:34.199999 [V:onnxruntime:, session_state.cc:1385 VerifyEachNodeIsAssignedToAnEp]   Pow (/model/layers.20/post_attention_layernorm/Pow) d95923ea-2a75-4757-a86c-99d425e3974a:92:232
2026-10-04 18:51:34.199999 [V:onnxruntime:, session_state.cc:1385 VerifyEachNodeIsAssignedToAnEp]   ReduceMean (/model/layers.20/post_attention_layernorm/ReduceMean) d95923ea-2a75-4757-a86c-99d425e3974a:92:232
2026-10-04 18:51:34.199999 [V:onnxruntime:, session_state.cc:1385 VerifyEachNodeIsAssignedToAnEp]   Add (/model/layers.20/post_attention_layernorm/Add) d95923ea-2a75-4757-a86c-99d425e3974a:92:232
2026-10-04 18:51:34.199999 [V:onnxruntime:, session_state.cc:1385 VerifyEachNodeIsAssignedToAnEp]   Sqrt (/model/layers.20/post_attention_layernorm/Sqrt) d95923ea-2a75-4757-a86c-99d425e3974a:92:232
2026-10-04 18:51:34.199999 [V:onnxruntime:, session_state.cc:1385 VerifyEachNodeIsAssignedToAnEp]   Div (/model/layers.20/post_attention_layernorm/Div) d95923ea-2a75-4757-a86c-99d425e3974a:92:232
2026-10-04 18:51:34.199999 [V:onnxruntime:, session_state.cc:1385 VerifyEachNodeIsAssignedToAnEp]   Mul (/model/layers.20/post_attention_layernorm/Mul_1) d95923ea-2a75-4757-a86c-99d425e3974a:92:232
2026-10-04 18:51:34.200999 [V:onnxruntime:, session_state.cc:1385 VerifyEachNodeIsAssignedToAnEp]   MatMulNBits (/model/layers.20/mlp/gate_proj/MatMul_Q4) d95923ea-2a75-4757-a86c-99d425e3974a:92:232
2026-10-04 18:51:34.200999 [V:onnxruntime:, session_state.cc:1385 VerifyEachNodeIsAssignedToAnEp]   MatMulNBits (/model/layers.20/mlp/up_proj/MatMul_Q4) d95923ea-2a75-4757-a86c-99d425e3974a:92:232
2026-10-04 18:51:34.200999 [V:onnxruntime:, session_state.cc:1385 VerifyEachNodeIsAssignedToAnEp]   Mul (/model/layers.20/mlp/Mul) d95923ea-2a75-4757-a86c-99d425e3974a:92:232
2026-10-04 18:51:34.200999 [V:onnxruntime:, session_state.cc:1385 VerifyEachNodeIsAssignedToAnEp]   MatMulNBits (/model/layers.20/mlp/down_proj/MatMul_Q4) d95923ea-2a75-4757-a86c-99d425e3974a:92:232
2026-10-04 18:51:34.200999 [V:onnxruntime:, session_state.cc:1385 VerifyEachNodeIsAssignedToAnEp]   Add (/model/layers.20/Add_1) d95923ea-2a75-4757-a86c-99d425e3974a:92:232
2026-10-04 18:51:34.200999 [V:onnxruntime:, session_state.cc:1385 VerifyEachNodeIsAssignedToAnEp]   Pow (/model/layers.21/input_layernorm/Pow) d95923ea-2a75-4757-a86c-99d425e3974a:92:232
2026-10-04 18:51:34.202000 [V:onnxruntime:, session_state.cc:1385 VerifyEachNodeIsAssignedToAnEp]   ReduceMean (/model/layers.21/input_layernorm/ReduceMean) d95923ea-2a75-4757-a86c-99d425e3974a:92:232
2026-10-04 18:51:34.202000 [V:onnxruntime:, session_state.cc:1385 VerifyEachNodeIsAssignedToAnEp]   Add (/model/layers.21/input_layernorm/Add) d95923ea-2a75-4757-a86c-99d425e3974a:92:232
2026-10-04 18:51:34.202000 [V:onnxruntime:, session_state.cc:1385 VerifyEachNodeIsAssignedToAnEp]   Sqrt (/model/layers.21/input_layernorm/Sqrt) d95923ea-2a75-4757-a86c-99d425e3974a:92:232
2026-10-04 18:51:34.203000 [V:onnxruntime:, session_state.cc:1385 VerifyEachNodeIsAssignedToAnEp]   Div (/model/layers.21/input_layernorm/Div) d95923ea-2a75-4757-a86c-99d425e3974a:92:232
2026-10-04 18:51:34.203000 [V:onnxruntime:, session_state.cc:1385 VerifyEachNodeIsAssignedToAnEp]   Mul (/model/layers.21/input_layernorm/Mul_1) d95923ea-2a75-4757-a86c-99d425e3974a:92:232
2026-10-04 18:51:34.203000 [V:onnxruntime:, session_state.cc:1385 VerifyEachNodeIsAssignedToAnEp]   Shape (/model/layers.21/self_attn/Shape) d95923ea-2a75-4757-a86c-99d425e3974a:92:232
2026-10-04 18:51:34.203000 [V:onnxruntime:, session_state.cc:1385 VerifyEachNodeIsAssignedToAnEp]   MatMulNBits (/model/layers.21/self_attn/q_proj/MatMul_Q4) d95923ea-2a75-4757-a86c-99d425e3974a:92:232
2026-10-04 18:51:34.203999 [V:onnxruntime:, session_state.cc:1385 VerifyEachNodeIsAssignedToAnEp]   MatMulNBits (/model/layers.21/self_attn/k_proj/MatMul_Q4) d95923ea-2a75-4757-a86c-99d425e3974a:92:232
2026-10-04 18:51:34.205000 [V:onnxruntime:, session_state.cc:1385 VerifyEachNodeIsAssignedToAnEp]   MatMulNBits (/model/layers.21/self_attn/v_proj/MatMul_Q4) d95923ea-2a75-4757-a86c-99d425e3974a:92:232
2026-10-04 18:51:34.205000 [V:onnxruntime:, session_state.cc:1385 VerifyEachNodeIsAssignedToAnEp]   Reshape (/model/layers.21/self_attn/Reshape) d95923ea-2a75-4757-a86c-99d425e3974a:92:232
2026-10-04 18:51:34.206000 [V:onnxruntime:, session_state.cc:1385 VerifyEachNodeIsAssignedToAnEp]   Reshape (/model/layers.21/self_attn/Reshape_1) d95923ea-2a75-4757-a86c-99d425e3974a:92:232
2026-10-04 18:51:34.207000 [V:onnxruntime:, session_state.cc:1385 VerifyEachNodeIsAssignedToAnEp]   Reshape (/model/layers.21/self_attn/Reshape_2) d95923ea-2a75-4757-a86c-99d425e3974a:92:232
2026-10-04 18:51:34.207999 [V:onnxruntime:, session_state.cc:1385 VerifyEachNodeIsAssignedToAnEp]   Transpose (/model/layers.21/self_attn/Transpose) d95923ea-2a75-4757-a86c-99d425e3974a:92:232
2026-10-04 18:51:34.208999 [V:onnxruntime:, session_state.cc:1385 VerifyEachNodeIsAssignedToAnEp]   Transpose (/model/layers.21/self_attn/Transpose_1) d95923ea-2a75-4757-a86c-99d425e3974a:92:232
2026-10-04 18:51:34.210000 [V:onnxruntime:, session_state.cc:1385 VerifyEachNodeIsAssignedToAnEp]   Transpose (/model/layers.21/self_attn/Transpose_2) d95923ea-2a75-4757-a86c-99d425e3974a:92:232
2026-10-04 18:51:34.210000 [V:onnxruntime:, session_state.cc:1385 VerifyEachNodeIsAssignedToAnEp]   Mul (/model/layers.21/self_attn/Mul) d95923ea-2a75-4757-a86c-99d425e3974a:92:232
2026-10-04 18:51:34.210000 [V:onnxruntime:, session_state.cc:1385 VerifyEachNodeIsAssignedToAnEp]   Mul (/model/layers.21/self_attn/Mul_2) d95923ea-2a75-4757-a86c-99d425e3974a:92:232
2026-10-04 18:51:34.211000 [V:onnxruntime:, session_state.cc:1385 VerifyEachNodeIsAssignedToAnEp]   Concat (/model/layers.21/self_attn/Concat_6) d95923ea-2a75-4757-a86c-99d425e3974a:92:232
2026-10-04 18:51:34.211000 [V:onnxruntime:, session_state.cc:1385 VerifyEachNodeIsAssignedToAnEp]   Slice (/model/layers.21/self_attn/Slice) d95923ea-2a75-4757-a86c-99d425e3974a:92:232
2026-10-04 18:51:34.211000 [V:onnxruntime:, session_state.cc:1385 VerifyEachNodeIsAssignedToAnEp]   Slice (/model/layers.21/self_attn/Slice_1) d95923ea-2a75-4757-a86c-99d425e3974a:92:232
2026-10-04 18:51:34.211999 [V:onnxruntime:, session_state.cc:1385 VerifyEachNodeIsAssignedToAnEp]   Slice (/model/layers.21/self_attn/Slice_2) d95923ea-2a75-4757-a86c-99d425e3974a:92:232
2026-10-04 18:51:34.211999 [V:onnxruntime:, session_state.cc:1385 VerifyEachNodeIsAssignedToAnEp]   Slice (/model/layers.21/self_attn/Slice_3) d95923ea-2a75-4757-a86c-99d425e3974a:92:232
2026-10-04 18:51:34.211999 [V:onnxruntime:, session_state.cc:1385 VerifyEachNodeIsAssignedToAnEp]   Shape (/model/layers.21/self_attn/Shape_9) d95923ea-2a75-4757-a86c-99d425e3974a:92:232
2026-10-04 18:51:34.211999 [V:onnxruntime:, session_state.cc:1385 VerifyEachNodeIsAssignedToAnEp]   Unsqueeze (/model/layers.21/self_attn/Unsqueeze_19) d95923ea-2a75-4757-a86c-99d425e3974a:92:232
2026-10-04 18:51:34.213000 [V:onnxruntime:, session_state.cc:1385 VerifyEachNodeIsAssignedToAnEp]   Neg (/model/layers.21/self_attn/Neg) d95923ea-2a75-4757-a86c-99d425e3974a:92:232
2026-10-04 18:51:34.213000 [V:onnxruntime:, session_state.cc:1385 VerifyEachNodeIsAssignedToAnEp]   Neg (/model/layers.21/self_attn/Neg_1) d95923ea-2a75-4757-a86c-99d425e3974a:92:232
2026-10-04 18:51:34.213000 [V:onnxruntime:, session_state.cc:1385 VerifyEachNodeIsAssignedToAnEp]   Concat (/model/layers.21/self_attn/Concat_3) d95923ea-2a75-4757-a86c-99d425e3974a:92:232
2026-10-04 18:51:34.213000 [V:onnxruntime:, session_state.cc:1385 VerifyEachNodeIsAssignedToAnEp]   Concat (/model/layers.21/self_attn/Concat_4) d95923ea-2a75-4757-a86c-99d425e3974a:92:232
2026-10-04 18:51:34.213000 [V:onnxruntime:, session_state.cc:1385 VerifyEachNodeIsAssignedToAnEp]   Mul (/model/layers.21/self_attn/Mul_1) d95923ea-2a75-4757-a86c-99d425e3974a:92:232
2026-10-04 18:51:34.214000 [V:onnxruntime:, session_state.cc:1385 VerifyEachNodeIsAssignedToAnEp]   Mul (/model/layers.21/self_attn/Mul_3) d95923ea-2a75-4757-a86c-99d425e3974a:92:232
2026-10-04 18:51:34.214000 [V:onnxruntime:, session_state.cc:1385 VerifyEachNodeIsAssignedToAnEp]   Add (/model/layers.21/self_attn/Add) d95923ea-2a75-4757-a86c-99d425e3974a:92:232
2026-10-04 18:51:34.214000 [V:onnxruntime:, session_state.cc:1385 VerifyEachNodeIsAssignedToAnEp]   Add (/model/layers.21/self_attn/Add_1) d95923ea-2a75-4757-a86c-99d425e3974a:92:232
2026-10-04 18:51:34.214000 [V:onnxruntime:, session_state.cc:1385 VerifyEachNodeIsAssignedToAnEp]   Concat (/model/layers.21/self_attn/Concat_5) d95923ea-2a75-4757-a86c-99d425e3974a:92:232
2026-10-04 18:51:34.214000 [V:onnxruntime:, session_state.cc:1385 VerifyEachNodeIsAssignedToAnEp]   Mul (/model/layers.21/self_attn/Mul_8) d95923ea-2a75-4757-a86c-99d425e3974a:92:232
2026-10-04 18:51:34.214000 [V:onnxruntime:, session_state.cc:1385 VerifyEachNodeIsAssignedToAnEp]   Shape (/model/layers.21/self_attn/Shape_4) d95923ea-2a75-4757-a86c-99d425e3974a:92:232
2026-10-04 18:51:34.214000 [V:onnxruntime:, session_state.cc:1385 VerifyEachNodeIsAssignedToAnEp]   Unsqueeze (/model/layers.21/self_attn/Unsqueeze_10) d95923ea-2a75-4757-a86c-99d425e3974a:92:232
2026-10-04 18:51:34.215000 [V:onnxruntime:, session_state.cc:1385 VerifyEachNodeIsAssignedToAnEp]   Expand (/model/layers.21/self_attn/Expand_1) d95923ea-2a75-4757-a86c-99d425e3974a:92:232
2026-10-04 18:51:34.215000 [V:onnxruntime:, session_state.cc:1385 VerifyEachNodeIsAssignedToAnEp]   Reshape (/model/layers.21/self_attn/Reshape_6) d95923ea-2a75-4757-a86c-99d425e3974a:92:232
2026-10-04 18:51:34.215000 [V:onnxruntime:, session_state.cc:1385 VerifyEachNodeIsAssignedToAnEp]   Expand (/model/layers.21/self_attn/Expand) d95923ea-2a75-4757-a86c-99d425e3974a:92:232
2026-10-04 18:51:34.215000 [V:onnxruntime:, session_state.cc:1385 VerifyEachNodeIsAssignedToAnEp]   Reshape (/model/layers.21/self_attn/Reshape_4) d95923ea-2a75-4757-a86c-99d425e3974a:92:232
2026-10-04 18:51:34.215000 [V:onnxruntime:, session_state.cc:1385 VerifyEachNodeIsAssignedToAnEp]   Shape (/model/layers.21/self_attn/Shape_14) d95923ea-2a75-4757-a86c-99d425e3974a:92:232
2026-10-04 18:51:34.215000 [V:onnxruntime:, session_state.cc:1385 VerifyEachNodeIsAssignedToAnEp]   Transpose (/model/layers.21/self_attn/Transpose_3) d95923ea-2a75-4757-a86c-99d425e3974a:92:232
2026-10-04 18:51:34.215999 [V:onnxruntime:, session_state.cc:1385 VerifyEachNodeIsAssignedToAnEp]   Mul (/model/layers.21/self_attn/Mul_9) d95923ea-2a75-4757-a86c-99d425e3974a:92:232
2026-10-04 18:51:34.215999 [V:onnxruntime:, session_state.cc:1385 VerifyEachNodeIsAssignedToAnEp]   MatMul (/model/layers.21/self_attn/MatMul) d95923ea-2a75-4757-a86c-99d425e3974a:92:232
2026-10-04 18:51:34.215999 [V:onnxruntime:, session_state.cc:1385 VerifyEachNodeIsAssignedToAnEp]   Slice (/model/layers.21/self_attn/Slice_4) d95923ea-2a75-4757-a86c-99d425e3974a:92:232
2026-10-04 18:51:34.215999 [V:onnxruntime:, session_state.cc:1385 VerifyEachNodeIsAssignedToAnEp]   Add (/model/layers.21/self_attn/Add_2) d95923ea-2a75-4757-a86c-99d425e3974a:92:232
2026-10-04 18:51:34.215999 [V:onnxruntime:, session_state.cc:1385 VerifyEachNodeIsAssignedToAnEp]   Softmax (/model/layers.21/self_attn/Softmax) d95923ea-2a75-4757-a86c-99d425e3974a:92:232
2026-10-04 18:51:34.215999 [V:onnxruntime:, session_state.cc:1385 VerifyEachNodeIsAssignedToAnEp]   MatMul (/model/layers.21/self_attn/MatMul_1) d95923ea-2a75-4757-a86c-99d425e3974a:92:232
2026-10-04 18:51:34.216999 [V:onnxruntime:, session_state.cc:1385 VerifyEachNodeIsAssignedToAnEp]   Transpose (/model/layers.21/self_attn/Transpose_4) d95923ea-2a75-4757-a86c-99d425e3974a:92:232
2026-10-04 18:51:34.216999 [V:onnxruntime:, session_state.cc:1385 VerifyEachNodeIsAssignedToAnEp]   Reshape (/model/layers.21/self_attn/Reshape_7) d95923ea-2a75-4757-a86c-99d425e3974a:92:232
2026-10-04 18:51:34.216999 [V:onnxruntime:, session_state.cc:1385 VerifyEachNodeIsAssignedToAnEp]   MatMulNBits (/model/layers.21/self_attn/o_proj/MatMul_Q4) d95923ea-2a75-4757-a86c-99d425e3974a:92:232
2026-10-04 18:51:34.216999 [V:onnxruntime:, session_state.cc:1385 VerifyEachNodeIsAssignedToAnEp]   Add (/model/layers.21/Add) d95923ea-2a75-4757-a86c-99d425e3974a:92:232
2026-10-04 18:51:34.216999 [V:onnxruntime:, session_state.cc:1385 VerifyEachNodeIsAssignedToAnEp]   Pow (/model/layers.21/post_attention_layernorm/Pow) d95923ea-2a75-4757-a86c-99d425e3974a:92:232
2026-10-04 18:51:34.216999 [V:onnxruntime:, session_state.cc:1385 VerifyEachNodeIsAssignedToAnEp]   ReduceMean (/model/layers.21/post_attention_layernorm/ReduceMean) d95923ea-2a75-4757-a86c-99d425e3974a:92:232
2026-10-04 18:51:34.218000 [V:onnxruntime:, session_state.cc:1385 VerifyEachNodeIsAssignedToAnEp]   Add (/model/layers.21/post_attention_layernorm/Add) d95923ea-2a75-4757-a86c-99d425e3974a:92:232
2026-10-04 18:51:34.218000 [V:onnxruntime:, session_state.cc:1385 VerifyEachNodeIsAssignedToAnEp]   Sqrt (/model/layers.21/post_attention_layernorm/Sqrt) d95923ea-2a75-4757-a86c-99d425e3974a:92:232
2026-10-04 18:51:34.218000 [V:onnxruntime:, session_state.cc:1385 VerifyEachNodeIsAssignedToAnEp]   Div (/model/layers.21/post_attention_layernorm/Div) d95923ea-2a75-4757-a86c-99d425e3974a:92:232
2026-10-04 18:51:34.218000 [V:onnxruntime:, session_state.cc:1385 VerifyEachNodeIsAssignedToAnEp]   Mul (/model/layers.21/post_attention_layernorm/Mul_1) d95923ea-2a75-4757-a86c-99d425e3974a:92:232
2026-10-04 18:51:34.218000 [V:onnxruntime:, session_state.cc:1385 VerifyEachNodeIsAssignedToAnEp]   MatMulNBits (/model/layers.21/mlp/gate_proj/MatMul_Q4) d95923ea-2a75-4757-a86c-99d425e3974a:92:232
2026-10-04 18:51:34.218000 [V:onnxruntime:, session_state.cc:1385 VerifyEachNodeIsAssignedToAnEp]   MatMulNBits (/model/layers.21/mlp/up_proj/MatMul_Q4) d95923ea-2a75-4757-a86c-99d425e3974a:92:232
2026-10-04 18:51:34.219000 [V:onnxruntime:, session_state.cc:1385 VerifyEachNodeIsAssignedToAnEp]   Mul (/model/layers.21/mlp/Mul) d95923ea-2a75-4757-a86c-99d425e3974a:92:232
2026-10-04 18:51:34.219000 [V:onnxruntime:, session_state.cc:1385 VerifyEachNodeIsAssignedToAnEp]   MatMulNBits (/model/layers.21/mlp/down_proj/MatMul_Q4) d95923ea-2a75-4757-a86c-99d425e3974a:92:232
2026-10-04 18:51:34.219000 [V:onnxruntime:, session_state.cc:1385 VerifyEachNodeIsAssignedToAnEp]   Add (/model/layers.21/Add_1) d95923ea-2a75-4757-a86c-99d425e3974a:92:232
2026-10-04 18:51:34.219000 [V:onnxruntime:, session_state.cc:1385 VerifyEachNodeIsAssignedToAnEp]   Pow (/model/layers.22/input_layernorm/Pow) d95923ea-2a75-4757-a86c-99d425e3974a:92:232
2026-10-04 18:51:34.219000 [V:onnxruntime:, session_state.cc:1385 VerifyEachNodeIsAssignedToAnEp]   ReduceMean (/model/layers.22/input_layernorm/ReduceMean) d95923ea-2a75-4757-a86c-99d425e3974a:92:232
2026-10-04 18:51:34.219000 [V:onnxruntime:, session_state.cc:1385 VerifyEachNodeIsAssignedToAnEp]   Add (/model/layers.22/input_layernorm/Add) d95923ea-2a75-4757-a86c-99d425e3974a:92:232
2026-10-04 18:51:34.219999 [V:onnxruntime:, session_state.cc:1385 VerifyEachNodeIsAssignedToAnEp]   Sqrt (/model/layers.22/input_layernorm/Sqrt) d95923ea-2a75-4757-a86c-99d425e3974a:92:232
2026-10-04 18:51:34.219999 [V:onnxruntime:, session_state.cc:1385 VerifyEachNodeIsAssignedToAnEp]   Div (/model/layers.22/input_layernorm/Div) d95923ea-2a75-4757-a86c-99d425e3974a:92:232
2026-10-04 18:51:34.219999 [V:onnxruntime:, session_state.cc:1385 VerifyEachNodeIsAssignedToAnEp]   Mul (/model/layers.22/input_layernorm/Mul_1) d95923ea-2a75-4757-a86c-99d425e3974a:92:232
2026-10-04 18:51:34.219999 [V:onnxruntime:, session_state.cc:1385 VerifyEachNodeIsAssignedToAnEp]   Shape (/model/layers.22/self_attn/Shape) d95923ea-2a75-4757-a86c-99d425e3974a:92:232
2026-10-04 18:51:34.219999 [V:onnxruntime:, session_state.cc:1385 VerifyEachNodeIsAssignedToAnEp]   MatMulNBits (/model/layers.22/self_attn/q_proj/MatMul_Q4) d95923ea-2a75-4757-a86c-99d425e3974a:92:232
2026-10-04 18:51:34.219999 [V:onnxruntime:, session_state.cc:1385 VerifyEachNodeIsAssignedToAnEp]   MatMulNBits (/model/layers.22/self_attn/k_proj/MatMul_Q4) d95923ea-2a75-4757-a86c-99d425e3974a:92:232
2026-10-04 18:51:34.221000 [V:onnxruntime:, session_state.cc:1385 VerifyEachNodeIsAssignedToAnEp]   MatMulNBits (/model/layers.22/self_attn/v_proj/MatMul_Q4) d95923ea-2a75-4757-a86c-99d425e3974a:92:232
2026-10-04 18:51:34.221000 [V:onnxruntime:, session_state.cc:1385 VerifyEachNodeIsAssignedToAnEp]   Reshape (/model/layers.22/self_attn/Reshape) d95923ea-2a75-4757-a86c-99d425e3974a:92:232
2026-10-04 18:51:34.221000 [V:onnxruntime:, session_state.cc:1385 VerifyEachNodeIsAssignedToAnEp]   Reshape (/model/layers.22/self_attn/Reshape_1) d95923ea-2a75-4757-a86c-99d425e3974a:92:232
2026-10-04 18:51:34.221000 [V:onnxruntime:, session_state.cc:1385 VerifyEachNodeIsAssignedToAnEp]   Reshape (/model/layers.22/self_attn/Reshape_2) d95923ea-2a75-4757-a86c-99d425e3974a:92:232
2026-10-04 18:51:34.221000 [V:onnxruntime:, session_state.cc:1385 VerifyEachNodeIsAssignedToAnEp]   Transpose (/model/layers.22/self_attn/Transpose) d95923ea-2a75-4757-a86c-99d425e3974a:92:232
2026-10-04 18:51:34.221000 [V:onnxruntime:, session_state.cc:1385 VerifyEachNodeIsAssignedToAnEp]   Transpose (/model/layers.22/self_attn/Transpose_1) d95923ea-2a75-4757-a86c-99d425e3974a:92:232
2026-10-04 18:51:34.222000 [V:onnxruntime:, session_state.cc:1385 VerifyEachNodeIsAssignedToAnEp]   Transpose (/model/layers.22/self_attn/Transpose_2) d95923ea-2a75-4757-a86c-99d425e3974a:92:232
2026-10-04 18:51:34.222000 [V:onnxruntime:, session_state.cc:1385 VerifyEachNodeIsAssignedToAnEp]   Mul (/model/layers.22/self_attn/Mul) d95923ea-2a75-4757-a86c-99d425e3974a:92:232
2026-10-04 18:51:34.222000 [V:onnxruntime:, session_state.cc:1385 VerifyEachNodeIsAssignedToAnEp]   Mul (/model/layers.22/self_attn/Mul_2) d95923ea-2a75-4757-a86c-99d425e3974a:92:232
2026-10-04 18:51:34.222000 [V:onnxruntime:, session_state.cc:1385 VerifyEachNodeIsAssignedToAnEp]   Concat (/model/layers.22/self_attn/Concat_6) d95923ea-2a75-4757-a86c-99d425e3974a:92:232
2026-10-04 18:51:34.222000 [V:onnxruntime:, session_state.cc:1385 VerifyEachNodeIsAssignedToAnEp]   Slice (/model/layers.22/self_attn/Slice) d95923ea-2a75-4757-a86c-99d425e3974a:92:232
2026-10-04 18:51:34.222000 [V:onnxruntime:, session_state.cc:1385 VerifyEachNodeIsAssignedToAnEp]   Slice (/model/layers.22/self_attn/Slice_1) d95923ea-2a75-4757-a86c-99d425e3974a:92:232
2026-10-04 18:51:34.222000 [V:onnxruntime:, session_state.cc:1385 VerifyEachNodeIsAssignedToAnEp]   Slice (/model/layers.22/self_attn/Slice_2) d95923ea-2a75-4757-a86c-99d425e3974a:92:232
2026-10-04 18:51:34.223000 [V:onnxruntime:, session_state.cc:1385 VerifyEachNodeIsAssignedToAnEp]   Slice (/model/layers.22/self_attn/Slice_3) d95923ea-2a75-4757-a86c-99d425e3974a:92:232
2026-10-04 18:51:34.223000 [V:onnxruntime:, session_state.cc:1385 VerifyEachNodeIsAssignedToAnEp]   Shape (/model/layers.22/self_attn/Shape_9) d95923ea-2a75-4757-a86c-99d425e3974a:92:232
2026-10-04 18:51:34.235000 [V:onnxruntime:, session_state.cc:1385 VerifyEachNodeIsAssignedToAnEp]   Unsqueeze (/model/layers.22/self_attn/Unsqueeze_19) d95923ea-2a75-4757-a86c-99d425e3974a:92:232
2026-10-04 18:51:34.235999 [V:onnxruntime:, session_state.cc:1385 VerifyEachNodeIsAssignedToAnEp]   Neg (/model/layers.22/self_attn/Neg) d95923ea-2a75-4757-a86c-99d425e3974a:92:232
2026-10-04 18:51:34.235999 [V:onnxruntime:, session_state.cc:1385 VerifyEachNodeIsAssignedToAnEp]   Neg (/model/layers.22/self_attn/Neg_1) d95923ea-2a75-4757-a86c-99d425e3974a:92:232
2026-10-04 18:51:34.235999 [V:onnxruntime:, session_state.cc:1385 VerifyEachNodeIsAssignedToAnEp]   Concat (/model/layers.22/self_attn/Concat_3) d95923ea-2a75-4757-a86c-99d425e3974a:92:232
2026-10-04 18:51:34.235999 [V:onnxruntime:, session_state.cc:1385 VerifyEachNodeIsAssignedToAnEp]   Concat (/model/layers.22/self_attn/Concat_4) d95923ea-2a75-4757-a86c-99d425e3974a:92:232
2026-10-04 18:51:34.235999 [V:onnxruntime:, session_state.cc:1385 VerifyEachNodeIsAssignedToAnEp]   Mul (/model/layers.22/self_attn/Mul_1) d95923ea-2a75-4757-a86c-99d425e3974a:92:232
2026-10-04 18:51:34.235999 [V:onnxruntime:, session_state.cc:1385 VerifyEachNodeIsAssignedToAnEp]   Mul (/model/layers.22/self_attn/Mul_3) d95923ea-2a75-4757-a86c-99d425e3974a:92:232
2026-10-04 18:51:34.237000 [V:onnxruntime:, session_state.cc:1385 VerifyEachNodeIsAssignedToAnEp]   Add (/model/layers.22/self_attn/Add) d95923ea-2a75-4757-a86c-99d425e3974a:92:232
2026-10-04 18:51:34.237000 [V:onnxruntime:, session_state.cc:1385 VerifyEachNodeIsAssignedToAnEp]   Add (/model/layers.22/self_attn/Add_1) d95923ea-2a75-4757-a86c-99d425e3974a:92:232
2026-10-04 18:51:34.237000 [V:onnxruntime:, session_state.cc:1385 VerifyEachNodeIsAssignedToAnEp]   Concat (/model/layers.22/self_attn/Concat_5) d95923ea-2a75-4757-a86c-99d425e3974a:92:232
2026-10-04 18:51:34.237000 [V:onnxruntime:, session_state.cc:1385 VerifyEachNodeIsAssignedToAnEp]   Mul (/model/layers.22/self_attn/Mul_8) d95923ea-2a75-4757-a86c-99d425e3974a:92:232
2026-10-04 18:51:34.237000 [V:onnxruntime:, session_state.cc:1385 VerifyEachNodeIsAssignedToAnEp]   Shape (/model/layers.22/self_attn/Shape_4) d95923ea-2a75-4757-a86c-99d425e3974a:92:232
2026-10-04 18:51:34.237000 [V:onnxruntime:, session_state.cc:1385 VerifyEachNodeIsAssignedToAnEp]   Unsqueeze (/model/layers.22/self_attn/Unsqueeze_10) d95923ea-2a75-4757-a86c-99d425e3974a:92:232
2026-10-04 18:51:34.238000 [V:onnxruntime:, session_state.cc:1385 VerifyEachNodeIsAssignedToAnEp]   Expand (/model/layers.22/self_attn/Expand_1) d95923ea-2a75-4757-a86c-99d425e3974a:92:232
2026-10-04 18:51:34.238000 [V:onnxruntime:, session_state.cc:1385 VerifyEachNodeIsAssignedToAnEp]   Reshape (/model/layers.22/self_attn/Reshape_6) d95923ea-2a75-4757-a86c-99d425e3974a:92:232
2026-10-04 18:51:34.238000 [V:onnxruntime:, session_state.cc:1385 VerifyEachNodeIsAssignedToAnEp]   Expand (/model/layers.22/self_attn/Expand) d95923ea-2a75-4757-a86c-99d425e3974a:92:232
2026-10-04 18:51:34.238000 [V:onnxruntime:, session_state.cc:1385 VerifyEachNodeIsAssignedToAnEp]   Reshape (/model/layers.22/self_attn/Reshape_4) d95923ea-2a75-4757-a86c-99d425e3974a:92:232
2026-10-04 18:51:34.238000 [V:onnxruntime:, session_state.cc:1385 VerifyEachNodeIsAssignedToAnEp]   Shape (/model/layers.22/self_attn/Shape_14) d95923ea-2a75-4757-a86c-99d425e3974a:92:232
2026-10-04 18:51:34.238000 [V:onnxruntime:, session_state.cc:1385 VerifyEachNodeIsAssignedToAnEp]   Transpose (/model/layers.22/self_attn/Transpose_3) d95923ea-2a75-4757-a86c-99d425e3974a:92:232
2026-10-04 18:51:34.238000 [V:onnxruntime:, session_state.cc:1385 VerifyEachNodeIsAssignedToAnEp]   Mul (/model/layers.22/self_attn/Mul_9) d95923ea-2a75-4757-a86c-99d425e3974a:92:232
2026-10-04 18:51:34.238000 [V:onnxruntime:, session_state.cc:1385 VerifyEachNodeIsAssignedToAnEp]   MatMul (/model/layers.22/self_attn/MatMul) d95923ea-2a75-4757-a86c-99d425e3974a:92:232
2026-10-04 18:51:34.238000 [V:onnxruntime:, session_state.cc:1385 VerifyEachNodeIsAssignedToAnEp]   Slice (/model/layers.22/self_attn/Slice_4) d95923ea-2a75-4757-a86c-99d425e3974a:92:232
2026-10-04 18:51:34.239000 [V:onnxruntime:, session_state.cc:1385 VerifyEachNodeIsAssignedToAnEp]   Add (/model/layers.22/self_attn/Add_2) d95923ea-2a75-4757-a86c-99d425e3974a:92:232
2026-10-04 18:51:34.239000 [V:onnxruntime:, session_state.cc:1385 VerifyEachNodeIsAssignedToAnEp]   Softmax (/model/layers.22/self_attn/Softmax) d95923ea-2a75-4757-a86c-99d425e3974a:92:232
2026-10-04 18:51:34.239000 [V:onnxruntime:, session_state.cc:1385 VerifyEachNodeIsAssignedToAnEp]   MatMul (/model/layers.22/self_attn/MatMul_1) d95923ea-2a75-4757-a86c-99d425e3974a:92:232
2026-10-04 18:51:34.239000 [V:onnxruntime:, session_state.cc:1385 VerifyEachNodeIsAssignedToAnEp]   Transpose (/model/layers.22/self_attn/Transpose_4) d95923ea-2a75-4757-a86c-99d425e3974a:92:232
2026-10-04 18:51:34.239000 [V:onnxruntime:, session_state.cc:1385 VerifyEachNodeIsAssignedToAnEp]   Reshape (/model/layers.22/self_attn/Reshape_7) d95923ea-2a75-4757-a86c-99d425e3974a:92:232
2026-10-04 18:51:34.239000 [V:onnxruntime:, session_state.cc:1385 VerifyEachNodeIsAssignedToAnEp]   MatMulNBits (/model/layers.22/self_attn/o_proj/MatMul_Q4) d95923ea-2a75-4757-a86c-99d425e3974a:92:232
2026-10-04 18:51:34.239000 [V:onnxruntime:, session_state.cc:1385 VerifyEachNodeIsAssignedToAnEp]   Add (/model/layers.22/Add) d95923ea-2a75-4757-a86c-99d425e3974a:92:232
2026-10-04 18:51:34.239999 [V:onnxruntime:, session_state.cc:1385 VerifyEachNodeIsAssignedToAnEp]   Pow (/model/layers.22/post_attention_layernorm/Pow) d95923ea-2a75-4757-a86c-99d425e3974a:92:232
2026-10-04 18:51:34.239999 [V:onnxruntime:, session_state.cc:1385 VerifyEachNodeIsAssignedToAnEp]   ReduceMean (/model/layers.22/post_attention_layernorm/ReduceMean) d95923ea-2a75-4757-a86c-99d425e3974a:92:232
2026-10-04 18:51:34.239999 [V:onnxruntime:, session_state.cc:1385 VerifyEachNodeIsAssignedToAnEp]   Add (/model/layers.22/post_attention_layernorm/Add) d95923ea-2a75-4757-a86c-99d425e3974a:92:232
2026-10-04 18:51:34.239999 [V:onnxruntime:, session_state.cc:1385 VerifyEachNodeIsAssignedToAnEp]   Sqrt (/model/layers.22/post_attention_layernorm/Sqrt) d95923ea-2a75-4757-a86c-99d425e3974a:92:232
2026-10-04 18:51:34.239999 [V:onnxruntime:, session_state.cc:1385 VerifyEachNodeIsAssignedToAnEp]   Div (/model/layers.22/post_attention_layernorm/Div) d95923ea-2a75-4757-a86c-99d425e3974a:92:232
2026-10-04 18:51:34.239999 [V:onnxruntime:, session_state.cc:1385 VerifyEachNodeIsAssignedToAnEp]   Mul (/model/layers.22/post_attention_layernorm/Mul_1) d95923ea-2a75-4757-a86c-99d425e3974a:92:232
2026-10-04 18:51:34.239999 [V:onnxruntime:, session_state.cc:1385 VerifyEachNodeIsAssignedToAnEp]   MatMulNBits (/model/layers.22/mlp/gate_proj/MatMul_Q4) d95923ea-2a75-4757-a86c-99d425e3974a:92:232
2026-10-04 18:51:34.240999 [V:onnxruntime:, session_state.cc:1385 VerifyEachNodeIsAssignedToAnEp]   MatMulNBits (/model/layers.22/mlp/up_proj/MatMul_Q4) d95923ea-2a75-4757-a86c-99d425e3974a:92:232
2026-10-04 18:51:34.240999 [V:onnxruntime:, session_state.cc:1385 VerifyEachNodeIsAssignedToAnEp]   Mul (/model/layers.22/mlp/Mul) d95923ea-2a75-4757-a86c-99d425e3974a:92:232
2026-10-04 18:51:34.240999 [V:onnxruntime:, session_state.cc:1385 VerifyEachNodeIsAssignedToAnEp]   MatMulNBits (/model/layers.22/mlp/down_proj/MatMul_Q4) d95923ea-2a75-4757-a86c-99d425e3974a:92:232
2026-10-04 18:51:34.240999 [V:onnxruntime:, session_state.cc:1385 VerifyEachNodeIsAssignedToAnEp]   Add (/model/layers.22/Add_1) d95923ea-2a75-4757-a86c-99d425e3974a:92:232
2026-10-04 18:51:34.240999 [V:onnxruntime:, session_state.cc:1385 VerifyEachNodeIsAssignedToAnEp]   Pow (/model/layers.23/input_layernorm/Pow) d95923ea-2a75-4757-a86c-99d425e3974a:92:232
2026-10-04 18:51:34.240999 [V:onnxruntime:, session_state.cc:1385 VerifyEachNodeIsAssignedToAnEp]   ReduceMean (/model/layers.23/input_layernorm/ReduceMean) d95923ea-2a75-4757-a86c-99d425e3974a:92:232
2026-10-04 18:51:34.242000 [V:onnxruntime:, session_state.cc:1385 VerifyEachNodeIsAssignedToAnEp]   Add (/model/layers.23/input_layernorm/Add) d95923ea-2a75-4757-a86c-99d425e3974a:92:232
2026-10-04 18:51:34.242000 [V:onnxruntime:, session_state.cc:1385 VerifyEachNodeIsAssignedToAnEp]   Sqrt (/model/layers.23/input_layernorm/Sqrt) d95923ea-2a75-4757-a86c-99d425e3974a:92:232
2026-10-04 18:51:34.242000 [V:onnxruntime:, session_state.cc:1385 VerifyEachNodeIsAssignedToAnEp]   Div (/model/layers.23/input_layernorm/Div) d95923ea-2a75-4757-a86c-99d425e3974a:92:232
2026-10-04 18:51:34.242000 [V:onnxruntime:, session_state.cc:1385 VerifyEachNodeIsAssignedToAnEp]   Mul (/model/layers.23/input_layernorm/Mul_1) d95923ea-2a75-4757-a86c-99d425e3974a:92:232
2026-10-04 18:51:34.242000 [V:onnxruntime:, session_state.cc:1385 VerifyEachNodeIsAssignedToAnEp]   Shape (/model/layers.23/self_attn/Shape) d95923ea-2a75-4757-a86c-99d425e3974a:92:232
2026-10-04 18:51:34.243000 [V:onnxruntime:, session_state.cc:1385 VerifyEachNodeIsAssignedToAnEp]   MatMulNBits (/model/layers.23/self_attn/q_proj/MatMul_Q4) d95923ea-2a75-4757-a86c-99d425e3974a:92:232
2026-10-04 18:51:34.243000 [V:onnxruntime:, session_state.cc:1385 VerifyEachNodeIsAssignedToAnEp]   MatMulNBits (/model/layers.23/self_attn/k_proj/MatMul_Q4) d95923ea-2a75-4757-a86c-99d425e3974a:92:232
2026-10-04 18:51:34.243000 [V:onnxruntime:, session_state.cc:1385 VerifyEachNodeIsAssignedToAnEp]   MatMulNBits (/model/layers.23/self_attn/v_proj/MatMul_Q4) d95923ea-2a75-4757-a86c-99d425e3974a:92:232
2026-10-04 18:51:34.243000 [V:onnxruntime:, session_state.cc:1385 VerifyEachNodeIsAssignedToAnEp]   Reshape (/model/layers.23/self_attn/Reshape) d95923ea-2a75-4757-a86c-99d425e3974a:92:232
2026-10-04 18:51:34.243000 [V:onnxruntime:, session_state.cc:1385 VerifyEachNodeIsAssignedToAnEp]   Reshape (/model/layers.23/self_attn/Reshape_1) d95923ea-2a75-4757-a86c-99d425e3974a:92:232
2026-10-04 18:51:34.243000 [V:onnxruntime:, session_state.cc:1385 VerifyEachNodeIsAssignedToAnEp]   Reshape (/model/layers.23/self_attn/Reshape_2) d95923ea-2a75-4757-a86c-99d425e3974a:92:232
2026-10-04 18:51:34.243000 [V:onnxruntime:, session_state.cc:1385 VerifyEachNodeIsAssignedToAnEp]   Transpose (/model/layers.23/self_attn/Transpose) d95923ea-2a75-4757-a86c-99d425e3974a:92:232
2026-10-04 18:51:34.243999 [V:onnxruntime:, session_state.cc:1385 VerifyEachNodeIsAssignedToAnEp]   Transpose (/model/layers.23/self_attn/Transpose_1) d95923ea-2a75-4757-a86c-99d425e3974a:92:232
2026-10-04 18:51:34.243999 [V:onnxruntime:, session_state.cc:1385 VerifyEachNodeIsAssignedToAnEp]   Transpose (/model/layers.23/self_attn/Transpose_2) d95923ea-2a75-4757-a86c-99d425e3974a:92:232
2026-10-04 18:51:34.243999 [V:onnxruntime:, session_state.cc:1385 VerifyEachNodeIsAssignedToAnEp]   Mul (/model/layers.23/self_attn/Mul) d95923ea-2a75-4757-a86c-99d425e3974a:92:232
2026-10-04 18:51:34.243999 [V:onnxruntime:, session_state.cc:1385 VerifyEachNodeIsAssignedToAnEp]   Mul (/model/layers.23/self_attn/Mul_2) d95923ea-2a75-4757-a86c-99d425e3974a:92:232
2026-10-04 18:51:34.243999 [V:onnxruntime:, session_state.cc:1385 VerifyEachNodeIsAssignedToAnEp]   Concat (/model/layers.23/self_attn/Concat_6) d95923ea-2a75-4757-a86c-99d425e3974a:92:232
2026-10-04 18:51:34.243999 [V:onnxruntime:, session_state.cc:1385 VerifyEachNodeIsAssignedToAnEp]   Slice (/model/layers.23/self_attn/Slice) d95923ea-2a75-4757-a86c-99d425e3974a:92:232
2026-10-04 18:51:34.243999 [V:onnxruntime:, session_state.cc:1385 VerifyEachNodeIsAssignedToAnEp]   Slice (/model/layers.23/self_attn/Slice_1) d95923ea-2a75-4757-a86c-99d425e3974a:92:232
2026-10-04 18:51:34.245000 [V:onnxruntime:, session_state.cc:1385 VerifyEachNodeIsAssignedToAnEp]   Slice (/model/layers.23/self_attn/Slice_2) d95923ea-2a75-4757-a86c-99d425e3974a:92:232
2026-10-04 18:51:34.245000 [V:onnxruntime:, session_state.cc:1385 VerifyEachNodeIsAssignedToAnEp]   Slice (/model/layers.23/self_attn/Slice_3) d95923ea-2a75-4757-a86c-99d425e3974a:92:232
2026-10-04 18:51:34.245000 [V:onnxruntime:, session_state.cc:1385 VerifyEachNodeIsAssignedToAnEp]   Shape (/model/layers.23/self_attn/Shape_9) d95923ea-2a75-4757-a86c-99d425e3974a:92:232
2026-10-04 18:51:34.245000 [V:onnxruntime:, session_state.cc:1385 VerifyEachNodeIsAssignedToAnEp]   Unsqueeze (/model/layers.23/self_attn/Unsqueeze_19) d95923ea-2a75-4757-a86c-99d425e3974a:92:232
2026-10-04 18:51:34.245000 [V:onnxruntime:, session_state.cc:1385 VerifyEachNodeIsAssignedToAnEp]   Neg (/model/layers.23/self_attn/Neg) d95923ea-2a75-4757-a86c-99d425e3974a:92:232
2026-10-04 18:51:34.245000 [V:onnxruntime:, session_state.cc:1385 VerifyEachNodeIsAssignedToAnEp]   Neg (/model/layers.23/self_attn/Neg_1) d95923ea-2a75-4757-a86c-99d425e3974a:92:232
2026-10-04 18:51:34.246000 [V:onnxruntime:, session_state.cc:1385 VerifyEachNodeIsAssignedToAnEp]   Concat (/model/layers.23/self_attn/Concat_3) d95923ea-2a75-4757-a86c-99d425e3974a:92:232
2026-10-04 18:51:34.246000 [V:onnxruntime:, session_state.cc:1385 VerifyEachNodeIsAssignedToAnEp]   Concat (/model/layers.23/self_attn/Concat_4) d95923ea-2a75-4757-a86c-99d425e3974a:92:232
2026-10-04 18:51:34.247000 [V:onnxruntime:, session_state.cc:1385 VerifyEachNodeIsAssignedToAnEp]   Mul (/model/layers.23/self_attn/Mul_1) d95923ea-2a75-4757-a86c-99d425e3974a:92:232
2026-10-04 18:51:34.247000 [V:onnxruntime:, session_state.cc:1385 VerifyEachNodeIsAssignedToAnEp]   Mul (/model/layers.23/self_attn/Mul_3) d95923ea-2a75-4757-a86c-99d425e3974a:92:232
2026-10-04 18:51:34.247000 [V:onnxruntime:, session_state.cc:1385 VerifyEachNodeIsAssignedToAnEp]   Add (/model/layers.23/self_attn/Add) d95923ea-2a75-4757-a86c-99d425e3974a:92:232
2026-10-04 18:51:34.247000 [V:onnxruntime:, session_state.cc:1385 VerifyEachNodeIsAssignedToAnEp]   Add (/model/layers.23/self_attn/Add_1) d95923ea-2a75-4757-a86c-99d425e3974a:92:232
2026-10-04 18:51:34.247000 [V:onnxruntime:, session_state.cc:1385 VerifyEachNodeIsAssignedToAnEp]   Concat (/model/layers.23/self_attn/Concat_5) d95923ea-2a75-4757-a86c-99d425e3974a:92:232
2026-10-04 18:51:34.247000 [V:onnxruntime:, session_state.cc:1385 VerifyEachNodeIsAssignedToAnEp]   Mul (/model/layers.23/self_attn/Mul_8) d95923ea-2a75-4757-a86c-99d425e3974a:92:232
2026-10-04 18:51:34.247000 [V:onnxruntime:, session_state.cc:1385 VerifyEachNodeIsAssignedToAnEp]   Shape (/model/layers.23/self_attn/Shape_4) d95923ea-2a75-4757-a86c-99d425e3974a:92:232
2026-10-04 18:51:34.247999 [V:onnxruntime:, session_state.cc:1385 VerifyEachNodeIsAssignedToAnEp]   Unsqueeze (/model/layers.23/self_attn/Unsqueeze_10) d95923ea-2a75-4757-a86c-99d425e3974a:92:232
2026-10-04 18:51:34.247999 [V:onnxruntime:, session_state.cc:1385 VerifyEachNodeIsAssignedToAnEp]   Expand (/model/layers.23/self_attn/Expand_1) d95923ea-2a75-4757-a86c-99d425e3974a:92:232
2026-10-04 18:51:34.247999 [V:onnxruntime:, session_state.cc:1385 VerifyEachNodeIsAssignedToAnEp]   Reshape (/model/layers.23/self_attn/Reshape_6) d95923ea-2a75-4757-a86c-99d425e3974a:92:232
2026-10-04 18:51:34.247999 [V:onnxruntime:, session_state.cc:1385 VerifyEachNodeIsAssignedToAnEp]   Expand (/model/layers.23/self_attn/Expand) d95923ea-2a75-4757-a86c-99d425e3974a:92:232
2026-10-04 18:51:34.247999 [V:onnxruntime:, session_state.cc:1385 VerifyEachNodeIsAssignedToAnEp]   Reshape (/model/layers.23/self_attn/Reshape_4) d95923ea-2a75-4757-a86c-99d425e3974a:92:232
2026-10-04 18:51:34.247999 [V:onnxruntime:, session_state.cc:1385 VerifyEachNodeIsAssignedToAnEp]   Shape (/model/layers.23/self_attn/Shape_14) d95923ea-2a75-4757-a86c-99d425e3974a:92:232
2026-10-04 18:51:34.247999 [V:onnxruntime:, session_state.cc:1385 VerifyEachNodeIsAssignedToAnEp]   Transpose (/model/layers.23/self_attn/Transpose_3) d95923ea-2a75-4757-a86c-99d425e3974a:92:232
2026-10-04 18:51:34.248999 [V:onnxruntime:, session_state.cc:1385 VerifyEachNodeIsAssignedToAnEp]   Mul (/model/layers.23/self_attn/Mul_9) d95923ea-2a75-4757-a86c-99d425e3974a:92:232
2026-10-04 18:51:34.248999 [V:onnxruntime:, session_state.cc:1385 VerifyEachNodeIsAssignedToAnEp]   MatMul (/model/layers.23/self_attn/MatMul) d95923ea-2a75-4757-a86c-99d425e3974a:92:232
2026-10-04 18:51:34.248999 [V:onnxruntime:, session_state.cc:1385 VerifyEachNodeIsAssignedToAnEp]   Slice (/model/layers.23/self_attn/Slice_4) d95923ea-2a75-4757-a86c-99d425e3974a:92:232
2026-10-04 18:51:34.248999 [V:onnxruntime:, session_state.cc:1385 VerifyEachNodeIsAssignedToAnEp]   Add (/model/layers.23/self_attn/Add_2) d95923ea-2a75-4757-a86c-99d425e3974a:92:232
2026-10-04 18:51:34.248999 [V:onnxruntime:, session_state.cc:1385 VerifyEachNodeIsAssignedToAnEp]   Softmax (/model/layers.23/self_attn/Softmax) d95923ea-2a75-4757-a86c-99d425e3974a:92:232
2026-10-04 18:51:34.248999 [V:onnxruntime:, session_state.cc:1385 VerifyEachNodeIsAssignedToAnEp]   MatMul (/model/layers.23/self_attn/MatMul_1) d95923ea-2a75-4757-a86c-99d425e3974a:92:232
2026-10-04 18:51:34.248999 [V:onnxruntime:, session_state.cc:1385 VerifyEachNodeIsAssignedToAnEp]   Transpose (/model/layers.23/self_attn/Transpose_4) d95923ea-2a75-4757-a86c-99d425e3974a:92:232
2026-10-04 18:51:34.250000 [V:onnxruntime:, session_state.cc:1385 VerifyEachNodeIsAssignedToAnEp]   Reshape (/model/layers.23/self_attn/Reshape_7) d95923ea-2a75-4757-a86c-99d425e3974a:92:232
2026-10-04 18:51:34.250000 [V:onnxruntime:, session_state.cc:1385 VerifyEachNodeIsAssignedToAnEp]   MatMulNBits (/model/layers.23/self_attn/o_proj/MatMul_Q4) d95923ea-2a75-4757-a86c-99d425e3974a:92:232
2026-10-04 18:51:34.250000 [V:onnxruntime:, session_state.cc:1385 VerifyEachNodeIsAssignedToAnEp]   Add (/model/layers.23/Add) d95923ea-2a75-4757-a86c-99d425e3974a:92:232
2026-10-04 18:51:34.250000 [V:onnxruntime:, session_state.cc:1385 VerifyEachNodeIsAssignedToAnEp]   Pow (/model/layers.23/post_attention_layernorm/Pow) d95923ea-2a75-4757-a86c-99d425e3974a:92:232
2026-10-04 18:51:34.250000 [V:onnxruntime:, session_state.cc:1385 VerifyEachNodeIsAssignedToAnEp]   ReduceMean (/model/layers.23/post_attention_layernorm/ReduceMean) d95923ea-2a75-4757-a86c-99d425e3974a:92:232
2026-10-04 18:51:34.250000 [V:onnxruntime:, session_state.cc:1385 VerifyEachNodeIsAssignedToAnEp]   Add (/model/layers.23/post_attention_layernorm/Add) d95923ea-2a75-4757-a86c-99d425e3974a:92:232
2026-10-04 18:51:34.251000 [V:onnxruntime:, session_state.cc:1385 VerifyEachNodeIsAssignedToAnEp]   Sqrt (/model/layers.23/post_attention_layernorm/Sqrt) d95923ea-2a75-4757-a86c-99d425e3974a:92:232
2026-10-04 18:51:34.251000 [V:onnxruntime:, session_state.cc:1385 VerifyEachNodeIsAssignedToAnEp]   Div (/model/layers.23/post_attention_layernorm/Div) d95923ea-2a75-4757-a86c-99d425e3974a:92:232
2026-10-04 18:51:34.251000 [V:onnxruntime:, session_state.cc:1385 VerifyEachNodeIsAssignedToAnEp]   Mul (/model/layers.23/post_attention_layernorm/Mul_1) d95923ea-2a75-4757-a86c-99d425e3974a:92:232
2026-10-04 18:51:34.251000 [V:onnxruntime:, session_state.cc:1385 VerifyEachNodeIsAssignedToAnEp]   MatMulNBits (/model/layers.23/mlp/gate_proj/MatMul_Q4) d95923ea-2a75-4757-a86c-99d425e3974a:92:232
2026-10-04 18:51:34.251000 [V:onnxruntime:, session_state.cc:1385 VerifyEachNodeIsAssignedToAnEp]   MatMulNBits (/model/layers.23/mlp/up_proj/MatMul_Q4) d95923ea-2a75-4757-a86c-99d425e3974a:92:232
2026-10-04 18:51:34.251000 [V:onnxruntime:, session_state.cc:1385 VerifyEachNodeIsAssignedToAnEp]   Mul (/model/layers.23/mlp/Mul) d95923ea-2a75-4757-a86c-99d425e3974a:92:232
2026-10-04 18:51:34.255000 [V:onnxruntime:, session_state.cc:1385 VerifyEachNodeIsAssignedToAnEp]   MatMulNBits (/model/layers.23/mlp/down_proj/MatMul_Q4) d95923ea-2a75-4757-a86c-99d425e3974a:92:232
2026-10-04 18:51:34.255000 [V:onnxruntime:, session_state.cc:1385 VerifyEachNodeIsAssignedToAnEp]   Add (/model/layers.23/Add_1) d95923ea-2a75-4757-a86c-99d425e3974a:92:232
2026-10-04 18:51:34.255000 [V:onnxruntime:, session_state.cc:1385 VerifyEachNodeIsAssignedToAnEp]   Pow (/model/layers.24/input_layernorm/Pow) d95923ea-2a75-4757-a86c-99d425e3974a:92:232
2026-10-04 18:51:34.255000 [V:onnxruntime:, session_state.cc:1385 VerifyEachNodeIsAssignedToAnEp]   ReduceMean (/model/layers.24/input_layernorm/ReduceMean) d95923ea-2a75-4757-a86c-99d425e3974a:92:232
2026-10-04 18:51:34.255000 [V:onnxruntime:, session_state.cc:1385 VerifyEachNodeIsAssignedToAnEp]   Add (/model/layers.24/input_layernorm/Add) d95923ea-2a75-4757-a86c-99d425e3974a:92:232
2026-10-04 18:51:34.255999 [V:onnxruntime:, session_state.cc:1385 VerifyEachNodeIsAssignedToAnEp]   Sqrt (/model/layers.24/input_layernorm/Sqrt) d95923ea-2a75-4757-a86c-99d425e3974a:92:232
2026-10-04 18:51:34.255999 [V:onnxruntime:, session_state.cc:1385 VerifyEachNodeIsAssignedToAnEp]   Div (/model/layers.24/input_layernorm/Div) d95923ea-2a75-4757-a86c-99d425e3974a:92:232
2026-10-04 18:51:34.255999 [V:onnxruntime:, session_state.cc:1385 VerifyEachNodeIsAssignedToAnEp]   Mul (/model/layers.24/input_layernorm/Mul_1) d95923ea-2a75-4757-a86c-99d425e3974a:92:232
2026-10-04 18:51:34.255999 [V:onnxruntime:, session_state.cc:1385 VerifyEachNodeIsAssignedToAnEp]   Shape (/model/layers.24/self_attn/Shape) d95923ea-2a75-4757-a86c-99d425e3974a:92:232
2026-10-04 18:51:34.255999 [V:onnxruntime:, session_state.cc:1385 VerifyEachNodeIsAssignedToAnEp]   MatMulNBits (/model/layers.24/self_attn/q_proj/MatMul_Q4) d95923ea-2a75-4757-a86c-99d425e3974a:92:232
2026-10-04 18:51:34.255999 [V:onnxruntime:, session_state.cc:1385 VerifyEachNodeIsAssignedToAnEp]   MatMulNBits (/model/layers.24/self_attn/k_proj/MatMul_Q4) d95923ea-2a75-4757-a86c-99d425e3974a:92:232
2026-10-04 18:51:34.255999 [V:onnxruntime:, session_state.cc:1385 VerifyEachNodeIsAssignedToAnEp]   MatMulNBits (/model/layers.24/self_attn/v_proj/MatMul_Q4) d95923ea-2a75-4757-a86c-99d425e3974a:92:232
2026-10-04 18:51:34.256999 [V:onnxruntime:, session_state.cc:1385 VerifyEachNodeIsAssignedToAnEp]   Reshape (/model/layers.24/self_attn/Reshape) d95923ea-2a75-4757-a86c-99d425e3974a:92:232
2026-10-04 18:51:34.256999 [V:onnxruntime:, session_state.cc:1385 VerifyEachNodeIsAssignedToAnEp]   Reshape (/model/layers.24/self_attn/Reshape_1) d95923ea-2a75-4757-a86c-99d425e3974a:92:232
2026-10-04 18:51:34.256999 [V:onnxruntime:, session_state.cc:1385 VerifyEachNodeIsAssignedToAnEp]   Reshape (/model/layers.24/self_attn/Reshape_2) d95923ea-2a75-4757-a86c-99d425e3974a:92:232
2026-10-04 18:51:34.256999 [V:onnxruntime:, session_state.cc:1385 VerifyEachNodeIsAssignedToAnEp]   Transpose (/model/layers.24/self_attn/Transpose) d95923ea-2a75-4757-a86c-99d425e3974a:92:232
2026-10-04 18:51:34.256999 [V:onnxruntime:, session_state.cc:1385 VerifyEachNodeIsAssignedToAnEp]   Transpose (/model/layers.24/self_attn/Transpose_1) d95923ea-2a75-4757-a86c-99d425e3974a:92:232
2026-10-04 18:51:34.256999 [V:onnxruntime:, session_state.cc:1385 VerifyEachNodeIsAssignedToAnEp]   Transpose (/model/layers.24/self_attn/Transpose_2) d95923ea-2a75-4757-a86c-99d425e3974a:92:232
2026-10-04 18:51:34.256999 [V:onnxruntime:, session_state.cc:1385 VerifyEachNodeIsAssignedToAnEp]   Mul (/model/layers.24/self_attn/Mul) d95923ea-2a75-4757-a86c-99d425e3974a:92:232
2026-10-04 18:51:34.258000 [V:onnxruntime:, session_state.cc:1385 VerifyEachNodeIsAssignedToAnEp]   Mul (/model/layers.24/self_attn/Mul_2) d95923ea-2a75-4757-a86c-99d425e3974a:92:232
2026-10-04 18:51:34.258000 [V:onnxruntime:, session_state.cc:1385 VerifyEachNodeIsAssignedToAnEp]   Concat (/model/layers.24/self_attn/Concat_6) d95923ea-2a75-4757-a86c-99d425e3974a:92:232
2026-10-04 18:51:34.258000 [V:onnxruntime:, session_state.cc:1385 VerifyEachNodeIsAssignedToAnEp]   Slice (/model/layers.24/self_attn/Slice) d95923ea-2a75-4757-a86c-99d425e3974a:92:232
2026-10-04 18:51:34.258000 [V:onnxruntime:, session_state.cc:1385 VerifyEachNodeIsAssignedToAnEp]   Slice (/model/layers.24/self_attn/Slice_1) d95923ea-2a75-4757-a86c-99d425e3974a:92:232
2026-10-04 18:51:34.258000 [V:onnxruntime:, session_state.cc:1385 VerifyEachNodeIsAssignedToAnEp]   Slice (/model/layers.24/self_attn/Slice_2) d95923ea-2a75-4757-a86c-99d425e3974a:92:232
2026-10-04 18:51:34.258000 [V:onnxruntime:, session_state.cc:1385 VerifyEachNodeIsAssignedToAnEp]   Slice (/model/layers.24/self_attn/Slice_3) d95923ea-2a75-4757-a86c-99d425e3974a:92:232
2026-10-04 18:51:34.259000 [V:onnxruntime:, session_state.cc:1385 VerifyEachNodeIsAssignedToAnEp]   Shape (/model/layers.24/self_attn/Shape_9) d95923ea-2a75-4757-a86c-99d425e3974a:92:232
2026-10-04 18:51:34.259000 [V:onnxruntime:, session_state.cc:1385 VerifyEachNodeIsAssignedToAnEp]   Unsqueeze (/model/layers.24/self_attn/Unsqueeze_19) d95923ea-2a75-4757-a86c-99d425e3974a:92:232
2026-10-04 18:51:34.259000 [V:onnxruntime:, session_state.cc:1385 VerifyEachNodeIsAssignedToAnEp]   Neg (/model/layers.24/self_attn/Neg) d95923ea-2a75-4757-a86c-99d425e3974a:92:232
2026-10-04 18:51:34.259000 [V:onnxruntime:, session_state.cc:1385 VerifyEachNodeIsAssignedToAnEp]   Neg (/model/layers.24/self_attn/Neg_1) d95923ea-2a75-4757-a86c-99d425e3974a:92:232
2026-10-04 18:51:34.259000 [V:onnxruntime:, session_state.cc:1385 VerifyEachNodeIsAssignedToAnEp]   Concat (/model/layers.24/self_attn/Concat_3) d95923ea-2a75-4757-a86c-99d425e3974a:92:232
2026-10-04 18:51:34.259000 [V:onnxruntime:, session_state.cc:1385 VerifyEachNodeIsAssignedToAnEp]   Concat (/model/layers.24/self_attn/Concat_4) d95923ea-2a75-4757-a86c-99d425e3974a:92:232
2026-10-04 18:51:34.259000 [V:onnxruntime:, session_state.cc:1385 VerifyEachNodeIsAssignedToAnEp]   Mul (/model/layers.24/self_attn/Mul_1) d95923ea-2a75-4757-a86c-99d425e3974a:92:232
2026-10-04 18:51:34.259999 [V:onnxruntime:, session_state.cc:1385 VerifyEachNodeIsAssignedToAnEp]   Mul (/model/layers.24/self_attn/Mul_3) d95923ea-2a75-4757-a86c-99d425e3974a:92:232
2026-10-04 18:51:34.259999 [V:onnxruntime:, session_state.cc:1385 VerifyEachNodeIsAssignedToAnEp]   Add (/model/layers.24/self_attn/Add) d95923ea-2a75-4757-a86c-99d425e3974a:92:232
2026-10-04 18:51:34.259999 [V:onnxruntime:, session_state.cc:1385 VerifyEachNodeIsAssignedToAnEp]   Add (/model/layers.24/self_attn/Add_1) d95923ea-2a75-4757-a86c-99d425e3974a:92:232
2026-10-04 18:51:34.259999 [V:onnxruntime:, session_state.cc:1385 VerifyEachNodeIsAssignedToAnEp]   Concat (/model/layers.24/self_attn/Concat_5) d95923ea-2a75-4757-a86c-99d425e3974a:92:232
2026-10-04 18:51:34.259999 [V:onnxruntime:, session_state.cc:1385 VerifyEachNodeIsAssignedToAnEp]   Mul (/model/layers.24/self_attn/Mul_8) d95923ea-2a75-4757-a86c-99d425e3974a:92:232
2026-10-04 18:51:34.259999 [V:onnxruntime:, session_state.cc:1385 VerifyEachNodeIsAssignedToAnEp]   Shape (/model/layers.24/self_attn/Shape_4) d95923ea-2a75-4757-a86c-99d425e3974a:92:232
2026-10-04 18:51:34.261000 [V:onnxruntime:, session_state.cc:1385 VerifyEachNodeIsAssignedToAnEp]   Unsqueeze (/model/layers.24/self_attn/Unsqueeze_10) d95923ea-2a75-4757-a86c-99d425e3974a:92:232
2026-10-04 18:51:34.261000 [V:onnxruntime:, session_state.cc:1385 VerifyEachNodeIsAssignedToAnEp]   Expand (/model/layers.24/self_attn/Expand_1) d95923ea-2a75-4757-a86c-99d425e3974a:92:232
2026-10-04 18:51:34.261000 [V:onnxruntime:, session_state.cc:1385 VerifyEachNodeIsAssignedToAnEp]   Reshape (/model/layers.24/self_attn/Reshape_6) d95923ea-2a75-4757-a86c-99d425e3974a:92:232
2026-10-04 18:51:34.261000 [V:onnxruntime:, session_state.cc:1385 VerifyEachNodeIsAssignedToAnEp]   Expand (/model/layers.24/self_attn/Expand) d95923ea-2a75-4757-a86c-99d425e3974a:92:232
2026-10-04 18:51:34.261000 [V:onnxruntime:, session_state.cc:1385 VerifyEachNodeIsAssignedToAnEp]   Reshape (/model/layers.24/self_attn/Reshape_4) d95923ea-2a75-4757-a86c-99d425e3974a:92:232
2026-10-04 18:51:34.261000 [V:onnxruntime:, session_state.cc:1385 VerifyEachNodeIsAssignedToAnEp]   Shape (/model/layers.24/self_attn/Shape_14) d95923ea-2a75-4757-a86c-99d425e3974a:92:232
2026-10-04 18:51:34.261000 [V:onnxruntime:, session_state.cc:1385 VerifyEachNodeIsAssignedToAnEp]   Transpose (/model/layers.24/self_attn/Transpose_3) d95923ea-2a75-4757-a86c-99d425e3974a:92:232
2026-10-04 18:51:34.261000 [V:onnxruntime:, session_state.cc:1385 VerifyEachNodeIsAssignedToAnEp]   Mul (/model/layers.24/self_attn/Mul_9) d95923ea-2a75-4757-a86c-99d425e3974a:92:232
2026-10-04 18:51:34.262000 [V:onnxruntime:, session_state.cc:1385 VerifyEachNodeIsAssignedToAnEp]   MatMul (/model/layers.24/self_attn/MatMul) d95923ea-2a75-4757-a86c-99d425e3974a:92:232
2026-10-04 18:51:34.262000 [V:onnxruntime:, session_state.cc:1385 VerifyEachNodeIsAssignedToAnEp]   Slice (/model/layers.24/self_attn/Slice_4) d95923ea-2a75-4757-a86c-99d425e3974a:92:232
2026-10-04 18:51:34.262000 [V:onnxruntime:, session_state.cc:1385 VerifyEachNodeIsAssignedToAnEp]   Add (/model/layers.24/self_attn/Add_2) d95923ea-2a75-4757-a86c-99d425e3974a:92:232
2026-10-04 18:51:34.262000 [V:onnxruntime:, session_state.cc:1385 VerifyEachNodeIsAssignedToAnEp]   Softmax (/model/layers.24/self_attn/Softmax) d95923ea-2a75-4757-a86c-99d425e3974a:92:232
2026-10-04 18:51:34.262000 [V:onnxruntime:, session_state.cc:1385 VerifyEachNodeIsAssignedToAnEp]   MatMul (/model/layers.24/self_attn/MatMul_1) d95923ea-2a75-4757-a86c-99d425e3974a:92:232
2026-10-04 18:51:34.262000 [V:onnxruntime:, session_state.cc:1385 VerifyEachNodeIsAssignedToAnEp]   Transpose (/model/layers.24/self_attn/Transpose_4) d95923ea-2a75-4757-a86c-99d425e3974a:92:232
2026-10-04 18:51:34.262000 [V:onnxruntime:, session_state.cc:1385 VerifyEachNodeIsAssignedToAnEp]   Reshape (/model/layers.24/self_attn/Reshape_7) d95923ea-2a75-4757-a86c-99d425e3974a:92:232
2026-10-04 18:51:34.263000 [V:onnxruntime:, session_state.cc:1385 VerifyEachNodeIsAssignedToAnEp]   MatMulNBits (/model/layers.24/self_attn/o_proj/MatMul_Q4) d95923ea-2a75-4757-a86c-99d425e3974a:92:232
2026-10-04 18:51:34.263000 [V:onnxruntime:, session_state.cc:1385 VerifyEachNodeIsAssignedToAnEp]   Add (/model/layers.24/Add) d95923ea-2a75-4757-a86c-99d425e3974a:92:232
2026-10-04 18:51:34.263000 [V:onnxruntime:, session_state.cc:1385 VerifyEachNodeIsAssignedToAnEp]   Pow (/model/layers.24/post_attention_layernorm/Pow) d95923ea-2a75-4757-a86c-99d425e3974a:92:232
2026-10-04 18:51:34.263000 [V:onnxruntime:, session_state.cc:1385 VerifyEachNodeIsAssignedToAnEp]   ReduceMean (/model/layers.24/post_attention_layernorm/ReduceMean) d95923ea-2a75-4757-a86c-99d425e3974a:92:232
2026-10-04 18:51:34.263000 [V:onnxruntime:, session_state.cc:1385 VerifyEachNodeIsAssignedToAnEp]   Add (/model/layers.24/post_attention_layernorm/Add) d95923ea-2a75-4757-a86c-99d425e3974a:92:232
2026-10-04 18:51:34.263000 [V:onnxruntime:, session_state.cc:1385 VerifyEachNodeIsAssignedToAnEp]   Sqrt (/model/layers.24/post_attention_layernorm/Sqrt) d95923ea-2a75-4757-a86c-99d425e3974a:92:232
2026-10-04 18:51:34.263000 [V:onnxruntime:, session_state.cc:1385 VerifyEachNodeIsAssignedToAnEp]   Div (/model/layers.24/post_attention_layernorm/Div) d95923ea-2a75-4757-a86c-99d425e3974a:92:232
2026-10-04 18:51:34.263000 [V:onnxruntime:, session_state.cc:1385 VerifyEachNodeIsAssignedToAnEp]   Mul (/model/layers.24/post_attention_layernorm/Mul_1) d95923ea-2a75-4757-a86c-99d425e3974a:92:232
2026-10-04 18:51:34.263999 [V:onnxruntime:, session_state.cc:1385 VerifyEachNodeIsAssignedToAnEp]   MatMulNBits (/model/layers.24/mlp/gate_proj/MatMul_Q4) d95923ea-2a75-4757-a86c-99d425e3974a:92:232
2026-10-04 18:51:34.263999 [V:onnxruntime:, session_state.cc:1385 VerifyEachNodeIsAssignedToAnEp]   MatMulNBits (/model/layers.24/mlp/up_proj/MatMul_Q4) d95923ea-2a75-4757-a86c-99d425e3974a:92:232
2026-10-04 18:51:34.263999 [V:onnxruntime:, session_state.cc:1385 VerifyEachNodeIsAssignedToAnEp]   Mul (/model/layers.24/mlp/Mul) d95923ea-2a75-4757-a86c-99d425e3974a:92:232
2026-10-04 18:51:34.263999 [V:onnxruntime:, session_state.cc:1385 VerifyEachNodeIsAssignedToAnEp]   MatMulNBits (/model/layers.24/mlp/down_proj/MatMul_Q4) d95923ea-2a75-4757-a86c-99d425e3974a:92:232
2026-10-04 18:51:34.263999 [V:onnxruntime:, session_state.cc:1385 VerifyEachNodeIsAssignedToAnEp]   Add (/model/layers.24/Add_1) d95923ea-2a75-4757-a86c-99d425e3974a:92:232
2026-10-04 18:51:34.263999 [V:onnxruntime:, session_state.cc:1385 VerifyEachNodeIsAssignedToAnEp]   Pow (/model/layers.25/input_layernorm/Pow) d95923ea-2a75-4757-a86c-99d425e3974a:92:232
2026-10-04 18:51:34.263999 [V:onnxruntime:, session_state.cc:1385 VerifyEachNodeIsAssignedToAnEp]   ReduceMean (/model/layers.25/input_layernorm/ReduceMean) d95923ea-2a75-4757-a86c-99d425e3974a:92:232
2026-10-04 18:51:34.264999 [V:onnxruntime:, session_state.cc:1385 VerifyEachNodeIsAssignedToAnEp]   Add (/model/layers.25/input_layernorm/Add) d95923ea-2a75-4757-a86c-99d425e3974a:92:232
2026-10-04 18:51:34.264999 [V:onnxruntime:, session_state.cc:1385 VerifyEachNodeIsAssignedToAnEp]   Sqrt (/model/layers.25/input_layernorm/Sqrt) d95923ea-2a75-4757-a86c-99d425e3974a:92:232
2026-10-04 18:51:34.264999 [V:onnxruntime:, session_state.cc:1385 VerifyEachNodeIsAssignedToAnEp]   Div (/model/layers.25/input_layernorm/Div) d95923ea-2a75-4757-a86c-99d425e3974a:92:232
2026-10-04 18:51:34.264999 [V:onnxruntime:, session_state.cc:1385 VerifyEachNodeIsAssignedToAnEp]   Mul (/model/layers.25/input_layernorm/Mul_1) d95923ea-2a75-4757-a86c-99d425e3974a:92:232
2026-10-04 18:51:34.264999 [V:onnxruntime:, session_state.cc:1385 VerifyEachNodeIsAssignedToAnEp]   Shape (/model/layers.25/self_attn/Shape) d95923ea-2a75-4757-a86c-99d425e3974a:92:232
2026-10-04 18:51:34.264999 [V:onnxruntime:, session_state.cc:1385 VerifyEachNodeIsAssignedToAnEp]   MatMulNBits (/model/layers.25/self_attn/q_proj/MatMul_Q4) d95923ea-2a75-4757-a86c-99d425e3974a:92:232
2026-10-04 18:51:34.264999 [V:onnxruntime:, session_state.cc:1385 VerifyEachNodeIsAssignedToAnEp]   MatMulNBits (/model/layers.25/self_attn/k_proj/MatMul_Q4) d95923ea-2a75-4757-a86c-99d425e3974a:92:232
2026-10-04 18:51:34.264999 [V:onnxruntime:, session_state.cc:1385 VerifyEachNodeIsAssignedToAnEp]   MatMulNBits (/model/layers.25/self_attn/v_proj/MatMul_Q4) d95923ea-2a75-4757-a86c-99d425e3974a:92:232
2026-10-04 18:51:34.266000 [V:onnxruntime:, session_state.cc:1385 VerifyEachNodeIsAssignedToAnEp]   Reshape (/model/layers.25/self_attn/Reshape) d95923ea-2a75-4757-a86c-99d425e3974a:92:232
2026-10-04 18:51:34.266000 [V:onnxruntime:, session_state.cc:1385 VerifyEachNodeIsAssignedToAnEp]   Reshape (/model/layers.25/self_attn/Reshape_1) d95923ea-2a75-4757-a86c-99d425e3974a:92:232
2026-10-04 18:51:34.266000 [V:onnxruntime:, session_state.cc:1385 VerifyEachNodeIsAssignedToAnEp]   Reshape (/model/layers.25/self_attn/Reshape_2) d95923ea-2a75-4757-a86c-99d425e3974a:92:232
2026-10-04 18:51:34.266000 [V:onnxruntime:, session_state.cc:1385 VerifyEachNodeIsAssignedToAnEp]   Transpose (/model/layers.25/self_attn/Transpose) d95923ea-2a75-4757-a86c-99d425e3974a:92:232
2026-10-04 18:51:34.266000 [V:onnxruntime:, session_state.cc:1385 VerifyEachNodeIsAssignedToAnEp]   Transpose (/model/layers.25/self_attn/Transpose_1) d95923ea-2a75-4757-a86c-99d425e3974a:92:232
2026-10-04 18:51:34.266000 [V:onnxruntime:, session_state.cc:1385 VerifyEachNodeIsAssignedToAnEp]   Transpose (/model/layers.25/self_attn/Transpose_2) d95923ea-2a75-4757-a86c-99d425e3974a:92:232
2026-10-04 18:51:34.266000 [V:onnxruntime:, session_state.cc:1385 VerifyEachNodeIsAssignedToAnEp]   Mul (/model/layers.25/self_attn/Mul) d95923ea-2a75-4757-a86c-99d425e3974a:92:232
2026-10-04 18:51:34.267000 [V:onnxruntime:, session_state.cc:1385 VerifyEachNodeIsAssignedToAnEp]   Mul (/model/layers.25/self_attn/Mul_2) d95923ea-2a75-4757-a86c-99d425e3974a:92:232
2026-10-04 18:51:34.267000 [V:onnxruntime:, session_state.cc:1385 VerifyEachNodeIsAssignedToAnEp]   Concat (/model/layers.25/self_attn/Concat_6) d95923ea-2a75-4757-a86c-99d425e3974a:92:232
2026-10-04 18:51:34.267000 [V:onnxruntime:, session_state.cc:1385 VerifyEachNodeIsAssignedToAnEp]   Slice (/model/layers.25/self_attn/Slice) d95923ea-2a75-4757-a86c-99d425e3974a:92:232
2026-10-04 18:51:34.267000 [V:onnxruntime:, session_state.cc:1385 VerifyEachNodeIsAssignedToAnEp]   Slice (/model/layers.25/self_attn/Slice_1) d95923ea-2a75-4757-a86c-99d425e3974a:92:232
2026-10-04 18:51:34.267000 [V:onnxruntime:, session_state.cc:1385 VerifyEachNodeIsAssignedToAnEp]   Slice (/model/layers.25/self_attn/Slice_2) d95923ea-2a75-4757-a86c-99d425e3974a:92:232
2026-10-04 18:51:34.267000 [V:onnxruntime:, session_state.cc:1385 VerifyEachNodeIsAssignedToAnEp]   Slice (/model/layers.25/self_attn/Slice_3) d95923ea-2a75-4757-a86c-99d425e3974a:92:232
2026-10-04 18:51:34.267999 [V:onnxruntime:, session_state.cc:1385 VerifyEachNodeIsAssignedToAnEp]   Shape (/model/layers.25/self_attn/Shape_9) d95923ea-2a75-4757-a86c-99d425e3974a:92:232
2026-10-04 18:51:34.267999 [V:onnxruntime:, session_state.cc:1385 VerifyEachNodeIsAssignedToAnEp]   Unsqueeze (/model/layers.25/self_attn/Unsqueeze_19) d95923ea-2a75-4757-a86c-99d425e3974a:92:232
2026-10-04 18:51:34.267999 [V:onnxruntime:, session_state.cc:1385 VerifyEachNodeIsAssignedToAnEp]   Neg (/model/layers.25/self_attn/Neg) d95923ea-2a75-4757-a86c-99d425e3974a:92:232
2026-10-04 18:51:34.267999 [V:onnxruntime:, session_state.cc:1385 VerifyEachNodeIsAssignedToAnEp]   Neg (/model/layers.25/self_attn/Neg_1) d95923ea-2a75-4757-a86c-99d425e3974a:92:232
2026-10-04 18:51:34.267999 [V:onnxruntime:, session_state.cc:1385 VerifyEachNodeIsAssignedToAnEp]   Concat (/model/layers.25/self_attn/Concat_3) d95923ea-2a75-4757-a86c-99d425e3974a:92:232
2026-10-04 18:51:34.267999 [V:onnxruntime:, session_state.cc:1385 VerifyEachNodeIsAssignedToAnEp]   Concat (/model/layers.25/self_attn/Concat_4) d95923ea-2a75-4757-a86c-99d425e3974a:92:232
2026-10-04 18:51:34.267999 [V:onnxruntime:, session_state.cc:1385 VerifyEachNodeIsAssignedToAnEp]   Mul (/model/layers.25/self_attn/Mul_1) d95923ea-2a75-4757-a86c-99d425e3974a:92:232
2026-10-04 18:51:34.269000 [V:onnxruntime:, session_state.cc:1385 VerifyEachNodeIsAssignedToAnEp]   Mul (/model/layers.25/self_attn/Mul_3) d95923ea-2a75-4757-a86c-99d425e3974a:92:232
2026-10-04 18:51:34.269000 [V:onnxruntime:, session_state.cc:1385 VerifyEachNodeIsAssignedToAnEp]   Add (/model/layers.25/self_attn/Add) d95923ea-2a75-4757-a86c-99d425e3974a:92:232
2026-10-04 18:51:34.269000 [V:onnxruntime:, session_state.cc:1385 VerifyEachNodeIsAssignedToAnEp]   Add (/model/layers.25/self_attn/Add_1) d95923ea-2a75-4757-a86c-99d425e3974a:92:232
2026-10-04 18:51:34.269000 [V:onnxruntime:, session_state.cc:1385 VerifyEachNodeIsAssignedToAnEp]   Concat (/model/layers.25/self_attn/Concat_5) d95923ea-2a75-4757-a86c-99d425e3974a:92:232
2026-10-04 18:51:34.269000 [V:onnxruntime:, session_state.cc:1385 VerifyEachNodeIsAssignedToAnEp]   Mul (/model/layers.25/self_attn/Mul_8) d95923ea-2a75-4757-a86c-99d425e3974a:92:232
2026-10-04 18:51:34.269000 [V:onnxruntime:, session_state.cc:1385 VerifyEachNodeIsAssignedToAnEp]   Shape (/model/layers.25/self_attn/Shape_4) d95923ea-2a75-4757-a86c-99d425e3974a:92:232
2026-10-04 18:51:34.269000 [V:onnxruntime:, session_state.cc:1385 VerifyEachNodeIsAssignedToAnEp]   Unsqueeze (/model/layers.25/self_attn/Unsqueeze_10) d95923ea-2a75-4757-a86c-99d425e3974a:92:232
2026-10-04 18:51:34.270000 [V:onnxruntime:, session_state.cc:1385 VerifyEachNodeIsAssignedToAnEp]   Expand (/model/layers.25/self_attn/Expand_1) d95923ea-2a75-4757-a86c-99d425e3974a:92:232
2026-10-04 18:51:34.270000 [V:onnxruntime:, session_state.cc:1385 VerifyEachNodeIsAssignedToAnEp]   Reshape (/model/layers.25/self_attn/Reshape_6) d95923ea-2a75-4757-a86c-99d425e3974a:92:232
2026-10-04 18:51:34.270000 [V:onnxruntime:, session_state.cc:1385 VerifyEachNodeIsAssignedToAnEp]   Expand (/model/layers.25/self_attn/Expand) d95923ea-2a75-4757-a86c-99d425e3974a:92:232
2026-10-04 18:51:34.270000 [V:onnxruntime:, session_state.cc:1385 VerifyEachNodeIsAssignedToAnEp]   Reshape (/model/layers.25/self_attn/Reshape_4) d95923ea-2a75-4757-a86c-99d425e3974a:92:232
2026-10-04 18:51:34.270000 [V:onnxruntime:, session_state.cc:1385 VerifyEachNodeIsAssignedToAnEp]   Shape (/model/layers.25/self_attn/Shape_14) d95923ea-2a75-4757-a86c-99d425e3974a:92:232
2026-10-04 18:51:34.270000 [V:onnxruntime:, session_state.cc:1385 VerifyEachNodeIsAssignedToAnEp]   Transpose (/model/layers.25/self_attn/Transpose_3) d95923ea-2a75-4757-a86c-99d425e3974a:92:232
2026-10-04 18:51:34.270000 [V:onnxruntime:, session_state.cc:1385 VerifyEachNodeIsAssignedToAnEp]   Mul (/model/layers.25/self_attn/Mul_9) d95923ea-2a75-4757-a86c-99d425e3974a:92:232
2026-10-04 18:51:34.271000 [V:onnxruntime:, session_state.cc:1385 VerifyEachNodeIsAssignedToAnEp]   MatMul (/model/layers.25/self_attn/MatMul) d95923ea-2a75-4757-a86c-99d425e3974a:92:232
2026-10-04 18:51:34.271000 [V:onnxruntime:, session_state.cc:1385 VerifyEachNodeIsAssignedToAnEp]   Slice (/model/layers.25/self_attn/Slice_4) d95923ea-2a75-4757-a86c-99d425e3974a:92:232
2026-10-04 18:51:34.271999 [V:onnxruntime:, session_state.cc:1385 VerifyEachNodeIsAssignedToAnEp]   Add (/model/layers.25/self_attn/Add_2) d95923ea-2a75-4757-a86c-99d425e3974a:92:232
2026-10-04 18:51:34.271999 [V:onnxruntime:, session_state.cc:1385 VerifyEachNodeIsAssignedToAnEp]   Softmax (/model/layers.25/self_attn/Softmax) d95923ea-2a75-4757-a86c-99d425e3974a:92:232
2026-10-04 18:51:34.271999 [V:onnxruntime:, session_state.cc:1385 VerifyEachNodeIsAssignedToAnEp]   MatMul (/model/layers.25/self_attn/MatMul_1) d95923ea-2a75-4757-a86c-99d425e3974a:92:232
2026-10-04 18:51:34.271999 [V:onnxruntime:, session_state.cc:1385 VerifyEachNodeIsAssignedToAnEp]   Transpose (/model/layers.25/self_attn/Transpose_4) d95923ea-2a75-4757-a86c-99d425e3974a:92:232
2026-10-04 18:51:34.271999 [V:onnxruntime:, session_state.cc:1385 VerifyEachNodeIsAssignedToAnEp]   Reshape (/model/layers.25/self_attn/Reshape_7) d95923ea-2a75-4757-a86c-99d425e3974a:92:232
2026-10-04 18:51:34.272999 [V:onnxruntime:, session_state.cc:1385 VerifyEachNodeIsAssignedToAnEp]   MatMulNBits (/model/layers.25/self_attn/o_proj/MatMul_Q4) d95923ea-2a75-4757-a86c-99d425e3974a:92:232
2026-10-04 18:51:34.272999 [V:onnxruntime:, session_state.cc:1385 VerifyEachNodeIsAssignedToAnEp]   Add (/model/layers.25/Add) d95923ea-2a75-4757-a86c-99d425e3974a:92:232
2026-10-04 18:51:34.272999 [V:onnxruntime:, session_state.cc:1385 VerifyEachNodeIsAssignedToAnEp]   Pow (/model/layers.25/post_attention_layernorm/Pow) d95923ea-2a75-4757-a86c-99d425e3974a:92:232
2026-10-04 18:51:34.272999 [V:onnxruntime:, session_state.cc:1385 VerifyEachNodeIsAssignedToAnEp]   ReduceMean (/model/layers.25/post_attention_layernorm/ReduceMean) d95923ea-2a75-4757-a86c-99d425e3974a:92:232
2026-10-04 18:51:34.272999 [V:onnxruntime:, session_state.cc:1385 VerifyEachNodeIsAssignedToAnEp]   Add (/model/layers.25/post_attention_layernorm/Add) d95923ea-2a75-4757-a86c-99d425e3974a:92:232
2026-10-04 18:51:34.272999 [V:onnxruntime:, session_state.cc:1385 VerifyEachNodeIsAssignedToAnEp]   Sqrt (/model/layers.25/post_attention_layernorm/Sqrt) d95923ea-2a75-4757-a86c-99d425e3974a:92:232
2026-10-04 18:51:34.272999 [V:onnxruntime:, session_state.cc:1385 VerifyEachNodeIsAssignedToAnEp]   Div (/model/layers.25/post_attention_layernorm/Div) d95923ea-2a75-4757-a86c-99d425e3974a:92:232
2026-10-04 18:51:34.274000 [V:onnxruntime:, session_state.cc:1385 VerifyEachNodeIsAssignedToAnEp]   Mul (/model/layers.25/post_attention_layernorm/Mul_1) d95923ea-2a75-4757-a86c-99d425e3974a:92:232
2026-10-04 18:51:34.274000 [V:onnxruntime:, session_state.cc:1385 VerifyEachNodeIsAssignedToAnEp]   MatMulNBits (/model/layers.25/mlp/gate_proj/MatMul_Q4) d95923ea-2a75-4757-a86c-99d425e3974a:92:232
2026-10-04 18:51:34.274000 [V:onnxruntime:, session_state.cc:1385 VerifyEachNodeIsAssignedToAnEp]   MatMulNBits (/model/layers.25/mlp/up_proj/MatMul_Q4) d95923ea-2a75-4757-a86c-99d425e3974a:92:232
2026-10-04 18:51:34.274000 [V:onnxruntime:, session_state.cc:1385 VerifyEachNodeIsAssignedToAnEp]   Mul (/model/layers.25/mlp/Mul) d95923ea-2a75-4757-a86c-99d425e3974a:92:232
2026-10-04 18:51:34.274000 [V:onnxruntime:, session_state.cc:1385 VerifyEachNodeIsAssignedToAnEp]   MatMulNBits (/model/layers.25/mlp/down_proj/MatMul_Q4) d95923ea-2a75-4757-a86c-99d425e3974a:92:232
2026-10-04 18:51:34.274000 [V:onnxruntime:, session_state.cc:1385 VerifyEachNodeIsAssignedToAnEp]   Add (/model/layers.25/Add_1) d95923ea-2a75-4757-a86c-99d425e3974a:92:232
2026-10-04 18:51:34.274000 [V:onnxruntime:, session_state.cc:1385 VerifyEachNodeIsAssignedToAnEp]   Pow (/model/layers.26/input_layernorm/Pow) d95923ea-2a75-4757-a86c-99d425e3974a:92:232
2026-10-04 18:51:34.275000 [V:onnxruntime:, session_state.cc:1385 VerifyEachNodeIsAssignedToAnEp]   ReduceMean (/model/layers.26/input_layernorm/ReduceMean) d95923ea-2a75-4757-a86c-99d425e3974a:92:232
2026-10-04 18:51:34.275000 [V:onnxruntime:, session_state.cc:1385 VerifyEachNodeIsAssignedToAnEp]   Add (/model/layers.26/input_layernorm/Add) d95923ea-2a75-4757-a86c-99d425e3974a:92:232
2026-10-04 18:51:34.275000 [V:onnxruntime:, session_state.cc:1385 VerifyEachNodeIsAssignedToAnEp]   Sqrt (/model/layers.26/input_layernorm/Sqrt) d95923ea-2a75-4757-a86c-99d425e3974a:92:232
2026-10-04 18:51:34.275000 [V:onnxruntime:, session_state.cc:1385 VerifyEachNodeIsAssignedToAnEp]   Div (/model/layers.26/input_layernorm/Div) d95923ea-2a75-4757-a86c-99d425e3974a:92:232
2026-10-04 18:51:34.275000 [V:onnxruntime:, session_state.cc:1385 VerifyEachNodeIsAssignedToAnEp]   Mul (/model/layers.26/input_layernorm/Mul_1) d95923ea-2a75-4757-a86c-99d425e3974a:92:232
2026-10-04 18:51:34.275000 [V:onnxruntime:, session_state.cc:1385 VerifyEachNodeIsAssignedToAnEp]   Shape (/model/layers.26/self_attn/Shape) d95923ea-2a75-4757-a86c-99d425e3974a:92:232
2026-10-04 18:51:34.275999 [V:onnxruntime:, session_state.cc:1385 VerifyEachNodeIsAssignedToAnEp]   MatMulNBits (/model/layers.26/self_attn/q_proj/MatMul_Q4) d95923ea-2a75-4757-a86c-99d425e3974a:92:232
2026-10-04 18:51:34.275999 [V:onnxruntime:, session_state.cc:1385 VerifyEachNodeIsAssignedToAnEp]   MatMulNBits (/model/layers.26/self_attn/k_proj/MatMul_Q4) d95923ea-2a75-4757-a86c-99d425e3974a:92:232
2026-10-04 18:51:34.275999 [V:onnxruntime:, session_state.cc:1385 VerifyEachNodeIsAssignedToAnEp]   MatMulNBits (/model/layers.26/self_attn/v_proj/MatMul_Q4) d95923ea-2a75-4757-a86c-99d425e3974a:92:232
2026-10-04 18:51:34.275999 [V:onnxruntime:, session_state.cc:1385 VerifyEachNodeIsAssignedToAnEp]   Reshape (/model/layers.26/self_attn/Reshape) d95923ea-2a75-4757-a86c-99d425e3974a:92:232
2026-10-04 18:51:34.275999 [V:onnxruntime:, session_state.cc:1385 VerifyEachNodeIsAssignedToAnEp]   Reshape (/model/layers.26/self_attn/Reshape_1) d95923ea-2a75-4757-a86c-99d425e3974a:92:232
2026-10-04 18:51:34.275999 [V:onnxruntime:, session_state.cc:1385 VerifyEachNodeIsAssignedToAnEp]   Reshape (/model/layers.26/self_attn/Reshape_2) d95923ea-2a75-4757-a86c-99d425e3974a:92:232
2026-10-04 18:51:34.275999 [V:onnxruntime:, session_state.cc:1385 VerifyEachNodeIsAssignedToAnEp]   Transpose (/model/layers.26/self_attn/Transpose) d95923ea-2a75-4757-a86c-99d425e3974a:92:232
2026-10-04 18:51:34.277000 [V:onnxruntime:, session_state.cc:1385 VerifyEachNodeIsAssignedToAnEp]   Transpose (/model/layers.26/self_attn/Transpose_1) d95923ea-2a75-4757-a86c-99d425e3974a:92:232
2026-10-04 18:51:34.277000 [V:onnxruntime:, session_state.cc:1385 VerifyEachNodeIsAssignedToAnEp]   Transpose (/model/layers.26/self_attn/Transpose_2) d95923ea-2a75-4757-a86c-99d425e3974a:92:232
2026-10-04 18:51:34.277000 [V:onnxruntime:, session_state.cc:1385 VerifyEachNodeIsAssignedToAnEp]   Mul (/model/layers.26/self_attn/Mul) d95923ea-2a75-4757-a86c-99d425e3974a:92:232
2026-10-04 18:51:34.277000 [V:onnxruntime:, session_state.cc:1385 VerifyEachNodeIsAssignedToAnEp]   Mul (/model/layers.26/self_attn/Mul_2) d95923ea-2a75-4757-a86c-99d425e3974a:92:232
2026-10-04 18:51:34.277000 [V:onnxruntime:, session_state.cc:1385 VerifyEachNodeIsAssignedToAnEp]   Concat (/model/layers.26/self_attn/Concat_6) d95923ea-2a75-4757-a86c-99d425e3974a:92:232
2026-10-04 18:51:34.277000 [V:onnxruntime:, session_state.cc:1385 VerifyEachNodeIsAssignedToAnEp]   Slice (/model/layers.26/self_attn/Slice) d95923ea-2a75-4757-a86c-99d425e3974a:92:232
2026-10-04 18:51:34.277000 [V:onnxruntime:, session_state.cc:1385 VerifyEachNodeIsAssignedToAnEp]   Slice (/model/layers.26/self_attn/Slice_1) d95923ea-2a75-4757-a86c-99d425e3974a:92:232
2026-10-04 18:51:34.277000 [V:onnxruntime:, session_state.cc:1385 VerifyEachNodeIsAssignedToAnEp]   Slice (/model/layers.26/self_attn/Slice_2) d95923ea-2a75-4757-a86c-99d425e3974a:92:232
2026-10-04 18:51:34.278000 [V:onnxruntime:, session_state.cc:1385 VerifyEachNodeIsAssignedToAnEp]   Slice (/model/layers.26/self_attn/Slice_3) d95923ea-2a75-4757-a86c-99d425e3974a:92:232
2026-10-04 18:51:34.278000 [V:onnxruntime:, session_state.cc:1385 VerifyEachNodeIsAssignedToAnEp]   Shape (/model/layers.26/self_attn/Shape_9) d95923ea-2a75-4757-a86c-99d425e3974a:92:232
2026-10-04 18:51:34.278000 [V:onnxruntime:, session_state.cc:1385 VerifyEachNodeIsAssignedToAnEp]   Unsqueeze (/model/layers.26/self_attn/Unsqueeze_19) d95923ea-2a75-4757-a86c-99d425e3974a:92:232
2026-10-04 18:51:34.278000 [V:onnxruntime:, session_state.cc:1385 VerifyEachNodeIsAssignedToAnEp]   Neg (/model/layers.26/self_attn/Neg) d95923ea-2a75-4757-a86c-99d425e3974a:92:232
2026-10-04 18:51:34.278000 [V:onnxruntime:, session_state.cc:1385 VerifyEachNodeIsAssignedToAnEp]   Neg (/model/layers.26/self_attn/Neg_1) d95923ea-2a75-4757-a86c-99d425e3974a:92:232
2026-10-04 18:51:34.278000 [V:onnxruntime:, session_state.cc:1385 VerifyEachNodeIsAssignedToAnEp]   Concat (/model/layers.26/self_attn/Concat_3) d95923ea-2a75-4757-a86c-99d425e3974a:92:232
2026-10-04 18:51:34.278000 [V:onnxruntime:, session_state.cc:1385 VerifyEachNodeIsAssignedToAnEp]   Concat (/model/layers.26/self_attn/Concat_4) d95923ea-2a75-4757-a86c-99d425e3974a:92:232
2026-10-04 18:51:34.279000 [V:onnxruntime:, session_state.cc:1385 VerifyEachNodeIsAssignedToAnEp]   Mul (/model/layers.26/self_attn/Mul_1) d95923ea-2a75-4757-a86c-99d425e3974a:92:232
2026-10-04 18:51:34.279000 [V:onnxruntime:, session_state.cc:1385 VerifyEachNodeIsAssignedToAnEp]   Mul (/model/layers.26/self_attn/Mul_3) d95923ea-2a75-4757-a86c-99d425e3974a:92:232
2026-10-04 18:51:34.279000 [V:onnxruntime:, session_state.cc:1385 VerifyEachNodeIsAssignedToAnEp]   Add (/model/layers.26/self_attn/Add) d95923ea-2a75-4757-a86c-99d425e3974a:92:232
2026-10-04 18:51:34.279000 [V:onnxruntime:, session_state.cc:1385 VerifyEachNodeIsAssignedToAnEp]   Add (/model/layers.26/self_attn/Add_1) d95923ea-2a75-4757-a86c-99d425e3974a:92:232
2026-10-04 18:51:34.279000 [V:onnxruntime:, session_state.cc:1385 VerifyEachNodeIsAssignedToAnEp]   Concat (/model/layers.26/self_attn/Concat_5) d95923ea-2a75-4757-a86c-99d425e3974a:92:232
2026-10-04 18:51:34.279000 [V:onnxruntime:, session_state.cc:1385 VerifyEachNodeIsAssignedToAnEp]   Mul (/model/layers.26/self_attn/Mul_8) d95923ea-2a75-4757-a86c-99d425e3974a:92:232
2026-10-04 18:51:34.279000 [V:onnxruntime:, session_state.cc:1385 VerifyEachNodeIsAssignedToAnEp]   Shape (/model/layers.26/self_attn/Shape_4) d95923ea-2a75-4757-a86c-99d425e3974a:92:232
2026-10-04 18:51:34.279000 [V:onnxruntime:, session_state.cc:1385 VerifyEachNodeIsAssignedToAnEp]   Unsqueeze (/model/layers.26/self_attn/Unsqueeze_10) d95923ea-2a75-4757-a86c-99d425e3974a:92:232
2026-10-04 18:51:34.279000 [V:onnxruntime:, session_state.cc:1385 VerifyEachNodeIsAssignedToAnEp]   Expand (/model/layers.26/self_attn/Expand_1) d95923ea-2a75-4757-a86c-99d425e3974a:92:232
2026-10-04 18:51:34.279999 [V:onnxruntime:, session_state.cc:1385 VerifyEachNodeIsAssignedToAnEp]   Reshape (/model/layers.26/self_attn/Reshape_6) d95923ea-2a75-4757-a86c-99d425e3974a:92:232
2026-10-04 18:51:34.279999 [V:onnxruntime:, session_state.cc:1385 VerifyEachNodeIsAssignedToAnEp]   Expand (/model/layers.26/self_attn/Expand) d95923ea-2a75-4757-a86c-99d425e3974a:92:232
2026-10-04 18:51:34.279999 [V:onnxruntime:, session_state.cc:1385 VerifyEachNodeIsAssignedToAnEp]   Reshape (/model/layers.26/self_attn/Reshape_4) d95923ea-2a75-4757-a86c-99d425e3974a:92:232
2026-10-04 18:51:34.279999 [V:onnxruntime:, session_state.cc:1385 VerifyEachNodeIsAssignedToAnEp]   Shape (/model/layers.26/self_attn/Shape_14) d95923ea-2a75-4757-a86c-99d425e3974a:92:232
2026-10-04 18:51:34.279999 [V:onnxruntime:, session_state.cc:1385 VerifyEachNodeIsAssignedToAnEp]   Transpose (/model/layers.26/self_attn/Transpose_3) d95923ea-2a75-4757-a86c-99d425e3974a:92:232
2026-10-04 18:51:34.279999 [V:onnxruntime:, session_state.cc:1385 VerifyEachNodeIsAssignedToAnEp]   Mul (/model/layers.26/self_attn/Mul_9) d95923ea-2a75-4757-a86c-99d425e3974a:92:232
2026-10-04 18:51:34.279999 [V:onnxruntime:, session_state.cc:1385 VerifyEachNodeIsAssignedToAnEp]   MatMul (/model/layers.26/self_attn/MatMul) d95923ea-2a75-4757-a86c-99d425e3974a:92:232
2026-10-04 18:51:34.279999 [V:onnxruntime:, session_state.cc:1385 VerifyEachNodeIsAssignedToAnEp]   Slice (/model/layers.26/self_attn/Slice_4) d95923ea-2a75-4757-a86c-99d425e3974a:92:232
2026-10-04 18:51:34.280999 [V:onnxruntime:, session_state.cc:1385 VerifyEachNodeIsAssignedToAnEp]   Add (/model/layers.26/self_attn/Add_2) d95923ea-2a75-4757-a86c-99d425e3974a:92:232
2026-10-04 18:51:34.280999 [V:onnxruntime:, session_state.cc:1385 VerifyEachNodeIsAssignedToAnEp]   Softmax (/model/layers.26/self_attn/Softmax) d95923ea-2a75-4757-a86c-99d425e3974a:92:232
2026-10-04 18:51:34.280999 [V:onnxruntime:, session_state.cc:1385 VerifyEachNodeIsAssignedToAnEp]   MatMul (/model/layers.26/self_attn/MatMul_1) d95923ea-2a75-4757-a86c-99d425e3974a:92:232
2026-10-04 18:51:34.280999 [V:onnxruntime:, session_state.cc:1385 VerifyEachNodeIsAssignedToAnEp]   Transpose (/model/layers.26/self_attn/Transpose_4) d95923ea-2a75-4757-a86c-99d425e3974a:92:232
2026-10-04 18:51:34.280999 [V:onnxruntime:, session_state.cc:1385 VerifyEachNodeIsAssignedToAnEp]   Reshape (/model/layers.26/self_attn/Reshape_7) d95923ea-2a75-4757-a86c-99d425e3974a:92:232
2026-10-04 18:51:34.280999 [V:onnxruntime:, session_state.cc:1385 VerifyEachNodeIsAssignedToAnEp]   MatMulNBits (/model/layers.26/self_attn/o_proj/MatMul_Q4) d95923ea-2a75-4757-a86c-99d425e3974a:92:232
2026-10-04 18:51:34.280999 [V:onnxruntime:, session_state.cc:1385 VerifyEachNodeIsAssignedToAnEp]   Add (/model/layers.26/Add) d95923ea-2a75-4757-a86c-99d425e3974a:92:232
2026-10-04 18:51:34.282000 [V:onnxruntime:, session_state.cc:1385 VerifyEachNodeIsAssignedToAnEp]   Pow (/model/layers.26/post_attention_layernorm/Pow) d95923ea-2a75-4757-a86c-99d425e3974a:92:232
2026-10-04 18:51:34.282000 [V:onnxruntime:, session_state.cc:1385 VerifyEachNodeIsAssignedToAnEp]   ReduceMean (/model/layers.26/post_attention_layernorm/ReduceMean) d95923ea-2a75-4757-a86c-99d425e3974a:92:232
2026-10-04 18:51:34.282000 [V:onnxruntime:, session_state.cc:1385 VerifyEachNodeIsAssignedToAnEp]   Add (/model/layers.26/post_attention_layernorm/Add) d95923ea-2a75-4757-a86c-99d425e3974a:92:232
2026-10-04 18:51:34.282000 [V:onnxruntime:, session_state.cc:1385 VerifyEachNodeIsAssignedToAnEp]   Sqrt (/model/layers.26/post_attention_layernorm/Sqrt) d95923ea-2a75-4757-a86c-99d425e3974a:92:232
2026-10-04 18:51:34.282000 [V:onnxruntime:, session_state.cc:1385 VerifyEachNodeIsAssignedToAnEp]   Div (/model/layers.26/post_attention_layernorm/Div) d95923ea-2a75-4757-a86c-99d425e3974a:92:232
2026-10-04 18:51:34.282000 [V:onnxruntime:, session_state.cc:1385 VerifyEachNodeIsAssignedToAnEp]   Mul (/model/layers.26/post_attention_layernorm/Mul_1) d95923ea-2a75-4757-a86c-99d425e3974a:92:232
2026-10-04 18:51:34.282000 [V:onnxruntime:, session_state.cc:1385 VerifyEachNodeIsAssignedToAnEp]   MatMulNBits (/model/layers.26/mlp/gate_proj/MatMul_Q4) d95923ea-2a75-4757-a86c-99d425e3974a:92:232
2026-10-04 18:51:34.282000 [V:onnxruntime:, session_state.cc:1385 VerifyEachNodeIsAssignedToAnEp]   MatMulNBits (/model/layers.26/mlp/up_proj/MatMul_Q4) d95923ea-2a75-4757-a86c-99d425e3974a:92:232
2026-10-04 18:51:34.283000 [V:onnxruntime:, session_state.cc:1385 VerifyEachNodeIsAssignedToAnEp]   Mul (/model/layers.26/mlp/Mul) d95923ea-2a75-4757-a86c-99d425e3974a:92:232
2026-10-04 18:51:34.283000 [V:onnxruntime:, session_state.cc:1385 VerifyEachNodeIsAssignedToAnEp]   MatMulNBits (/model/layers.26/mlp/down_proj/MatMul_Q4) d95923ea-2a75-4757-a86c-99d425e3974a:92:232
2026-10-04 18:51:34.283000 [V:onnxruntime:, session_state.cc:1385 VerifyEachNodeIsAssignedToAnEp]   Add (/model/layers.26/Add_1) d95923ea-2a75-4757-a86c-99d425e3974a:92:232
2026-10-04 18:51:34.283000 [V:onnxruntime:, session_state.cc:1385 VerifyEachNodeIsAssignedToAnEp]   Pow (/model/layers.27/input_layernorm/Pow) d95923ea-2a75-4757-a86c-99d425e3974a:92:232
2026-10-04 18:51:34.283000 [V:onnxruntime:, session_state.cc:1385 VerifyEachNodeIsAssignedToAnEp]   ReduceMean (/model/layers.27/input_layernorm/ReduceMean) d95923ea-2a75-4757-a86c-99d425e3974a:92:232
2026-10-04 18:51:34.283000 [V:onnxruntime:, session_state.cc:1385 VerifyEachNodeIsAssignedToAnEp]   Add (/model/layers.27/input_layernorm/Add) d95923ea-2a75-4757-a86c-99d425e3974a:92:232
2026-10-04 18:51:34.283999 [V:onnxruntime:, session_state.cc:1385 VerifyEachNodeIsAssignedToAnEp]   Sqrt (/model/layers.27/input_layernorm/Sqrt) d95923ea-2a75-4757-a86c-99d425e3974a:92:232
2026-10-04 18:51:34.283999 [V:onnxruntime:, session_state.cc:1385 VerifyEachNodeIsAssignedToAnEp]   Div (/model/layers.27/input_layernorm/Div) d95923ea-2a75-4757-a86c-99d425e3974a:92:232
2026-10-04 18:51:34.283999 [V:onnxruntime:, session_state.cc:1385 VerifyEachNodeIsAssignedToAnEp]   Mul (/model/layers.27/input_layernorm/Mul_1) d95923ea-2a75-4757-a86c-99d425e3974a:92:232
2026-10-04 18:51:34.283999 [V:onnxruntime:, session_state.cc:1385 VerifyEachNodeIsAssignedToAnEp]   Shape (/model/layers.27/self_attn/Shape) d95923ea-2a75-4757-a86c-99d425e3974a:92:232
2026-10-04 18:51:34.283999 [V:onnxruntime:, session_state.cc:1385 VerifyEachNodeIsAssignedToAnEp]   MatMulNBits (/model/layers.27/self_attn/q_proj/MatMul_Q4) d95923ea-2a75-4757-a86c-99d425e3974a:92:232
2026-10-04 18:51:34.283999 [V:onnxruntime:, session_state.cc:1385 VerifyEachNodeIsAssignedToAnEp]   MatMulNBits (/model/layers.27/self_attn/k_proj/MatMul_Q4) d95923ea-2a75-4757-a86c-99d425e3974a:92:232
2026-10-04 18:51:34.283999 [V:onnxruntime:, session_state.cc:1385 VerifyEachNodeIsAssignedToAnEp]   MatMulNBits (/model/layers.27/self_attn/v_proj/MatMul_Q4) d95923ea-2a75-4757-a86c-99d425e3974a:92:232
2026-10-04 18:51:34.285000 [V:onnxruntime:, session_state.cc:1385 VerifyEachNodeIsAssignedToAnEp]   Reshape (/model/layers.27/self_attn/Reshape) d95923ea-2a75-4757-a86c-99d425e3974a:92:232
2026-10-04 18:51:34.285000 [V:onnxruntime:, session_state.cc:1385 VerifyEachNodeIsAssignedToAnEp]   Reshape (/model/layers.27/self_attn/Reshape_1) d95923ea-2a75-4757-a86c-99d425e3974a:92:232
2026-10-04 18:51:34.285000 [V:onnxruntime:, session_state.cc:1385 VerifyEachNodeIsAssignedToAnEp]   Reshape (/model/layers.27/self_attn/Reshape_2) d95923ea-2a75-4757-a86c-99d425e3974a:92:232
2026-10-04 18:51:34.285000 [V:onnxruntime:, session_state.cc:1385 VerifyEachNodeIsAssignedToAnEp]   Transpose (/model/layers.27/self_attn/Transpose) d95923ea-2a75-4757-a86c-99d425e3974a:92:232
2026-10-04 18:51:34.285000 [V:onnxruntime:, session_state.cc:1385 VerifyEachNodeIsAssignedToAnEp]   Transpose (/model/layers.27/self_attn/Transpose_1) d95923ea-2a75-4757-a86c-99d425e3974a:92:232
2026-10-04 18:51:34.286000 [V:onnxruntime:, session_state.cc:1385 VerifyEachNodeIsAssignedToAnEp]   Transpose (/model/layers.27/self_attn/Transpose_2) d95923ea-2a75-4757-a86c-99d425e3974a:92:232
2026-10-04 18:51:34.286000 [V:onnxruntime:, session_state.cc:1385 VerifyEachNodeIsAssignedToAnEp]   Mul (/model/layers.27/self_attn/Mul) d95923ea-2a75-4757-a86c-99d425e3974a:92:232
2026-10-04 18:51:34.286000 [V:onnxruntime:, session_state.cc:1385 VerifyEachNodeIsAssignedToAnEp]   Mul (/model/layers.27/self_attn/Mul_2) d95923ea-2a75-4757-a86c-99d425e3974a:92:232
2026-10-04 18:51:34.286000 [V:onnxruntime:, session_state.cc:1385 VerifyEachNodeIsAssignedToAnEp]   Concat (/model/layers.27/self_attn/Concat_6) d95923ea-2a75-4757-a86c-99d425e3974a:92:232
2026-10-04 18:51:34.287000 [V:onnxruntime:, session_state.cc:1385 VerifyEachNodeIsAssignedToAnEp]   Slice (/model/layers.27/self_attn/Slice) d95923ea-2a75-4757-a86c-99d425e3974a:92:232
2026-10-04 18:51:34.287000 [V:onnxruntime:, session_state.cc:1385 VerifyEachNodeIsAssignedToAnEp]   Slice (/model/layers.27/self_attn/Slice_1) d95923ea-2a75-4757-a86c-99d425e3974a:92:232
2026-10-04 18:51:34.287000 [V:onnxruntime:, session_state.cc:1385 VerifyEachNodeIsAssignedToAnEp]   Slice (/model/layers.27/self_attn/Slice_2) d95923ea-2a75-4757-a86c-99d425e3974a:92:232
2026-10-04 18:51:34.287000 [V:onnxruntime:, session_state.cc:1385 VerifyEachNodeIsAssignedToAnEp]   Slice (/model/layers.27/self_attn/Slice_3) d95923ea-2a75-4757-a86c-99d425e3974a:92:232
2026-10-04 18:51:34.287000 [V:onnxruntime:, session_state.cc:1385 VerifyEachNodeIsAssignedToAnEp]   Shape (/model/layers.27/self_attn/Shape_9) d95923ea-2a75-4757-a86c-99d425e3974a:92:232
2026-10-04 18:51:34.287999 [V:onnxruntime:, session_state.cc:1385 VerifyEachNodeIsAssignedToAnEp]   Unsqueeze (/model/layers.27/self_attn/Unsqueeze_19) d95923ea-2a75-4757-a86c-99d425e3974a:92:232
2026-10-04 18:51:34.287999 [V:onnxruntime:, session_state.cc:1385 VerifyEachNodeIsAssignedToAnEp]   Neg (/model/layers.27/self_attn/Neg) d95923ea-2a75-4757-a86c-99d425e3974a:92:232
2026-10-04 18:51:34.287999 [V:onnxruntime:, session_state.cc:1385 VerifyEachNodeIsAssignedToAnEp]   Neg (/model/layers.27/self_attn/Neg_1) d95923ea-2a75-4757-a86c-99d425e3974a:92:232
2026-10-04 18:51:34.287999 [V:onnxruntime:, session_state.cc:1385 VerifyEachNodeIsAssignedToAnEp]   Concat (/model/layers.27/self_attn/Concat_3) d95923ea-2a75-4757-a86c-99d425e3974a:92:232
2026-10-04 18:51:34.287999 [V:onnxruntime:, session_state.cc:1385 VerifyEachNodeIsAssignedToAnEp]   Concat (/model/layers.27/self_attn/Concat_4) d95923ea-2a75-4757-a86c-99d425e3974a:92:232
2026-10-04 18:51:34.287999 [V:onnxruntime:, session_state.cc:1385 VerifyEachNodeIsAssignedToAnEp]   Mul (/model/layers.27/self_attn/Mul_1) d95923ea-2a75-4757-a86c-99d425e3974a:92:232
2026-10-04 18:51:34.288999 [V:onnxruntime:, session_state.cc:1385 VerifyEachNodeIsAssignedToAnEp]   Mul (/model/layers.27/self_attn/Mul_3) d95923ea-2a75-4757-a86c-99d425e3974a:92:232
2026-10-04 18:51:34.288999 [V:onnxruntime:, session_state.cc:1385 VerifyEachNodeIsAssignedToAnEp]   Add (/model/layers.27/self_attn/Add) d95923ea-2a75-4757-a86c-99d425e3974a:92:232
2026-10-04 18:51:34.288999 [V:onnxruntime:, session_state.cc:1385 VerifyEachNodeIsAssignedToAnEp]   Add (/model/layers.27/self_attn/Add_1) d95923ea-2a75-4757-a86c-99d425e3974a:92:232
2026-10-04 18:51:34.288999 [V:onnxruntime:, session_state.cc:1385 VerifyEachNodeIsAssignedToAnEp]   Concat (/model/layers.27/self_attn/Concat_5) d95923ea-2a75-4757-a86c-99d425e3974a:92:232
2026-10-04 18:51:34.288999 [V:onnxruntime:, session_state.cc:1385 VerifyEachNodeIsAssignedToAnEp]   Mul (/model/layers.27/self_attn/Mul_8) d95923ea-2a75-4757-a86c-99d425e3974a:92:232
2026-10-04 18:51:34.290000 [V:onnxruntime:, session_state.cc:1385 VerifyEachNodeIsAssignedToAnEp]   Shape (/model/layers.27/self_attn/Shape_4) d95923ea-2a75-4757-a86c-99d425e3974a:92:232
2026-10-04 18:51:34.290000 [V:onnxruntime:, session_state.cc:1385 VerifyEachNodeIsAssignedToAnEp]   Unsqueeze (/model/layers.27/self_attn/Unsqueeze_10) d95923ea-2a75-4757-a86c-99d425e3974a:92:232
2026-10-04 18:51:34.291000 [V:onnxruntime:, session_state.cc:1385 VerifyEachNodeIsAssignedToAnEp]   Expand (/model/layers.27/self_attn/Expand_1) d95923ea-2a75-4757-a86c-99d425e3974a:92:232
2026-10-04 18:51:34.291000 [V:onnxruntime:, session_state.cc:1385 VerifyEachNodeIsAssignedToAnEp]   Reshape (/model/layers.27/self_attn/Reshape_6) d95923ea-2a75-4757-a86c-99d425e3974a:92:232
2026-10-04 18:51:34.291000 [V:onnxruntime:, session_state.cc:1385 VerifyEachNodeIsAssignedToAnEp]   Expand (/model/layers.27/self_attn/Expand) d95923ea-2a75-4757-a86c-99d425e3974a:92:232
2026-10-04 18:51:34.291999 [V:onnxruntime:, session_state.cc:1385 VerifyEachNodeIsAssignedToAnEp]   Reshape (/model/layers.27/self_attn/Reshape_4) d95923ea-2a75-4757-a86c-99d425e3974a:92:232
2026-10-04 18:51:34.291999 [V:onnxruntime:, session_state.cc:1385 VerifyEachNodeIsAssignedToAnEp]   Shape (/model/layers.27/self_attn/Shape_14) d95923ea-2a75-4757-a86c-99d425e3974a:92:232
2026-10-04 18:51:34.291999 [V:onnxruntime:, session_state.cc:1385 VerifyEachNodeIsAssignedToAnEp]   Transpose (/model/layers.27/self_attn/Transpose_3) d95923ea-2a75-4757-a86c-99d425e3974a:92:232
2026-10-04 18:51:34.293000 [V:onnxruntime:, session_state.cc:1385 VerifyEachNodeIsAssignedToAnEp]   Mul (/model/layers.27/self_attn/Mul_9) d95923ea-2a75-4757-a86c-99d425e3974a:92:232
2026-10-04 18:51:34.293000 [V:onnxruntime:, session_state.cc:1385 VerifyEachNodeIsAssignedToAnEp]   MatMul (/model/layers.27/self_attn/MatMul) d95923ea-2a75-4757-a86c-99d425e3974a:92:232
2026-10-04 18:51:34.293000 [V:onnxruntime:, session_state.cc:1385 VerifyEachNodeIsAssignedToAnEp]   Slice (/model/layers.27/self_attn/Slice_4) d95923ea-2a75-4757-a86c-99d425e3974a:92:232
2026-10-04 18:51:34.294000 [V:onnxruntime:, session_state.cc:1385 VerifyEachNodeIsAssignedToAnEp]   Add (/model/layers.27/self_attn/Add_2) d95923ea-2a75-4757-a86c-99d425e3974a:92:232
2026-10-04 18:51:34.294000 [V:onnxruntime:, session_state.cc:1385 VerifyEachNodeIsAssignedToAnEp]   Softmax (/model/layers.27/self_attn/Softmax) d95923ea-2a75-4757-a86c-99d425e3974a:92:232
2026-10-04 18:51:34.294000 [V:onnxruntime:, session_state.cc:1385 VerifyEachNodeIsAssignedToAnEp]   MatMul (/model/layers.27/self_attn/MatMul_1) d95923ea-2a75-4757-a86c-99d425e3974a:92:232
2026-10-04 18:51:34.295000 [V:onnxruntime:, session_state.cc:1385 VerifyEachNodeIsAssignedToAnEp]   Transpose (/model/layers.27/self_attn/Transpose_4) d95923ea-2a75-4757-a86c-99d425e3974a:92:232
2026-10-04 18:51:34.295000 [V:onnxruntime:, session_state.cc:1385 VerifyEachNodeIsAssignedToAnEp]   Reshape (/model/layers.27/self_attn/Reshape_7) d95923ea-2a75-4757-a86c-99d425e3974a:92:232
2026-10-04 18:51:34.295000 [V:onnxruntime:, session_state.cc:1385 VerifyEachNodeIsAssignedToAnEp]   MatMulNBits (/model/layers.27/self_attn/o_proj/MatMul_Q4) d95923ea-2a75-4757-a86c-99d425e3974a:92:232
2026-10-04 18:51:34.295000 [V:onnxruntime:, session_state.cc:1385 VerifyEachNodeIsAssignedToAnEp]   Add (/model/layers.27/Add) d95923ea-2a75-4757-a86c-99d425e3974a:92:232
2026-10-04 18:51:34.295999 [V:onnxruntime:, session_state.cc:1385 VerifyEachNodeIsAssignedToAnEp]   Pow (/model/layers.27/post_attention_layernorm/Pow) d95923ea-2a75-4757-a86c-99d425e3974a:92:232
2026-10-04 18:51:34.296999 [V:onnxruntime:, session_state.cc:1385 VerifyEachNodeIsAssignedToAnEp]   ReduceMean (/model/layers.27/post_attention_layernorm/ReduceMean) d95923ea-2a75-4757-a86c-99d425e3974a:92:232
2026-10-04 18:51:34.296999 [V:onnxruntime:, session_state.cc:1385 VerifyEachNodeIsAssignedToAnEp]   Add (/model/layers.27/post_attention_layernorm/Add) d95923ea-2a75-4757-a86c-99d425e3974a:92:232
2026-10-04 18:51:34.296999 [V:onnxruntime:, session_state.cc:1385 VerifyEachNodeIsAssignedToAnEp]   Sqrt (/model/layers.27/post_attention_layernorm/Sqrt) d95923ea-2a75-4757-a86c-99d425e3974a:92:232
2026-10-04 18:51:34.298000 [V:onnxruntime:, session_state.cc:1385 VerifyEachNodeIsAssignedToAnEp]   Div (/model/layers.27/post_attention_layernorm/Div) d95923ea-2a75-4757-a86c-99d425e3974a:92:232
2026-10-04 18:51:34.298000 [V:onnxruntime:, session_state.cc:1385 VerifyEachNodeIsAssignedToAnEp]   Mul (/model/layers.27/post_attention_layernorm/Mul_1) d95923ea-2a75-4757-a86c-99d425e3974a:92:232
2026-10-04 18:51:34.298000 [V:onnxruntime:, session_state.cc:1385 VerifyEachNodeIsAssignedToAnEp]   MatMulNBits (/model/layers.27/mlp/gate_proj/MatMul_Q4) d95923ea-2a75-4757-a86c-99d425e3974a:92:232
2026-10-04 18:51:34.299000 [V:onnxruntime:, session_state.cc:1385 VerifyEachNodeIsAssignedToAnEp]   MatMulNBits (/model/layers.27/mlp/up_proj/MatMul_Q4) d95923ea-2a75-4757-a86c-99d425e3974a:92:232
2026-10-04 18:51:34.299000 [V:onnxruntime:, session_state.cc:1385 VerifyEachNodeIsAssignedToAnEp]   Mul (/model/layers.27/mlp/Mul) d95923ea-2a75-4757-a86c-99d425e3974a:92:232
2026-10-04 18:51:34.299000 [V:onnxruntime:, session_state.cc:1385 VerifyEachNodeIsAssignedToAnEp]   MatMulNBits (/model/layers.27/mlp/down_proj/MatMul_Q4) d95923ea-2a75-4757-a86c-99d425e3974a:92:232
2026-10-04 18:51:34.299999 [V:onnxruntime:, session_state.cc:1385 VerifyEachNodeIsAssignedToAnEp]   Add (/model/layers.27/Add_1) d95923ea-2a75-4757-a86c-99d425e3974a:92:232
2026-10-04 18:51:34.299999 [V:onnxruntime:, session_state.cc:1385 VerifyEachNodeIsAssignedToAnEp]   Pow (/model/layers.28/input_layernorm/Pow) d95923ea-2a75-4757-a86c-99d425e3974a:92:232
2026-10-04 18:51:34.301000 [V:onnxruntime:, session_state.cc:1385 VerifyEachNodeIsAssignedToAnEp]   ReduceMean (/model/layers.28/input_layernorm/ReduceMean) d95923ea-2a75-4757-a86c-99d425e3974a:92:232
2026-10-04 18:51:34.301000 [V:onnxruntime:, session_state.cc:1385 VerifyEachNodeIsAssignedToAnEp]   Add (/model/layers.28/input_layernorm/Add) d95923ea-2a75-4757-a86c-99d425e3974a:92:232
2026-10-04 18:51:34.301000 [V:onnxruntime:, session_state.cc:1385 VerifyEachNodeIsAssignedToAnEp]   Sqrt (/model/layers.28/input_layernorm/Sqrt) d95923ea-2a75-4757-a86c-99d425e3974a:92:232
2026-10-04 18:51:34.301000 [V:onnxruntime:, session_state.cc:1385 VerifyEachNodeIsAssignedToAnEp]   Div (/model/layers.28/input_layernorm/Div) d95923ea-2a75-4757-a86c-99d425e3974a:92:232
2026-10-04 18:51:34.301000 [V:onnxruntime:, session_state.cc:1385 VerifyEachNodeIsAssignedToAnEp]   Mul (/model/layers.28/input_layernorm/Mul_1) d95923ea-2a75-4757-a86c-99d425e3974a:92:232
2026-10-04 18:51:34.301000 [V:onnxruntime:, session_state.cc:1385 VerifyEachNodeIsAssignedToAnEp]   Shape (/model/layers.28/self_attn/Shape) d95923ea-2a75-4757-a86c-99d425e3974a:92:232
2026-10-04 18:51:34.302000 [V:onnxruntime:, session_state.cc:1385 VerifyEachNodeIsAssignedToAnEp]   MatMulNBits (/model/layers.28/self_attn/q_proj/MatMul_Q4) d95923ea-2a75-4757-a86c-99d425e3974a:92:232
2026-10-04 18:51:34.302000 [V:onnxruntime:, session_state.cc:1385 VerifyEachNodeIsAssignedToAnEp]   MatMulNBits (/model/layers.28/self_attn/k_proj/MatMul_Q4) d95923ea-2a75-4757-a86c-99d425e3974a:92:232
2026-10-04 18:51:34.302000 [V:onnxruntime:, session_state.cc:1385 VerifyEachNodeIsAssignedToAnEp]   MatMulNBits (/model/layers.28/self_attn/v_proj/MatMul_Q4) d95923ea-2a75-4757-a86c-99d425e3974a:92:232
2026-10-04 18:51:34.302000 [V:onnxruntime:, session_state.cc:1385 VerifyEachNodeIsAssignedToAnEp]   Reshape (/model/layers.28/self_attn/Reshape) d95923ea-2a75-4757-a86c-99d425e3974a:92:232
2026-10-04 18:51:34.303000 [V:onnxruntime:, session_state.cc:1385 VerifyEachNodeIsAssignedToAnEp]   Reshape (/model/layers.28/self_attn/Reshape_1) d95923ea-2a75-4757-a86c-99d425e3974a:92:232
2026-10-04 18:51:34.303000 [V:onnxruntime:, session_state.cc:1385 VerifyEachNodeIsAssignedToAnEp]   Reshape (/model/layers.28/self_attn/Reshape_2) d95923ea-2a75-4757-a86c-99d425e3974a:92:232
2026-10-04 18:51:34.303000 [V:onnxruntime:, session_state.cc:1385 VerifyEachNodeIsAssignedToAnEp]   Transpose (/model/layers.28/self_attn/Transpose) d95923ea-2a75-4757-a86c-99d425e3974a:92:232
2026-10-04 18:51:34.303000 [V:onnxruntime:, session_state.cc:1385 VerifyEachNodeIsAssignedToAnEp]   Transpose (/model/layers.28/self_attn/Transpose_1) d95923ea-2a75-4757-a86c-99d425e3974a:92:232
2026-10-04 18:51:34.303000 [V:onnxruntime:, session_state.cc:1385 VerifyEachNodeIsAssignedToAnEp]   Transpose (/model/layers.28/self_attn/Transpose_2) d95923ea-2a75-4757-a86c-99d425e3974a:92:232
2026-10-04 18:51:34.303999 [V:onnxruntime:, session_state.cc:1385 VerifyEachNodeIsAssignedToAnEp]   Mul (/model/layers.28/self_attn/Mul) d95923ea-2a75-4757-a86c-99d425e3974a:92:232
2026-10-04 18:51:34.303999 [V:onnxruntime:, session_state.cc:1385 VerifyEachNodeIsAssignedToAnEp]   Mul (/model/layers.28/self_attn/Mul_2) d95923ea-2a75-4757-a86c-99d425e3974a:92:232
2026-10-04 18:51:34.303999 [V:onnxruntime:, session_state.cc:1385 VerifyEachNodeIsAssignedToAnEp]   Concat (/model/layers.28/self_attn/Concat_6) d95923ea-2a75-4757-a86c-99d425e3974a:92:232
2026-10-04 18:51:34.303999 [V:onnxruntime:, session_state.cc:1385 VerifyEachNodeIsAssignedToAnEp]   Slice (/model/layers.28/self_attn/Slice) d95923ea-2a75-4757-a86c-99d425e3974a:92:232
2026-10-04 18:51:34.303999 [V:onnxruntime:, session_state.cc:1385 VerifyEachNodeIsAssignedToAnEp]   Slice (/model/layers.28/self_attn/Slice_1) d95923ea-2a75-4757-a86c-99d425e3974a:92:232
2026-10-04 18:51:34.304999 [V:onnxruntime:, session_state.cc:1385 VerifyEachNodeIsAssignedToAnEp]   Slice (/model/layers.28/self_attn/Slice_2) d95923ea-2a75-4757-a86c-99d425e3974a:92:232
2026-10-04 18:51:34.304999 [V:onnxruntime:, session_state.cc:1385 VerifyEachNodeIsAssignedToAnEp]   Slice (/model/layers.28/self_attn/Slice_3) d95923ea-2a75-4757-a86c-99d425e3974a:92:232
2026-10-04 18:51:34.306000 [V:onnxruntime:, session_state.cc:1385 VerifyEachNodeIsAssignedToAnEp]   Shape (/model/layers.28/self_attn/Shape_9) d95923ea-2a75-4757-a86c-99d425e3974a:92:232
2026-10-04 18:51:34.306000 [V:onnxruntime:, session_state.cc:1385 VerifyEachNodeIsAssignedToAnEp]   Unsqueeze (/model/layers.28/self_attn/Unsqueeze_19) d95923ea-2a75-4757-a86c-99d425e3974a:92:232
2026-10-04 18:51:34.306000 [V:onnxruntime:, session_state.cc:1385 VerifyEachNodeIsAssignedToAnEp]   Neg (/model/layers.28/self_attn/Neg) d95923ea-2a75-4757-a86c-99d425e3974a:92:232
2026-10-04 18:51:34.311000 [V:onnxruntime:, session_state.cc:1385 VerifyEachNodeIsAssignedToAnEp]   Neg (/model/layers.28/self_attn/Neg_1) d95923ea-2a75-4757-a86c-99d425e3974a:92:232
2026-10-04 18:51:34.311999 [V:onnxruntime:, session_state.cc:1385 VerifyEachNodeIsAssignedToAnEp]   Concat (/model/layers.28/self_attn/Concat_3) d95923ea-2a75-4757-a86c-99d425e3974a:92:232
2026-10-04 18:51:34.311999 [V:onnxruntime:, session_state.cc:1385 VerifyEachNodeIsAssignedToAnEp]   Concat (/model/layers.28/self_attn/Concat_4) d95923ea-2a75-4757-a86c-99d425e3974a:92:232
2026-10-04 18:51:34.312999 [V:onnxruntime:, session_state.cc:1385 VerifyEachNodeIsAssignedToAnEp]   Mul (/model/layers.28/self_attn/Mul_1) d95923ea-2a75-4757-a86c-99d425e3974a:92:232
2026-10-04 18:51:34.312999 [V:onnxruntime:, session_state.cc:1385 VerifyEachNodeIsAssignedToAnEp]   Mul (/model/layers.28/self_attn/Mul_3) d95923ea-2a75-4757-a86c-99d425e3974a:92:232
2026-10-04 18:51:34.312999 [V:onnxruntime:, session_state.cc:1385 VerifyEachNodeIsAssignedToAnEp]   Add (/model/layers.28/self_attn/Add) d95923ea-2a75-4757-a86c-99d425e3974a:92:232
2026-10-04 18:51:34.312999 [V:onnxruntime:, session_state.cc:1385 VerifyEachNodeIsAssignedToAnEp]   Add (/model/layers.28/self_attn/Add_1) d95923ea-2a75-4757-a86c-99d425e3974a:92:232
2026-10-04 18:51:34.312999 [V:onnxruntime:, session_state.cc:1385 VerifyEachNodeIsAssignedToAnEp]   Concat (/model/layers.28/self_attn/Concat_5) d95923ea-2a75-4757-a86c-99d425e3974a:92:232
2026-10-04 18:51:34.314000 [V:onnxruntime:, session_state.cc:1385 VerifyEachNodeIsAssignedToAnEp]   Mul (/model/layers.28/self_attn/Mul_8) d95923ea-2a75-4757-a86c-99d425e3974a:92:232
2026-10-04 18:51:34.314000 [V:onnxruntime:, session_state.cc:1385 VerifyEachNodeIsAssignedToAnEp]   Shape (/model/layers.28/self_attn/Shape_4) d95923ea-2a75-4757-a86c-99d425e3974a:92:232
2026-10-04 18:51:34.314000 [V:onnxruntime:, session_state.cc:1385 VerifyEachNodeIsAssignedToAnEp]   Unsqueeze (/model/layers.28/self_attn/Unsqueeze_10) d95923ea-2a75-4757-a86c-99d425e3974a:92:232
2026-10-04 18:51:34.314000 [V:onnxruntime:, session_state.cc:1385 VerifyEachNodeIsAssignedToAnEp]   Expand (/model/layers.28/self_attn/Expand_1) d95923ea-2a75-4757-a86c-99d425e3974a:92:232
2026-10-04 18:51:34.314000 [V:onnxruntime:, session_state.cc:1385 VerifyEachNodeIsAssignedToAnEp]   Reshape (/model/layers.28/self_attn/Reshape_6) d95923ea-2a75-4757-a86c-99d425e3974a:92:232
2026-10-04 18:51:34.314000 [V:onnxruntime:, session_state.cc:1385 VerifyEachNodeIsAssignedToAnEp]   Expand (/model/layers.28/self_attn/Expand) d95923ea-2a75-4757-a86c-99d425e3974a:92:232
2026-10-04 18:51:34.315000 [V:onnxruntime:, session_state.cc:1385 VerifyEachNodeIsAssignedToAnEp]   Reshape (/model/layers.28/self_attn/Reshape_4) d95923ea-2a75-4757-a86c-99d425e3974a:92:232
2026-10-04 18:51:34.315000 [V:onnxruntime:, session_state.cc:1385 VerifyEachNodeIsAssignedToAnEp]   Shape (/model/layers.28/self_attn/Shape_14) d95923ea-2a75-4757-a86c-99d425e3974a:92:232
2026-10-04 18:51:34.315000 [V:onnxruntime:, session_state.cc:1385 VerifyEachNodeIsAssignedToAnEp]   Transpose (/model/layers.28/self_attn/Transpose_3) d95923ea-2a75-4757-a86c-99d425e3974a:92:232
2026-10-04 18:51:34.315000 [V:onnxruntime:, session_state.cc:1385 VerifyEachNodeIsAssignedToAnEp]   Mul (/model/layers.28/self_attn/Mul_9) d95923ea-2a75-4757-a86c-99d425e3974a:92:232
2026-10-04 18:51:34.315000 [V:onnxruntime:, session_state.cc:1385 VerifyEachNodeIsAssignedToAnEp]   MatMul (/model/layers.28/self_attn/MatMul) d95923ea-2a75-4757-a86c-99d425e3974a:92:232
2026-10-04 18:51:34.315000 [V:onnxruntime:, session_state.cc:1385 VerifyEachNodeIsAssignedToAnEp]   Slice (/model/layers.28/self_attn/Slice_4) d95923ea-2a75-4757-a86c-99d425e3974a:92:232
2026-10-04 18:51:34.315999 [V:onnxruntime:, session_state.cc:1385 VerifyEachNodeIsAssignedToAnEp]   Add (/model/layers.28/self_attn/Add_2) d95923ea-2a75-4757-a86c-99d425e3974a:92:232
2026-10-04 18:51:34.315999 [V:onnxruntime:, session_state.cc:1385 VerifyEachNodeIsAssignedToAnEp]   Softmax (/model/layers.28/self_attn/Softmax) d95923ea-2a75-4757-a86c-99d425e3974a:92:232
2026-10-04 18:51:34.315999 [V:onnxruntime:, session_state.cc:1385 VerifyEachNodeIsAssignedToAnEp]   MatMul (/model/layers.28/self_attn/MatMul_1) d95923ea-2a75-4757-a86c-99d425e3974a:92:232
2026-10-04 18:51:34.315999 [V:onnxruntime:, session_state.cc:1385 VerifyEachNodeIsAssignedToAnEp]   Transpose (/model/layers.28/self_attn/Transpose_4) d95923ea-2a75-4757-a86c-99d425e3974a:92:232
2026-10-04 18:51:34.315999 [V:onnxruntime:, session_state.cc:1385 VerifyEachNodeIsAssignedToAnEp]   Reshape (/model/layers.28/self_attn/Reshape_7) d95923ea-2a75-4757-a86c-99d425e3974a:92:232
2026-10-04 18:51:34.315999 [V:onnxruntime:, session_state.cc:1385 VerifyEachNodeIsAssignedToAnEp]   MatMulNBits (/model/layers.28/self_attn/o_proj/MatMul_Q4) d95923ea-2a75-4757-a86c-99d425e3974a:92:232
2026-10-04 18:51:34.317000 [V:onnxruntime:, session_state.cc:1385 VerifyEachNodeIsAssignedToAnEp]   Add (/model/layers.28/Add) d95923ea-2a75-4757-a86c-99d425e3974a:92:232
2026-10-04 18:51:34.317000 [V:onnxruntime:, session_state.cc:1385 VerifyEachNodeIsAssignedToAnEp]   Pow (/model/layers.28/post_attention_layernorm/Pow) d95923ea-2a75-4757-a86c-99d425e3974a:92:232
2026-10-04 18:51:34.317000 [V:onnxruntime:, session_state.cc:1385 VerifyEachNodeIsAssignedToAnEp]   ReduceMean (/model/layers.28/post_attention_layernorm/ReduceMean) d95923ea-2a75-4757-a86c-99d425e3974a:92:232
2026-10-04 18:51:34.317000 [V:onnxruntime:, session_state.cc:1385 VerifyEachNodeIsAssignedToAnEp]   Add (/model/layers.28/post_attention_layernorm/Add) d95923ea-2a75-4757-a86c-99d425e3974a:92:232
2026-10-04 18:51:34.317000 [V:onnxruntime:, session_state.cc:1385 VerifyEachNodeIsAssignedToAnEp]   Sqrt (/model/layers.28/post_attention_layernorm/Sqrt) d95923ea-2a75-4757-a86c-99d425e3974a:92:232
2026-10-04 18:51:34.317000 [V:onnxruntime:, session_state.cc:1385 VerifyEachNodeIsAssignedToAnEp]   Div (/model/layers.28/post_attention_layernorm/Div) d95923ea-2a75-4757-a86c-99d425e3974a:92:232
2026-10-04 18:51:34.318000 [V:onnxruntime:, session_state.cc:1385 VerifyEachNodeIsAssignedToAnEp]   Mul (/model/layers.28/post_attention_layernorm/Mul_1) d95923ea-2a75-4757-a86c-99d425e3974a:92:232
2026-10-04 18:51:34.318000 [V:onnxruntime:, session_state.cc:1385 VerifyEachNodeIsAssignedToAnEp]   MatMulNBits (/model/layers.28/mlp/gate_proj/MatMul_Q4) d95923ea-2a75-4757-a86c-99d425e3974a:92:232
2026-10-04 18:51:34.318000 [V:onnxruntime:, session_state.cc:1385 VerifyEachNodeIsAssignedToAnEp]   MatMulNBits (/model/layers.28/mlp/up_proj/MatMul_Q4) d95923ea-2a75-4757-a86c-99d425e3974a:92:232
2026-10-04 18:51:34.318000 [V:onnxruntime:, session_state.cc:1385 VerifyEachNodeIsAssignedToAnEp]   Mul (/model/layers.28/mlp/Mul) d95923ea-2a75-4757-a86c-99d425e3974a:92:232
2026-10-04 18:51:34.318000 [V:onnxruntime:, session_state.cc:1385 VerifyEachNodeIsAssignedToAnEp]   MatMulNBits (/model/layers.28/mlp/down_proj/MatMul_Q4) d95923ea-2a75-4757-a86c-99d425e3974a:92:232
2026-10-04 18:51:34.318000 [V:onnxruntime:, session_state.cc:1385 VerifyEachNodeIsAssignedToAnEp]   Add (/model/layers.28/Add_1) d95923ea-2a75-4757-a86c-99d425e3974a:92:232
2026-10-04 18:51:34.319000 [V:onnxruntime:, session_state.cc:1385 VerifyEachNodeIsAssignedToAnEp]   Pow (/model/layers.29/input_layernorm/Pow) d95923ea-2a75-4757-a86c-99d425e3974a:92:232
2026-10-04 18:51:34.319000 [V:onnxruntime:, session_state.cc:1385 VerifyEachNodeIsAssignedToAnEp]   ReduceMean (/model/layers.29/input_layernorm/ReduceMean) d95923ea-2a75-4757-a86c-99d425e3974a:92:232
2026-10-04 18:51:34.319000 [V:onnxruntime:, session_state.cc:1385 VerifyEachNodeIsAssignedToAnEp]   Add (/model/layers.29/input_layernorm/Add) d95923ea-2a75-4757-a86c-99d425e3974a:92:232
2026-10-04 18:51:34.319000 [V:onnxruntime:, session_state.cc:1385 VerifyEachNodeIsAssignedToAnEp]   Sqrt (/model/layers.29/input_layernorm/Sqrt) d95923ea-2a75-4757-a86c-99d425e3974a:92:232
2026-10-04 18:51:34.319000 [V:onnxruntime:, session_state.cc:1385 VerifyEachNodeIsAssignedToAnEp]   Div (/model/layers.29/input_layernorm/Div) d95923ea-2a75-4757-a86c-99d425e3974a:92:232
2026-10-04 18:51:34.319000 [V:onnxruntime:, session_state.cc:1385 VerifyEachNodeIsAssignedToAnEp]   Mul (/model/layers.29/input_layernorm/Mul_1) d95923ea-2a75-4757-a86c-99d425e3974a:92:232
2026-10-04 18:51:34.319999 [V:onnxruntime:, session_state.cc:1385 VerifyEachNodeIsAssignedToAnEp]   Shape (/model/layers.29/self_attn/Shape) d95923ea-2a75-4757-a86c-99d425e3974a:92:232
2026-10-04 18:51:34.319999 [V:onnxruntime:, session_state.cc:1385 VerifyEachNodeIsAssignedToAnEp]   MatMulNBits (/model/layers.29/self_attn/q_proj/MatMul_Q4) d95923ea-2a75-4757-a86c-99d425e3974a:92:232
2026-10-04 18:51:34.319999 [V:onnxruntime:, session_state.cc:1385 VerifyEachNodeIsAssignedToAnEp]   MatMulNBits (/model/layers.29/self_attn/k_proj/MatMul_Q4) d95923ea-2a75-4757-a86c-99d425e3974a:92:232
2026-10-04 18:51:34.319999 [V:onnxruntime:, session_state.cc:1385 VerifyEachNodeIsAssignedToAnEp]   MatMulNBits (/model/layers.29/self_attn/v_proj/MatMul_Q4) d95923ea-2a75-4757-a86c-99d425e3974a:92:232
2026-10-04 18:51:34.319999 [V:onnxruntime:, session_state.cc:1385 VerifyEachNodeIsAssignedToAnEp]   Reshape (/model/layers.29/self_attn/Reshape) d95923ea-2a75-4757-a86c-99d425e3974a:92:232
2026-10-04 18:51:34.319999 [V:onnxruntime:, session_state.cc:1385 VerifyEachNodeIsAssignedToAnEp]   Reshape (/model/layers.29/self_attn/Reshape_1) d95923ea-2a75-4757-a86c-99d425e3974a:92:232
2026-10-04 18:51:34.320999 [V:onnxruntime:, session_state.cc:1385 VerifyEachNodeIsAssignedToAnEp]   Reshape (/model/layers.29/self_attn/Reshape_2) d95923ea-2a75-4757-a86c-99d425e3974a:92:232
2026-10-04 18:51:34.320999 [V:onnxruntime:, session_state.cc:1385 VerifyEachNodeIsAssignedToAnEp]   Transpose (/model/layers.29/self_attn/Transpose) d95923ea-2a75-4757-a86c-99d425e3974a:92:232
2026-10-04 18:51:34.320999 [V:onnxruntime:, session_state.cc:1385 VerifyEachNodeIsAssignedToAnEp]   Transpose (/model/layers.29/self_attn/Transpose_1) d95923ea-2a75-4757-a86c-99d425e3974a:92:232
2026-10-04 18:51:34.320999 [V:onnxruntime:, session_state.cc:1385 VerifyEachNodeIsAssignedToAnEp]   Transpose (/model/layers.29/self_attn/Transpose_2) d95923ea-2a75-4757-a86c-99d425e3974a:92:232
2026-10-04 18:51:34.320999 [V:onnxruntime:, session_state.cc:1385 VerifyEachNodeIsAssignedToAnEp]   Mul (/model/layers.29/self_attn/Mul) d95923ea-2a75-4757-a86c-99d425e3974a:92:232
2026-10-04 18:51:34.320999 [V:onnxruntime:, session_state.cc:1385 VerifyEachNodeIsAssignedToAnEp]   Mul (/model/layers.29/self_attn/Mul_2) d95923ea-2a75-4757-a86c-99d425e3974a:92:232
2026-10-04 18:51:34.322000 [V:onnxruntime:, session_state.cc:1385 VerifyEachNodeIsAssignedToAnEp]   Concat (/model/layers.29/self_attn/Concat_6) d95923ea-2a75-4757-a86c-99d425e3974a:92:232
2026-10-04 18:51:34.322000 [V:onnxruntime:, session_state.cc:1385 VerifyEachNodeIsAssignedToAnEp]   Slice (/model/layers.29/self_attn/Slice) d95923ea-2a75-4757-a86c-99d425e3974a:92:232
2026-10-04 18:51:34.322000 [V:onnxruntime:, session_state.cc:1385 VerifyEachNodeIsAssignedToAnEp]   Slice (/model/layers.29/self_attn/Slice_1) d95923ea-2a75-4757-a86c-99d425e3974a:92:232
2026-10-04 18:51:34.322000 [V:onnxruntime:, session_state.cc:1385 VerifyEachNodeIsAssignedToAnEp]   Slice (/model/layers.29/self_attn/Slice_2) d95923ea-2a75-4757-a86c-99d425e3974a:92:232
2026-10-04 18:51:34.322000 [V:onnxruntime:, session_state.cc:1385 VerifyEachNodeIsAssignedToAnEp]   Slice (/model/layers.29/self_attn/Slice_3) d95923ea-2a75-4757-a86c-99d425e3974a:92:232
2026-10-04 18:51:34.322000 [V:onnxruntime:, session_state.cc:1385 VerifyEachNodeIsAssignedToAnEp]   Shape (/model/layers.29/self_attn/Shape_9) d95923ea-2a75-4757-a86c-99d425e3974a:92:232
2026-10-04 18:51:34.323000 [V:onnxruntime:, session_state.cc:1385 VerifyEachNodeIsAssignedToAnEp]   Unsqueeze (/model/layers.29/self_attn/Unsqueeze_19) d95923ea-2a75-4757-a86c-99d425e3974a:92:232
2026-10-04 18:51:34.323000 [V:onnxruntime:, session_state.cc:1385 VerifyEachNodeIsAssignedToAnEp]   Neg (/model/layers.29/self_attn/Neg) d95923ea-2a75-4757-a86c-99d425e3974a:92:232
2026-10-04 18:51:34.323000 [V:onnxruntime:, session_state.cc:1385 VerifyEachNodeIsAssignedToAnEp]   Neg (/model/layers.29/self_attn/Neg_1) d95923ea-2a75-4757-a86c-99d425e3974a:92:232
2026-10-04 18:51:34.323000 [V:onnxruntime:, session_state.cc:1385 VerifyEachNodeIsAssignedToAnEp]   Concat (/model/layers.29/self_attn/Concat_3) d95923ea-2a75-4757-a86c-99d425e3974a:92:232
2026-10-04 18:51:34.323000 [V:onnxruntime:, session_state.cc:1385 VerifyEachNodeIsAssignedToAnEp]   Concat (/model/layers.29/self_attn/Concat_4) d95923ea-2a75-4757-a86c-99d425e3974a:92:232
2026-10-04 18:51:34.334000 [V:onnxruntime:, session_state.cc:1385 VerifyEachNodeIsAssignedToAnEp]   Mul (/model/layers.29/self_attn/Mul_1) d95923ea-2a75-4757-a86c-99d425e3974a:92:232
2026-10-04 18:51:34.335000 [V:onnxruntime:, session_state.cc:1385 VerifyEachNodeIsAssignedToAnEp]   Mul (/model/layers.29/self_attn/Mul_3) d95923ea-2a75-4757-a86c-99d425e3974a:92:232
2026-10-04 18:51:34.335000 [V:onnxruntime:, session_state.cc:1385 VerifyEachNodeIsAssignedToAnEp]   Add (/model/layers.29/self_attn/Add) d95923ea-2a75-4757-a86c-99d425e3974a:92:232
2026-10-04 18:51:34.335000 [V:onnxruntime:, session_state.cc:1385 VerifyEachNodeIsAssignedToAnEp]   Add (/model/layers.29/self_attn/Add_1) d95923ea-2a75-4757-a86c-99d425e3974a:92:232
2026-10-04 18:51:34.335000 [V:onnxruntime:, session_state.cc:1385 VerifyEachNodeIsAssignedToAnEp]   Concat (/model/layers.29/self_attn/Concat_5) d95923ea-2a75-4757-a86c-99d425e3974a:92:232
2026-10-04 18:51:34.335999 [V:onnxruntime:, session_state.cc:1385 VerifyEachNodeIsAssignedToAnEp]   Mul (/model/layers.29/self_attn/Mul_8) d95923ea-2a75-4757-a86c-99d425e3974a:92:232
2026-10-04 18:51:34.335999 [V:onnxruntime:, session_state.cc:1385 VerifyEachNodeIsAssignedToAnEp]   Shape (/model/layers.29/self_attn/Shape_4) d95923ea-2a75-4757-a86c-99d425e3974a:92:232
2026-10-04 18:51:34.335999 [V:onnxruntime:, session_state.cc:1385 VerifyEachNodeIsAssignedToAnEp]   Unsqueeze (/model/layers.29/self_attn/Unsqueeze_10) d95923ea-2a75-4757-a86c-99d425e3974a:92:232
2026-10-04 18:51:34.335999 [V:onnxruntime:, session_state.cc:1385 VerifyEachNodeIsAssignedToAnEp]   Expand (/model/layers.29/self_attn/Expand_1) d95923ea-2a75-4757-a86c-99d425e3974a:92:232
2026-10-04 18:51:34.335999 [V:onnxruntime:, session_state.cc:1385 VerifyEachNodeIsAssignedToAnEp]   Reshape (/model/layers.29/self_attn/Reshape_6) d95923ea-2a75-4757-a86c-99d425e3974a:92:232
2026-10-04 18:51:34.335999 [V:onnxruntime:, session_state.cc:1385 VerifyEachNodeIsAssignedToAnEp]   Expand (/model/layers.29/self_attn/Expand) d95923ea-2a75-4757-a86c-99d425e3974a:92:232
2026-10-04 18:51:34.336999 [V:onnxruntime:, session_state.cc:1385 VerifyEachNodeIsAssignedToAnEp]   Reshape (/model/layers.29/self_attn/Reshape_4) d95923ea-2a75-4757-a86c-99d425e3974a:92:232
2026-10-04 18:51:34.336999 [V:onnxruntime:, session_state.cc:1385 VerifyEachNodeIsAssignedToAnEp]   Shape (/model/layers.29/self_attn/Shape_14) d95923ea-2a75-4757-a86c-99d425e3974a:92:232
2026-10-04 18:51:34.336999 [V:onnxruntime:, session_state.cc:1385 VerifyEachNodeIsAssignedToAnEp]   Transpose (/model/layers.29/self_attn/Transpose_3) d95923ea-2a75-4757-a86c-99d425e3974a:92:232
2026-10-04 18:51:34.338000 [V:onnxruntime:, session_state.cc:1385 VerifyEachNodeIsAssignedToAnEp]   Mul (/model/layers.29/self_attn/Mul_9) d95923ea-2a75-4757-a86c-99d425e3974a:92:232
2026-10-04 18:51:34.338000 [V:onnxruntime:, session_state.cc:1385 VerifyEachNodeIsAssignedToAnEp]   MatMul (/model/layers.29/self_attn/MatMul) d95923ea-2a75-4757-a86c-99d425e3974a:92:232
2026-10-04 18:51:34.338000 [V:onnxruntime:, session_state.cc:1385 VerifyEachNodeIsAssignedToAnEp]   Slice (/model/layers.29/self_attn/Slice_4) d95923ea-2a75-4757-a86c-99d425e3974a:92:232
2026-10-04 18:51:34.338000 [V:onnxruntime:, session_state.cc:1385 VerifyEachNodeIsAssignedToAnEp]   Add (/model/layers.29/self_attn/Add_2) d95923ea-2a75-4757-a86c-99d425e3974a:92:232
2026-10-04 18:51:34.338000 [V:onnxruntime:, session_state.cc:1385 VerifyEachNodeIsAssignedToAnEp]   Softmax (/model/layers.29/self_attn/Softmax) d95923ea-2a75-4757-a86c-99d425e3974a:92:232
2026-10-04 18:51:34.338000 [V:onnxruntime:, session_state.cc:1385 VerifyEachNodeIsAssignedToAnEp]   MatMul (/model/layers.29/self_attn/MatMul_1) d95923ea-2a75-4757-a86c-99d425e3974a:92:232
2026-10-04 18:51:34.339000 [V:onnxruntime:, session_state.cc:1385 VerifyEachNodeIsAssignedToAnEp]   Transpose (/model/layers.29/self_attn/Transpose_4) d95923ea-2a75-4757-a86c-99d425e3974a:92:232
2026-10-04 18:51:34.339000 [V:onnxruntime:, session_state.cc:1385 VerifyEachNodeIsAssignedToAnEp]   Reshape (/model/layers.29/self_attn/Reshape_7) d95923ea-2a75-4757-a86c-99d425e3974a:92:232
2026-10-04 18:51:34.339000 [V:onnxruntime:, session_state.cc:1385 VerifyEachNodeIsAssignedToAnEp]   MatMulNBits (/model/layers.29/self_attn/o_proj/MatMul_Q4) d95923ea-2a75-4757-a86c-99d425e3974a:92:232
2026-10-04 18:51:34.339000 [V:onnxruntime:, session_state.cc:1385 VerifyEachNodeIsAssignedToAnEp]   Add (/model/layers.29/Add) d95923ea-2a75-4757-a86c-99d425e3974a:92:232
2026-10-04 18:51:34.339000 [V:onnxruntime:, session_state.cc:1385 VerifyEachNodeIsAssignedToAnEp]   Pow (/model/layers.29/post_attention_layernorm/Pow) d95923ea-2a75-4757-a86c-99d425e3974a:92:232
2026-10-04 18:51:34.339000 [V:onnxruntime:, session_state.cc:1385 VerifyEachNodeIsAssignedToAnEp]   ReduceMean (/model/layers.29/post_attention_layernorm/ReduceMean) d95923ea-2a75-4757-a86c-99d425e3974a:92:232
2026-10-04 18:51:34.339000 [V:onnxruntime:, session_state.cc:1385 VerifyEachNodeIsAssignedToAnEp]   Add (/model/layers.29/post_attention_layernorm/Add) d95923ea-2a75-4757-a86c-99d425e3974a:92:232
2026-10-04 18:51:34.339999 [V:onnxruntime:, session_state.cc:1385 VerifyEachNodeIsAssignedToAnEp]   Sqrt (/model/layers.29/post_attention_layernorm/Sqrt) d95923ea-2a75-4757-a86c-99d425e3974a:92:232
2026-10-04 18:51:34.339999 [V:onnxruntime:, session_state.cc:1385 VerifyEachNodeIsAssignedToAnEp]   Div (/model/layers.29/post_attention_layernorm/Div) d95923ea-2a75-4757-a86c-99d425e3974a:92:232
2026-10-04 18:51:34.339999 [V:onnxruntime:, session_state.cc:1385 VerifyEachNodeIsAssignedToAnEp]   Mul (/model/layers.29/post_attention_layernorm/Mul_1) d95923ea-2a75-4757-a86c-99d425e3974a:92:232
2026-10-04 18:51:34.339999 [V:onnxruntime:, session_state.cc:1385 VerifyEachNodeIsAssignedToAnEp]   MatMulNBits (/model/layers.29/mlp/gate_proj/MatMul_Q4) d95923ea-2a75-4757-a86c-99d425e3974a:92:232
2026-10-04 18:51:34.339999 [V:onnxruntime:, session_state.cc:1385 VerifyEachNodeIsAssignedToAnEp]   MatMulNBits (/model/layers.29/mlp/up_proj/MatMul_Q4) d95923ea-2a75-4757-a86c-99d425e3974a:92:232
2026-10-04 18:51:34.339999 [V:onnxruntime:, session_state.cc:1385 VerifyEachNodeIsAssignedToAnEp]   Mul (/model/layers.29/mlp/Mul) d95923ea-2a75-4757-a86c-99d425e3974a:92:232
2026-10-04 18:51:34.341000 [V:onnxruntime:, session_state.cc:1385 VerifyEachNodeIsAssignedToAnEp]   MatMulNBits (/model/layers.29/mlp/down_proj/MatMul_Q4) d95923ea-2a75-4757-a86c-99d425e3974a:92:232
2026-10-04 18:51:34.341000 [V:onnxruntime:, session_state.cc:1385 VerifyEachNodeIsAssignedToAnEp]   Add (/model/layers.29/Add_1) d95923ea-2a75-4757-a86c-99d425e3974a:92:232
2026-10-04 18:51:34.341000 [V:onnxruntime:, session_state.cc:1385 VerifyEachNodeIsAssignedToAnEp]   Pow (/model/norm/Pow) d95923ea-2a75-4757-a86c-99d425e3974a:92:232
2026-10-04 18:51:34.341000 [V:onnxruntime:, session_state.cc:1385 VerifyEachNodeIsAssignedToAnEp]   ReduceMean (/model/norm/ReduceMean) d95923ea-2a75-4757-a86c-99d425e3974a:92:232
2026-10-04 18:51:34.341000 [V:onnxruntime:, session_state.cc:1385 VerifyEachNodeIsAssignedToAnEp]   Add (/model/norm/Add) d95923ea-2a75-4757-a86c-99d425e3974a:92:232
2026-10-04 18:51:34.341000 [V:onnxruntime:, session_state.cc:1385 VerifyEachNodeIsAssignedToAnEp]   Sqrt (/model/norm/Sqrt) d95923ea-2a75-4757-a86c-99d425e3974a:92:232
2026-10-04 18:51:34.342000 [V:onnxruntime:, session_state.cc:1385 VerifyEachNodeIsAssignedToAnEp]   Div (/model/norm/Div) d95923ea-2a75-4757-a86c-99d425e3974a:92:232
2026-10-04 18:51:34.342000 [V:onnxruntime:, session_state.cc:1385 VerifyEachNodeIsAssignedToAnEp]   Mul (/model/norm/Mul_1) d95923ea-2a75-4757-a86c-99d425e3974a:92:232
2026-10-04 18:51:34.342000 [V:onnxruntime:, session_state.cc:1385 VerifyEachNodeIsAssignedToAnEp]   MatMul (/lm_head/MatMul) d95923ea-2a75-4757-a86c-99d425e3974a:92:232
2026-10-04 18:51:34.342000 [V:onnxruntime:, session_state.cc:1385 VerifyEachNodeIsAssignedToAnEp]   Transpose (Transpose_token_1) d95923ea-2a75-4757-a86c-99d425e3974a:92:232
2026-10-04 18:51:34.342000 [V:onnxruntime:, session_state.cc:1385 VerifyEachNodeIsAssignedToAnEp]   Transpose (Transpose_token_3) d95923ea-2a75-4757-a86c-99d425e3974a:92:232
2026-10-04 18:51:34.342000 [V:onnxruntime:, session_state.cc:1385 VerifyEachNodeIsAssignedToAnEp]   QuickGelu (/model/layers.0/mlp/act_fn/Mul/QuickGeluFusion/) d95923ea-2a75-4757-a86c-99d425e3974a:92:232
2026-10-04 18:51:34.343000 [V:onnxruntime:, session_state.cc:1385 VerifyEachNodeIsAssignedToAnEp]   QuickGelu (/model/layers.1/mlp/act_fn/Mul/QuickGeluFusion/) d95923ea-2a75-4757-a86c-99d425e3974a:92:232
2026-10-04 18:51:34.343000 [V:onnxruntime:, session_state.cc:1385 VerifyEachNodeIsAssignedToAnEp]   QuickGelu (/model/layers.2/mlp/act_fn/Mul/QuickGeluFusion/) d95923ea-2a75-4757-a86c-99d425e3974a:92:232
2026-10-04 18:51:34.343000 [V:onnxruntime:, session_state.cc:1385 VerifyEachNodeIsAssignedToAnEp]   QuickGelu (/model/layers.3/mlp/act_fn/Mul/QuickGeluFusion/) d95923ea-2a75-4757-a86c-99d425e3974a:92:232
2026-10-04 18:51:34.343000 [V:onnxruntime:, session_state.cc:1385 VerifyEachNodeIsAssignedToAnEp]   QuickGelu (/model/layers.4/mlp/act_fn/Mul/QuickGeluFusion/) d95923ea-2a75-4757-a86c-99d425e3974a:92:232
2026-10-04 18:51:34.343000 [V:onnxruntime:, session_state.cc:1385 VerifyEachNodeIsAssignedToAnEp]   QuickGelu (/model/layers.5/mlp/act_fn/Mul/QuickGeluFusion/) d95923ea-2a75-4757-a86c-99d425e3974a:92:232
2026-10-04 18:51:34.343000 [V:onnxruntime:, session_state.cc:1385 VerifyEachNodeIsAssignedToAnEp]   QuickGelu (/model/layers.6/mlp/act_fn/Mul/QuickGeluFusion/) d95923ea-2a75-4757-a86c-99d425e3974a:92:232
2026-10-04 18:51:34.343000 [V:onnxruntime:, session_state.cc:1385 VerifyEachNodeIsAssignedToAnEp]   QuickGelu (/model/layers.7/mlp/act_fn/Mul/QuickGeluFusion/) d95923ea-2a75-4757-a86c-99d425e3974a:92:232
2026-10-04 18:51:34.343999 [V:onnxruntime:, session_state.cc:1385 VerifyEachNodeIsAssignedToAnEp]   QuickGelu (/model/layers.8/mlp/act_fn/Mul/QuickGeluFusion/) d95923ea-2a75-4757-a86c-99d425e3974a:92:232
2026-10-04 18:51:34.343999 [V:onnxruntime:, session_state.cc:1385 VerifyEachNodeIsAssignedToAnEp]   QuickGelu (/model/layers.9/mlp/act_fn/Mul/QuickGeluFusion/) d95923ea-2a75-4757-a86c-99d425e3974a:92:232
2026-10-04 18:51:34.343999 [V:onnxruntime:, session_state.cc:1385 VerifyEachNodeIsAssignedToAnEp]   QuickGelu (/model/layers.10/mlp/act_fn/Mul/QuickGeluFusion/) d95923ea-2a75-4757-a86c-99d425e3974a:92:232
2026-10-04 18:51:34.343999 [V:onnxruntime:, session_state.cc:1385 VerifyEachNodeIsAssignedToAnEp]   QuickGelu (/model/layers.11/mlp/act_fn/Mul/QuickGeluFusion/) d95923ea-2a75-4757-a86c-99d425e3974a:92:232
2026-10-04 18:51:34.343999 [V:onnxruntime:, session_state.cc:1385 VerifyEachNodeIsAssignedToAnEp]   QuickGelu (/model/layers.12/mlp/act_fn/Mul/QuickGeluFusion/) d95923ea-2a75-4757-a86c-99d425e3974a:92:232
2026-10-04 18:51:34.343999 [V:onnxruntime:, session_state.cc:1385 VerifyEachNodeIsAssignedToAnEp]   QuickGelu (/model/layers.13/mlp/act_fn/Mul/QuickGeluFusion/) d95923ea-2a75-4757-a86c-99d425e3974a:92:232
2026-10-04 18:51:34.343999 [V:onnxruntime:, session_state.cc:1385 VerifyEachNodeIsAssignedToAnEp]   QuickGelu (/model/layers.14/mlp/act_fn/Mul/QuickGeluFusion/) d95923ea-2a75-4757-a86c-99d425e3974a:92:232
2026-10-04 18:51:34.344999 [V:onnxruntime:, session_state.cc:1385 VerifyEachNodeIsAssignedToAnEp]   QuickGelu (/model/layers.15/mlp/act_fn/Mul/QuickGeluFusion/) d95923ea-2a75-4757-a86c-99d425e3974a:92:232
2026-10-04 18:51:34.344999 [V:onnxruntime:, session_state.cc:1385 VerifyEachNodeIsAssignedToAnEp]   QuickGelu (/model/layers.16/mlp/act_fn/Mul/QuickGeluFusion/) d95923ea-2a75-4757-a86c-99d425e3974a:92:232
2026-10-04 18:51:34.344999 [V:onnxruntime:, session_state.cc:1385 VerifyEachNodeIsAssignedToAnEp]   QuickGelu (/model/layers.17/mlp/act_fn/Mul/QuickGeluFusion/) d95923ea-2a75-4757-a86c-99d425e3974a:92:232
2026-10-04 18:51:34.344999 [V:onnxruntime:, session_state.cc:1385 VerifyEachNodeIsAssignedToAnEp]   QuickGelu (/model/layers.18/mlp/act_fn/Mul/QuickGeluFusion/) d95923ea-2a75-4757-a86c-99d425e3974a:92:232
2026-10-04 18:51:34.344999 [V:onnxruntime:, session_state.cc:1385 VerifyEachNodeIsAssignedToAnEp]   QuickGelu (/model/layers.19/mlp/act_fn/Mul/QuickGeluFusion/) d95923ea-2a75-4757-a86c-99d425e3974a:92:232
2026-10-04 18:51:34.344999 [V:onnxruntime:, session_state.cc:1385 VerifyEachNodeIsAssignedToAnEp]   QuickGelu (/model/layers.20/mlp/act_fn/Mul/QuickGeluFusion/) d95923ea-2a75-4757-a86c-99d425e3974a:92:232
2026-10-04 18:51:34.344999 [V:onnxruntime:, session_state.cc:1385 VerifyEachNodeIsAssignedToAnEp]   QuickGelu (/model/layers.21/mlp/act_fn/Mul/QuickGeluFusion/) d95923ea-2a75-4757-a86c-99d425e3974a:92:232
2026-10-04 18:51:34.346000 [V:onnxruntime:, session_state.cc:1385 VerifyEachNodeIsAssignedToAnEp]   QuickGelu (/model/layers.22/mlp/act_fn/Mul/QuickGeluFusion/) d95923ea-2a75-4757-a86c-99d425e3974a:92:232
2026-10-04 18:51:34.346000 [V:onnxruntime:, session_state.cc:1385 VerifyEachNodeIsAssignedToAnEp]   QuickGelu (/model/layers.23/mlp/act_fn/Mul/QuickGeluFusion/) d95923ea-2a75-4757-a86c-99d425e3974a:92:232
2026-10-04 18:51:34.346000 [V:onnxruntime:, session_state.cc:1385 VerifyEachNodeIsAssignedToAnEp]   QuickGelu (/model/layers.24/mlp/act_fn/Mul/QuickGeluFusion/) d95923ea-2a75-4757-a86c-99d425e3974a:92:232
2026-10-04 18:51:34.346000 [V:onnxruntime:, session_state.cc:1385 VerifyEachNodeIsAssignedToAnEp]   QuickGelu (/model/layers.25/mlp/act_fn/Mul/QuickGeluFusion/) d95923ea-2a75-4757-a86c-99d425e3974a:92:232
2026-10-04 18:51:34.346000 [V:onnxruntime:, session_state.cc:1385 VerifyEachNodeIsAssignedToAnEp]   QuickGelu (/model/layers.26/mlp/act_fn/Mul/QuickGeluFusion/) d95923ea-2a75-4757-a86c-99d425e3974a:92:232
2026-10-04 18:51:34.346000 [V:onnxruntime:, session_state.cc:1385 VerifyEachNodeIsAssignedToAnEp]   QuickGelu (/model/layers.27/mlp/act_fn/Mul/QuickGeluFusion/) d95923ea-2a75-4757-a86c-99d425e3974a:92:232
2026-10-04 18:51:34.346000 [V:onnxruntime:, session_state.cc:1385 VerifyEachNodeIsAssignedToAnEp]   QuickGelu (/model/layers.28/mlp/act_fn/Mul/QuickGeluFusion/) d95923ea-2a75-4757-a86c-99d425e3974a:92:232
2026-10-04 18:51:34.347000 [V:onnxruntime:, session_state.cc:1385 VerifyEachNodeIsAssignedToAnEp]   QuickGelu (/model/layers.29/mlp/act_fn/Mul/QuickGeluFusion/) d95923ea-2a75-4757-a86c-99d425e3974a:92:232
2026-10-04 18:51:34.347000 [V:onnxruntime:, session_state.cc:1385 VerifyEachNodeIsAssignedToAnEp]   MemcpyFromHost (Memcpy) d95923ea-2a75-4757-a86c-99d425e3974a:92:232
2026-10-04 18:51:34.347000 [V:onnxruntime:, session_state.cc:1385 VerifyEachNodeIsAssignedToAnEp]   MemcpyFromHost (Memcpy_token_4) d95923ea-2a75-4757-a86c-99d425e3974a:92:232
2026-10-04 18:51:34.347000 [V:onnxruntime:, session_state.cc:1385 VerifyEachNodeIsAssignedToAnEp]   MemcpyFromHost (Memcpy_token_5) d95923ea-2a75-4757-a86c-99d425e3974a:92:232
2026-10-04 18:51:34.347000 [V:onnxruntime:, session_state.cc:1385 VerifyEachNodeIsAssignedToAnEp]   MemcpyFromHost (Memcpy_token_6) d95923ea-2a75-4757-a86c-99d425e3974a:92:232
2026-10-04 18:51:34.347000 [V:onnxruntime:, session_state.cc:1385 VerifyEachNodeIsAssignedToAnEp]   MemcpyFromHost (Memcpy_token_7) d95923ea-2a75-4757-a86c-99d425e3974a:92:232
�[0;93m2026-10-04 18:51:34.347000 [W:onnxruntime:, session_state.cc:1397 VerifyEachNodeIsAssignedToAnEp] Some nodes were not assigned to the preferred execution providers which may or may not have an negative impact on performance. e.g. ORT explicitly assigns shape related ops to CPU to improve perf.�[m d95923ea-2a75-4757-a86c-99d425e3974a:92:232
2026-10-04 18:51:34.398000 [V:onnxruntime:, session_state.cc:186 CreateGraphInfo] SaveMLValueNameIndexMapping d95923ea-2a75-4757-a86c-99d425e3974a:92:232
2026-10-04 18:51:34.406000 [V:onnxruntime:, session_state.cc:232 CreateGraphInfo] Done saving OrtValue mappings. d95923ea-2a75-4757-a86c-99d425e3974a:92:232
2026-10-04 18:51:34.406000 [I:onnxruntime:, allocation_planner.cc:2653 CreateGraphPartitioner] Use DeviceBasedPartition as default d95923ea-2a75-4757-a86c-99d425e3974a:92:232
2026-10-04 18:51:34.486000 [I:onnxruntime:, session_state_utils.cc:263 SaveInitializedTensors] Saving initialized tensors. d95923ea-2a75-4757-a86c-99d425e3974a:92:232
2026-10-04 18:51:34.928999 [I:onnxruntime:, session_state_utils.cc:463 SaveInitializedTensors] Done saving initialized tensors d95923ea-2a75-4757-a86c-99d425e3974a:92:232
2026-10-04 18:51:34.947000 [I:onnxruntime:, inference_session.cc:3094 Initialize] Session successfully initialized. d95923ea-2a75-4757-a86c-99d425e3974a:92:232
