Unable to add response to browser cache: [Exception... "File error: No device space"  nsresult: "0x80520010 (NS_ERROR_FILE_NO_DEVICE_SPACE)"  location: "<unknown>"  data: no]. chunk-ZSUJ56YB.js:5017:15
2026-10-04 18:55:00.999000 [I:onnxruntime:Default, device_discovery_common.cc:34 operator()] Discovered OrtHardwareDevice {vendor_id:0x0, device_id:0x0, vendor:unknown, type:0, metadata: []} ccca253e-f5b6-4e5a-bdc2-850e1eb718b0:92:232
2026-10-04 18:55:02.645000 [V:onnxruntime:Default, webgpu_provider_factory.cc:158 ParseEpConfig] WebGPU EP preferred layout: 1 ccca253e-f5b6-4e5a-bdc2-850e1eb718b0:92:232
2026-10-04 18:55:02.646000 [V:onnxruntime:Default, webgpu_provider_factory.cc:159 ParseEpConfig] WebGPU EP graph capture enable: 0 ccca253e-f5b6-4e5a-bdc2-850e1eb718b0:92:232
2026-10-04 18:55:02.647000 [V:onnxruntime:Default, webgpu_provider_factory.cc:160 ParseEpConfig] WebGPU EP force CPU node count: 0 ccca253e-f5b6-4e5a-bdc2-850e1eb718b0:92:232
2026-10-04 18:55:02.648000 [V:onnxruntime:Default, webgpu_provider_factory.cc:161 ParseEpConfig] WebGPU EP pix capture enable: 0 ccca253e-f5b6-4e5a-bdc2-850e1eb718b0:92:232
2026-10-04 18:55:02.648000 [V:onnxruntime:Default, webgpu_provider_factory.cc:162 ParseEpConfig] WebGPU EP enable int64: 0 ccca253e-f5b6-4e5a-bdc2-850e1eb718b0:92:232
2026-10-04 18:55:02.648000 [V:onnxruntime:Default, webgpu_provider_factory.cc:163 ParseEpConfig] WebGPU EP multi rotary cache concat offset: 0 ccca253e-f5b6-4e5a-bdc2-850e1eb718b0:92:232
2026-10-04 18:55:02.649000 [V:onnxruntime:Default, webgpu_provider_factory.cc:164 ParseEpConfig] WebGPU EP session buffer pool generations: 1 ccca253e-f5b6-4e5a-bdc2-850e1eb718b0:92:232
2026-10-04 18:55:02.649000 [V:onnxruntime:Default, webgpu_provider_factory.cc:283 ParseWebGpuContextConfig] WebGPU EP Device ID: 0 ccca253e-f5b6-4e5a-bdc2-850e1eb718b0:92:232
2026-10-04 18:55:02.650000 [V:onnxruntime:Default, webgpu_provider_factory.cc:284 ParseWebGpuContextConfig] WebGPU EP WGPUInstance: 0 ccca253e-f5b6-4e5a-bdc2-850e1eb718b0:92:232
2026-10-04 18:55:02.651000 [V:onnxruntime:Default, webgpu_provider_factory.cc:285 ParseWebGpuContextConfig] WebGPU EP WGPUDevice: 0 ccca253e-f5b6-4e5a-bdc2-850e1eb718b0:92:232
2026-10-04 18:55:02.651000 [V:onnxruntime:Default, webgpu_provider_factory.cc:286 ParseWebGpuContextConfig] WebGPU EP DawnProcTable: 0 ccca253e-f5b6-4e5a-bdc2-850e1eb718b0:92:232
2026-10-04 18:55:02.651999 [V:onnxruntime:Default, webgpu_provider_factory.cc:287 ParseWebGpuContextConfig] WebGPU EP ValidationMode: Basic ccca253e-f5b6-4e5a-bdc2-850e1eb718b0:92:232
2026-10-04 18:55:02.651999 [V:onnxruntime:Default, webgpu_provider_factory.cc:288 ParseWebGpuContextConfig] WebGPU EP enable robustness: 0 ccca253e-f5b6-4e5a-bdc2-850e1eb718b0:92:232
2026-10-04 18:55:02.653000 [V:onnxruntime:Default, webgpu_provider_factory.cc:289 ParseWebGpuContextConfig] WebGPU EP PreserveDevice: 0 ccca253e-f5b6-4e5a-bdc2-850e1eb718b0:92:232
2026-10-04 18:55:02.653000 [V:onnxruntime:Default, webgpu_provider_factory.cc:290 ParseWebGpuContextConfig] WebGPU EP CompileOnly: 0 ccca253e-f5b6-4e5a-bdc2-850e1eb718b0:92:232
2026-10-04 18:55:02.654000 [V:onnxruntime:Default, webgpu_provider_factory.cc:291 ParseWebGpuContextConfig] WebGPU EP max storage buffer binding size: 0 ccca253e-f5b6-4e5a-bdc2-850e1eb718b0:92:232
2026-10-04 18:55:02.654000 [V:onnxruntime:Default, webgpu_provider_factory.cc:292 ParseWebGpuContextConfig] WebGPU EP max pending dispatches: 16 ccca253e-f5b6-4e5a-bdc2-850e1eb718b0:92:232
2026-10-04 18:55:02.655000 [V:onnxruntime:Default, webgpu_provider_factory.cc:343 ParseWebGpuContextConfig] WebGPU EP storage buffer cache mode: Bucket ccca253e-f5b6-4e5a-bdc2-850e1eb718b0:92:232
2026-10-04 18:55:02.655000 [V:onnxruntime:Default, webgpu_provider_factory.cc:344 ParseWebGpuContextConfig] WebGPU EP uniform buffer cache mode: Simple ccca253e-f5b6-4e5a-bdc2-850e1eb718b0:92:232
2026-10-04 18:55:02.656000 [V:onnxruntime:Default, webgpu_provider_factory.cc:345 ParseWebGpuContextConfig] WebGPU EP query resolve buffer cache mode: Disabled ccca253e-f5b6-4e5a-bdc2-850e1eb718b0:92:232
2026-10-04 18:55:02.656000 [V:onnxruntime:Default, webgpu_provider_factory.cc:346 ParseWebGpuContextConfig] WebGPU EP default buffer cache mode: Disabled ccca253e-f5b6-4e5a-bdc2-850e1eb718b0:92:232
2026-10-04 18:55:02.656000 [V:onnxruntime:Default, webgpu_provider_factory.cc:348 ParseWebGpuContextConfig] WebGPU EP power preference: 2 ccca253e-f5b6-4e5a-bdc2-850e1eb718b0:92:232
2026-10-04 18:55:02.657000 [V:onnxruntime:Default, webgpu_provider_factory.cc:349 ParseWebGpuContextConfig] WebGPU EP Dawn backend type: 0 ccca253e-f5b6-4e5a-bdc2-850e1eb718b0:92:232
2026-10-04 18:55:02.675999 [V:onnxruntime:Default, webgpu_context.cc:213 operator()] WebGPU EP Context is created for: Instance=0x97d260, Device=0x97bad0. ccca253e-f5b6-4e5a-bdc2-850e1eb718b0:92:232
2026-10-04 18:55:02.677000 [I:onnxruntime:, inference_session.cc:764 TraceSessionOptions] Session Options {  execution_mode:0 execution_order:DEFAULT enable_profiling:0 optimized_model_filepath:"" enable_mem_pattern:0 enable_mem_reuse:1 enable_cpu_mem_arena:0 profile_file_prefix: session_logid: session_log_severity_level:0 session_log_verbosity_level:1 max_num_graph_transformation_steps:10 graph_optimization_level:4 intra_op_param:OrtThreadPoolParams { thread_pool_size: 0 auto_set_affinity: 0 allow_spinning: 1 spin_duration_us: -1 spin_backoff_max: 1 dynamic_block_base_: 0 stack_size: 0 affinity_str:  set_denormal_as_zero: 0 } inter_op_param:OrtThreadPoolParams { thread_pool_size: 0 auto_set_affinity: 0 allow_spinning: 1 spin_duration_us: -1 spin_backoff_max: 1 dynamic_block_base_: 0 stack_size: 0 affinity_str:  set_denormal_as_zero: 0 } use_per_session_threads:0 thread_pool_allow_spinning:1 use_deterministic_compute:0 ep_selection_policy:0 config_options: {   session.use_ort_model_bytes_directly: 1 } } ccca253e-f5b6-4e5a-bdc2-850e1eb718b0:92:232
2026-10-04 18:55:02.678000 [I:onnxruntime:, inference_session.cc:526 operator()] Flush-to-zero and denormal-as-zero are off ccca253e-f5b6-4e5a-bdc2-850e1eb718b0:92:232
2026-10-04 18:55:02.679000 [I:onnxruntime:, inference_session.cc:660 ConstructorCommon] Using global/env threadpools since use_per_session_threads_ is false ccca253e-f5b6-4e5a-bdc2-850e1eb718b0:92:232
2026-10-04 18:55:03.438000 [I:onnxruntime:, inference_session.cc:2610 Initialize] Initializing session. ccca253e-f5b6-4e5a-bdc2-850e1eb718b0:92:232
2026-10-04 18:55:03.440000 [I:onnxruntime:, inference_session.cc:2657 Initialize] Adding default CPU execution provider. ccca253e-f5b6-4e5a-bdc2-850e1eb718b0:92:232
2026-10-04 18:55:03.446000 [I:onnxruntime:, graph_partitioner.cc:1738 InlineFunctionsAOT] This model does not have any local functions defined. AOT Inlining is not performed ccca253e-f5b6-4e5a-bdc2-850e1eb718b0:92:232
2026-10-04 18:55:03.991000 [I:onnxruntime:, graph_transformer.cc:15 Apply] GraphTransformer EnsureUniqueDQForNodeUnit modified: 0 with status: OK ccca253e-f5b6-4e5a-bdc2-850e1eb718b0:92:232
2026-10-04 18:55:03.991000 [V:onnxruntime:, graph_transformer_mgr.cc:31 ApplyTransformers] No graph transformers registered for level 0. ccca253e-f5b6-4e5a-bdc2-850e1eb718b0:92:232
2026-10-04 18:55:03.992000 [V:onnxruntime:, graph_transformer_mgr.cc:35 ApplyTransformers] Applying 16 graph transformer(s) for level 1 for up to 10 step(s). ccca253e-f5b6-4e5a-bdc2-850e1eb718b0:92:232
2026-10-04 18:55:03.992000 [V:onnxruntime:, graph_transformer_mgr.cc:43 ApplyTransformers] Graph transformer step 1 of 10 for level 1 started. ccca253e-f5b6-4e5a-bdc2-850e1eb718b0:92:232
2026-10-04 18:55:03.992000 [V:onnxruntime:, graph_transformer_mgr.cc:55 ApplyTransformers] Applying graph transformer Level1_RuleBasedTransformer on step 1. ccca253e-f5b6-4e5a-bdc2-850e1eb718b0:92:232
2026-10-04 18:55:03.993000 [I:onnxruntime:, graph_transformer.cc:15 Apply] GraphTransformer Level1_RuleBasedTransformer modified: 0 with status: OK ccca253e-f5b6-4e5a-bdc2-850e1eb718b0:92:232
2026-10-04 18:55:03.993000 [V:onnxruntime:, graph_transformer_mgr.cc:55 ApplyTransformers] Applying graph transformer DoubleQDQPairsRemover on step 1. ccca253e-f5b6-4e5a-bdc2-850e1eb718b0:92:232
2026-10-04 18:55:03.994000 [I:onnxruntime:, graph_transformer.cc:15 Apply] GraphTransformer DoubleQDQPairsRemover modified: 0 with status: OK ccca253e-f5b6-4e5a-bdc2-850e1eb718b0:92:232
2026-10-04 18:55:03.994000 [V:onnxruntime:, graph_transformer_mgr.cc:55 ApplyTransformers] Applying graph transformer ConstantSharing on step 1. ccca253e-f5b6-4e5a-bdc2-850e1eb718b0:92:232
2026-10-04 18:55:03.995999 [I:onnxruntime:, graph_transformer.cc:15 Apply] GraphTransformer ConstantSharing modified: 0 with status: OK ccca253e-f5b6-4e5a-bdc2-850e1eb718b0:92:232
2026-10-04 18:55:03.995999 [V:onnxruntime:, graph_transformer_mgr.cc:55 ApplyTransformers] Applying graph transformer CommonSubexpressionElimination on step 1. ccca253e-f5b6-4e5a-bdc2-850e1eb718b0:92:232
2026-10-04 18:55:03.999000 [I:onnxruntime:, graph_transformer.cc:15 Apply] GraphTransformer CommonSubexpressionElimination modified: 0 with status: OK ccca253e-f5b6-4e5a-bdc2-850e1eb718b0:92:232
2026-10-04 18:55:04.000000 [V:onnxruntime:, graph_transformer_mgr.cc:55 ApplyTransformers] Applying graph transformer ConstantFolding on step 1. ccca253e-f5b6-4e5a-bdc2-850e1eb718b0:92:232
2026-10-04 18:55:05.846000 [I:onnxruntime:, graph_transformer.cc:15 Apply] GraphTransformer ConstantFolding modified: 1 with status: OK ccca253e-f5b6-4e5a-bdc2-850e1eb718b0:92:232
2026-10-04 18:55:05.866000 [V:onnxruntime:, graph_transformer_mgr.cc:55 ApplyTransformers] Applying graph transformer MatMulAddFusion on step 1. ccca253e-f5b6-4e5a-bdc2-850e1eb718b0:92:232
2026-10-04 18:55:05.867000 [I:onnxruntime:, graph_transformer.cc:15 Apply] GraphTransformer MatMulAddFusion modified: 0 with status: OK ccca253e-f5b6-4e5a-bdc2-850e1eb718b0:92:232
2026-10-04 18:55:05.867000 [V:onnxruntime:, graph_transformer_mgr.cc:55 ApplyTransformers] Applying graph transformer ReshapeFusion on step 1. ccca253e-f5b6-4e5a-bdc2-850e1eb718b0:92:232
2026-10-04 18:55:05.867000 [I:onnxruntime:, reshape_fusion.cc:54 ApplyImpl] Fused reshape node: /model/pos_ids_reformat/Reshape/output_0 ccca253e-f5b6-4e5a-bdc2-850e1eb718b0:92:232
2026-10-04 18:55:05.867999 [I:onnxruntime:, reshape_fusion.cc:62 ApplyImpl] Total fused reshape node count: 1 ccca253e-f5b6-4e5a-bdc2-850e1eb718b0:92:232
2026-10-04 18:55:05.867999 [I:onnxruntime:, graph_transformer.cc:15 Apply] GraphTransformer ReshapeFusion modified: 1 with status: OK ccca253e-f5b6-4e5a-bdc2-850e1eb718b0:92:232
2026-10-04 18:55:05.881000 [I:onnxruntime:, graph.cc:5610 CleanUnusedInitializersAndNodeArgs] Removing initializer '/model/constants/TensorProto.INT64/1D/-1'. It is no longer used by any node. ccca253e-f5b6-4e5a-bdc2-850e1eb718b0:92:232
2026-10-04 18:55:05.881000 [I:onnxruntime:, graph.cc:5610 CleanUnusedInitializersAndNodeArgs] Removing initializer '/model/constants/TensorProto.INT64/1D/0'. It is no longer used by any node. ccca253e-f5b6-4e5a-bdc2-850e1eb718b0:92:232
2026-10-04 18:55:05.882000 [V:onnxruntime:, graph_transformer_mgr.cc:55 ApplyTransformers] Applying graph transformer FreeDimensionOverrideTransformer on step 1. ccca253e-f5b6-4e5a-bdc2-850e1eb718b0:92:232
2026-10-04 18:55:05.882000 [I:onnxruntime:, graph_transformer.cc:15 Apply] GraphTransformer FreeDimensionOverrideTransformer modified: 0 with status: OK ccca253e-f5b6-4e5a-bdc2-850e1eb718b0:92:232
2026-10-04 18:55:05.882000 [V:onnxruntime:, graph_transformer_mgr.cc:55 ApplyTransformers] Applying graph transformer SliceConcatToSpaceToDepthFusion on step 1. ccca253e-f5b6-4e5a-bdc2-850e1eb718b0:92:232
2026-10-04 18:55:05.883000 [I:onnxruntime:, graph_transformer.cc:15 Apply] GraphTransformer SliceConcatToSpaceToDepthFusion modified: 0 with status: OK ccca253e-f5b6-4e5a-bdc2-850e1eb718b0:92:232
2026-10-04 18:55:05.883000 [V:onnxruntime:, graph_transformer_mgr.cc:55 ApplyTransformers] Applying graph transformer GeluFusionL1 on step 1. ccca253e-f5b6-4e5a-bdc2-850e1eb718b0:92:232
2026-10-04 18:55:05.883000 [I:onnxruntime:, graph_transformer.cc:15 Apply] GraphTransformer GeluFusionL1 modified: 0 with status: OK ccca253e-f5b6-4e5a-bdc2-850e1eb718b0:92:232
2026-10-04 18:55:05.883000 [V:onnxruntime:, graph_transformer_mgr.cc:55 ApplyTransformers] Applying graph transformer LayerNormFusionL1 on step 1. ccca253e-f5b6-4e5a-bdc2-850e1eb718b0:92:232
2026-10-04 18:55:05.883000 [I:onnxruntime:, graph_transformer.cc:15 Apply] GraphTransformer LayerNormFusionL1 modified: 0 with status: OK ccca253e-f5b6-4e5a-bdc2-850e1eb718b0:92:232
2026-10-04 18:55:05.883000 [V:onnxruntime:, graph_transformer_mgr.cc:55 ApplyTransformers] Applying graph transformer QDQPropagationTransformer on step 1. ccca253e-f5b6-4e5a-bdc2-850e1eb718b0:92:232
2026-10-04 18:55:05.883999 [I:onnxruntime:, graph_transformer.cc:15 Apply] GraphTransformer QDQPropagationTransformer modified: 0 with status: OK ccca253e-f5b6-4e5a-bdc2-850e1eb718b0:92:232
2026-10-04 18:55:05.883999 [V:onnxruntime:, graph_transformer_mgr.cc:55 ApplyTransformers] Applying graph transformer WeightBiasQuantization on step 1. ccca253e-f5b6-4e5a-bdc2-850e1eb718b0:92:232
2026-10-04 18:55:05.885000 [I:onnxruntime:, graph_transformer.cc:15 Apply] GraphTransformer WeightBiasQuantization modified: 0 with status: OK ccca253e-f5b6-4e5a-bdc2-850e1eb718b0:92:232
2026-10-04 18:55:05.885000 [V:onnxruntime:, graph_transformer_mgr.cc:55 ApplyTransformers] Applying graph transformer EnsureUniqueDQForNodeUnit on step 1. ccca253e-f5b6-4e5a-bdc2-850e1eb718b0:92:232
2026-10-04 18:55:05.885000 [I:onnxruntime:, graph_transformer.cc:15 Apply] GraphTransformer EnsureUniqueDQForNodeUnit modified: 0 with status: OK ccca253e-f5b6-4e5a-bdc2-850e1eb718b0:92:232
2026-10-04 18:55:05.885000 [V:onnxruntime:, graph_transformer_mgr.cc:55 ApplyTransformers] Applying graph transformer WhereDummyDq on step 1. ccca253e-f5b6-4e5a-bdc2-850e1eb718b0:92:232
2026-10-04 18:55:05.886000 [I:onnxruntime:, graph_transformer.cc:15 Apply] GraphTransformer WhereDummyDq modified: 0 with status: OK ccca253e-f5b6-4e5a-bdc2-850e1eb718b0:92:232
2026-10-04 18:55:05.886000 [V:onnxruntime:, graph_transformer_mgr.cc:55 ApplyTransformers] Applying graph transformer TransposeOptimizer on step 1. ccca253e-f5b6-4e5a-bdc2-850e1eb718b0:92:232
2026-10-04 18:55:05.888000 [I:onnxruntime:, graph_transformer.cc:15 Apply] GraphTransformer TransposeOptimizer modified: 0 with status: OK ccca253e-f5b6-4e5a-bdc2-850e1eb718b0:92:232
2026-10-04 18:55:05.888000 [V:onnxruntime:, graph_transformer_mgr.cc:62 ApplyTransformers] Graph transformer step 1 of 10 for level 1 completed. graph_changed: 1. ccca253e-f5b6-4e5a-bdc2-850e1eb718b0:92:232
2026-10-04 18:55:05.888000 [V:onnxruntime:, graph_transformer_mgr.cc:43 ApplyTransformers] Graph transformer step 2 of 10 for level 1 started. ccca253e-f5b6-4e5a-bdc2-850e1eb718b0:92:232
2026-10-04 18:55:05.888000 [V:onnxruntime:, graph_transformer_mgr.cc:55 ApplyTransformers] Applying graph transformer Level1_RuleBasedTransformer on step 2. ccca253e-f5b6-4e5a-bdc2-850e1eb718b0:92:232
2026-10-04 18:55:05.889000 [I:onnxruntime:, graph_transformer.cc:15 Apply] GraphTransformer Level1_RuleBasedTransformer modified: 0 with status: OK ccca253e-f5b6-4e5a-bdc2-850e1eb718b0:92:232
2026-10-04 18:55:05.889000 [V:onnxruntime:, graph_transformer_mgr.cc:55 ApplyTransformers] Applying graph transformer DoubleQDQPairsRemover on step 2. ccca253e-f5b6-4e5a-bdc2-850e1eb718b0:92:232
2026-10-04 18:55:05.890000 [I:onnxruntime:, graph_transformer.cc:15 Apply] GraphTransformer DoubleQDQPairsRemover modified: 0 with status: OK ccca253e-f5b6-4e5a-bdc2-850e1eb718b0:92:232
2026-10-04 18:55:05.890000 [V:onnxruntime:, graph_transformer_mgr.cc:49 ApplyTransformers] Skipping graph transformer ConstantSharing on step 2 because it should only apply once. ccca253e-f5b6-4e5a-bdc2-850e1eb718b0:92:232
2026-10-04 18:55:05.890000 [V:onnxruntime:, graph_transformer_mgr.cc:55 ApplyTransformers] Applying graph transformer CommonSubexpressionElimination on step 2. ccca253e-f5b6-4e5a-bdc2-850e1eb718b0:92:232
2026-10-04 18:55:05.891999 [I:onnxruntime:, graph_transformer.cc:15 Apply] GraphTransformer CommonSubexpressionElimination modified: 0 with status: OK ccca253e-f5b6-4e5a-bdc2-850e1eb718b0:92:232
2026-10-04 18:55:05.891999 [V:onnxruntime:, graph_transformer_mgr.cc:55 ApplyTransformers] Applying graph transformer ConstantFolding on step 2. ccca253e-f5b6-4e5a-bdc2-850e1eb718b0:92:232
2026-10-04 18:55:05.891999 [I:onnxruntime:, graph_transformer.cc:15 Apply] GraphTransformer ConstantFolding modified: 0 with status: OK ccca253e-f5b6-4e5a-bdc2-850e1eb718b0:92:232
2026-10-04 18:55:05.893000 [V:onnxruntime:, graph_transformer_mgr.cc:55 ApplyTransformers] Applying graph transformer MatMulAddFusion on step 2. ccca253e-f5b6-4e5a-bdc2-850e1eb718b0:92:232
2026-10-04 18:55:05.893000 [I:onnxruntime:, graph_transformer.cc:15 Apply] GraphTransformer MatMulAddFusion modified: 0 with status: OK ccca253e-f5b6-4e5a-bdc2-850e1eb718b0:92:232
2026-10-04 18:55:05.893000 [V:onnxruntime:, graph_transformer_mgr.cc:55 ApplyTransformers] Applying graph transformer ReshapeFusion on step 2. ccca253e-f5b6-4e5a-bdc2-850e1eb718b0:92:232
2026-10-04 18:55:05.894000 [I:onnxruntime:, graph_transformer.cc:15 Apply] GraphTransformer ReshapeFusion modified: 0 with status: OK ccca253e-f5b6-4e5a-bdc2-850e1eb718b0:92:232
2026-10-04 18:55:05.894000 [V:onnxruntime:, graph_transformer_mgr.cc:55 ApplyTransformers] Applying graph transformer FreeDimensionOverrideTransformer on step 2. ccca253e-f5b6-4e5a-bdc2-850e1eb718b0:92:232
2026-10-04 18:55:05.894000 [I:onnxruntime:, graph_transformer.cc:15 Apply] GraphTransformer FreeDimensionOverrideTransformer modified: 0 with status: OK ccca253e-f5b6-4e5a-bdc2-850e1eb718b0:92:232
2026-10-04 18:55:05.894000 [V:onnxruntime:, graph_transformer_mgr.cc:55 ApplyTransformers] Applying graph transformer SliceConcatToSpaceToDepthFusion on step 2. ccca253e-f5b6-4e5a-bdc2-850e1eb718b0:92:232
2026-10-04 18:55:05.895000 [I:onnxruntime:, graph_transformer.cc:15 Apply] GraphTransformer SliceConcatToSpaceToDepthFusion modified: 0 with status: OK ccca253e-f5b6-4e5a-bdc2-850e1eb718b0:92:232
2026-10-04 18:55:05.895000 [V:onnxruntime:, graph_transformer_mgr.cc:55 ApplyTransformers] Applying graph transformer GeluFusionL1 on step 2. ccca253e-f5b6-4e5a-bdc2-850e1eb718b0:92:232
2026-10-04 18:55:05.895000 [I:onnxruntime:, graph_transformer.cc:15 Apply] GraphTransformer GeluFusionL1 modified: 0 with status: OK ccca253e-f5b6-4e5a-bdc2-850e1eb718b0:92:232
2026-10-04 18:55:05.895000 [V:onnxruntime:, graph_transformer_mgr.cc:55 ApplyTransformers] Applying graph transformer LayerNormFusionL1 on step 2. ccca253e-f5b6-4e5a-bdc2-850e1eb718b0:92:232
2026-10-04 18:55:05.896000 [I:onnxruntime:, graph_transformer.cc:15 Apply] GraphTransformer LayerNormFusionL1 modified: 0 with status: OK ccca253e-f5b6-4e5a-bdc2-850e1eb718b0:92:232
2026-10-04 18:55:05.896000 [V:onnxruntime:, graph_transformer_mgr.cc:55 ApplyTransformers] Applying graph transformer QDQPropagationTransformer on step 2. ccca253e-f5b6-4e5a-bdc2-850e1eb718b0:92:232
2026-10-04 18:55:05.896000 [I:onnxruntime:, graph_transformer.cc:15 Apply] GraphTransformer QDQPropagationTransformer modified: 0 with status: OK ccca253e-f5b6-4e5a-bdc2-850e1eb718b0:92:232
2026-10-04 18:55:05.897000 [V:onnxruntime:, graph_transformer_mgr.cc:55 ApplyTransformers] Applying graph transformer WeightBiasQuantization on step 2. ccca253e-f5b6-4e5a-bdc2-850e1eb718b0:92:232
2026-10-04 18:55:05.897000 [I:onnxruntime:, graph_transformer.cc:15 Apply] GraphTransformer WeightBiasQuantization modified: 0 with status: OK ccca253e-f5b6-4e5a-bdc2-850e1eb718b0:92:232
2026-10-04 18:55:05.897000 [V:onnxruntime:, graph_transformer_mgr.cc:55 ApplyTransformers] Applying graph transformer EnsureUniqueDQForNodeUnit on step 2. ccca253e-f5b6-4e5a-bdc2-850e1eb718b0:92:232
2026-10-04 18:55:05.898000 [I:onnxruntime:, graph_transformer.cc:15 Apply] GraphTransformer EnsureUniqueDQForNodeUnit modified: 0 with status: OK ccca253e-f5b6-4e5a-bdc2-850e1eb718b0:92:232
2026-10-04 18:55:05.898000 [V:onnxruntime:, graph_transformer_mgr.cc:55 ApplyTransformers] Applying graph transformer WhereDummyDq on step 2. ccca253e-f5b6-4e5a-bdc2-850e1eb718b0:92:232
2026-10-04 18:55:05.899000 [I:onnxruntime:, graph_transformer.cc:15 Apply] GraphTransformer WhereDummyDq modified: 0 with status: OK ccca253e-f5b6-4e5a-bdc2-850e1eb718b0:92:232
2026-10-04 18:55:05.899000 [V:onnxruntime:, graph_transformer_mgr.cc:49 ApplyTransformers] Skipping graph transformer TransposeOptimizer on step 2 because it should only apply once. ccca253e-f5b6-4e5a-bdc2-850e1eb718b0:92:232
2026-10-04 18:55:05.899000 [V:onnxruntime:, graph_transformer_mgr.cc:62 ApplyTransformers] Graph transformer step 2 of 10 for level 1 completed. graph_changed: 0. ccca253e-f5b6-4e5a-bdc2-850e1eb718b0:92:232
2026-10-04 18:55:05.899000 [V:onnxruntime:, graph_transformer_mgr.cc:67 ApplyTransformers] Stopping graph transformer iteration for level 1 after step 2 because the graph was not modified. ccca253e-f5b6-4e5a-bdc2-850e1eb718b0:92:232
2026-10-04 18:55:05.899999 [I:onnxruntime:, webgpu_execution_provider.cc:666 GetCapability] webgpu kernel not found in registries for Op type: Reshape node name: /model/pos_ids_reformat/Reshape ccca253e-f5b6-4e5a-bdc2-850e1eb718b0:92:232
2026-10-04 18:55:05.899999 [I:onnxruntime:, webgpu_execution_provider.cc:666 GetCapability] webgpu kernel not found in registries for Op type: ReduceSum node name: /model/attn_mask_reformat/attn_mask_subgraph/ReduceSum ccca253e-f5b6-4e5a-bdc2-850e1eb718b0:92:232
2026-10-04 18:55:05.899999 [I:onnxruntime:, webgpu_execution_provider.cc:666 GetCapability] webgpu kernel not found in registries for Op type: Sub node name: /model/attn_mask_reformat/attn_mask_subgraph/Sub ccca253e-f5b6-4e5a-bdc2-850e1eb718b0:92:232
2026-10-04 18:55:05.901000 [I:onnxruntime:, webgpu_execution_provider.cc:666 GetCapability] webgpu kernel not found in registries for Op type: Cast node name: /model/attn_mask_reformat/attn_mask_subgraph/Sub/Cast ccca253e-f5b6-4e5a-bdc2-850e1eb718b0:92:232
2026-10-04 18:55:05.901000 [I:onnxruntime:, webgpu_execution_provider.cc:666 GetCapability] webgpu kernel not found in registries for Op type: Shape node name: /model/attn_mask_reformat/attn_mask_subgraph/Shape ccca253e-f5b6-4e5a-bdc2-850e1eb718b0:92:232
2026-10-04 18:55:05.901000 [I:onnxruntime:, webgpu_execution_provider.cc:666 GetCapability] webgpu kernel not found in registries for Op type: Gather node name: /model/attn_mask_reformat/attn_mask_subgraph/Gather ccca253e-f5b6-4e5a-bdc2-850e1eb718b0:92:232
2026-10-04 18:55:05.902000 [I:onnxruntime:, webgpu_execution_provider.cc:666 GetCapability] webgpu kernel not found in registries for Op type: Cast node name: /model/attn_mask_reformat/attn_mask_subgraph/Gather/Cast ccca253e-f5b6-4e5a-bdc2-850e1eb718b0:92:232
2026-10-04 18:55:05.928000 [I:onnxruntime:, webgpu_execution_provider.cc:666 GetCapability] webgpu kernel not found in registries for Op type: Reshape node name: /model/pos_ids_reformat/Reshape ccca253e-f5b6-4e5a-bdc2-850e1eb718b0:92:232
2026-10-04 18:55:05.929000 [I:onnxruntime:, webgpu_execution_provider.cc:666 GetCapability] webgpu kernel not found in registries for Op type: ReduceSum node name: /model/attn_mask_reformat/attn_mask_subgraph/ReduceSum ccca253e-f5b6-4e5a-bdc2-850e1eb718b0:92:232
2026-10-04 18:55:05.930000 [I:onnxruntime:, webgpu_execution_provider.cc:666 GetCapability] webgpu kernel not found in registries for Op type: Sub node name: /model/attn_mask_reformat/attn_mask_subgraph/Sub ccca253e-f5b6-4e5a-bdc2-850e1eb718b0:92:232
2026-10-04 18:55:05.930000 [I:onnxruntime:, webgpu_execution_provider.cc:666 GetCapability] webgpu kernel not found in registries for Op type: Cast node name: /model/attn_mask_reformat/attn_mask_subgraph/Sub/Cast ccca253e-f5b6-4e5a-bdc2-850e1eb718b0:92:232
2026-10-04 18:55:05.931000 [I:onnxruntime:, webgpu_execution_provider.cc:666 GetCapability] webgpu kernel not found in registries for Op type: Shape node name: /model/attn_mask_reformat/attn_mask_subgraph/Shape ccca253e-f5b6-4e5a-bdc2-850e1eb718b0:92:232
2026-10-04 18:55:05.931000 [I:onnxruntime:, webgpu_execution_provider.cc:666 GetCapability] webgpu kernel not found in registries for Op type: Gather node name: /model/attn_mask_reformat/attn_mask_subgraph/Gather ccca253e-f5b6-4e5a-bdc2-850e1eb718b0:92:232
2026-10-04 18:55:05.931999 [I:onnxruntime:, webgpu_execution_provider.cc:666 GetCapability] webgpu kernel not found in registries for Op type: Cast node name: /model/attn_mask_reformat/attn_mask_subgraph/Gather/Cast ccca253e-f5b6-4e5a-bdc2-850e1eb718b0:92:232
2026-10-04 18:55:05.935000 [I:onnxruntime:, inference_session.cc:1922 TransformGraph] Running graph optimizations in loop 1 time/s (Graph Optimizations Loop Level : 1) ccca253e-f5b6-4e5a-bdc2-850e1eb718b0:92:232
2026-10-04 18:55:05.935000 [V:onnxruntime:, graph_transformer_mgr.cc:35 ApplyTransformers] Applying 32 graph transformer(s) for level 2 for up to 10 step(s). ccca253e-f5b6-4e5a-bdc2-850e1eb718b0:92:232
2026-10-04 18:55:05.935000 [V:onnxruntime:, graph_transformer_mgr.cc:43 ApplyTransformers] Graph transformer step 1 of 10 for level 2 started. ccca253e-f5b6-4e5a-bdc2-850e1eb718b0:92:232
2026-10-04 18:55:05.936000 [V:onnxruntime:, graph_transformer_mgr.cc:55 ApplyTransformers] Applying graph transformer Level2_RuleBasedTransformer on step 1. ccca253e-f5b6-4e5a-bdc2-850e1eb718b0:92:232
2026-10-04 18:55:05.936000 [I:onnxruntime:, graph_transformer.cc:15 Apply] GraphTransformer Level2_RuleBasedTransformer modified: 0 with status: OK ccca253e-f5b6-4e5a-bdc2-850e1eb718b0:92:232
2026-10-04 18:55:05.937000 [V:onnxruntime:, graph_transformer_mgr.cc:55 ApplyTransformers] Applying graph transformer TransposeOptimizer_CPUExecutionProvider on step 1. ccca253e-f5b6-4e5a-bdc2-850e1eb718b0:92:232
2026-10-04 18:55:05.938000 [I:onnxruntime:, graph_transformer.cc:15 Apply] GraphTransformer TransposeOptimizer_CPUExecutionProvider modified: 0 with status: OK ccca253e-f5b6-4e5a-bdc2-850e1eb718b0:92:232
2026-10-04 18:55:05.938000 [V:onnxruntime:, graph_transformer_mgr.cc:55 ApplyTransformers] Applying graph transformer QDQS8ToU8Transformer on step 1. ccca253e-f5b6-4e5a-bdc2-850e1eb718b0:92:232
2026-10-04 18:55:05.939000 [I:onnxruntime:, graph_transformer.cc:15 Apply] GraphTransformer QDQS8ToU8Transformer modified: 0 with status: OK ccca253e-f5b6-4e5a-bdc2-850e1eb718b0:92:232
2026-10-04 18:55:05.939000 [V:onnxruntime:, graph_transformer_mgr.cc:55 ApplyTransformers] Applying graph transformer QDQSelectorActionTransformer on step 1. ccca253e-f5b6-4e5a-bdc2-850e1eb718b0:92:232
2026-10-04 18:55:05.939999 [I:onnxruntime:, graph_transformer.cc:15 Apply] GraphTransformer QDQSelectorActionTransformer modified: 0 with status: OK ccca253e-f5b6-4e5a-bdc2-850e1eb718b0:92:232
2026-10-04 18:55:05.939999 [V:onnxruntime:, graph_transformer_mgr.cc:55 ApplyTransformers] Applying graph transformer GemmActivationFusion on step 1. ccca253e-f5b6-4e5a-bdc2-850e1eb718b0:92:232
2026-10-04 18:55:05.939999 [I:onnxruntime:, graph_transformer.cc:15 Apply] GraphTransformer GemmActivationFusion modified: 0 with status: OK ccca253e-f5b6-4e5a-bdc2-850e1eb718b0:92:232
2026-10-04 18:55:05.941000 [V:onnxruntime:, graph_transformer_mgr.cc:55 ApplyTransformers] Applying graph transformer MatMulIntegerToFloatFusion on step 1. ccca253e-f5b6-4e5a-bdc2-850e1eb718b0:92:232
2026-10-04 18:55:05.941000 [I:onnxruntime:, graph_transformer.cc:15 Apply] GraphTransformer MatMulIntegerToFloatFusion modified: 0 with status: OK ccca253e-f5b6-4e5a-bdc2-850e1eb718b0:92:232
2026-10-04 18:55:05.941000 [V:onnxruntime:, graph_transformer_mgr.cc:55 ApplyTransformers] Applying graph transformer DynamicQuantizeMatMulFusion on step 1. ccca253e-f5b6-4e5a-bdc2-850e1eb718b0:92:232
2026-10-04 18:55:05.942000 [I:onnxruntime:, graph_transformer.cc:15 Apply] GraphTransformer DynamicQuantizeMatMulFusion modified: 0 with status: OK ccca253e-f5b6-4e5a-bdc2-850e1eb718b0:92:232
2026-10-04 18:55:05.942000 [V:onnxruntime:, graph_transformer_mgr.cc:55 ApplyTransformers] Applying graph transformer ConvActivationFusion on step 1. ccca253e-f5b6-4e5a-bdc2-850e1eb718b0:92:232
2026-10-04 18:55:05.943000 [I:onnxruntime:, graph_transformer.cc:15 Apply] GraphTransformer ConvActivationFusion modified: 0 with status: OK ccca253e-f5b6-4e5a-bdc2-850e1eb718b0:92:232
2026-10-04 18:55:05.943000 [V:onnxruntime:, graph_transformer_mgr.cc:55 ApplyTransformers] Applying graph transformer GeluFusionL2 on step 1. ccca253e-f5b6-4e5a-bdc2-850e1eb718b0:92:232
2026-10-04 18:55:05.944000 [I:onnxruntime:, graph_transformer.cc:15 Apply] GraphTransformer GeluFusionL2 modified: 0 with status: OK ccca253e-f5b6-4e5a-bdc2-850e1eb718b0:92:232
2026-10-04 18:55:05.944000 [V:onnxruntime:, graph_transformer_mgr.cc:55 ApplyTransformers] Applying graph transformer LayerNormFusionL2 on step 1. ccca253e-f5b6-4e5a-bdc2-850e1eb718b0:92:232
2026-10-04 18:55:05.945000 [I:onnxruntime:, graph_transformer.cc:15 Apply] GraphTransformer LayerNormFusionL2 modified: 0 with status: OK ccca253e-f5b6-4e5a-bdc2-850e1eb718b0:92:232
2026-10-04 18:55:05.954000 [V:onnxruntime:, graph_transformer_mgr.cc:55 ApplyTransformers] Applying graph transformer SimplifiedLayerNormFusion on step 1. ccca253e-f5b6-4e5a-bdc2-850e1eb718b0:92:232
2026-10-04 18:55:05.955999 [I:onnxruntime:, graph_transformer.cc:15 Apply] GraphTransformer SimplifiedLayerNormFusion modified: 0 with status: OK ccca253e-f5b6-4e5a-bdc2-850e1eb718b0:92:232
2026-10-04 18:55:05.957000 [V:onnxruntime:, graph_transformer_mgr.cc:55 ApplyTransformers] Applying graph transformer AttentionFusion on step 1. ccca253e-f5b6-4e5a-bdc2-850e1eb718b0:92:232
2026-10-04 18:55:05.959000 [I:onnxruntime:, graph_transformer.cc:15 Apply] GraphTransformer AttentionFusion modified: 0 with status: OK ccca253e-f5b6-4e5a-bdc2-850e1eb718b0:92:232
2026-10-04 18:55:05.960000 [V:onnxruntime:, graph_transformer_mgr.cc:55 ApplyTransformers] Applying graph transformer EmbedLayerNormFusion on step 1. ccca253e-f5b6-4e5a-bdc2-850e1eb718b0:92:232
2026-10-04 18:55:05.961000 [I:onnxruntime:, graph_transformer.cc:15 Apply] GraphTransformer EmbedLayerNormFusion modified: 0 with status: OK ccca253e-f5b6-4e5a-bdc2-850e1eb718b0:92:232
2026-10-04 18:55:05.961000 [V:onnxruntime:, graph_transformer_mgr.cc:55 ApplyTransformers] Applying graph transformer GatherSliceToSplitFusion on step 1. ccca253e-f5b6-4e5a-bdc2-850e1eb718b0:92:232
2026-10-04 18:55:05.962000 [I:onnxruntime:, graph_transformer.cc:15 Apply] GraphTransformer GatherSliceToSplitFusion modified: 0 with status: OK ccca253e-f5b6-4e5a-bdc2-850e1eb718b0:92:232
2026-10-04 18:55:05.962000 [V:onnxruntime:, graph_transformer_mgr.cc:55 ApplyTransformers] Applying graph transformer GatherToSliceFusion on step 1. ccca253e-f5b6-4e5a-bdc2-850e1eb718b0:92:232
2026-10-04 18:55:05.963000 [I:onnxruntime:, graph_transformer.cc:15 Apply] GraphTransformer GatherToSliceFusion modified: 0 with status: OK ccca253e-f5b6-4e5a-bdc2-850e1eb718b0:92:232
2026-10-04 18:55:05.963000 [V:onnxruntime:, graph_transformer_mgr.cc:55 ApplyTransformers] Applying graph transformer MatmulTransposeFusion on step 1. ccca253e-f5b6-4e5a-bdc2-850e1eb718b0:92:232
2026-10-04 18:55:05.963000 [I:onnxruntime:, graph_transformer.cc:15 Apply] GraphTransformer MatmulTransposeFusion modified: 0 with status: OK ccca253e-f5b6-4e5a-bdc2-850e1eb718b0:92:232
2026-10-04 18:55:05.963999 [V:onnxruntime:, graph_transformer_mgr.cc:55 ApplyTransformers] Applying graph transformer BiasGeluFusion on step 1. ccca253e-f5b6-4e5a-bdc2-850e1eb718b0:92:232
2026-10-04 18:55:05.963999 [I:onnxruntime:, graph_transformer.cc:15 Apply] GraphTransformer BiasGeluFusion modified: 0 with status: OK ccca253e-f5b6-4e5a-bdc2-850e1eb718b0:92:232
2026-10-04 18:55:05.963999 [V:onnxruntime:, graph_transformer_mgr.cc:55 ApplyTransformers] Applying graph transformer GroupQueryAttentionFusion on step 1. ccca253e-f5b6-4e5a-bdc2-850e1eb718b0:92:232
2026-10-04 18:55:05.965000 [I:onnxruntime:, graph_transformer.cc:15 Apply] GraphTransformer GroupQueryAttentionFusion modified: 0 with status: OK ccca253e-f5b6-4e5a-bdc2-850e1eb718b0:92:232
2026-10-04 18:55:05.965000 [V:onnxruntime:, graph_transformer_mgr.cc:55 ApplyTransformers] Applying graph transformer MatMulAddFusion on step 1. ccca253e-f5b6-4e5a-bdc2-850e1eb718b0:92:232
2026-10-04 18:55:05.965000 [I:onnxruntime:, graph_transformer.cc:15 Apply] GraphTransformer MatMulAddFusion modified: 0 with status: OK ccca253e-f5b6-4e5a-bdc2-850e1eb718b0:92:232
2026-10-04 18:55:05.965000 [V:onnxruntime:, graph_transformer_mgr.cc:55 ApplyTransformers] Applying graph transformer SkipLayerNormFusion on step 1. ccca253e-f5b6-4e5a-bdc2-850e1eb718b0:92:232
2026-10-04 18:55:05.966000 [I:onnxruntime:, graph_transformer.cc:15 Apply] GraphTransformer SkipLayerNormFusion modified: 0 with status: OK ccca253e-f5b6-4e5a-bdc2-850e1eb718b0:92:232
2026-10-04 18:55:05.966000 [V:onnxruntime:, graph_transformer_mgr.cc:55 ApplyTransformers] Applying graph transformer BiasSkipLayerNormFusion on step 1. ccca253e-f5b6-4e5a-bdc2-850e1eb718b0:92:232
2026-10-04 18:55:05.967000 [I:onnxruntime:, graph_transformer.cc:15 Apply] GraphTransformer BiasSkipLayerNormFusion modified: 0 with status: OK ccca253e-f5b6-4e5a-bdc2-850e1eb718b0:92:232
2026-10-04 18:55:05.967000 [V:onnxruntime:, graph_transformer_mgr.cc:55 ApplyTransformers] Applying graph transformer FastGeluFusion on step 1. ccca253e-f5b6-4e5a-bdc2-850e1eb718b0:92:232
2026-10-04 18:55:05.967000 [I:onnxruntime:, graph_transformer.cc:15 Apply] GraphTransformer FastGeluFusion modified: 0 with status: OK ccca253e-f5b6-4e5a-bdc2-850e1eb718b0:92:232
2026-10-04 18:55:05.968000 [V:onnxruntime:, graph_transformer_mgr.cc:55 ApplyTransformers] Applying graph transformer QuickGeluFusion on step 1. ccca253e-f5b6-4e5a-bdc2-850e1eb718b0:92:232
2026-10-04 18:55:05.968000 [I:onnxruntime:, graph_transformer.cc:15 Apply] GraphTransformer QuickGeluFusion modified: 1 with status: OK ccca253e-f5b6-4e5a-bdc2-850e1eb718b0:92:232
2026-10-04 18:55:05.982000 [V:onnxruntime:, graph_transformer_mgr.cc:55 ApplyTransformers] Applying graph transformer BiasSoftmaxFusion on step 1. ccca253e-f5b6-4e5a-bdc2-850e1eb718b0:92:232
2026-10-04 18:55:05.983000 [I:onnxruntime:, graph_transformer.cc:15 Apply] GraphTransformer BiasSoftmaxFusion modified: 0 with status: OK ccca253e-f5b6-4e5a-bdc2-850e1eb718b0:92:232
2026-10-04 18:55:05.983000 [V:onnxruntime:, graph_transformer_mgr.cc:55 ApplyTransformers] Applying graph transformer BiasDropoutFusion on step 1. ccca253e-f5b6-4e5a-bdc2-850e1eb718b0:92:232
2026-10-04 18:55:05.984000 [I:onnxruntime:, graph_transformer.cc:15 Apply] GraphTransformer BiasDropoutFusion modified: 0 with status: OK ccca253e-f5b6-4e5a-bdc2-850e1eb718b0:92:232
2026-10-04 18:55:05.984000 [V:onnxruntime:, graph_transformer_mgr.cc:55 ApplyTransformers] Applying graph transformer MatMulScaleFusion on step 1. ccca253e-f5b6-4e5a-bdc2-850e1eb718b0:92:232
2026-10-04 18:55:05.985000 [I:onnxruntime:, graph_transformer.cc:15 Apply] GraphTransformer MatMulScaleFusion modified: 0 with status: OK ccca253e-f5b6-4e5a-bdc2-850e1eb718b0:92:232
2026-10-04 18:55:05.985000 [V:onnxruntime:, graph_transformer_mgr.cc:55 ApplyTransformers] Applying graph transformer MatMulActivationFusion on step 1. ccca253e-f5b6-4e5a-bdc2-850e1eb718b0:92:232
2026-10-04 18:55:05.985000 [I:onnxruntime:, graph_transformer.cc:15 Apply] GraphTransformer MatMulActivationFusion modified: 0 with status: OK ccca253e-f5b6-4e5a-bdc2-850e1eb718b0:92:232
2026-10-04 18:55:05.986000 [V:onnxruntime:, graph_transformer_mgr.cc:55 ApplyTransformers] Applying graph transformer MatMulNBitsFusion on step 1. ccca253e-f5b6-4e5a-bdc2-850e1eb718b0:92:232
2026-10-04 18:55:05.986000 [I:onnxruntime:, graph_transformer.cc:15 Apply] GraphTransformer MatMulNBitsFusion modified: 0 with status: OK ccca253e-f5b6-4e5a-bdc2-850e1eb718b0:92:232
2026-10-04 18:55:05.986000 [V:onnxruntime:, graph_transformer_mgr.cc:55 ApplyTransformers] Applying graph transformer GroupQueryAttentionPreNormFusion on step 1. ccca253e-f5b6-4e5a-bdc2-850e1eb718b0:92:232
2026-10-04 18:55:05.987000 [I:onnxruntime:, graph_transformer.cc:15 Apply] GraphTransformer GroupQueryAttentionPreNormFusion modified: 0 with status: OK ccca253e-f5b6-4e5a-bdc2-850e1eb718b0:92:232
2026-10-04 18:55:05.987000 [V:onnxruntime:, graph_transformer_mgr.cc:55 ApplyTransformers] Applying graph transformer MatMulNBitsMlpFusion on step 1. ccca253e-f5b6-4e5a-bdc2-850e1eb718b0:92:232
2026-10-04 18:55:05.987999 [V:onnxruntime:, matmul_nbits_mlp_fusion.cc:339 ApplyImpl] MatMulNBitsMlpFusion: matched candidate shape='quick_gelu' output_mul='/model/layers.0/mlp/Mul' gate='/model/layers.0/mlp/gate_proj/MatMul_Q4' up='/model/layers.0/mlp/up_proj/MatMul_Q4' attrs={K=1024, N=3072, bits=4, block_size=32, accuracy_level=0} ccca253e-f5b6-4e5a-bdc2-850e1eb718b0:92:232
2026-10-04 18:55:05.987999 [V:onnxruntime:, matmul_nbits_mlp_fusion.cc:436 ApplyImpl] MatMulNBitsMlpFusion: created fused node 'MatMulNBitsMlp' from output_mul='/model/layers.0/mlp/Mul' ccca253e-f5b6-4e5a-bdc2-850e1eb718b0:92:232
2026-10-04 18:55:05.987999 [V:onnxruntime:, matmul_nbits_mlp_fusion.cc:339 ApplyImpl] MatMulNBitsMlpFusion: matched candidate shape='quick_gelu' output_mul='/model/layers.1/mlp/Mul' gate='/model/layers.1/mlp/gate_proj/MatMul_Q4' up='/model/layers.1/mlp/up_proj/MatMul_Q4' attrs={K=1024, N=3072, bits=4, block_size=32, accuracy_level=0} ccca253e-f5b6-4e5a-bdc2-850e1eb718b0:92:232
2026-10-04 18:55:05.989000 [V:onnxruntime:, matmul_nbits_mlp_fusion.cc:436 ApplyImpl] MatMulNBitsMlpFusion: created fused node 'MatMulNBitsMlp_token_0' from output_mul='/model/layers.1/mlp/Mul' ccca253e-f5b6-4e5a-bdc2-850e1eb718b0:92:232
2026-10-04 18:55:05.989000 [V:onnxruntime:, matmul_nbits_mlp_fusion.cc:339 ApplyImpl] MatMulNBitsMlpFusion: matched candidate shape='quick_gelu' output_mul='/model/layers.2/mlp/Mul' gate='/model/layers.2/mlp/gate_proj/MatMul_Q4' up='/model/layers.2/mlp/up_proj/MatMul_Q4' attrs={K=1024, N=3072, bits=4, block_size=32, accuracy_level=0} ccca253e-f5b6-4e5a-bdc2-850e1eb718b0:92:232
2026-10-04 18:55:05.989000 [V:onnxruntime:, matmul_nbits_mlp_fusion.cc:436 ApplyImpl] MatMulNBitsMlpFusion: created fused node 'MatMulNBitsMlp_token_1' from output_mul='/model/layers.2/mlp/Mul' ccca253e-f5b6-4e5a-bdc2-850e1eb718b0:92:232
2026-10-04 18:55:05.990000 [V:onnxruntime:, matmul_nbits_mlp_fusion.cc:339 ApplyImpl] MatMulNBitsMlpFusion: matched candidate shape='quick_gelu' output_mul='/model/layers.3/mlp/Mul' gate='/model/layers.3/mlp/gate_proj/MatMul_Q4' up='/model/layers.3/mlp/up_proj/MatMul_Q4' attrs={K=1024, N=3072, bits=4, block_size=32, accuracy_level=0} ccca253e-f5b6-4e5a-bdc2-850e1eb718b0:92:232
2026-10-04 18:55:05.990000 [V:onnxruntime:, matmul_nbits_mlp_fusion.cc:436 ApplyImpl] MatMulNBitsMlpFusion: created fused node 'MatMulNBitsMlp_token_2' from output_mul='/model/layers.3/mlp/Mul' ccca253e-f5b6-4e5a-bdc2-850e1eb718b0:92:232
2026-10-04 18:55:05.990000 [V:onnxruntime:, matmul_nbits_mlp_fusion.cc:339 ApplyImpl] MatMulNBitsMlpFusion: matched candidate shape='quick_gelu' output_mul='/model/layers.4/mlp/Mul' gate='/model/layers.4/mlp/gate_proj/MatMul_Q4' up='/model/layers.4/mlp/up_proj/MatMul_Q4' attrs={K=1024, N=3072, bits=4, block_size=32, accuracy_level=0} ccca253e-f5b6-4e5a-bdc2-850e1eb718b0:92:232
2026-10-04 18:55:05.990000 [V:onnxruntime:, matmul_nbits_mlp_fusion.cc:436 ApplyImpl] MatMulNBitsMlpFusion: created fused node 'MatMulNBitsMlp_token_3' from output_mul='/model/layers.4/mlp/Mul' ccca253e-f5b6-4e5a-bdc2-850e1eb718b0:92:232
2026-10-04 18:55:05.990000 [V:onnxruntime:, matmul_nbits_mlp_fusion.cc:339 ApplyImpl] MatMulNBitsMlpFusion: matched candidate shape='quick_gelu' output_mul='/model/layers.5/mlp/Mul' gate='/model/layers.5/mlp/gate_proj/MatMul_Q4' up='/model/layers.5/mlp/up_proj/MatMul_Q4' attrs={K=1024, N=3072, bits=4, block_size=32, accuracy_level=0} ccca253e-f5b6-4e5a-bdc2-850e1eb718b0:92:232
2026-10-04 18:55:05.991000 [V:onnxruntime:, matmul_nbits_mlp_fusion.cc:436 ApplyImpl] MatMulNBitsMlpFusion: created fused node 'MatMulNBitsMlp_token_4' from output_mul='/model/layers.5/mlp/Mul' ccca253e-f5b6-4e5a-bdc2-850e1eb718b0:92:232
2026-10-04 18:55:05.991000 [V:onnxruntime:, matmul_nbits_mlp_fusion.cc:339 ApplyImpl] MatMulNBitsMlpFusion: matched candidate shape='quick_gelu' output_mul='/model/layers.6/mlp/Mul' gate='/model/layers.6/mlp/gate_proj/MatMul_Q4' up='/model/layers.6/mlp/up_proj/MatMul_Q4' attrs={K=1024, N=3072, bits=4, block_size=32, accuracy_level=0} ccca253e-f5b6-4e5a-bdc2-850e1eb718b0:92:232
2026-10-04 18:55:05.991000 [V:onnxruntime:, matmul_nbits_mlp_fusion.cc:436 ApplyImpl] MatMulNBitsMlpFusion: created fused node 'MatMulNBitsMlp_token_5' from output_mul='/model/layers.6/mlp/Mul' ccca253e-f5b6-4e5a-bdc2-850e1eb718b0:92:232
2026-10-04 18:55:05.992000 [V:onnxruntime:, matmul_nbits_mlp_fusion.cc:339 ApplyImpl] MatMulNBitsMlpFusion: matched candidate shape='quick_gelu' output_mul='/model/layers.7/mlp/Mul' gate='/model/layers.7/mlp/gate_proj/MatMul_Q4' up='/model/layers.7/mlp/up_proj/MatMul_Q4' attrs={K=1024, N=3072, bits=4, block_size=32, accuracy_level=0} ccca253e-f5b6-4e5a-bdc2-850e1eb718b0:92:232
2026-10-04 18:55:05.992000 [V:onnxruntime:, matmul_nbits_mlp_fusion.cc:436 ApplyImpl] MatMulNBitsMlpFusion: created fused node 'MatMulNBitsMlp_token_6' from output_mul='/model/layers.7/mlp/Mul' ccca253e-f5b6-4e5a-bdc2-850e1eb718b0:92:232
2026-10-04 18:55:05.992000 [V:onnxruntime:, matmul_nbits_mlp_fusion.cc:339 ApplyImpl] MatMulNBitsMlpFusion: matched candidate shape='quick_gelu' output_mul='/model/layers.8/mlp/Mul' gate='/model/layers.8/mlp/gate_proj/MatMul_Q4' up='/model/layers.8/mlp/up_proj/MatMul_Q4' attrs={K=1024, N=3072, bits=4, block_size=32, accuracy_level=0} ccca253e-f5b6-4e5a-bdc2-850e1eb718b0:92:232
2026-10-04 18:55:05.993000 [V:onnxruntime:, matmul_nbits_mlp_fusion.cc:436 ApplyImpl] MatMulNBitsMlpFusion: created fused node 'MatMulNBitsMlp_token_7' from output_mul='/model/layers.8/mlp/Mul' ccca253e-f5b6-4e5a-bdc2-850e1eb718b0:92:232
2026-10-04 18:55:05.993000 [V:onnxruntime:, matmul_nbits_mlp_fusion.cc:339 ApplyImpl] MatMulNBitsMlpFusion: matched candidate shape='quick_gelu' output_mul='/model/layers.9/mlp/Mul' gate='/model/layers.9/mlp/gate_proj/MatMul_Q4' up='/model/layers.9/mlp/up_proj/MatMul_Q4' attrs={K=1024, N=3072, bits=4, block_size=32, accuracy_level=0} ccca253e-f5b6-4e5a-bdc2-850e1eb718b0:92:232
2026-10-04 18:55:05.993000 [V:onnxruntime:, matmul_nbits_mlp_fusion.cc:436 ApplyImpl] MatMulNBitsMlpFusion: created fused node 'MatMulNBitsMlp_token_8' from output_mul='/model/layers.9/mlp/Mul' ccca253e-f5b6-4e5a-bdc2-850e1eb718b0:92:232
2026-10-04 18:55:05.994000 [V:onnxruntime:, matmul_nbits_mlp_fusion.cc:339 ApplyImpl] MatMulNBitsMlpFusion: matched candidate shape='quick_gelu' output_mul='/model/layers.10/mlp/Mul' gate='/model/layers.10/mlp/gate_proj/MatMul_Q4' up='/model/layers.10/mlp/up_proj/MatMul_Q4' attrs={K=1024, N=3072, bits=4, block_size=32, accuracy_level=0} ccca253e-f5b6-4e5a-bdc2-850e1eb718b0:92:232
2026-10-04 18:55:05.994000 [V:onnxruntime:, matmul_nbits_mlp_fusion.cc:436 ApplyImpl] MatMulNBitsMlpFusion: created fused node 'MatMulNBitsMlp_token_9' from output_mul='/model/layers.10/mlp/Mul' ccca253e-f5b6-4e5a-bdc2-850e1eb718b0:92:232
2026-10-04 18:55:05.994000 [V:onnxruntime:, matmul_nbits_mlp_fusion.cc:339 ApplyImpl] MatMulNBitsMlpFusion: matched candidate shape='quick_gelu' output_mul='/model/layers.11/mlp/Mul' gate='/model/layers.11/mlp/gate_proj/MatMul_Q4' up='/model/layers.11/mlp/up_proj/MatMul_Q4' attrs={K=1024, N=3072, bits=4, block_size=32, accuracy_level=0} ccca253e-f5b6-4e5a-bdc2-850e1eb718b0:92:232
2026-10-04 18:55:05.994000 [V:onnxruntime:, matmul_nbits_mlp_fusion.cc:436 ApplyImpl] MatMulNBitsMlpFusion: created fused node 'MatMulNBitsMlp_token_10' from output_mul='/model/layers.11/mlp/Mul' ccca253e-f5b6-4e5a-bdc2-850e1eb718b0:92:232
2026-10-04 18:55:05.995000 [V:onnxruntime:, matmul_nbits_mlp_fusion.cc:339 ApplyImpl] MatMulNBitsMlpFusion: matched candidate shape='quick_gelu' output_mul='/model/layers.12/mlp/Mul' gate='/model/layers.12/mlp/gate_proj/MatMul_Q4' up='/model/layers.12/mlp/up_proj/MatMul_Q4' attrs={K=1024, N=3072, bits=4, block_size=32, accuracy_level=0} ccca253e-f5b6-4e5a-bdc2-850e1eb718b0:92:232
2026-10-04 18:55:05.995000 [V:onnxruntime:, matmul_nbits_mlp_fusion.cc:436 ApplyImpl] MatMulNBitsMlpFusion: created fused node 'MatMulNBitsMlp_token_11' from output_mul='/model/layers.12/mlp/Mul' ccca253e-f5b6-4e5a-bdc2-850e1eb718b0:92:232
2026-10-04 18:55:05.995000 [V:onnxruntime:, matmul_nbits_mlp_fusion.cc:339 ApplyImpl] MatMulNBitsMlpFusion: matched candidate shape='quick_gelu' output_mul='/model/layers.13/mlp/Mul' gate='/model/layers.13/mlp/gate_proj/MatMul_Q4' up='/model/layers.13/mlp/up_proj/MatMul_Q4' attrs={K=1024, N=3072, bits=4, block_size=32, accuracy_level=0} ccca253e-f5b6-4e5a-bdc2-850e1eb718b0:92:232
2026-10-04 18:55:05.995999 [V:onnxruntime:, matmul_nbits_mlp_fusion.cc:436 ApplyImpl] MatMulNBitsMlpFusion: created fused node 'MatMulNBitsMlp_token_12' from output_mul='/model/layers.13/mlp/Mul' ccca253e-f5b6-4e5a-bdc2-850e1eb718b0:92:232
2026-10-04 18:55:05.995999 [V:onnxruntime:, matmul_nbits_mlp_fusion.cc:339 ApplyImpl] MatMulNBitsMlpFusion: matched candidate shape='quick_gelu' output_mul='/model/layers.14/mlp/Mul' gate='/model/layers.14/mlp/gate_proj/MatMul_Q4' up='/model/layers.14/mlp/up_proj/MatMul_Q4' attrs={K=1024, N=3072, bits=4, block_size=32, accuracy_level=0} ccca253e-f5b6-4e5a-bdc2-850e1eb718b0:92:232
2026-10-04 18:55:05.995999 [V:onnxruntime:, matmul_nbits_mlp_fusion.cc:436 ApplyImpl] MatMulNBitsMlpFusion: created fused node 'MatMulNBitsMlp_token_13' from output_mul='/model/layers.14/mlp/Mul' ccca253e-f5b6-4e5a-bdc2-850e1eb718b0:92:232
2026-10-04 18:55:05.997000 [V:onnxruntime:, matmul_nbits_mlp_fusion.cc:339 ApplyImpl] MatMulNBitsMlpFusion: matched candidate shape='quick_gelu' output_mul='/model/layers.15/mlp/Mul' gate='/model/layers.15/mlp/gate_proj/MatMul_Q4' up='/model/layers.15/mlp/up_proj/MatMul_Q4' attrs={K=1024, N=3072, bits=4, block_size=32, accuracy_level=0} ccca253e-f5b6-4e5a-bdc2-850e1eb718b0:92:232
2026-10-04 18:55:05.997000 [V:onnxruntime:, matmul_nbits_mlp_fusion.cc:436 ApplyImpl] MatMulNBitsMlpFusion: created fused node 'MatMulNBitsMlp_token_14' from output_mul='/model/layers.15/mlp/Mul' ccca253e-f5b6-4e5a-bdc2-850e1eb718b0:92:232
2026-10-04 18:55:05.997000 [V:onnxruntime:, matmul_nbits_mlp_fusion.cc:339 ApplyImpl] MatMulNBitsMlpFusion: matched candidate shape='quick_gelu' output_mul='/model/layers.16/mlp/Mul' gate='/model/layers.16/mlp/gate_proj/MatMul_Q4' up='/model/layers.16/mlp/up_proj/MatMul_Q4' attrs={K=1024, N=3072, bits=4, block_size=32, accuracy_level=0} ccca253e-f5b6-4e5a-bdc2-850e1eb718b0:92:232
2026-10-04 18:55:05.998000 [V:onnxruntime:, matmul_nbits_mlp_fusion.cc:436 ApplyImpl] MatMulNBitsMlpFusion: created fused node 'MatMulNBitsMlp_token_15' from output_mul='/model/layers.16/mlp/Mul' ccca253e-f5b6-4e5a-bdc2-850e1eb718b0:92:232
2026-10-04 18:55:05.998000 [V:onnxruntime:, matmul_nbits_mlp_fusion.cc:339 ApplyImpl] MatMulNBitsMlpFusion: matched candidate shape='quick_gelu' output_mul='/model/layers.17/mlp/Mul' gate='/model/layers.17/mlp/gate_proj/MatMul_Q4' up='/model/layers.17/mlp/up_proj/MatMul_Q4' attrs={K=1024, N=3072, bits=4, block_size=32, accuracy_level=0} ccca253e-f5b6-4e5a-bdc2-850e1eb718b0:92:232
2026-10-04 18:55:05.998000 [V:onnxruntime:, matmul_nbits_mlp_fusion.cc:436 ApplyImpl] MatMulNBitsMlpFusion: created fused node 'MatMulNBitsMlp_token_16' from output_mul='/model/layers.17/mlp/Mul' ccca253e-f5b6-4e5a-bdc2-850e1eb718b0:92:232
2026-10-04 18:55:05.998000 [V:onnxruntime:, matmul_nbits_mlp_fusion.cc:339 ApplyImpl] MatMulNBitsMlpFusion: matched candidate shape='quick_gelu' output_mul='/model/layers.18/mlp/Mul' gate='/model/layers.18/mlp/gate_proj/MatMul_Q4' up='/model/layers.18/mlp/up_proj/MatMul_Q4' attrs={K=1024, N=3072, bits=4, block_size=32, accuracy_level=0} ccca253e-f5b6-4e5a-bdc2-850e1eb718b0:92:232
2026-10-04 18:55:05.998000 [V:onnxruntime:, matmul_nbits_mlp_fusion.cc:436 ApplyImpl] MatMulNBitsMlpFusion: created fused node 'MatMulNBitsMlp_token_17' from output_mul='/model/layers.18/mlp/Mul' ccca253e-f5b6-4e5a-bdc2-850e1eb718b0:92:232
2026-10-04 18:55:05.999000 [V:onnxruntime:, matmul_nbits_mlp_fusion.cc:339 ApplyImpl] MatMulNBitsMlpFusion: matched candidate shape='quick_gelu' output_mul='/model/layers.19/mlp/Mul' gate='/model/layers.19/mlp/gate_proj/MatMul_Q4' up='/model/layers.19/mlp/up_proj/MatMul_Q4' attrs={K=1024, N=3072, bits=4, block_size=32, accuracy_level=0} ccca253e-f5b6-4e5a-bdc2-850e1eb718b0:92:232
2026-10-04 18:55:05.999000 [V:onnxruntime:, matmul_nbits_mlp_fusion.cc:436 ApplyImpl] MatMulNBitsMlpFusion: created fused node 'MatMulNBitsMlp_token_18' from output_mul='/model/layers.19/mlp/Mul' ccca253e-f5b6-4e5a-bdc2-850e1eb718b0:92:232
2026-10-04 18:55:05.999000 [V:onnxruntime:, matmul_nbits_mlp_fusion.cc:339 ApplyImpl] MatMulNBitsMlpFusion: matched candidate shape='quick_gelu' output_mul='/model/layers.20/mlp/Mul' gate='/model/layers.20/mlp/gate_proj/MatMul_Q4' up='/model/layers.20/mlp/up_proj/MatMul_Q4' attrs={K=1024, N=3072, bits=4, block_size=32, accuracy_level=0} ccca253e-f5b6-4e5a-bdc2-850e1eb718b0:92:232
2026-10-04 18:55:06.000000 [V:onnxruntime:, matmul_nbits_mlp_fusion.cc:436 ApplyImpl] MatMulNBitsMlpFusion: created fused node 'MatMulNBitsMlp_token_19' from output_mul='/model/layers.20/mlp/Mul' ccca253e-f5b6-4e5a-bdc2-850e1eb718b0:92:232
2026-10-04 18:55:06.000000 [V:onnxruntime:, matmul_nbits_mlp_fusion.cc:339 ApplyImpl] MatMulNBitsMlpFusion: matched candidate shape='quick_gelu' output_mul='/model/layers.21/mlp/Mul' gate='/model/layers.21/mlp/gate_proj/MatMul_Q4' up='/model/layers.21/mlp/up_proj/MatMul_Q4' attrs={K=1024, N=3072, bits=4, block_size=32, accuracy_level=0} ccca253e-f5b6-4e5a-bdc2-850e1eb718b0:92:232
2026-10-04 18:55:06.000000 [V:onnxruntime:, matmul_nbits_mlp_fusion.cc:436 ApplyImpl] MatMulNBitsMlpFusion: created fused node 'MatMulNBitsMlp_token_20' from output_mul='/model/layers.21/mlp/Mul' ccca253e-f5b6-4e5a-bdc2-850e1eb718b0:92:232
2026-10-04 18:55:06.001000 [V:onnxruntime:, matmul_nbits_mlp_fusion.cc:339 ApplyImpl] MatMulNBitsMlpFusion: matched candidate shape='quick_gelu' output_mul='/model/layers.22/mlp/Mul' gate='/model/layers.22/mlp/gate_proj/MatMul_Q4' up='/model/layers.22/mlp/up_proj/MatMul_Q4' attrs={K=1024, N=3072, bits=4, block_size=32, accuracy_level=0} ccca253e-f5b6-4e5a-bdc2-850e1eb718b0:92:232
2026-10-04 18:55:06.001000 [V:onnxruntime:, matmul_nbits_mlp_fusion.cc:436 ApplyImpl] MatMulNBitsMlpFusion: created fused node 'MatMulNBitsMlp_token_21' from output_mul='/model/layers.22/mlp/Mul' ccca253e-f5b6-4e5a-bdc2-850e1eb718b0:92:232
2026-10-04 18:55:06.001000 [V:onnxruntime:, matmul_nbits_mlp_fusion.cc:339 ApplyImpl] MatMulNBitsMlpFusion: matched candidate shape='quick_gelu' output_mul='/model/layers.23/mlp/Mul' gate='/model/layers.23/mlp/gate_proj/MatMul_Q4' up='/model/layers.23/mlp/up_proj/MatMul_Q4' attrs={K=1024, N=3072, bits=4, block_size=32, accuracy_level=0} ccca253e-f5b6-4e5a-bdc2-850e1eb718b0:92:232
2026-10-04 18:55:06.002000 [V:onnxruntime:, matmul_nbits_mlp_fusion.cc:436 ApplyImpl] MatMulNBitsMlpFusion: created fused node 'MatMulNBitsMlp_token_22' from output_mul='/model/layers.23/mlp/Mul' ccca253e-f5b6-4e5a-bdc2-850e1eb718b0:92:232
2026-10-04 18:55:06.002000 [V:onnxruntime:, matmul_nbits_mlp_fusion.cc:339 ApplyImpl] MatMulNBitsMlpFusion: matched candidate shape='quick_gelu' output_mul='/model/layers.24/mlp/Mul' gate='/model/layers.24/mlp/gate_proj/MatMul_Q4' up='/model/layers.24/mlp/up_proj/MatMul_Q4' attrs={K=1024, N=3072, bits=4, block_size=32, accuracy_level=0} ccca253e-f5b6-4e5a-bdc2-850e1eb718b0:92:232
2026-10-04 18:55:06.002000 [V:onnxruntime:, matmul_nbits_mlp_fusion.cc:436 ApplyImpl] MatMulNBitsMlpFusion: created fused node 'MatMulNBitsMlp_token_23' from output_mul='/model/layers.24/mlp/Mul' ccca253e-f5b6-4e5a-bdc2-850e1eb718b0:92:232
2026-10-04 18:55:06.003000 [V:onnxruntime:, matmul_nbits_mlp_fusion.cc:339 ApplyImpl] MatMulNBitsMlpFusion: matched candidate shape='quick_gelu' output_mul='/model/layers.25/mlp/Mul' gate='/model/layers.25/mlp/gate_proj/MatMul_Q4' up='/model/layers.25/mlp/up_proj/MatMul_Q4' attrs={K=1024, N=3072, bits=4, block_size=32, accuracy_level=0} ccca253e-f5b6-4e5a-bdc2-850e1eb718b0:92:232
2026-10-04 18:55:06.003000 [V:onnxruntime:, matmul_nbits_mlp_fusion.cc:436 ApplyImpl] MatMulNBitsMlpFusion: created fused node 'MatMulNBitsMlp_token_24' from output_mul='/model/layers.25/mlp/Mul' ccca253e-f5b6-4e5a-bdc2-850e1eb718b0:92:232
2026-10-04 18:55:06.003000 [V:onnxruntime:, matmul_nbits_mlp_fusion.cc:339 ApplyImpl] MatMulNBitsMlpFusion: matched candidate shape='quick_gelu' output_mul='/model/layers.26/mlp/Mul' gate='/model/layers.26/mlp/gate_proj/MatMul_Q4' up='/model/layers.26/mlp/up_proj/MatMul_Q4' attrs={K=1024, N=3072, bits=4, block_size=32, accuracy_level=0} ccca253e-f5b6-4e5a-bdc2-850e1eb718b0:92:232
2026-10-04 18:55:06.003999 [V:onnxruntime:, matmul_nbits_mlp_fusion.cc:436 ApplyImpl] MatMulNBitsMlpFusion: created fused node 'MatMulNBitsMlp_token_25' from output_mul='/model/layers.26/mlp/Mul' ccca253e-f5b6-4e5a-bdc2-850e1eb718b0:92:232
2026-10-04 18:55:06.003999 [V:onnxruntime:, matmul_nbits_mlp_fusion.cc:339 ApplyImpl] MatMulNBitsMlpFusion: matched candidate shape='quick_gelu' output_mul='/model/layers.27/mlp/Mul' gate='/model/layers.27/mlp/gate_proj/MatMul_Q4' up='/model/layers.27/mlp/up_proj/MatMul_Q4' attrs={K=1024, N=3072, bits=4, block_size=32, accuracy_level=0} ccca253e-f5b6-4e5a-bdc2-850e1eb718b0:92:232
2026-10-04 18:55:06.003999 [V:onnxruntime:, matmul_nbits_mlp_fusion.cc:436 ApplyImpl] MatMulNBitsMlpFusion: created fused node 'MatMulNBitsMlp_token_26' from output_mul='/model/layers.27/mlp/Mul' ccca253e-f5b6-4e5a-bdc2-850e1eb718b0:92:232
2026-10-04 18:55:06.005000 [I:onnxruntime:, graph_transformer.cc:15 Apply] GraphTransformer MatMulNBitsMlpFusion modified: 1 with status: OK ccca253e-f5b6-4e5a-bdc2-850e1eb718b0:92:232
2026-10-04 18:55:06.019000 [V:onnxruntime:, graph_transformer_mgr.cc:55 ApplyTransformers] Applying graph transformer MatMulNBitsQkvFusion on step 1. ccca253e-f5b6-4e5a-bdc2-850e1eb718b0:92:232
2026-10-04 18:55:06.019000 [V:onnxruntime:, matmul_nbits_qkv_fusion.cc:224 ApplyImpl] MatMulNBitsQkvFusion: matched norm='/model/layers.0/input_layernorm/LayerNorm' q='/model/layers.0/attn/q_proj/MatMul_Q4' k='/model/layers.0/attn/k_proj/MatMul_Q4' v='/model/layers.0/attn/v_proj/MatMul_Q4' attrs={K=1024, Nq=2048, Nkv=1024, bits=4, block_size=32, accuracy_level=0, epsilon=1e-06, skip_sln=0} ccca253e-f5b6-4e5a-bdc2-850e1eb718b0:92:232
2026-10-04 18:55:06.019999 [V:onnxruntime:, matmul_nbits_qkv_fusion.cc:300 ApplyImpl] MatMulNBitsQkvFusion: created fused node 'MatMulNBitsQkv' from norm='/model/layers.0/input_layernorm/LayerNorm' q='/model/layers.0/attn/q_proj/MatMul_Q4' k='/model/layers.0/attn/k_proj/MatMul_Q4' v='/model/layers.0/attn/v_proj/MatMul_Q4' ccca253e-f5b6-4e5a-bdc2-850e1eb718b0:92:232
2026-10-04 18:55:06.019999 [V:onnxruntime:, matmul_nbits_qkv_fusion.cc:224 ApplyImpl] MatMulNBitsQkvFusion: matched norm='/model/layers.1/input_layernorm/SkipLayerNorm' q='/model/layers.1/attn/q_proj/MatMul_Q4' k='/model/layers.1/attn/k_proj/MatMul_Q4' v='/model/layers.1/attn/v_proj/MatMul_Q4' attrs={K=1024, Nq=2048, Nkv=1024, bits=4, block_size=32, accuracy_level=0, epsilon=1e-06, skip_sln=1} ccca253e-f5b6-4e5a-bdc2-850e1eb718b0:92:232
2026-10-04 18:55:06.021000 [V:onnxruntime:, matmul_nbits_qkv_fusion.cc:300 ApplyImpl] MatMulNBitsQkvFusion: created fused node 'MatMulNBitsQkv_token_27' from norm='/model/layers.1/input_layernorm/SkipLayerNorm' q='/model/layers.1/attn/q_proj/MatMul_Q4' k='/model/layers.1/attn/k_proj/MatMul_Q4' v='/model/layers.1/attn/v_proj/MatMul_Q4' ccca253e-f5b6-4e5a-bdc2-850e1eb718b0:92:232
2026-10-04 18:55:06.021000 [V:onnxruntime:, matmul_nbits_qkv_fusion.cc:224 ApplyImpl] MatMulNBitsQkvFusion: matched norm='/model/layers.2/input_layernorm/SkipLayerNorm' q='/model/layers.2/attn/q_proj/MatMul_Q4' k='/model/layers.2/attn/k_proj/MatMul_Q4' v='/model/layers.2/attn/v_proj/MatMul_Q4' attrs={K=1024, Nq=2048, Nkv=1024, bits=4, block_size=32, accuracy_level=0, epsilon=1e-06, skip_sln=1} ccca253e-f5b6-4e5a-bdc2-850e1eb718b0:92:232
2026-10-04 18:55:06.021000 [V:onnxruntime:, matmul_nbits_qkv_fusion.cc:300 ApplyImpl] MatMulNBitsQkvFusion: created fused node 'MatMulNBitsQkv_token_28' from norm='/model/layers.2/input_layernorm/SkipLayerNorm' q='/model/layers.2/attn/q_proj/MatMul_Q4' k='/model/layers.2/attn/k_proj/MatMul_Q4' v='/model/layers.2/attn/v_proj/MatMul_Q4' ccca253e-f5b6-4e5a-bdc2-850e1eb718b0:92:232
2026-10-04 18:55:06.022000 [V:onnxruntime:, matmul_nbits_qkv_fusion.cc:224 ApplyImpl] MatMulNBitsQkvFusion: matched norm='/model/layers.3/input_layernorm/SkipLayerNorm' q='/model/layers.3/attn/q_proj/MatMul_Q4' k='/model/layers.3/attn/k_proj/MatMul_Q4' v='/model/layers.3/attn/v_proj/MatMul_Q4' attrs={K=1024, Nq=2048, Nkv=1024, bits=4, block_size=32, accuracy_level=0, epsilon=1e-06, skip_sln=1} ccca253e-f5b6-4e5a-bdc2-850e1eb718b0:92:232
2026-10-04 18:55:06.022000 [V:onnxruntime:, matmul_nbits_qkv_fusion.cc:300 ApplyImpl] MatMulNBitsQkvFusion: created fused node 'MatMulNBitsQkv_token_29' from norm='/model/layers.3/input_layernorm/SkipLayerNorm' q='/model/layers.3/attn/q_proj/MatMul_Q4' k='/model/layers.3/attn/k_proj/MatMul_Q4' v='/model/layers.3/attn/v_proj/MatMul_Q4' ccca253e-f5b6-4e5a-bdc2-850e1eb718b0:92:232
2026-10-04 18:55:06.022000 [V:onnxruntime:, matmul_nbits_qkv_fusion.cc:224 ApplyImpl] MatMulNBitsQkvFusion: matched norm='/model/layers.4/input_layernorm/SkipLayerNorm' q='/model/layers.4/attn/q_proj/MatMul_Q4' k='/model/layers.4/attn/k_proj/MatMul_Q4' v='/model/layers.4/attn/v_proj/MatMul_Q4' attrs={K=1024, Nq=2048, Nkv=1024, bits=4, block_size=32, accuracy_level=0, epsilon=1e-06, skip_sln=1} ccca253e-f5b6-4e5a-bdc2-850e1eb718b0:92:232
2026-10-04 18:55:06.023000 [V:onnxruntime:, matmul_nbits_qkv_fusion.cc:300 ApplyImpl] MatMulNBitsQkvFusion: created fused node 'MatMulNBitsQkv_token_30' from norm='/model/layers.4/input_layernorm/SkipLayerNorm' q='/model/layers.4/attn/q_proj/MatMul_Q4' k='/model/layers.4/attn/k_proj/MatMul_Q4' v='/model/layers.4/attn/v_proj/MatMul_Q4' ccca253e-f5b6-4e5a-bdc2-850e1eb718b0:92:232
2026-10-04 18:55:06.023000 [V:onnxruntime:, matmul_nbits_qkv_fusion.cc:224 ApplyImpl] MatMulNBitsQkvFusion: matched norm='/model/layers.5/input_layernorm/SkipLayerNorm' q='/model/layers.5/attn/q_proj/MatMul_Q4' k='/model/layers.5/attn/k_proj/MatMul_Q4' v='/model/layers.5/attn/v_proj/MatMul_Q4' attrs={K=1024, Nq=2048, Nkv=1024, bits=4, block_size=32, accuracy_level=0, epsilon=1e-06, skip_sln=1} ccca253e-f5b6-4e5a-bdc2-850e1eb718b0:92:232
2026-10-04 18:55:06.023000 [V:onnxruntime:, matmul_nbits_qkv_fusion.cc:300 ApplyImpl] MatMulNBitsQkvFusion: created fused node 'MatMulNBitsQkv_token_31' from norm='/model/layers.5/input_layernorm/SkipLayerNorm' q='/model/layers.5/attn/q_proj/MatMul_Q4' k='/model/layers.5/attn/k_proj/MatMul_Q4' v='/model/layers.5/attn/v_proj/MatMul_Q4' ccca253e-f5b6-4e5a-bdc2-850e1eb718b0:92:232
2026-10-04 18:55:06.023000 [V:onnxruntime:, matmul_nbits_qkv_fusion.cc:224 ApplyImpl] MatMulNBitsQkvFusion: matched norm='/model/layers.6/input_layernorm/SkipLayerNorm' q='/model/layers.6/attn/q_proj/MatMul_Q4' k='/model/layers.6/attn/k_proj/MatMul_Q4' v='/model/layers.6/attn/v_proj/MatMul_Q4' attrs={K=1024, Nq=2048, Nkv=1024, bits=4, block_size=32, accuracy_level=0, epsilon=1e-06, skip_sln=1} ccca253e-f5b6-4e5a-bdc2-850e1eb718b0:92:232
2026-10-04 18:55:06.024000 [V:onnxruntime:, matmul_nbits_qkv_fusion.cc:300 ApplyImpl] MatMulNBitsQkvFusion: created fused node 'MatMulNBitsQkv_token_32' from norm='/model/layers.6/input_layernorm/SkipLayerNorm' q='/model/layers.6/attn/q_proj/MatMul_Q4' k='/model/layers.6/attn/k_proj/MatMul_Q4' v='/model/layers.6/attn/v_proj/MatMul_Q4' ccca253e-f5b6-4e5a-bdc2-850e1eb718b0:92:232
2026-10-04 18:55:06.024000 [V:onnxruntime:, matmul_nbits_qkv_fusion.cc:224 ApplyImpl] MatMulNBitsQkvFusion: matched norm='/model/layers.7/input_layernorm/SkipLayerNorm' q='/model/layers.7/attn/q_proj/MatMul_Q4' k='/model/layers.7/attn/k_proj/MatMul_Q4' v='/model/layers.7/attn/v_proj/MatMul_Q4' attrs={K=1024, Nq=2048, Nkv=1024, bits=4, block_size=32, accuracy_level=0, epsilon=1e-06, skip_sln=1} ccca253e-f5b6-4e5a-bdc2-850e1eb718b0:92:232
2026-10-04 18:55:06.024000 [V:onnxruntime:, matmul_nbits_qkv_fusion.cc:300 ApplyImpl] MatMulNBitsQkvFusion: created fused node 'MatMulNBitsQkv_token_33' from norm='/model/layers.7/input_layernorm/SkipLayerNorm' q='/model/layers.7/attn/q_proj/MatMul_Q4' k='/model/layers.7/attn/k_proj/MatMul_Q4' v='/model/layers.7/attn/v_proj/MatMul_Q4' ccca253e-f5b6-4e5a-bdc2-850e1eb718b0:92:232
2026-10-04 18:55:06.024000 [V:onnxruntime:, matmul_nbits_qkv_fusion.cc:224 ApplyImpl] MatMulNBitsQkvFusion: matched norm='/model/layers.8/input_layernorm/SkipLayerNorm' q='/model/layers.8/attn/q_proj/MatMul_Q4' k='/model/layers.8/attn/k_proj/MatMul_Q4' v='/model/layers.8/attn/v_proj/MatMul_Q4' attrs={K=1024, Nq=2048, Nkv=1024, bits=4, block_size=32, accuracy_level=0, epsilon=1e-06, skip_sln=1} ccca253e-f5b6-4e5a-bdc2-850e1eb718b0:92:232
2026-10-04 18:55:06.025000 [V:onnxruntime:, matmul_nbits_qkv_fusion.cc:300 ApplyImpl] MatMulNBitsQkvFusion: created fused node 'MatMulNBitsQkv_token_34' from norm='/model/layers.8/input_layernorm/SkipLayerNorm' q='/model/layers.8/attn/q_proj/MatMul_Q4' k='/model/layers.8/attn/k_proj/MatMul_Q4' v='/model/layers.8/attn/v_proj/MatMul_Q4' ccca253e-f5b6-4e5a-bdc2-850e1eb718b0:92:232
2026-10-04 18:55:06.025000 [V:onnxruntime:, matmul_nbits_qkv_fusion.cc:224 ApplyImpl] MatMulNBitsQkvFusion: matched norm='/model/layers.9/input_layernorm/SkipLayerNorm' q='/model/layers.9/attn/q_proj/MatMul_Q4' k='/model/layers.9/attn/k_proj/MatMul_Q4' v='/model/layers.9/attn/v_proj/MatMul_Q4' attrs={K=1024, Nq=2048, Nkv=1024, bits=4, block_size=32, accuracy_level=0, epsilon=1e-06, skip_sln=1} ccca253e-f5b6-4e5a-bdc2-850e1eb718b0:92:232
2026-10-04 18:55:06.025000 [V:onnxruntime:, matmul_nbits_qkv_fusion.cc:300 ApplyImpl] MatMulNBitsQkvFusion: created fused node 'MatMulNBitsQkv_token_35' from norm='/model/layers.9/input_layernorm/SkipLayerNorm' q='/model/layers.9/attn/q_proj/MatMul_Q4' k='/model/layers.9/attn/k_proj/MatMul_Q4' v='/model/layers.9/attn/v_proj/MatMul_Q4' ccca253e-f5b6-4e5a-bdc2-850e1eb718b0:92:232
2026-10-04 18:55:06.026000 [V:onnxruntime:, matmul_nbits_qkv_fusion.cc:224 ApplyImpl] MatMulNBitsQkvFusion: matched norm='/model/layers.10/input_layernorm/SkipLayerNorm' q='/model/layers.10/attn/q_proj/MatMul_Q4' k='/model/layers.10/attn/k_proj/MatMul_Q4' v='/model/layers.10/attn/v_proj/MatMul_Q4' attrs={K=1024, Nq=2048, Nkv=1024, bits=4, block_size=32, accuracy_level=0, epsilon=1e-06, skip_sln=1} ccca253e-f5b6-4e5a-bdc2-850e1eb718b0:92:232
2026-10-04 18:55:06.026000 [V:onnxruntime:, matmul_nbits_qkv_fusion.cc:300 ApplyImpl] MatMulNBitsQkvFusion: created fused node 'MatMulNBitsQkv_token_36' from norm='/model/layers.10/input_layernorm/SkipLayerNorm' q='/model/layers.10/attn/q_proj/MatMul_Q4' k='/model/layers.10/attn/k_proj/MatMul_Q4' v='/model/layers.10/attn/v_proj/MatMul_Q4' ccca253e-f5b6-4e5a-bdc2-850e1eb718b0:92:232
2026-10-04 18:55:06.026000 [V:onnxruntime:, matmul_nbits_qkv_fusion.cc:224 ApplyImpl] MatMulNBitsQkvFusion: matched norm='/model/layers.11/input_layernorm/SkipLayerNorm' q='/model/layers.11/attn/q_proj/MatMul_Q4' k='/model/layers.11/attn/k_proj/MatMul_Q4' v='/model/layers.11/attn/v_proj/MatMul_Q4' attrs={K=1024, Nq=2048, Nkv=1024, bits=4, block_size=32, accuracy_level=0, epsilon=1e-06, skip_sln=1} ccca253e-f5b6-4e5a-bdc2-850e1eb718b0:92:232
2026-10-04 18:55:06.027000 [V:onnxruntime:, matmul_nbits_qkv_fusion.cc:300 ApplyImpl] MatMulNBitsQkvFusion: created fused node 'MatMulNBitsQkv_token_37' from norm='/model/layers.11/input_layernorm/SkipLayerNorm' q='/model/layers.11/attn/q_proj/MatMul_Q4' k='/model/layers.11/attn/k_proj/MatMul_Q4' v='/model/layers.11/attn/v_proj/MatMul_Q4' ccca253e-f5b6-4e5a-bdc2-850e1eb718b0:92:232
2026-10-04 18:55:06.027000 [V:onnxruntime:, matmul_nbits_qkv_fusion.cc:224 ApplyImpl] MatMulNBitsQkvFusion: matched norm='/model/layers.12/input_layernorm/SkipLayerNorm' q='/model/layers.12/attn/q_proj/MatMul_Q4' k='/model/layers.12/attn/k_proj/MatMul_Q4' v='/model/layers.12/attn/v_proj/MatMul_Q4' attrs={K=1024, Nq=2048, Nkv=1024, bits=4, block_size=32, accuracy_level=0, epsilon=1e-06, skip_sln=1} ccca253e-f5b6-4e5a-bdc2-850e1eb718b0:92:232
2026-10-04 18:55:06.027000 [V:onnxruntime:, matmul_nbits_qkv_fusion.cc:300 ApplyImpl] MatMulNBitsQkvFusion: created fused node 'MatMulNBitsQkv_token_38' from norm='/model/layers.12/input_layernorm/SkipLayerNorm' q='/model/layers.12/attn/q_proj/MatMul_Q4' k='/model/layers.12/attn/k_proj/MatMul_Q4' v='/model/layers.12/attn/v_proj/MatMul_Q4' ccca253e-f5b6-4e5a-bdc2-850e1eb718b0:92:232
2026-10-04 18:55:06.027999 [V:onnxruntime:, matmul_nbits_qkv_fusion.cc:224 ApplyImpl] MatMulNBitsQkvFusion: matched norm='/model/layers.13/input_layernorm/SkipLayerNorm' q='/model/layers.13/attn/q_proj/MatMul_Q4' k='/model/layers.13/attn/k_proj/MatMul_Q4' v='/model/layers.13/attn/v_proj/MatMul_Q4' attrs={K=1024, Nq=2048, Nkv=1024, bits=4, block_size=32, accuracy_level=0, epsilon=1e-06, skip_sln=1} ccca253e-f5b6-4e5a-bdc2-850e1eb718b0:92:232
2026-10-04 18:55:06.027999 [V:onnxruntime:, matmul_nbits_qkv_fusion.cc:300 ApplyImpl] MatMulNBitsQkvFusion: created fused node 'MatMulNBitsQkv_token_39' from norm='/model/layers.13/input_layernorm/SkipLayerNorm' q='/model/layers.13/attn/q_proj/MatMul_Q4' k='/model/layers.13/attn/k_proj/MatMul_Q4' v='/model/layers.13/attn/v_proj/MatMul_Q4' ccca253e-f5b6-4e5a-bdc2-850e1eb718b0:92:232
2026-10-04 18:55:06.027999 [V:onnxruntime:, matmul_nbits_qkv_fusion.cc:224 ApplyImpl] MatMulNBitsQkvFusion: matched norm='/model/layers.14/input_layernorm/SkipLayerNorm' q='/model/layers.14/attn/q_proj/MatMul_Q4' k='/model/layers.14/attn/k_proj/MatMul_Q4' v='/model/layers.14/attn/v_proj/MatMul_Q4' attrs={K=1024, Nq=2048, Nkv=1024, bits=4, block_size=32, accuracy_level=0, epsilon=1e-06, skip_sln=1} ccca253e-f5b6-4e5a-bdc2-850e1eb718b0:92:232
2026-10-04 18:55:06.029000 [V:onnxruntime:, matmul_nbits_qkv_fusion.cc:300 ApplyImpl] MatMulNBitsQkvFusion: created fused node 'MatMulNBitsQkv_token_40' from norm='/model/layers.14/input_layernorm/SkipLayerNorm' q='/model/layers.14/attn/q_proj/MatMul_Q4' k='/model/layers.14/attn/k_proj/MatMul_Q4' v='/model/layers.14/attn/v_proj/MatMul_Q4' ccca253e-f5b6-4e5a-bdc2-850e1eb718b0:92:232
2026-10-04 18:55:06.029000 [V:onnxruntime:, matmul_nbits_qkv_fusion.cc:224 ApplyImpl] MatMulNBitsQkvFusion: matched norm='/model/layers.15/input_layernorm/SkipLayerNorm' q='/model/layers.15/attn/q_proj/MatMul_Q4' k='/model/layers.15/attn/k_proj/MatMul_Q4' v='/model/layers.15/attn/v_proj/MatMul_Q4' attrs={K=1024, Nq=2048, Nkv=1024, bits=4, block_size=32, accuracy_level=0, epsilon=1e-06, skip_sln=1} ccca253e-f5b6-4e5a-bdc2-850e1eb718b0:92:232
2026-10-04 18:55:06.029000 [V:onnxruntime:, matmul_nbits_qkv_fusion.cc:300 ApplyImpl] MatMulNBitsQkvFusion: created fused node 'MatMulNBitsQkv_token_41' from norm='/model/layers.15/input_layernorm/SkipLayerNorm' q='/model/layers.15/attn/q_proj/MatMul_Q4' k='/model/layers.15/attn/k_proj/MatMul_Q4' v='/model/layers.15/attn/v_proj/MatMul_Q4' ccca253e-f5b6-4e5a-bdc2-850e1eb718b0:92:232
2026-10-04 18:55:06.030000 [V:onnxruntime:, matmul_nbits_qkv_fusion.cc:224 ApplyImpl] MatMulNBitsQkvFusion: matched norm='/model/layers.16/input_layernorm/SkipLayerNorm' q='/model/layers.16/attn/q_proj/MatMul_Q4' k='/model/layers.16/attn/k_proj/MatMul_Q4' v='/model/layers.16/attn/v_proj/MatMul_Q4' attrs={K=1024, Nq=2048, Nkv=1024, bits=4, block_size=32, accuracy_level=0, epsilon=1e-06, skip_sln=1} ccca253e-f5b6-4e5a-bdc2-850e1eb718b0:92:232
2026-10-04 18:55:06.030000 [V:onnxruntime:, matmul_nbits_qkv_fusion.cc:300 ApplyImpl] MatMulNBitsQkvFusion: created fused node 'MatMulNBitsQkv_token_42' from norm='/model/layers.16/input_layernorm/SkipLayerNorm' q='/model/layers.16/attn/q_proj/MatMul_Q4' k='/model/layers.16/attn/k_proj/MatMul_Q4' v='/model/layers.16/attn/v_proj/MatMul_Q4' ccca253e-f5b6-4e5a-bdc2-850e1eb718b0:92:232
2026-10-04 18:55:06.030000 [V:onnxruntime:, matmul_nbits_qkv_fusion.cc:224 ApplyImpl] MatMulNBitsQkvFusion: matched norm='/model/layers.17/input_layernorm/SkipLayerNorm' q='/model/layers.17/attn/q_proj/MatMul_Q4' k='/model/layers.17/attn/k_proj/MatMul_Q4' v='/model/layers.17/attn/v_proj/MatMul_Q4' attrs={K=1024, Nq=2048, Nkv=1024, bits=4, block_size=32, accuracy_level=0, epsilon=1e-06, skip_sln=1} ccca253e-f5b6-4e5a-bdc2-850e1eb718b0:92:232
2026-10-04 18:55:06.031000 [V:onnxruntime:, matmul_nbits_qkv_fusion.cc:300 ApplyImpl] MatMulNBitsQkvFusion: created fused node 'MatMulNBitsQkv_token_43' from norm='/model/layers.17/input_layernorm/SkipLayerNorm' q='/model/layers.17/attn/q_proj/MatMul_Q4' k='/model/layers.17/attn/k_proj/MatMul_Q4' v='/model/layers.17/attn/v_proj/MatMul_Q4' ccca253e-f5b6-4e5a-bdc2-850e1eb718b0:92:232
2026-10-04 18:55:06.031000 [V:onnxruntime:, matmul_nbits_qkv_fusion.cc:224 ApplyImpl] MatMulNBitsQkvFusion: matched norm='/model/layers.18/input_layernorm/SkipLayerNorm' q='/model/layers.18/attn/q_proj/MatMul_Q4' k='/model/layers.18/attn/k_proj/MatMul_Q4' v='/model/layers.18/attn/v_proj/MatMul_Q4' attrs={K=1024, Nq=2048, Nkv=1024, bits=4, block_size=32, accuracy_level=0, epsilon=1e-06, skip_sln=1} ccca253e-f5b6-4e5a-bdc2-850e1eb718b0:92:232
2026-10-04 18:55:06.031000 [V:onnxruntime:, matmul_nbits_qkv_fusion.cc:300 ApplyImpl] MatMulNBitsQkvFusion: created fused node 'MatMulNBitsQkv_token_44' from norm='/model/layers.18/input_layernorm/SkipLayerNorm' q='/model/layers.18/attn/q_proj/MatMul_Q4' k='/model/layers.18/attn/k_proj/MatMul_Q4' v='/model/layers.18/attn/v_proj/MatMul_Q4' ccca253e-f5b6-4e5a-bdc2-850e1eb718b0:92:232
2026-10-04 18:55:06.032000 [V:onnxruntime:, matmul_nbits_qkv_fusion.cc:224 ApplyImpl] MatMulNBitsQkvFusion: matched norm='/model/layers.19/input_layernorm/SkipLayerNorm' q='/model/layers.19/attn/q_proj/MatMul_Q4' k='/model/layers.19/attn/k_proj/MatMul_Q4' v='/model/layers.19/attn/v_proj/MatMul_Q4' attrs={K=1024, Nq=2048, Nkv=1024, bits=4, block_size=32, accuracy_level=0, epsilon=1e-06, skip_sln=1} ccca253e-f5b6-4e5a-bdc2-850e1eb718b0:92:232
2026-10-04 18:55:06.032000 [V:onnxruntime:, matmul_nbits_qkv_fusion.cc:300 ApplyImpl] MatMulNBitsQkvFusion: created fused node 'MatMulNBitsQkv_token_45' from norm='/model/layers.19/input_layernorm/SkipLayerNorm' q='/model/layers.19/attn/q_proj/MatMul_Q4' k='/model/layers.19/attn/k_proj/MatMul_Q4' v='/model/layers.19/attn/v_proj/MatMul_Q4' ccca253e-f5b6-4e5a-bdc2-850e1eb718b0:92:232
2026-10-04 18:55:06.032000 [V:onnxruntime:, matmul_nbits_qkv_fusion.cc:224 ApplyImpl] MatMulNBitsQkvFusion: matched norm='/model/layers.20/input_layernorm/SkipLayerNorm' q='/model/layers.20/attn/q_proj/MatMul_Q4' k='/model/layers.20/attn/k_proj/MatMul_Q4' v='/model/layers.20/attn/v_proj/MatMul_Q4' attrs={K=1024, Nq=2048, Nkv=1024, bits=4, block_size=32, accuracy_level=0, epsilon=1e-06, skip_sln=1} ccca253e-f5b6-4e5a-bdc2-850e1eb718b0:92:232
2026-10-04 18:55:06.033000 [V:onnxruntime:, matmul_nbits_qkv_fusion.cc:300 ApplyImpl] MatMulNBitsQkvFusion: created fused node 'MatMulNBitsQkv_token_46' from norm='/model/layers.20/input_layernorm/SkipLayerNorm' q='/model/layers.20/attn/q_proj/MatMul_Q4' k='/model/layers.20/attn/k_proj/MatMul_Q4' v='/model/layers.20/attn/v_proj/MatMul_Q4' ccca253e-f5b6-4e5a-bdc2-850e1eb718b0:92:232
2026-10-04 18:55:06.033000 [V:onnxruntime:, matmul_nbits_qkv_fusion.cc:224 ApplyImpl] MatMulNBitsQkvFusion: matched norm='/model/layers.21/input_layernorm/SkipLayerNorm' q='/model/layers.21/attn/q_proj/MatMul_Q4' k='/model/layers.21/attn/k_proj/MatMul_Q4' v='/model/layers.21/attn/v_proj/MatMul_Q4' attrs={K=1024, Nq=2048, Nkv=1024, bits=4, block_size=32, accuracy_level=0, epsilon=1e-06, skip_sln=1} ccca253e-f5b6-4e5a-bdc2-850e1eb718b0:92:232
2026-10-04 18:55:06.033000 [V:onnxruntime:, matmul_nbits_qkv_fusion.cc:300 ApplyImpl] MatMulNBitsQkvFusion: created fused node 'MatMulNBitsQkv_token_47' from norm='/model/layers.21/input_layernorm/SkipLayerNorm' q='/model/layers.21/attn/q_proj/MatMul_Q4' k='/model/layers.21/attn/k_proj/MatMul_Q4' v='/model/layers.21/attn/v_proj/MatMul_Q4' ccca253e-f5b6-4e5a-bdc2-850e1eb718b0:92:232
2026-10-04 18:55:06.034000 [V:onnxruntime:, matmul_nbits_qkv_fusion.cc:224 ApplyImpl] MatMulNBitsQkvFusion: matched norm='/model/layers.22/input_layernorm/SkipLayerNorm' q='/model/layers.22/attn/q_proj/MatMul_Q4' k='/model/layers.22/attn/k_proj/MatMul_Q4' v='/model/layers.22/attn/v_proj/MatMul_Q4' attrs={K=1024, Nq=2048, Nkv=1024, bits=4, block_size=32, accuracy_level=0, epsilon=1e-06, skip_sln=1} ccca253e-f5b6-4e5a-bdc2-850e1eb718b0:92:232
2026-10-04 18:55:06.034000 [V:onnxruntime:, matmul_nbits_qkv_fusion.cc:300 ApplyImpl] MatMulNBitsQkvFusion: created fused node 'MatMulNBitsQkv_token_48' from norm='/model/layers.22/input_layernorm/SkipLayerNorm' q='/model/layers.22/attn/q_proj/MatMul_Q4' k='/model/layers.22/attn/k_proj/MatMul_Q4' v='/model/layers.22/attn/v_proj/MatMul_Q4' ccca253e-f5b6-4e5a-bdc2-850e1eb718b0:92:232
2026-10-04 18:55:06.034000 [V:onnxruntime:, matmul_nbits_qkv_fusion.cc:224 ApplyImpl] MatMulNBitsQkvFusion: matched norm='/model/layers.23/input_layernorm/SkipLayerNorm' q='/model/layers.23/attn/q_proj/MatMul_Q4' k='/model/layers.23/attn/k_proj/MatMul_Q4' v='/model/layers.23/attn/v_proj/MatMul_Q4' attrs={K=1024, Nq=2048, Nkv=1024, bits=4, block_size=32, accuracy_level=0, epsilon=1e-06, skip_sln=1} ccca253e-f5b6-4e5a-bdc2-850e1eb718b0:92:232
2026-10-04 18:55:06.035000 [V:onnxruntime:, matmul_nbits_qkv_fusion.cc:300 ApplyImpl] MatMulNBitsQkvFusion: created fused node 'MatMulNBitsQkv_token_49' from norm='/model/layers.23/input_layernorm/SkipLayerNorm' q='/model/layers.23/attn/q_proj/MatMul_Q4' k='/model/layers.23/attn/k_proj/MatMul_Q4' v='/model/layers.23/attn/v_proj/MatMul_Q4' ccca253e-f5b6-4e5a-bdc2-850e1eb718b0:92:232
2026-10-04 18:55:06.035000 [V:onnxruntime:, matmul_nbits_qkv_fusion.cc:224 ApplyImpl] MatMulNBitsQkvFusion: matched norm='/model/layers.24/input_layernorm/SkipLayerNorm' q='/model/layers.24/attn/q_proj/MatMul_Q4' k='/model/layers.24/attn/k_proj/MatMul_Q4' v='/model/layers.24/attn/v_proj/MatMul_Q4' attrs={K=1024, Nq=2048, Nkv=1024, bits=4, block_size=32, accuracy_level=0, epsilon=1e-06, skip_sln=1} ccca253e-f5b6-4e5a-bdc2-850e1eb718b0:92:232
2026-10-04 18:55:06.035000 [V:onnxruntime:, matmul_nbits_qkv_fusion.cc:300 ApplyImpl] MatMulNBitsQkvFusion: created fused node 'MatMulNBitsQkv_token_50' from norm='/model/layers.24/input_layernorm/SkipLayerNorm' q='/model/layers.24/attn/q_proj/MatMul_Q4' k='/model/layers.24/attn/k_proj/MatMul_Q4' v='/model/layers.24/attn/v_proj/MatMul_Q4' ccca253e-f5b6-4e5a-bdc2-850e1eb718b0:92:232
2026-10-04 18:55:06.035999 [V:onnxruntime:, matmul_nbits_qkv_fusion.cc:224 ApplyImpl] MatMulNBitsQkvFusion: matched norm='/model/layers.25/input_layernorm/SkipLayerNorm' q='/model/layers.25/attn/q_proj/MatMul_Q4' k='/model/layers.25/attn/k_proj/MatMul_Q4' v='/model/layers.25/attn/v_proj/MatMul_Q4' attrs={K=1024, Nq=2048, Nkv=1024, bits=4, block_size=32, accuracy_level=0, epsilon=1e-06, skip_sln=1} ccca253e-f5b6-4e5a-bdc2-850e1eb718b0:92:232
2026-10-04 18:55:06.035999 [V:onnxruntime:, matmul_nbits_qkv_fusion.cc:300 ApplyImpl] MatMulNBitsQkvFusion: created fused node 'MatMulNBitsQkv_token_51' from norm='/model/layers.25/input_layernorm/SkipLayerNorm' q='/model/layers.25/attn/q_proj/MatMul_Q4' k='/model/layers.25/attn/k_proj/MatMul_Q4' v='/model/layers.25/attn/v_proj/MatMul_Q4' ccca253e-f5b6-4e5a-bdc2-850e1eb718b0:92:232
2026-10-04 18:55:06.035999 [V:onnxruntime:, matmul_nbits_qkv_fusion.cc:224 ApplyImpl] MatMulNBitsQkvFusion: matched norm='/model/layers.26/input_layernorm/SkipLayerNorm' q='/model/layers.26/attn/q_proj/MatMul_Q4' k='/model/layers.26/attn/k_proj/MatMul_Q4' v='/model/layers.26/attn/v_proj/MatMul_Q4' attrs={K=1024, Nq=2048, Nkv=1024, bits=4, block_size=32, accuracy_level=0, epsilon=1e-06, skip_sln=1} ccca253e-f5b6-4e5a-bdc2-850e1eb718b0:92:232
2026-10-04 18:55:06.037000 [V:onnxruntime:, matmul_nbits_qkv_fusion.cc:300 ApplyImpl] MatMulNBitsQkvFusion: created fused node 'MatMulNBitsQkv_token_52' from norm='/model/layers.26/input_layernorm/SkipLayerNorm' q='/model/layers.26/attn/q_proj/MatMul_Q4' k='/model/layers.26/attn/k_proj/MatMul_Q4' v='/model/layers.26/attn/v_proj/MatMul_Q4' ccca253e-f5b6-4e5a-bdc2-850e1eb718b0:92:232
2026-10-04 18:55:06.037000 [V:onnxruntime:, matmul_nbits_qkv_fusion.cc:224 ApplyImpl] MatMulNBitsQkvFusion: matched norm='/model/layers.27/input_layernorm/SkipLayerNorm' q='/model/layers.27/attn/q_proj/MatMul_Q4' k='/model/layers.27/attn/k_proj/MatMul_Q4' v='/model/layers.27/attn/v_proj/MatMul_Q4' attrs={K=1024, Nq=2048, Nkv=1024, bits=4, block_size=32, accuracy_level=0, epsilon=1e-06, skip_sln=1} ccca253e-f5b6-4e5a-bdc2-850e1eb718b0:92:232
2026-10-04 18:55:06.037000 [V:onnxruntime:, matmul_nbits_qkv_fusion.cc:300 ApplyImpl] MatMulNBitsQkvFusion: created fused node 'MatMulNBitsQkv_token_53' from norm='/model/layers.27/input_layernorm/SkipLayerNorm' q='/model/layers.27/attn/q_proj/MatMul_Q4' k='/model/layers.27/attn/k_proj/MatMul_Q4' v='/model/layers.27/attn/v_proj/MatMul_Q4' ccca253e-f5b6-4e5a-bdc2-850e1eb718b0:92:232
2026-10-04 18:55:06.038000 [I:onnxruntime:, graph_transformer.cc:15 Apply] GraphTransformer MatMulNBitsQkvFusion modified: 1 with status: OK ccca253e-f5b6-4e5a-bdc2-850e1eb718b0:92:232
2026-10-04 18:55:06.050000 [V:onnxruntime:, graph_transformer_mgr.cc:55 ApplyTransformers] Applying graph transformer QDQFinalCleanupTransformer on step 1. ccca253e-f5b6-4e5a-bdc2-850e1eb718b0:92:232
2026-10-04 18:55:06.057000 [I:onnxruntime:, graph_transformer.cc:15 Apply] GraphTransformer QDQFinalCleanupTransformer modified: 0 with status: OK ccca253e-f5b6-4e5a-bdc2-850e1eb718b0:92:232
2026-10-04 18:55:06.057000 [V:onnxruntime:, graph_transformer_mgr.cc:62 ApplyTransformers] Graph transformer step 1 of 10 for level 2 completed. graph_changed: 1. ccca253e-f5b6-4e5a-bdc2-850e1eb718b0:92:232
2026-10-04 18:55:06.057000 [V:onnxruntime:, graph_transformer_mgr.cc:43 ApplyTransformers] Graph transformer step 2 of 10 for level 2 started. ccca253e-f5b6-4e5a-bdc2-850e1eb718b0:92:232
2026-10-04 18:55:06.057000 [V:onnxruntime:, graph_transformer_mgr.cc:55 ApplyTransformers] Applying graph transformer Level2_RuleBasedTransformer on step 2. ccca253e-f5b6-4e5a-bdc2-850e1eb718b0:92:232
2026-10-04 18:55:06.058000 [I:onnxruntime:, graph_transformer.cc:15 Apply] GraphTransformer Level2_RuleBasedTransformer modified: 0 with status: OK ccca253e-f5b6-4e5a-bdc2-850e1eb718b0:92:232
2026-10-04 18:55:06.059000 [V:onnxruntime:, graph_transformer_mgr.cc:49 ApplyTransformers] Skipping graph transformer TransposeOptimizer_CPUExecutionProvider on step 2 because it should only apply once. ccca253e-f5b6-4e5a-bdc2-850e1eb718b0:92:232
2026-10-04 18:55:06.059000 [V:onnxruntime:, graph_transformer_mgr.cc:55 ApplyTransformers] Applying graph transformer QDQS8ToU8Transformer on step 2. ccca253e-f5b6-4e5a-bdc2-850e1eb718b0:92:232
2026-10-04 18:55:06.059000 [I:onnxruntime:, graph_transformer.cc:15 Apply] GraphTransformer QDQS8ToU8Transformer modified: 0 with status: OK ccca253e-f5b6-4e5a-bdc2-850e1eb718b0:92:232
2026-10-04 18:55:06.059999 [V:onnxruntime:, graph_transformer_mgr.cc:55 ApplyTransformers] Applying graph transformer QDQSelectorActionTransformer on step 2. ccca253e-f5b6-4e5a-bdc2-850e1eb718b0:92:232
2026-10-04 18:55:06.059999 [I:onnxruntime:, graph_transformer.cc:15 Apply] GraphTransformer QDQSelectorActionTransformer modified: 0 with status: OK ccca253e-f5b6-4e5a-bdc2-850e1eb718b0:92:232
2026-10-04 18:55:06.059999 [V:onnxruntime:, graph_transformer_mgr.cc:55 ApplyTransformers] Applying graph transformer GemmActivationFusion on step 2. ccca253e-f5b6-4e5a-bdc2-850e1eb718b0:92:232
2026-10-04 18:55:06.061000 [I:onnxruntime:, graph_transformer.cc:15 Apply] GraphTransformer GemmActivationFusion modified: 0 with status: OK ccca253e-f5b6-4e5a-bdc2-850e1eb718b0:92:232
2026-10-04 18:55:06.061000 [V:onnxruntime:, graph_transformer_mgr.cc:55 ApplyTransformers] Applying graph transformer MatMulIntegerToFloatFusion on step 2. ccca253e-f5b6-4e5a-bdc2-850e1eb718b0:92:232
2026-10-04 18:55:06.061000 [I:onnxruntime:, graph_transformer.cc:15 Apply] GraphTransformer MatMulIntegerToFloatFusion modified: 0 with status: OK ccca253e-f5b6-4e5a-bdc2-850e1eb718b0:92:232
2026-10-04 18:55:06.062000 [V:onnxruntime:, graph_transformer_mgr.cc:55 ApplyTransformers] Applying graph transformer DynamicQuantizeMatMulFusion on step 2. ccca253e-f5b6-4e5a-bdc2-850e1eb718b0:92:232
2026-10-04 18:55:06.062000 [I:onnxruntime:, graph_transformer.cc:15 Apply] GraphTransformer DynamicQuantizeMatMulFusion modified: 0 with status: OK ccca253e-f5b6-4e5a-bdc2-850e1eb718b0:92:232
2026-10-04 18:55:06.062000 [V:onnxruntime:, graph_transformer_mgr.cc:55 ApplyTransformers] Applying graph transformer ConvActivationFusion on step 2. ccca253e-f5b6-4e5a-bdc2-850e1eb718b0:92:232
2026-10-04 18:55:06.063000 [I:onnxruntime:, graph_transformer.cc:15 Apply] GraphTransformer ConvActivationFusion modified: 0 with status: OK ccca253e-f5b6-4e5a-bdc2-850e1eb718b0:92:232
2026-10-04 18:55:06.063000 [V:onnxruntime:, graph_transformer_mgr.cc:55 ApplyTransformers] Applying graph transformer GeluFusionL2 on step 2. ccca253e-f5b6-4e5a-bdc2-850e1eb718b0:92:232
2026-10-04 18:55:06.064000 [I:onnxruntime:, graph_transformer.cc:15 Apply] GraphTransformer GeluFusionL2 modified: 0 with status: OK ccca253e-f5b6-4e5a-bdc2-850e1eb718b0:92:232
2026-10-04 18:55:06.064000 [V:onnxruntime:, graph_transformer_mgr.cc:55 ApplyTransformers] Applying graph transformer LayerNormFusionL2 on step 2. ccca253e-f5b6-4e5a-bdc2-850e1eb718b0:92:232
2026-10-04 18:55:06.064000 [I:onnxruntime:, graph_transformer.cc:15 Apply] GraphTransformer LayerNormFusionL2 modified: 0 with status: OK ccca253e-f5b6-4e5a-bdc2-850e1eb718b0:92:232
2026-10-04 18:55:06.064000 [V:onnxruntime:, graph_transformer_mgr.cc:55 ApplyTransformers] Applying graph transformer SimplifiedLayerNormFusion on step 2. ccca253e-f5b6-4e5a-bdc2-850e1eb718b0:92:232
2026-10-04 18:55:06.064000 [I:onnxruntime:, graph_transformer.cc:15 Apply] GraphTransformer SimplifiedLayerNormFusion modified: 0 with status: OK ccca253e-f5b6-4e5a-bdc2-850e1eb718b0:92:232
2026-10-04 18:55:06.065000 [V:onnxruntime:, graph_transformer_mgr.cc:55 ApplyTransformers] Applying graph transformer AttentionFusion on step 2. ccca253e-f5b6-4e5a-bdc2-850e1eb718b0:92:232
2026-10-04 18:55:06.065000 [I:onnxruntime:, graph_transformer.cc:15 Apply] GraphTransformer AttentionFusion modified: 0 with status: OK ccca253e-f5b6-4e5a-bdc2-850e1eb718b0:92:232
2026-10-04 18:55:06.066000 [V:onnxruntime:, graph_transformer_mgr.cc:55 ApplyTransformers] Applying graph transformer EmbedLayerNormFusion on step 2. ccca253e-f5b6-4e5a-bdc2-850e1eb718b0:92:232
2026-10-04 18:55:06.066000 [I:onnxruntime:, graph_transformer.cc:15 Apply] GraphTransformer EmbedLayerNormFusion modified: 0 with status: OK ccca253e-f5b6-4e5a-bdc2-850e1eb718b0:92:232
2026-10-04 18:55:06.066000 [V:onnxruntime:, graph_transformer_mgr.cc:55 ApplyTransformers] Applying graph transformer GatherSliceToSplitFusion on step 2. ccca253e-f5b6-4e5a-bdc2-850e1eb718b0:92:232
2026-10-04 18:55:06.067000 [I:onnxruntime:, graph_transformer.cc:15 Apply] GraphTransformer GatherSliceToSplitFusion modified: 0 with status: OK ccca253e-f5b6-4e5a-bdc2-850e1eb718b0:92:232
2026-10-04 18:55:06.067000 [V:onnxruntime:, graph_transformer_mgr.cc:55 ApplyTransformers] Applying graph transformer GatherToSliceFusion on step 2. ccca253e-f5b6-4e5a-bdc2-850e1eb718b0:92:232
2026-10-04 18:55:06.067999 [I:onnxruntime:, graph_transformer.cc:15 Apply] GraphTransformer GatherToSliceFusion modified: 0 with status: OK ccca253e-f5b6-4e5a-bdc2-850e1eb718b0:92:232
2026-10-04 18:55:06.067999 [V:onnxruntime:, graph_transformer_mgr.cc:55 ApplyTransformers] Applying graph transformer MatmulTransposeFusion on step 2. ccca253e-f5b6-4e5a-bdc2-850e1eb718b0:92:232
2026-10-04 18:55:06.067999 [I:onnxruntime:, graph_transformer.cc:15 Apply] GraphTransformer MatmulTransposeFusion modified: 0 with status: OK ccca253e-f5b6-4e5a-bdc2-850e1eb718b0:92:232
2026-10-04 18:55:06.069000 [V:onnxruntime:, graph_transformer_mgr.cc:55 ApplyTransformers] Applying graph transformer BiasGeluFusion on step 2. ccca253e-f5b6-4e5a-bdc2-850e1eb718b0:92:232
2026-10-04 18:55:06.069000 [I:onnxruntime:, graph_transformer.cc:15 Apply] GraphTransformer BiasGeluFusion modified: 0 with status: OK ccca253e-f5b6-4e5a-bdc2-850e1eb718b0:92:232
2026-10-04 18:55:06.069000 [V:onnxruntime:, graph_transformer_mgr.cc:55 ApplyTransformers] Applying graph transformer GroupQueryAttentionFusion on step 2. ccca253e-f5b6-4e5a-bdc2-850e1eb718b0:92:232
2026-10-04 18:55:06.070000 [I:onnxruntime:, graph_transformer.cc:15 Apply] GraphTransformer GroupQueryAttentionFusion modified: 0 with status: OK ccca253e-f5b6-4e5a-bdc2-850e1eb718b0:92:232
2026-10-04 18:55:06.070000 [V:onnxruntime:, graph_transformer_mgr.cc:55 ApplyTransformers] Applying graph transformer MatMulAddFusion on step 2. ccca253e-f5b6-4e5a-bdc2-850e1eb718b0:92:232
2026-10-04 18:55:06.070000 [I:onnxruntime:, graph_transformer.cc:15 Apply] GraphTransformer MatMulAddFusion modified: 0 with status: OK ccca253e-f5b6-4e5a-bdc2-850e1eb718b0:92:232
2026-10-04 18:55:06.071000 [V:onnxruntime:, graph_transformer_mgr.cc:55 ApplyTransformers] Applying graph transformer SkipLayerNormFusion on step 2. ccca253e-f5b6-4e5a-bdc2-850e1eb718b0:92:232
2026-10-04 18:55:06.071000 [I:onnxruntime:, graph_transformer.cc:15 Apply] GraphTransformer SkipLayerNormFusion modified: 0 with status: OK ccca253e-f5b6-4e5a-bdc2-850e1eb718b0:92:232
2026-10-04 18:55:06.071000 [V:onnxruntime:, graph_transformer_mgr.cc:55 ApplyTransformers] Applying graph transformer BiasSkipLayerNormFusion on step 2. ccca253e-f5b6-4e5a-bdc2-850e1eb718b0:92:232
2026-10-04 18:55:06.072000 [I:onnxruntime:, graph_transformer.cc:15 Apply] GraphTransformer BiasSkipLayerNormFusion modified: 0 with status: OK ccca253e-f5b6-4e5a-bdc2-850e1eb718b0:92:232
2026-10-04 18:55:06.072000 [V:onnxruntime:, graph_transformer_mgr.cc:55 ApplyTransformers] Applying graph transformer FastGeluFusion on step 2. ccca253e-f5b6-4e5a-bdc2-850e1eb718b0:92:232
2026-10-04 18:55:06.072000 [I:onnxruntime:, graph_transformer.cc:15 Apply] GraphTransformer FastGeluFusion modified: 0 with status: OK ccca253e-f5b6-4e5a-bdc2-850e1eb718b0:92:232
2026-10-04 18:55:06.072000 [V:onnxruntime:, graph_transformer_mgr.cc:55 ApplyTransformers] Applying graph transformer QuickGeluFusion on step 2. ccca253e-f5b6-4e5a-bdc2-850e1eb718b0:92:232
2026-10-04 18:55:06.073000 [I:onnxruntime:, graph_transformer.cc:15 Apply] GraphTransformer QuickGeluFusion modified: 0 with status: OK ccca253e-f5b6-4e5a-bdc2-850e1eb718b0:92:232
2026-10-04 18:55:06.073000 [V:onnxruntime:, graph_transformer_mgr.cc:55 ApplyTransformers] Applying graph transformer BiasSoftmaxFusion on step 2. ccca253e-f5b6-4e5a-bdc2-850e1eb718b0:92:232
2026-10-04 18:55:06.073000 [I:onnxruntime:, graph_transformer.cc:15 Apply] GraphTransformer BiasSoftmaxFusion modified: 0 with status: OK ccca253e-f5b6-4e5a-bdc2-850e1eb718b0:92:232
2026-10-04 18:55:06.073000 [V:onnxruntime:, graph_transformer_mgr.cc:55 ApplyTransformers] Applying graph transformer BiasDropoutFusion on step 2. ccca253e-f5b6-4e5a-bdc2-850e1eb718b0:92:232
2026-10-04 18:55:06.074000 [I:onnxruntime:, graph_transformer.cc:15 Apply] GraphTransformer BiasDropoutFusion modified: 0 with status: OK ccca253e-f5b6-4e5a-bdc2-850e1eb718b0:92:232
2026-10-04 18:55:06.074000 [V:onnxruntime:, graph_transformer_mgr.cc:55 ApplyTransformers] Applying graph transformer MatMulScaleFusion on step 2. ccca253e-f5b6-4e5a-bdc2-850e1eb718b0:92:232
2026-10-04 18:55:06.075000 [I:onnxruntime:, graph_transformer.cc:15 Apply] GraphTransformer MatMulScaleFusion modified: 0 with status: OK ccca253e-f5b6-4e5a-bdc2-850e1eb718b0:92:232
2026-10-04 18:55:06.075000 [V:onnxruntime:, graph_transformer_mgr.cc:55 ApplyTransformers] Applying graph transformer MatMulActivationFusion on step 2. ccca253e-f5b6-4e5a-bdc2-850e1eb718b0:92:232
2026-10-04 18:55:06.075000 [I:onnxruntime:, graph_transformer.cc:15 Apply] GraphTransformer MatMulActivationFusion modified: 0 with status: OK ccca253e-f5b6-4e5a-bdc2-850e1eb718b0:92:232
2026-10-04 18:55:06.075000 [V:onnxruntime:, graph_transformer_mgr.cc:55 ApplyTransformers] Applying graph transformer MatMulNBitsFusion on step 2. ccca253e-f5b6-4e5a-bdc2-850e1eb718b0:92:232
2026-10-04 18:55:06.075999 [I:onnxruntime:, graph_transformer.cc:15 Apply] GraphTransformer MatMulNBitsFusion modified: 0 with status: OK ccca253e-f5b6-4e5a-bdc2-850e1eb718b0:92:232
2026-10-04 18:55:06.075999 [V:onnxruntime:, graph_transformer_mgr.cc:55 ApplyTransformers] Applying graph transformer GroupQueryAttentionPreNormFusion on step 2. ccca253e-f5b6-4e5a-bdc2-850e1eb718b0:92:232
2026-10-04 18:55:06.077000 [I:onnxruntime:, graph_transformer.cc:15 Apply] GraphTransformer GroupQueryAttentionPreNormFusion modified: 0 with status: OK ccca253e-f5b6-4e5a-bdc2-850e1eb718b0:92:232
2026-10-04 18:55:06.077000 [V:onnxruntime:, graph_transformer_mgr.cc:55 ApplyTransformers] Applying graph transformer MatMulNBitsMlpFusion on step 2. ccca253e-f5b6-4e5a-bdc2-850e1eb718b0:92:232
2026-10-04 18:55:06.078000 [I:onnxruntime:, graph_transformer.cc:15 Apply] GraphTransformer MatMulNBitsMlpFusion modified: 0 with status: OK ccca253e-f5b6-4e5a-bdc2-850e1eb718b0:92:232
2026-10-04 18:55:06.078000 [V:onnxruntime:, graph_transformer_mgr.cc:55 ApplyTransformers] Applying graph transformer MatMulNBitsQkvFusion on step 2. ccca253e-f5b6-4e5a-bdc2-850e1eb718b0:92:232
2026-10-04 18:55:06.079000 [I:onnxruntime:, graph_transformer.cc:15 Apply] GraphTransformer MatMulNBitsQkvFusion modified: 0 with status: OK ccca253e-f5b6-4e5a-bdc2-850e1eb718b0:92:232
2026-10-04 18:55:06.079000 [V:onnxruntime:, graph_transformer_mgr.cc:55 ApplyTransformers] Applying graph transformer QDQFinalCleanupTransformer on step 2. ccca253e-f5b6-4e5a-bdc2-850e1eb718b0:92:232
2026-10-04 18:55:06.079000 [I:onnxruntime:, graph_transformer.cc:15 Apply] GraphTransformer QDQFinalCleanupTransformer modified: 0 with status: OK ccca253e-f5b6-4e5a-bdc2-850e1eb718b0:92:232
2026-10-04 18:55:06.080000 [V:onnxruntime:, graph_transformer_mgr.cc:62 ApplyTransformers] Graph transformer step 2 of 10 for level 2 completed. graph_changed: 0. ccca253e-f5b6-4e5a-bdc2-850e1eb718b0:92:232
2026-10-04 18:55:06.080000 [V:onnxruntime:, graph_transformer_mgr.cc:67 ApplyTransformers] Stopping graph transformer iteration for level 2 after step 2 because the graph was not modified. ccca253e-f5b6-4e5a-bdc2-850e1eb718b0:92:232
2026-10-04 18:55:06.080000 [V:onnxruntime:, graph_transformer_mgr.cc:35 ApplyTransformers] Applying 2 graph transformer(s) for level 3 for up to 10 step(s). ccca253e-f5b6-4e5a-bdc2-850e1eb718b0:92:232
2026-10-04 18:55:06.080000 [V:onnxruntime:, graph_transformer_mgr.cc:43 ApplyTransformers] Graph transformer step 1 of 10 for level 3 started. ccca253e-f5b6-4e5a-bdc2-850e1eb718b0:92:232
2026-10-04 18:55:06.080000 [V:onnxruntime:, graph_transformer_mgr.cc:55 ApplyTransformers] Applying graph transformer NhwcTransformer on step 1. ccca253e-f5b6-4e5a-bdc2-850e1eb718b0:92:232
2026-10-04 18:55:06.081000 [I:onnxruntime:, graph_transformer.cc:15 Apply] GraphTransformer NhwcTransformer modified: 0 with status: OK ccca253e-f5b6-4e5a-bdc2-850e1eb718b0:92:232
2026-10-04 18:55:06.081000 [V:onnxruntime:, graph_transformer_mgr.cc:55 ApplyTransformers] Applying graph transformer ConvAddActivationFusion on step 1. ccca253e-f5b6-4e5a-bdc2-850e1eb718b0:92:232
2026-10-04 18:55:06.081000 [I:onnxruntime:, graph_transformer.cc:15 Apply] GraphTransformer ConvAddActivationFusion modified: 0 with status: OK ccca253e-f5b6-4e5a-bdc2-850e1eb718b0:92:232
2026-10-04 18:55:06.082000 [V:onnxruntime:, graph_transformer_mgr.cc:62 ApplyTransformers] Graph transformer step 1 of 10 for level 3 completed. graph_changed: 0. ccca253e-f5b6-4e5a-bdc2-850e1eb718b0:92:232
2026-10-04 18:55:06.082000 [V:onnxruntime:, graph_transformer_mgr.cc:67 ApplyTransformers] Stopping graph transformer iteration for level 3 after step 1 because the graph was not modified. ccca253e-f5b6-4e5a-bdc2-850e1eb718b0:92:232
2026-10-04 18:55:06.083000 [I:onnxruntime:, graph_transformer.cc:15 Apply] GraphTransformer RemoveDuplicateCastTransformer modified: 0 with status: OK ccca253e-f5b6-4e5a-bdc2-850e1eb718b0:92:232
2026-10-04 18:55:06.083000 [I:onnxruntime:, graph_transformer.cc:15 Apply] GraphTransformer CastFloat16Transformer modified: 0 with status: OK ccca253e-f5b6-4e5a-bdc2-850e1eb718b0:92:232
2026-10-04 18:55:06.083000 [V:onnxruntime:, graph_transformer_mgr.cc:35 ApplyTransformers] Applying 1 graph transformer(s) for level 4 for up to 10 step(s). ccca253e-f5b6-4e5a-bdc2-850e1eb718b0:92:232
2026-10-04 18:55:06.083000 [V:onnxruntime:, graph_transformer_mgr.cc:43 ApplyTransformers] Graph transformer step 1 of 10 for level 4 started. ccca253e-f5b6-4e5a-bdc2-850e1eb718b0:92:232
2026-10-04 18:55:06.083999 [V:onnxruntime:, graph_transformer_mgr.cc:55 ApplyTransformers] Applying graph transformer FuseFp16InitializerToFp32NodeTransformer on step 1. ccca253e-f5b6-4e5a-bdc2-850e1eb718b0:92:232
2026-10-04 18:55:06.083999 [I:onnxruntime:, graph_transformer.cc:15 Apply] GraphTransformer FuseFp16InitializerToFp32NodeTransformer modified: 0 with status: OK ccca253e-f5b6-4e5a-bdc2-850e1eb718b0:92:232
2026-10-04 18:55:06.083999 [V:onnxruntime:, graph_transformer_mgr.cc:62 ApplyTransformers] Graph transformer step 1 of 10 for level 4 completed. graph_changed: 0. ccca253e-f5b6-4e5a-bdc2-850e1eb718b0:92:232
2026-10-04 18:55:06.085000 [V:onnxruntime:, graph_transformer_mgr.cc:67 ApplyTransformers] Stopping graph transformer iteration for level 4 after step 1 because the graph was not modified. ccca253e-f5b6-4e5a-bdc2-850e1eb718b0:92:232
2026-10-04 18:55:06.101000 [I:onnxruntime:, transformer_memcpy.cc:393 AddCopyNode] Add MemcpyFromHost after /model/attn_mask_reformat/attn_mask_subgraph/Sub/Cast/output_0 for WebGpuExecutionProvider ccca253e-f5b6-4e5a-bdc2-850e1eb718b0:92:232
2026-10-04 18:55:06.102000 [I:onnxruntime:, transformer_memcpy.cc:393 AddCopyNode] Add MemcpyFromHost after /model/pos_ids_reformat/Reshape/output_0 for WebGpuExecutionProvider ccca253e-f5b6-4e5a-bdc2-850e1eb718b0:92:232
2026-10-04 18:55:06.104000 [I:onnxruntime:, graph_transformer.cc:15 Apply] GraphTransformer MemcpyTransformer modified: 1 with status: OK ccca253e-f5b6-4e5a-bdc2-850e1eb718b0:92:232
2026-10-04 18:55:06.121000 [V:onnxruntime:, session_state.cc:1377 VerifyEachNodeIsAssignedToAnEp] Node placements ccca253e-f5b6-4e5a-bdc2-850e1eb718b0:92:232
2026-10-04 18:55:06.121000 [V:onnxruntime:, session_state.cc:1383 VerifyEachNodeIsAssignedToAnEp]  Node(s) placed on [WebGpuExecutionProvider]. Number of nodes: 369 ccca253e-f5b6-4e5a-bdc2-850e1eb718b0:92:232
2026-10-04 18:55:06.121000 [V:onnxruntime:, session_state.cc:1385 VerifyEachNodeIsAssignedToAnEp]   Gather (/model/embed_tokens/Gather) ccca253e-f5b6-4e5a-bdc2-850e1eb718b0:92:232
2026-10-04 18:55:06.122000 [V:onnxruntime:, session_state.cc:1385 VerifyEachNodeIsAssignedToAnEp]   Reshape (/model/layers.0/attn/q_norm/Reshape_1) ccca253e-f5b6-4e5a-bdc2-850e1eb718b0:92:232
2026-10-04 18:55:06.122000 [V:onnxruntime:, session_state.cc:1385 VerifyEachNodeIsAssignedToAnEp]   Reshape (/model/layers.0/attn/k_norm/Reshape_1) ccca253e-f5b6-4e5a-bdc2-850e1eb718b0:92:232
2026-10-04 18:55:06.122000 [V:onnxruntime:, session_state.cc:1385 VerifyEachNodeIsAssignedToAnEp]   SimplifiedLayerNormalization (/model/layers.0/attn/q_norm/SimplifiedLayerNormalization) ccca253e-f5b6-4e5a-bdc2-850e1eb718b0:92:232
2026-10-04 18:55:06.122000 [V:onnxruntime:, session_state.cc:1385 VerifyEachNodeIsAssignedToAnEp]   SimplifiedLayerNormalization (/model/layers.0/attn/k_norm/SimplifiedLayerNormalization) ccca253e-f5b6-4e5a-bdc2-850e1eb718b0:92:232
2026-10-04 18:55:06.122000 [V:onnxruntime:, session_state.cc:1385 VerifyEachNodeIsAssignedToAnEp]   Reshape (/model/layers.0/attn/q_norm/Reshape_2) ccca253e-f5b6-4e5a-bdc2-850e1eb718b0:92:232
2026-10-04 18:55:06.123000 [V:onnxruntime:, session_state.cc:1385 VerifyEachNodeIsAssignedToAnEp]   Reshape (/model/layers.0/attn/k_norm/Reshape_2) ccca253e-f5b6-4e5a-bdc2-850e1eb718b0:92:232
2026-10-04 18:55:06.123000 [V:onnxruntime:, session_state.cc:1385 VerifyEachNodeIsAssignedToAnEp]   RotaryEmbedding (/model/layers.0/attn/q_rotary/RotaryEmbedding) ccca253e-f5b6-4e5a-bdc2-850e1eb718b0:92:232
2026-10-04 18:55:06.123000 [V:onnxruntime:, session_state.cc:1385 VerifyEachNodeIsAssignedToAnEp]   RotaryEmbedding (/model/layers.0/attn/k_rotary/RotaryEmbedding) ccca253e-f5b6-4e5a-bdc2-850e1eb718b0:92:232
2026-10-04 18:55:06.123000 [V:onnxruntime:, session_state.cc:1385 VerifyEachNodeIsAssignedToAnEp]   GroupQueryAttention (/model/layers.0/attn/GroupQueryAttention) ccca253e-f5b6-4e5a-bdc2-850e1eb718b0:92:232
2026-10-04 18:55:06.123000 [V:onnxruntime:, session_state.cc:1385 VerifyEachNodeIsAssignedToAnEp]   MatMulNBits (/model/layers.0/attn/o_proj/MatMul_Q4) ccca253e-f5b6-4e5a-bdc2-850e1eb718b0:92:232
2026-10-04 18:55:06.123999 [V:onnxruntime:, session_state.cc:1385 VerifyEachNodeIsAssignedToAnEp]   MatMulNBits (/model/layers.0/mlp/down_proj/MatMul_Q4) ccca253e-f5b6-4e5a-bdc2-850e1eb718b0:92:232
2026-10-04 18:55:06.123999 [V:onnxruntime:, session_state.cc:1385 VerifyEachNodeIsAssignedToAnEp]   Reshape (/model/layers.1/attn/q_norm/Reshape_1) ccca253e-f5b6-4e5a-bdc2-850e1eb718b0:92:232
2026-10-04 18:55:06.123999 [V:onnxruntime:, session_state.cc:1385 VerifyEachNodeIsAssignedToAnEp]   Reshape (/model/layers.1/attn/k_norm/Reshape_1) ccca253e-f5b6-4e5a-bdc2-850e1eb718b0:92:232
2026-10-04 18:55:06.123999 [V:onnxruntime:, session_state.cc:1385 VerifyEachNodeIsAssignedToAnEp]   SimplifiedLayerNormalization (/model/layers.1/attn/q_norm/SimplifiedLayerNormalization) ccca253e-f5b6-4e5a-bdc2-850e1eb718b0:92:232
2026-10-04 18:55:06.123999 [V:onnxruntime:, session_state.cc:1385 VerifyEachNodeIsAssignedToAnEp]   SimplifiedLayerNormalization (/model/layers.1/attn/k_norm/SimplifiedLayerNormalization) ccca253e-f5b6-4e5a-bdc2-850e1eb718b0:92:232
2026-10-04 18:55:06.125000 [V:onnxruntime:, session_state.cc:1385 VerifyEachNodeIsAssignedToAnEp]   Reshape (/model/layers.1/attn/q_norm/Reshape_2) ccca253e-f5b6-4e5a-bdc2-850e1eb718b0:92:232
2026-10-04 18:55:06.125000 [V:onnxruntime:, session_state.cc:1385 VerifyEachNodeIsAssignedToAnEp]   Reshape (/model/layers.1/attn/k_norm/Reshape_2) ccca253e-f5b6-4e5a-bdc2-850e1eb718b0:92:232
2026-10-04 18:55:06.125000 [V:onnxruntime:, session_state.cc:1385 VerifyEachNodeIsAssignedToAnEp]   RotaryEmbedding (/model/layers.1/attn/q_rotary/RotaryEmbedding) ccca253e-f5b6-4e5a-bdc2-850e1eb718b0:92:232
2026-10-04 18:55:06.125000 [V:onnxruntime:, session_state.cc:1385 VerifyEachNodeIsAssignedToAnEp]   RotaryEmbedding (/model/layers.1/attn/k_rotary/RotaryEmbedding) ccca253e-f5b6-4e5a-bdc2-850e1eb718b0:92:232
2026-10-04 18:55:06.125000 [V:onnxruntime:, session_state.cc:1385 VerifyEachNodeIsAssignedToAnEp]   GroupQueryAttention (/model/layers.1/attn/GroupQueryAttention) ccca253e-f5b6-4e5a-bdc2-850e1eb718b0:92:232
2026-10-04 18:55:06.126000 [V:onnxruntime:, session_state.cc:1385 VerifyEachNodeIsAssignedToAnEp]   MatMulNBits (/model/layers.1/attn/o_proj/MatMul_Q4) ccca253e-f5b6-4e5a-bdc2-850e1eb718b0:92:232
2026-10-04 18:55:06.126000 [V:onnxruntime:, session_state.cc:1385 VerifyEachNodeIsAssignedToAnEp]   MatMulNBits (/model/layers.1/mlp/down_proj/MatMul_Q4) ccca253e-f5b6-4e5a-bdc2-850e1eb718b0:92:232
2026-10-04 18:55:06.126000 [V:onnxruntime:, session_state.cc:1385 VerifyEachNodeIsAssignedToAnEp]   Reshape (/model/layers.2/attn/q_norm/Reshape_1) ccca253e-f5b6-4e5a-bdc2-850e1eb718b0:92:232
2026-10-04 18:55:06.126000 [V:onnxruntime:, session_state.cc:1385 VerifyEachNodeIsAssignedToAnEp]   Reshape (/model/layers.2/attn/k_norm/Reshape_1) ccca253e-f5b6-4e5a-bdc2-850e1eb718b0:92:232
2026-10-04 18:55:06.126000 [V:onnxruntime:, session_state.cc:1385 VerifyEachNodeIsAssignedToAnEp]   SimplifiedLayerNormalization (/model/layers.2/attn/q_norm/SimplifiedLayerNormalization) ccca253e-f5b6-4e5a-bdc2-850e1eb718b0:92:232
2026-10-04 18:55:06.126000 [V:onnxruntime:, session_state.cc:1385 VerifyEachNodeIsAssignedToAnEp]   SimplifiedLayerNormalization (/model/layers.2/attn/k_norm/SimplifiedLayerNormalization) ccca253e-f5b6-4e5a-bdc2-850e1eb718b0:92:232
2026-10-04 18:55:06.127000 [V:onnxruntime:, session_state.cc:1385 VerifyEachNodeIsAssignedToAnEp]   Reshape (/model/layers.2/attn/q_norm/Reshape_2) ccca253e-f5b6-4e5a-bdc2-850e1eb718b0:92:232
2026-10-04 18:55:06.127000 [V:onnxruntime:, session_state.cc:1385 VerifyEachNodeIsAssignedToAnEp]   Reshape (/model/layers.2/attn/k_norm/Reshape_2) ccca253e-f5b6-4e5a-bdc2-850e1eb718b0:92:232
2026-10-04 18:55:06.127000 [V:onnxruntime:, session_state.cc:1385 VerifyEachNodeIsAssignedToAnEp]   RotaryEmbedding (/model/layers.2/attn/q_rotary/RotaryEmbedding) ccca253e-f5b6-4e5a-bdc2-850e1eb718b0:92:232
2026-10-04 18:55:06.127000 [V:onnxruntime:, session_state.cc:1385 VerifyEachNodeIsAssignedToAnEp]   RotaryEmbedding (/model/layers.2/attn/k_rotary/RotaryEmbedding) ccca253e-f5b6-4e5a-bdc2-850e1eb718b0:92:232
2026-10-04 18:55:06.127000 [V:onnxruntime:, session_state.cc:1385 VerifyEachNodeIsAssignedToAnEp]   GroupQueryAttention (/model/layers.2/attn/GroupQueryAttention) ccca253e-f5b6-4e5a-bdc2-850e1eb718b0:92:232
2026-10-04 18:55:06.131000 [V:onnxruntime:, session_state.cc:1385 VerifyEachNodeIsAssignedToAnEp]   MatMulNBits (/model/layers.2/attn/o_proj/MatMul_Q4) ccca253e-f5b6-4e5a-bdc2-850e1eb718b0:92:232
2026-10-04 18:55:06.131000 [V:onnxruntime:, session_state.cc:1385 VerifyEachNodeIsAssignedToAnEp]   MatMulNBits (/model/layers.2/mlp/down_proj/MatMul_Q4) ccca253e-f5b6-4e5a-bdc2-850e1eb718b0:92:232
2026-10-04 18:55:06.131000 [V:onnxruntime:, session_state.cc:1385 VerifyEachNodeIsAssignedToAnEp]   Reshape (/model/layers.3/attn/q_norm/Reshape_1) ccca253e-f5b6-4e5a-bdc2-850e1eb718b0:92:232
2026-10-04 18:55:06.131999 [V:onnxruntime:, session_state.cc:1385 VerifyEachNodeIsAssignedToAnEp]   Reshape (/model/layers.3/attn/k_norm/Reshape_1) ccca253e-f5b6-4e5a-bdc2-850e1eb718b0:92:232
2026-10-04 18:55:06.131999 [V:onnxruntime:, session_state.cc:1385 VerifyEachNodeIsAssignedToAnEp]   SimplifiedLayerNormalization (/model/layers.3/attn/q_norm/SimplifiedLayerNormalization) ccca253e-f5b6-4e5a-bdc2-850e1eb718b0:92:232
2026-10-04 18:55:06.131999 [V:onnxruntime:, session_state.cc:1385 VerifyEachNodeIsAssignedToAnEp]   SimplifiedLayerNormalization (/model/layers.3/attn/k_norm/SimplifiedLayerNormalization) ccca253e-f5b6-4e5a-bdc2-850e1eb718b0:92:232
2026-10-04 18:55:06.131999 [V:onnxruntime:, session_state.cc:1385 VerifyEachNodeIsAssignedToAnEp]   Reshape (/model/layers.3/attn/q_norm/Reshape_2) ccca253e-f5b6-4e5a-bdc2-850e1eb718b0:92:232
2026-10-04 18:55:06.131999 [V:onnxruntime:, session_state.cc:1385 VerifyEachNodeIsAssignedToAnEp]   Reshape (/model/layers.3/attn/k_norm/Reshape_2) ccca253e-f5b6-4e5a-bdc2-850e1eb718b0:92:232
2026-10-04 18:55:06.133000 [V:onnxruntime:, session_state.cc:1385 VerifyEachNodeIsAssignedToAnEp]   RotaryEmbedding (/model/layers.3/attn/q_rotary/RotaryEmbedding) ccca253e-f5b6-4e5a-bdc2-850e1eb718b0:92:232
2026-10-04 18:55:06.133000 [V:onnxruntime:, session_state.cc:1385 VerifyEachNodeIsAssignedToAnEp]   RotaryEmbedding (/model/layers.3/attn/k_rotary/RotaryEmbedding) ccca253e-f5b6-4e5a-bdc2-850e1eb718b0:92:232
2026-10-04 18:55:06.133000 [V:onnxruntime:, session_state.cc:1385 VerifyEachNodeIsAssignedToAnEp]   GroupQueryAttention (/model/layers.3/attn/GroupQueryAttention) ccca253e-f5b6-4e5a-bdc2-850e1eb718b0:92:232
2026-10-04 18:55:06.133000 [V:onnxruntime:, session_state.cc:1385 VerifyEachNodeIsAssignedToAnEp]   MatMulNBits (/model/layers.3/attn/o_proj/MatMul_Q4) ccca253e-f5b6-4e5a-bdc2-850e1eb718b0:92:232
2026-10-04 18:55:06.133000 [V:onnxruntime:, session_state.cc:1385 VerifyEachNodeIsAssignedToAnEp]   MatMulNBits (/model/layers.3/mlp/down_proj/MatMul_Q4) ccca253e-f5b6-4e5a-bdc2-850e1eb718b0:92:232
2026-10-04 18:55:06.134000 [V:onnxruntime:, session_state.cc:1385 VerifyEachNodeIsAssignedToAnEp]   Reshape (/model/layers.4/attn/q_norm/Reshape_1) ccca253e-f5b6-4e5a-bdc2-850e1eb718b0:92:232
2026-10-04 18:55:06.134000 [V:onnxruntime:, session_state.cc:1385 VerifyEachNodeIsAssignedToAnEp]   Reshape (/model/layers.4/attn/k_norm/Reshape_1) ccca253e-f5b6-4e5a-bdc2-850e1eb718b0:92:232
2026-10-04 18:55:06.134000 [V:onnxruntime:, session_state.cc:1385 VerifyEachNodeIsAssignedToAnEp]   SimplifiedLayerNormalization (/model/layers.4/attn/q_norm/SimplifiedLayerNormalization) ccca253e-f5b6-4e5a-bdc2-850e1eb718b0:92:232
2026-10-04 18:55:06.134000 [V:onnxruntime:, session_state.cc:1385 VerifyEachNodeIsAssignedToAnEp]   SimplifiedLayerNormalization (/model/layers.4/attn/k_norm/SimplifiedLayerNormalization) ccca253e-f5b6-4e5a-bdc2-850e1eb718b0:92:232
2026-10-04 18:55:06.134000 [V:onnxruntime:, session_state.cc:1385 VerifyEachNodeIsAssignedToAnEp]   Reshape (/model/layers.4/attn/q_norm/Reshape_2) ccca253e-f5b6-4e5a-bdc2-850e1eb718b0:92:232
2026-10-04 18:55:06.135000 [V:onnxruntime:, session_state.cc:1385 VerifyEachNodeIsAssignedToAnEp]   Reshape (/model/layers.4/attn/k_norm/Reshape_2) ccca253e-f5b6-4e5a-bdc2-850e1eb718b0:92:232
2026-10-04 18:55:06.135000 [V:onnxruntime:, session_state.cc:1385 VerifyEachNodeIsAssignedToAnEp]   RotaryEmbedding (/model/layers.4/attn/q_rotary/RotaryEmbedding) ccca253e-f5b6-4e5a-bdc2-850e1eb718b0:92:232
2026-10-04 18:55:06.135000 [V:onnxruntime:, session_state.cc:1385 VerifyEachNodeIsAssignedToAnEp]   RotaryEmbedding (/model/layers.4/attn/k_rotary/RotaryEmbedding) ccca253e-f5b6-4e5a-bdc2-850e1eb718b0:92:232
2026-10-04 18:55:06.135000 [V:onnxruntime:, session_state.cc:1385 VerifyEachNodeIsAssignedToAnEp]   GroupQueryAttention (/model/layers.4/attn/GroupQueryAttention) ccca253e-f5b6-4e5a-bdc2-850e1eb718b0:92:232
2026-10-04 18:55:06.135000 [V:onnxruntime:, session_state.cc:1385 VerifyEachNodeIsAssignedToAnEp]   MatMulNBits (/model/layers.4/attn/o_proj/MatMul_Q4) ccca253e-f5b6-4e5a-bdc2-850e1eb718b0:92:232
2026-10-04 18:55:06.136000 [V:onnxruntime:, session_state.cc:1385 VerifyEachNodeIsAssignedToAnEp]   MatMulNBits (/model/layers.4/mlp/down_proj/MatMul_Q4) ccca253e-f5b6-4e5a-bdc2-850e1eb718b0:92:232
2026-10-04 18:55:06.136000 [V:onnxruntime:, session_state.cc:1385 VerifyEachNodeIsAssignedToAnEp]   Reshape (/model/layers.5/attn/q_norm/Reshape_1) ccca253e-f5b6-4e5a-bdc2-850e1eb718b0:92:232
2026-10-04 18:55:06.136000 [V:onnxruntime:, session_state.cc:1385 VerifyEachNodeIsAssignedToAnEp]   Reshape (/model/layers.5/attn/k_norm/Reshape_1) ccca253e-f5b6-4e5a-bdc2-850e1eb718b0:92:232
2026-10-04 18:55:06.136000 [V:onnxruntime:, session_state.cc:1385 VerifyEachNodeIsAssignedToAnEp]   SimplifiedLayerNormalization (/model/layers.5/attn/q_norm/SimplifiedLayerNormalization) ccca253e-f5b6-4e5a-bdc2-850e1eb718b0:92:232
2026-10-04 18:55:06.137000 [V:onnxruntime:, session_state.cc:1385 VerifyEachNodeIsAssignedToAnEp]   SimplifiedLayerNormalization (/model/layers.5/attn/k_norm/SimplifiedLayerNormalization) ccca253e-f5b6-4e5a-bdc2-850e1eb718b0:92:232
2026-10-04 18:55:06.137000 [V:onnxruntime:, session_state.cc:1385 VerifyEachNodeIsAssignedToAnEp]   Reshape (/model/layers.5/attn/q_norm/Reshape_2) ccca253e-f5b6-4e5a-bdc2-850e1eb718b0:92:232
2026-10-04 18:55:06.137000 [V:onnxruntime:, session_state.cc:1385 VerifyEachNodeIsAssignedToAnEp]   Reshape (/model/layers.5/attn/k_norm/Reshape_2) ccca253e-f5b6-4e5a-bdc2-850e1eb718b0:92:232
2026-10-04 18:55:06.137000 [V:onnxruntime:, session_state.cc:1385 VerifyEachNodeIsAssignedToAnEp]   RotaryEmbedding (/model/layers.5/attn/q_rotary/RotaryEmbedding) ccca253e-f5b6-4e5a-bdc2-850e1eb718b0:92:232
2026-10-04 18:55:06.137000 [V:onnxruntime:, session_state.cc:1385 VerifyEachNodeIsAssignedToAnEp]   RotaryEmbedding (/model/layers.5/attn/k_rotary/RotaryEmbedding) ccca253e-f5b6-4e5a-bdc2-850e1eb718b0:92:232
2026-10-04 18:55:06.137000 [V:onnxruntime:, session_state.cc:1385 VerifyEachNodeIsAssignedToAnEp]   GroupQueryAttention (/model/layers.5/attn/GroupQueryAttention) ccca253e-f5b6-4e5a-bdc2-850e1eb718b0:92:232
2026-10-04 18:55:06.137000 [V:onnxruntime:, session_state.cc:1385 VerifyEachNodeIsAssignedToAnEp]   MatMulNBits (/model/layers.5/attn/o_proj/MatMul_Q4) ccca253e-f5b6-4e5a-bdc2-850e1eb718b0:92:232
2026-10-04 18:55:06.138000 [V:onnxruntime:, session_state.cc:1385 VerifyEachNodeIsAssignedToAnEp]   MatMulNBits (/model/layers.5/mlp/down_proj/MatMul_Q4) ccca253e-f5b6-4e5a-bdc2-850e1eb718b0:92:232
2026-10-04 18:55:06.138000 [V:onnxruntime:, session_state.cc:1385 VerifyEachNodeIsAssignedToAnEp]   Reshape (/model/layers.6/attn/q_norm/Reshape_1) ccca253e-f5b6-4e5a-bdc2-850e1eb718b0:92:232
2026-10-04 18:55:06.138000 [V:onnxruntime:, session_state.cc:1385 VerifyEachNodeIsAssignedToAnEp]   Reshape (/model/layers.6/attn/k_norm/Reshape_1) ccca253e-f5b6-4e5a-bdc2-850e1eb718b0:92:232
2026-10-04 18:55:06.139000 [V:onnxruntime:, session_state.cc:1385 VerifyEachNodeIsAssignedToAnEp]   SimplifiedLayerNormalization (/model/layers.6/attn/q_norm/SimplifiedLayerNormalization) ccca253e-f5b6-4e5a-bdc2-850e1eb718b0:92:232
2026-10-04 18:55:06.139000 [V:onnxruntime:, session_state.cc:1385 VerifyEachNodeIsAssignedToAnEp]   SimplifiedLayerNormalization (/model/layers.6/attn/k_norm/SimplifiedLayerNormalization) ccca253e-f5b6-4e5a-bdc2-850e1eb718b0:92:232
2026-10-04 18:55:06.139000 [V:onnxruntime:, session_state.cc:1385 VerifyEachNodeIsAssignedToAnEp]   Reshape (/model/layers.6/attn/q_norm/Reshape_2) ccca253e-f5b6-4e5a-bdc2-850e1eb718b0:92:232
2026-10-04 18:55:06.139000 [V:onnxruntime:, session_state.cc:1385 VerifyEachNodeIsAssignedToAnEp]   Reshape (/model/layers.6/attn/k_norm/Reshape_2) ccca253e-f5b6-4e5a-bdc2-850e1eb718b0:92:232
2026-10-04 18:55:06.139999 [V:onnxruntime:, session_state.cc:1385 VerifyEachNodeIsAssignedToAnEp]   RotaryEmbedding (/model/layers.6/attn/q_rotary/RotaryEmbedding) ccca253e-f5b6-4e5a-bdc2-850e1eb718b0:92:232
2026-10-04 18:55:06.139999 [V:onnxruntime:, session_state.cc:1385 VerifyEachNodeIsAssignedToAnEp]   RotaryEmbedding (/model/layers.6/attn/k_rotary/RotaryEmbedding) ccca253e-f5b6-4e5a-bdc2-850e1eb718b0:92:232
2026-10-04 18:55:06.139999 [V:onnxruntime:, session_state.cc:1385 VerifyEachNodeIsAssignedToAnEp]   GroupQueryAttention (/model/layers.6/attn/GroupQueryAttention) ccca253e-f5b6-4e5a-bdc2-850e1eb718b0:92:232
2026-10-04 18:55:06.139999 [V:onnxruntime:, session_state.cc:1385 VerifyEachNodeIsAssignedToAnEp]   MatMulNBits (/model/layers.6/attn/o_proj/MatMul_Q4) ccca253e-f5b6-4e5a-bdc2-850e1eb718b0:92:232
2026-10-04 18:55:06.139999 [V:onnxruntime:, session_state.cc:1385 VerifyEachNodeIsAssignedToAnEp]   MatMulNBits (/model/layers.6/mlp/down_proj/MatMul_Q4) ccca253e-f5b6-4e5a-bdc2-850e1eb718b0:92:232
2026-10-04 18:55:06.141000 [V:onnxruntime:, session_state.cc:1385 VerifyEachNodeIsAssignedToAnEp]   Reshape (/model/layers.7/attn/q_norm/Reshape_1) ccca253e-f5b6-4e5a-bdc2-850e1eb718b0:92:232
2026-10-04 18:55:06.141000 [V:onnxruntime:, session_state.cc:1385 VerifyEachNodeIsAssignedToAnEp]   Reshape (/model/layers.7/attn/k_norm/Reshape_1) ccca253e-f5b6-4e5a-bdc2-850e1eb718b0:92:232
2026-10-04 18:55:06.141000 [V:onnxruntime:, session_state.cc:1385 VerifyEachNodeIsAssignedToAnEp]   SimplifiedLayerNormalization (/model/layers.7/attn/q_norm/SimplifiedLayerNormalization) ccca253e-f5b6-4e5a-bdc2-850e1eb718b0:92:232
2026-10-04 18:55:06.141000 [V:onnxruntime:, session_state.cc:1385 VerifyEachNodeIsAssignedToAnEp]   SimplifiedLayerNormalization (/model/layers.7/attn/k_norm/SimplifiedLayerNormalization) ccca253e-f5b6-4e5a-bdc2-850e1eb718b0:92:232
2026-10-04 18:55:06.141000 [V:onnxruntime:, session_state.cc:1385 VerifyEachNodeIsAssignedToAnEp]   Reshape (/model/layers.7/attn/q_norm/Reshape_2) ccca253e-f5b6-4e5a-bdc2-850e1eb718b0:92:232
2026-10-04 18:55:06.142000 [V:onnxruntime:, session_state.cc:1385 VerifyEachNodeIsAssignedToAnEp]   Reshape (/model/layers.7/attn/k_norm/Reshape_2) ccca253e-f5b6-4e5a-bdc2-850e1eb718b0:92:232
2026-10-04 18:55:06.142000 [V:onnxruntime:, session_state.cc:1385 VerifyEachNodeIsAssignedToAnEp]   RotaryEmbedding (/model/layers.7/attn/q_rotary/RotaryEmbedding) ccca253e-f5b6-4e5a-bdc2-850e1eb718b0:92:232
2026-10-04 18:55:06.142000 [V:onnxruntime:, session_state.cc:1385 VerifyEachNodeIsAssignedToAnEp]   RotaryEmbedding (/model/layers.7/attn/k_rotary/RotaryEmbedding) ccca253e-f5b6-4e5a-bdc2-850e1eb718b0:92:232
2026-10-04 18:55:06.142000 [V:onnxruntime:, session_state.cc:1385 VerifyEachNodeIsAssignedToAnEp]   GroupQueryAttention (/model/layers.7/attn/GroupQueryAttention) ccca253e-f5b6-4e5a-bdc2-850e1eb718b0:92:232
2026-10-04 18:55:06.142000 [V:onnxruntime:, session_state.cc:1385 VerifyEachNodeIsAssignedToAnEp]   MatMulNBits (/model/layers.7/attn/o_proj/MatMul_Q4) ccca253e-f5b6-4e5a-bdc2-850e1eb718b0:92:232
2026-10-04 18:55:06.143000 [V:onnxruntime:, session_state.cc:1385 VerifyEachNodeIsAssignedToAnEp]   MatMulNBits (/model/layers.7/mlp/down_proj/MatMul_Q4) ccca253e-f5b6-4e5a-bdc2-850e1eb718b0:92:232
2026-10-04 18:55:06.143000 [V:onnxruntime:, session_state.cc:1385 VerifyEachNodeIsAssignedToAnEp]   Reshape (/model/layers.8/attn/q_norm/Reshape_1) ccca253e-f5b6-4e5a-bdc2-850e1eb718b0:92:232
2026-10-04 18:55:06.143000 [V:onnxruntime:, session_state.cc:1385 VerifyEachNodeIsAssignedToAnEp]   Reshape (/model/layers.8/attn/k_norm/Reshape_1) ccca253e-f5b6-4e5a-bdc2-850e1eb718b0:92:232
2026-10-04 18:55:06.143000 [V:onnxruntime:, session_state.cc:1385 VerifyEachNodeIsAssignedToAnEp]   SimplifiedLayerNormalization (/model/layers.8/attn/q_norm/SimplifiedLayerNormalization) ccca253e-f5b6-4e5a-bdc2-850e1eb718b0:92:232
2026-10-04 18:55:06.143000 [V:onnxruntime:, session_state.cc:1385 VerifyEachNodeIsAssignedToAnEp]   SimplifiedLayerNormalization (/model/layers.8/attn/k_norm/SimplifiedLayerNormalization) ccca253e-f5b6-4e5a-bdc2-850e1eb718b0:92:232
2026-10-04 18:55:06.144000 [V:onnxruntime:, session_state.cc:1385 VerifyEachNodeIsAssignedToAnEp]   Reshape (/model/layers.8/attn/q_norm/Reshape_2) ccca253e-f5b6-4e5a-bdc2-850e1eb718b0:92:232
2026-10-04 18:55:06.144000 [V:onnxruntime:, session_state.cc:1385 VerifyEachNodeIsAssignedToAnEp]   Reshape (/model/layers.8/attn/k_norm/Reshape_2) ccca253e-f5b6-4e5a-bdc2-850e1eb718b0:92:232
2026-10-04 18:55:06.144000 [V:onnxruntime:, session_state.cc:1385 VerifyEachNodeIsAssignedToAnEp]   RotaryEmbedding (/model/layers.8/attn/q_rotary/RotaryEmbedding) ccca253e-f5b6-4e5a-bdc2-850e1eb718b0:92:232
2026-10-04 18:55:06.144000 [V:onnxruntime:, session_state.cc:1385 VerifyEachNodeIsAssignedToAnEp]   RotaryEmbedding (/model/layers.8/attn/k_rotary/RotaryEmbedding) ccca253e-f5b6-4e5a-bdc2-850e1eb718b0:92:232
2026-10-04 18:55:06.144000 [V:onnxruntime:, session_state.cc:1385 VerifyEachNodeIsAssignedToAnEp]   GroupQueryAttention (/model/layers.8/attn/GroupQueryAttention) ccca253e-f5b6-4e5a-bdc2-850e1eb718b0:92:232
2026-10-04 18:55:06.145000 [V:onnxruntime:, session_state.cc:1385 VerifyEachNodeIsAssignedToAnEp]   MatMulNBits (/model/layers.8/attn/o_proj/MatMul_Q4) ccca253e-f5b6-4e5a-bdc2-850e1eb718b0:92:232
2026-10-04 18:55:06.145000 [V:onnxruntime:, session_state.cc:1385 VerifyEachNodeIsAssignedToAnEp]   MatMulNBits (/model/layers.8/mlp/down_proj/MatMul_Q4) ccca253e-f5b6-4e5a-bdc2-850e1eb718b0:92:232
2026-10-04 18:55:06.145000 [V:onnxruntime:, session_state.cc:1385 VerifyEachNodeIsAssignedToAnEp]   Reshape (/model/layers.9/attn/q_norm/Reshape_1) ccca253e-f5b6-4e5a-bdc2-850e1eb718b0:92:232
2026-10-04 18:55:06.145000 [V:onnxruntime:, session_state.cc:1385 VerifyEachNodeIsAssignedToAnEp]   Reshape (/model/layers.9/attn/k_norm/Reshape_1) ccca253e-f5b6-4e5a-bdc2-850e1eb718b0:92:232
2026-10-04 18:55:06.146000 [V:onnxruntime:, session_state.cc:1385 VerifyEachNodeIsAssignedToAnEp]   SimplifiedLayerNormalization (/model/layers.9/attn/q_norm/SimplifiedLayerNormalization) ccca253e-f5b6-4e5a-bdc2-850e1eb718b0:92:232
2026-10-04 18:55:06.146000 [V:onnxruntime:, session_state.cc:1385 VerifyEachNodeIsAssignedToAnEp]   SimplifiedLayerNormalization (/model/layers.9/attn/k_norm/SimplifiedLayerNormalization) ccca253e-f5b6-4e5a-bdc2-850e1eb718b0:92:232
2026-10-04 18:55:06.146000 [V:onnxruntime:, session_state.cc:1385 VerifyEachNodeIsAssignedToAnEp]   Reshape (/model/layers.9/attn/q_norm/Reshape_2) ccca253e-f5b6-4e5a-bdc2-850e1eb718b0:92:232
2026-10-04 18:55:06.146000 [V:onnxruntime:, session_state.cc:1385 VerifyEachNodeIsAssignedToAnEp]   Reshape (/model/layers.9/attn/k_norm/Reshape_2) ccca253e-f5b6-4e5a-bdc2-850e1eb718b0:92:232
2026-10-04 18:55:06.146000 [V:onnxruntime:, session_state.cc:1385 VerifyEachNodeIsAssignedToAnEp]   RotaryEmbedding (/model/layers.9/attn/q_rotary/RotaryEmbedding) ccca253e-f5b6-4e5a-bdc2-850e1eb718b0:92:232
2026-10-04 18:55:06.146000 [V:onnxruntime:, session_state.cc:1385 VerifyEachNodeIsAssignedToAnEp]   RotaryEmbedding (/model/layers.9/attn/k_rotary/RotaryEmbedding) ccca253e-f5b6-4e5a-bdc2-850e1eb718b0:92:232
2026-10-04 18:55:06.146000 [V:onnxruntime:, session_state.cc:1385 VerifyEachNodeIsAssignedToAnEp]   GroupQueryAttention (/model/layers.9/attn/GroupQueryAttention) ccca253e-f5b6-4e5a-bdc2-850e1eb718b0:92:232
2026-10-04 18:55:06.147000 [V:onnxruntime:, session_state.cc:1385 VerifyEachNodeIsAssignedToAnEp]   MatMulNBits (/model/layers.9/attn/o_proj/MatMul_Q4) ccca253e-f5b6-4e5a-bdc2-850e1eb718b0:92:232
2026-10-04 18:55:06.147000 [V:onnxruntime:, session_state.cc:1385 VerifyEachNodeIsAssignedToAnEp]   MatMulNBits (/model/layers.9/mlp/down_proj/MatMul_Q4) ccca253e-f5b6-4e5a-bdc2-850e1eb718b0:92:232
2026-10-04 18:55:06.147000 [V:onnxruntime:, session_state.cc:1385 VerifyEachNodeIsAssignedToAnEp]   Reshape (/model/layers.10/attn/q_norm/Reshape_1) ccca253e-f5b6-4e5a-bdc2-850e1eb718b0:92:232
2026-10-04 18:55:06.147000 [V:onnxruntime:, session_state.cc:1385 VerifyEachNodeIsAssignedToAnEp]   Reshape (/model/layers.10/attn/k_norm/Reshape_1) ccca253e-f5b6-4e5a-bdc2-850e1eb718b0:92:232
2026-10-04 18:55:06.147999 [V:onnxruntime:, session_state.cc:1385 VerifyEachNodeIsAssignedToAnEp]   SimplifiedLayerNormalization (/model/layers.10/attn/q_norm/SimplifiedLayerNormalization) ccca253e-f5b6-4e5a-bdc2-850e1eb718b0:92:232
2026-10-04 18:55:06.147999 [V:onnxruntime:, session_state.cc:1385 VerifyEachNodeIsAssignedToAnEp]   SimplifiedLayerNormalization (/model/layers.10/attn/k_norm/SimplifiedLayerNormalization) ccca253e-f5b6-4e5a-bdc2-850e1eb718b0:92:232
2026-10-04 18:55:06.147999 [V:onnxruntime:, session_state.cc:1385 VerifyEachNodeIsAssignedToAnEp]   Reshape (/model/layers.10/attn/q_norm/Reshape_2) ccca253e-f5b6-4e5a-bdc2-850e1eb718b0:92:232
2026-10-04 18:55:06.147999 [V:onnxruntime:, session_state.cc:1385 VerifyEachNodeIsAssignedToAnEp]   Reshape (/model/layers.10/attn/k_norm/Reshape_2) ccca253e-f5b6-4e5a-bdc2-850e1eb718b0:92:232
2026-10-04 18:55:06.149000 [V:onnxruntime:, session_state.cc:1385 VerifyEachNodeIsAssignedToAnEp]   RotaryEmbedding (/model/layers.10/attn/q_rotary/RotaryEmbedding) ccca253e-f5b6-4e5a-bdc2-850e1eb718b0:92:232
2026-10-04 18:55:06.149000 [V:onnxruntime:, session_state.cc:1385 VerifyEachNodeIsAssignedToAnEp]   RotaryEmbedding (/model/layers.10/attn/k_rotary/RotaryEmbedding) ccca253e-f5b6-4e5a-bdc2-850e1eb718b0:92:232
2026-10-04 18:55:06.149000 [V:onnxruntime:, session_state.cc:1385 VerifyEachNodeIsAssignedToAnEp]   GroupQueryAttention (/model/layers.10/attn/GroupQueryAttention) ccca253e-f5b6-4e5a-bdc2-850e1eb718b0:92:232
2026-10-04 18:55:06.149000 [V:onnxruntime:, session_state.cc:1385 VerifyEachNodeIsAssignedToAnEp]   MatMulNBits (/model/layers.10/attn/o_proj/MatMul_Q4) ccca253e-f5b6-4e5a-bdc2-850e1eb718b0:92:232
2026-10-04 18:55:06.150000 [V:onnxruntime:, session_state.cc:1385 VerifyEachNodeIsAssignedToAnEp]   MatMulNBits (/model/layers.10/mlp/down_proj/MatMul_Q4) ccca253e-f5b6-4e5a-bdc2-850e1eb718b0:92:232
2026-10-04 18:55:06.150000 [V:onnxruntime:, session_state.cc:1385 VerifyEachNodeIsAssignedToAnEp]   Reshape (/model/layers.11/attn/q_norm/Reshape_1) ccca253e-f5b6-4e5a-bdc2-850e1eb718b0:92:232
2026-10-04 18:55:06.150000 [V:onnxruntime:, session_state.cc:1385 VerifyEachNodeIsAssignedToAnEp]   Reshape (/model/layers.11/attn/k_norm/Reshape_1) ccca253e-f5b6-4e5a-bdc2-850e1eb718b0:92:232
2026-10-04 18:55:06.150000 [V:onnxruntime:, session_state.cc:1385 VerifyEachNodeIsAssignedToAnEp]   SimplifiedLayerNormalization (/model/layers.11/attn/q_norm/SimplifiedLayerNormalization) ccca253e-f5b6-4e5a-bdc2-850e1eb718b0:92:232
2026-10-04 18:55:06.151000 [V:onnxruntime:, session_state.cc:1385 VerifyEachNodeIsAssignedToAnEp]   SimplifiedLayerNormalization (/model/layers.11/attn/k_norm/SimplifiedLayerNormalization) ccca253e-f5b6-4e5a-bdc2-850e1eb718b0:92:232
2026-10-04 18:55:06.158000 [V:onnxruntime:, session_state.cc:1385 VerifyEachNodeIsAssignedToAnEp]   Reshape (/model/layers.11/attn/q_norm/Reshape_2) ccca253e-f5b6-4e5a-bdc2-850e1eb718b0:92:232
2026-10-04 18:55:06.158000 [V:onnxruntime:, session_state.cc:1385 VerifyEachNodeIsAssignedToAnEp]   Reshape (/model/layers.11/attn/k_norm/Reshape_2) ccca253e-f5b6-4e5a-bdc2-850e1eb718b0:92:232
2026-10-04 18:55:06.158000 [V:onnxruntime:, session_state.cc:1385 VerifyEachNodeIsAssignedToAnEp]   RotaryEmbedding (/model/layers.11/attn/q_rotary/RotaryEmbedding) ccca253e-f5b6-4e5a-bdc2-850e1eb718b0:92:232
2026-10-04 18:55:06.159000 [V:onnxruntime:, session_state.cc:1385 VerifyEachNodeIsAssignedToAnEp]   RotaryEmbedding (/model/layers.11/attn/k_rotary/RotaryEmbedding) ccca253e-f5b6-4e5a-bdc2-850e1eb718b0:92:232
2026-10-04 18:55:06.159000 [V:onnxruntime:, session_state.cc:1385 VerifyEachNodeIsAssignedToAnEp]   GroupQueryAttention (/model/layers.11/attn/GroupQueryAttention) ccca253e-f5b6-4e5a-bdc2-850e1eb718b0:92:232
2026-10-04 18:55:06.159000 [V:onnxruntime:, session_state.cc:1385 VerifyEachNodeIsAssignedToAnEp]   MatMulNBits (/model/layers.11/attn/o_proj/MatMul_Q4) ccca253e-f5b6-4e5a-bdc2-850e1eb718b0:92:232
2026-10-04 18:55:06.159000 [V:onnxruntime:, session_state.cc:1385 VerifyEachNodeIsAssignedToAnEp]   MatMulNBits (/model/layers.11/mlp/down_proj/MatMul_Q4) ccca253e-f5b6-4e5a-bdc2-850e1eb718b0:92:232
2026-10-04 18:55:06.160000 [V:onnxruntime:, session_state.cc:1385 VerifyEachNodeIsAssignedToAnEp]   Reshape (/model/layers.12/attn/q_norm/Reshape_1) ccca253e-f5b6-4e5a-bdc2-850e1eb718b0:92:232
2026-10-04 18:55:06.160000 [V:onnxruntime:, session_state.cc:1385 VerifyEachNodeIsAssignedToAnEp]   Reshape (/model/layers.12/attn/k_norm/Reshape_1) ccca253e-f5b6-4e5a-bdc2-850e1eb718b0:92:232
2026-10-04 18:55:06.160000 [V:onnxruntime:, session_state.cc:1385 VerifyEachNodeIsAssignedToAnEp]   SimplifiedLayerNormalization (/model/layers.12/attn/q_norm/SimplifiedLayerNormalization) ccca253e-f5b6-4e5a-bdc2-850e1eb718b0:92:232
2026-10-04 18:55:06.160000 [V:onnxruntime:, session_state.cc:1385 VerifyEachNodeIsAssignedToAnEp]   SimplifiedLayerNormalization (/model/layers.12/attn/k_norm/SimplifiedLayerNormalization) ccca253e-f5b6-4e5a-bdc2-850e1eb718b0:92:232
2026-10-04 18:55:06.160000 [V:onnxruntime:, session_state.cc:1385 VerifyEachNodeIsAssignedToAnEp]   Reshape (/model/layers.12/attn/q_norm/Reshape_2) ccca253e-f5b6-4e5a-bdc2-850e1eb718b0:92:232
2026-10-04 18:55:06.161000 [V:onnxruntime:, session_state.cc:1385 VerifyEachNodeIsAssignedToAnEp]   Reshape (/model/layers.12/attn/k_norm/Reshape_2) ccca253e-f5b6-4e5a-bdc2-850e1eb718b0:92:232
2026-10-04 18:55:06.161000 [V:onnxruntime:, session_state.cc:1385 VerifyEachNodeIsAssignedToAnEp]   RotaryEmbedding (/model/layers.12/attn/q_rotary/RotaryEmbedding) ccca253e-f5b6-4e5a-bdc2-850e1eb718b0:92:232
2026-10-04 18:55:06.161000 [V:onnxruntime:, session_state.cc:1385 VerifyEachNodeIsAssignedToAnEp]   RotaryEmbedding (/model/layers.12/attn/k_rotary/RotaryEmbedding) ccca253e-f5b6-4e5a-bdc2-850e1eb718b0:92:232
2026-10-04 18:55:06.161000 [V:onnxruntime:, session_state.cc:1385 VerifyEachNodeIsAssignedToAnEp]   GroupQueryAttention (/model/layers.12/attn/GroupQueryAttention) ccca253e-f5b6-4e5a-bdc2-850e1eb718b0:92:232
2026-10-04 18:55:06.161000 [V:onnxruntime:, session_state.cc:1385 VerifyEachNodeIsAssignedToAnEp]   MatMulNBits (/model/layers.12/attn/o_proj/MatMul_Q4) ccca253e-f5b6-4e5a-bdc2-850e1eb718b0:92:232
2026-10-04 18:55:06.162000 [V:onnxruntime:, session_state.cc:1385 VerifyEachNodeIsAssignedToAnEp]   MatMulNBits (/model/layers.12/mlp/down_proj/MatMul_Q4) ccca253e-f5b6-4e5a-bdc2-850e1eb718b0:92:232
2026-10-04 18:55:06.162000 [V:onnxruntime:, session_state.cc:1385 VerifyEachNodeIsAssignedToAnEp]   Reshape (/model/layers.13/attn/q_norm/Reshape_1) ccca253e-f5b6-4e5a-bdc2-850e1eb718b0:92:232
2026-10-04 18:55:06.162000 [V:onnxruntime:, session_state.cc:1385 VerifyEachNodeIsAssignedToAnEp]   Reshape (/model/layers.13/attn/k_norm/Reshape_1) ccca253e-f5b6-4e5a-bdc2-850e1eb718b0:92:232
2026-10-04 18:55:06.162000 [V:onnxruntime:, session_state.cc:1385 VerifyEachNodeIsAssignedToAnEp]   SimplifiedLayerNormalization (/model/layers.13/attn/q_norm/SimplifiedLayerNormalization) ccca253e-f5b6-4e5a-bdc2-850e1eb718b0:92:232
2026-10-04 18:55:06.162000 [V:onnxruntime:, session_state.cc:1385 VerifyEachNodeIsAssignedToAnEp]   SimplifiedLayerNormalization (/model/layers.13/attn/k_norm/SimplifiedLayerNormalization) ccca253e-f5b6-4e5a-bdc2-850e1eb718b0:92:232
2026-10-04 18:55:06.162000 [V:onnxruntime:, session_state.cc:1385 VerifyEachNodeIsAssignedToAnEp]   Reshape (/model/layers.13/attn/q_norm/Reshape_2) ccca253e-f5b6-4e5a-bdc2-850e1eb718b0:92:232
2026-10-04 18:55:06.163000 [V:onnxruntime:, session_state.cc:1385 VerifyEachNodeIsAssignedToAnEp]   Reshape (/model/layers.13/attn/k_norm/Reshape_2) ccca253e-f5b6-4e5a-bdc2-850e1eb718b0:92:232
2026-10-04 18:55:06.163000 [V:onnxruntime:, session_state.cc:1385 VerifyEachNodeIsAssignedToAnEp]   RotaryEmbedding (/model/layers.13/attn/q_rotary/RotaryEmbedding) ccca253e-f5b6-4e5a-bdc2-850e1eb718b0:92:232
2026-10-04 18:55:06.163000 [V:onnxruntime:, session_state.cc:1385 VerifyEachNodeIsAssignedToAnEp]   RotaryEmbedding (/model/layers.13/attn/k_rotary/RotaryEmbedding) ccca253e-f5b6-4e5a-bdc2-850e1eb718b0:92:232
2026-10-04 18:55:06.163000 [V:onnxruntime:, session_state.cc:1385 VerifyEachNodeIsAssignedToAnEp]   GroupQueryAttention (/model/layers.13/attn/GroupQueryAttention) ccca253e-f5b6-4e5a-bdc2-850e1eb718b0:92:232
2026-10-04 18:55:06.163999 [V:onnxruntime:, session_state.cc:1385 VerifyEachNodeIsAssignedToAnEp]   MatMulNBits (/model/layers.13/attn/o_proj/MatMul_Q4) ccca253e-f5b6-4e5a-bdc2-850e1eb718b0:92:232
2026-10-04 18:55:06.163999 [V:onnxruntime:, session_state.cc:1385 VerifyEachNodeIsAssignedToAnEp]   MatMulNBits (/model/layers.13/mlp/down_proj/MatMul_Q4) ccca253e-f5b6-4e5a-bdc2-850e1eb718b0:92:232
2026-10-04 18:55:06.163999 [V:onnxruntime:, session_state.cc:1385 VerifyEachNodeIsAssignedToAnEp]   Reshape (/model/layers.14/attn/q_norm/Reshape_1) ccca253e-f5b6-4e5a-bdc2-850e1eb718b0:92:232
2026-10-04 18:55:06.163999 [V:onnxruntime:, session_state.cc:1385 VerifyEachNodeIsAssignedToAnEp]   Reshape (/model/layers.14/attn/k_norm/Reshape_1) ccca253e-f5b6-4e5a-bdc2-850e1eb718b0:92:232
2026-10-04 18:55:06.163999 [V:onnxruntime:, session_state.cc:1385 VerifyEachNodeIsAssignedToAnEp]   SimplifiedLayerNormalization (/model/layers.14/attn/q_norm/SimplifiedLayerNormalization) ccca253e-f5b6-4e5a-bdc2-850e1eb718b0:92:232
2026-10-04 18:55:06.165000 [V:onnxruntime:, session_state.cc:1385 VerifyEachNodeIsAssignedToAnEp]   SimplifiedLayerNormalization (/model/layers.14/attn/k_norm/SimplifiedLayerNormalization) ccca253e-f5b6-4e5a-bdc2-850e1eb718b0:92:232
2026-10-04 18:55:06.165000 [V:onnxruntime:, session_state.cc:1385 VerifyEachNodeIsAssignedToAnEp]   Reshape (/model/layers.14/attn/q_norm/Reshape_2) ccca253e-f5b6-4e5a-bdc2-850e1eb718b0:92:232
2026-10-04 18:55:06.165000 [V:onnxruntime:, session_state.cc:1385 VerifyEachNodeIsAssignedToAnEp]   Reshape (/model/layers.14/attn/k_norm/Reshape_2) ccca253e-f5b6-4e5a-bdc2-850e1eb718b0:92:232
2026-10-04 18:55:06.165000 [V:onnxruntime:, session_state.cc:1385 VerifyEachNodeIsAssignedToAnEp]   RotaryEmbedding (/model/layers.14/attn/q_rotary/RotaryEmbedding) ccca253e-f5b6-4e5a-bdc2-850e1eb718b0:92:232
2026-10-04 18:55:06.165000 [V:onnxruntime:, session_state.cc:1385 VerifyEachNodeIsAssignedToAnEp]   RotaryEmbedding (/model/layers.14/attn/k_rotary/RotaryEmbedding) ccca253e-f5b6-4e5a-bdc2-850e1eb718b0:92:232
2026-10-04 18:55:06.166000 [V:onnxruntime:, session_state.cc:1385 VerifyEachNodeIsAssignedToAnEp]   GroupQueryAttention (/model/layers.14/attn/GroupQueryAttention) ccca253e-f5b6-4e5a-bdc2-850e1eb718b0:92:232
2026-10-04 18:55:06.166000 [V:onnxruntime:, session_state.cc:1385 VerifyEachNodeIsAssignedToAnEp]   MatMulNBits (/model/layers.14/attn/o_proj/MatMul_Q4) ccca253e-f5b6-4e5a-bdc2-850e1eb718b0:92:232
2026-10-04 18:55:06.166000 [V:onnxruntime:, session_state.cc:1385 VerifyEachNodeIsAssignedToAnEp]   MatMulNBits (/model/layers.14/mlp/down_proj/MatMul_Q4) ccca253e-f5b6-4e5a-bdc2-850e1eb718b0:92:232
2026-10-04 18:55:06.166000 [V:onnxruntime:, session_state.cc:1385 VerifyEachNodeIsAssignedToAnEp]   Reshape (/model/layers.15/attn/q_norm/Reshape_1) ccca253e-f5b6-4e5a-bdc2-850e1eb718b0:92:232
2026-10-04 18:55:06.167000 [V:onnxruntime:, session_state.cc:1385 VerifyEachNodeIsAssignedToAnEp]   Reshape (/model/layers.15/attn/k_norm/Reshape_1) ccca253e-f5b6-4e5a-bdc2-850e1eb718b0:92:232
2026-10-04 18:55:06.167000 [V:onnxruntime:, session_state.cc:1385 VerifyEachNodeIsAssignedToAnEp]   SimplifiedLayerNormalization (/model/layers.15/attn/q_norm/SimplifiedLayerNormalization) ccca253e-f5b6-4e5a-bdc2-850e1eb718b0:92:232
2026-10-04 18:55:06.167000 [V:onnxruntime:, session_state.cc:1385 VerifyEachNodeIsAssignedToAnEp]   SimplifiedLayerNormalization (/model/layers.15/attn/k_norm/SimplifiedLayerNormalization) ccca253e-f5b6-4e5a-bdc2-850e1eb718b0:92:232
2026-10-04 18:55:06.167000 [V:onnxruntime:, session_state.cc:1385 VerifyEachNodeIsAssignedToAnEp]   Reshape (/model/layers.15/attn/q_norm/Reshape_2) ccca253e-f5b6-4e5a-bdc2-850e1eb718b0:92:232
2026-10-04 18:55:06.168000 [V:onnxruntime:, session_state.cc:1385 VerifyEachNodeIsAssignedToAnEp]   Reshape (/model/layers.15/attn/k_norm/Reshape_2) ccca253e-f5b6-4e5a-bdc2-850e1eb718b0:92:232
2026-10-04 18:55:06.168000 [V:onnxruntime:, session_state.cc:1385 VerifyEachNodeIsAssignedToAnEp]   RotaryEmbedding (/model/layers.15/attn/q_rotary/RotaryEmbedding) ccca253e-f5b6-4e5a-bdc2-850e1eb718b0:92:232
2026-10-04 18:55:06.168000 [V:onnxruntime:, session_state.cc:1385 VerifyEachNodeIsAssignedToAnEp]   RotaryEmbedding (/model/layers.15/attn/k_rotary/RotaryEmbedding) ccca253e-f5b6-4e5a-bdc2-850e1eb718b0:92:232
2026-10-04 18:55:06.168000 [V:onnxruntime:, session_state.cc:1385 VerifyEachNodeIsAssignedToAnEp]   GroupQueryAttention (/model/layers.15/attn/GroupQueryAttention) ccca253e-f5b6-4e5a-bdc2-850e1eb718b0:92:232
2026-10-04 18:55:06.168000 [V:onnxruntime:, session_state.cc:1385 VerifyEachNodeIsAssignedToAnEp]   MatMulNBits (/model/layers.15/attn/o_proj/MatMul_Q4) ccca253e-f5b6-4e5a-bdc2-850e1eb718b0:92:232
2026-10-04 18:55:06.169000 [V:onnxruntime:, session_state.cc:1385 VerifyEachNodeIsAssignedToAnEp]   MatMulNBits (/model/layers.15/mlp/down_proj/MatMul_Q4) ccca253e-f5b6-4e5a-bdc2-850e1eb718b0:92:232
2026-10-04 18:55:06.169000 [V:onnxruntime:, session_state.cc:1385 VerifyEachNodeIsAssignedToAnEp]   Reshape (/model/layers.16/attn/q_norm/Reshape_1) ccca253e-f5b6-4e5a-bdc2-850e1eb718b0:92:232
2026-10-04 18:55:06.169000 [V:onnxruntime:, session_state.cc:1385 VerifyEachNodeIsAssignedToAnEp]   Reshape (/model/layers.16/attn/k_norm/Reshape_1) ccca253e-f5b6-4e5a-bdc2-850e1eb718b0:92:232
2026-10-04 18:55:06.169000 [V:onnxruntime:, session_state.cc:1385 VerifyEachNodeIsAssignedToAnEp]   SimplifiedLayerNormalization (/model/layers.16/attn/q_norm/SimplifiedLayerNormalization) ccca253e-f5b6-4e5a-bdc2-850e1eb718b0:92:232
2026-10-04 18:55:06.170000 [V:onnxruntime:, session_state.cc:1385 VerifyEachNodeIsAssignedToAnEp]   SimplifiedLayerNormalization (/model/layers.16/attn/k_norm/SimplifiedLayerNormalization) ccca253e-f5b6-4e5a-bdc2-850e1eb718b0:92:232
2026-10-04 18:55:06.170000 [V:onnxruntime:, session_state.cc:1385 VerifyEachNodeIsAssignedToAnEp]   Reshape (/model/layers.16/attn/q_norm/Reshape_2) ccca253e-f5b6-4e5a-bdc2-850e1eb718b0:92:232
2026-10-04 18:55:06.170000 [V:onnxruntime:, session_state.cc:1385 VerifyEachNodeIsAssignedToAnEp]   Reshape (/model/layers.16/attn/k_norm/Reshape_2) ccca253e-f5b6-4e5a-bdc2-850e1eb718b0:92:232
2026-10-04 18:55:06.170000 [V:onnxruntime:, session_state.cc:1385 VerifyEachNodeIsAssignedToAnEp]   RotaryEmbedding (/model/layers.16/attn/q_rotary/RotaryEmbedding) ccca253e-f5b6-4e5a-bdc2-850e1eb718b0:92:232
2026-10-04 18:55:06.170000 [V:onnxruntime:, session_state.cc:1385 VerifyEachNodeIsAssignedToAnEp]   RotaryEmbedding (/model/layers.16/attn/k_rotary/RotaryEmbedding) ccca253e-f5b6-4e5a-bdc2-850e1eb718b0:92:232
2026-10-04 18:55:06.170000 [V:onnxruntime:, session_state.cc:1385 VerifyEachNodeIsAssignedToAnEp]   GroupQueryAttention (/model/layers.16/attn/GroupQueryAttention) ccca253e-f5b6-4e5a-bdc2-850e1eb718b0:92:232
2026-10-04 18:55:06.171000 [V:onnxruntime:, session_state.cc:1385 VerifyEachNodeIsAssignedToAnEp]   MatMulNBits (/model/layers.16/attn/o_proj/MatMul_Q4) ccca253e-f5b6-4e5a-bdc2-850e1eb718b0:92:232
2026-10-04 18:55:06.171000 [V:onnxruntime:, session_state.cc:1385 VerifyEachNodeIsAssignedToAnEp]   MatMulNBits (/model/layers.16/mlp/down_proj/MatMul_Q4) ccca253e-f5b6-4e5a-bdc2-850e1eb718b0:92:232
2026-10-04 18:55:06.171000 [V:onnxruntime:, session_state.cc:1385 VerifyEachNodeIsAssignedToAnEp]   Reshape (/model/layers.17/attn/q_norm/Reshape_1) ccca253e-f5b6-4e5a-bdc2-850e1eb718b0:92:232
2026-10-04 18:55:06.171000 [V:onnxruntime:, session_state.cc:1385 VerifyEachNodeIsAssignedToAnEp]   Reshape (/model/layers.17/attn/k_norm/Reshape_1) ccca253e-f5b6-4e5a-bdc2-850e1eb718b0:92:232
2026-10-04 18:55:06.171999 [V:onnxruntime:, session_state.cc:1385 VerifyEachNodeIsAssignedToAnEp]   SimplifiedLayerNormalization (/model/layers.17/attn/q_norm/SimplifiedLayerNormalization) ccca253e-f5b6-4e5a-bdc2-850e1eb718b0:92:232
2026-10-04 18:55:06.171999 [V:onnxruntime:, session_state.cc:1385 VerifyEachNodeIsAssignedToAnEp]   SimplifiedLayerNormalization (/model/layers.17/attn/k_norm/SimplifiedLayerNormalization) ccca253e-f5b6-4e5a-bdc2-850e1eb718b0:92:232
2026-10-04 18:55:06.171999 [V:onnxruntime:, session_state.cc:1385 VerifyEachNodeIsAssignedToAnEp]   Reshape (/model/layers.17/attn/q_norm/Reshape_2) ccca253e-f5b6-4e5a-bdc2-850e1eb718b0:92:232
2026-10-04 18:55:06.171999 [V:onnxruntime:, session_state.cc:1385 VerifyEachNodeIsAssignedToAnEp]   Reshape (/model/layers.17/attn/k_norm/Reshape_2) ccca253e-f5b6-4e5a-bdc2-850e1eb718b0:92:232
2026-10-04 18:55:06.173000 [V:onnxruntime:, session_state.cc:1385 VerifyEachNodeIsAssignedToAnEp]   RotaryEmbedding (/model/layers.17/attn/q_rotary/RotaryEmbedding) ccca253e-f5b6-4e5a-bdc2-850e1eb718b0:92:232
2026-10-04 18:55:06.173000 [V:onnxruntime:, session_state.cc:1385 VerifyEachNodeIsAssignedToAnEp]   RotaryEmbedding (/model/layers.17/attn/k_rotary/RotaryEmbedding) ccca253e-f5b6-4e5a-bdc2-850e1eb718b0:92:232
2026-10-04 18:55:06.173000 [V:onnxruntime:, session_state.cc:1385 VerifyEachNodeIsAssignedToAnEp]   GroupQueryAttention (/model/layers.17/attn/GroupQueryAttention) ccca253e-f5b6-4e5a-bdc2-850e1eb718b0:92:232
2026-10-04 18:55:06.173000 [V:onnxruntime:, session_state.cc:1385 VerifyEachNodeIsAssignedToAnEp]   MatMulNBits (/model/layers.17/attn/o_proj/MatMul_Q4) ccca253e-f5b6-4e5a-bdc2-850e1eb718b0:92:232
2026-10-04 18:55:06.173000 [V:onnxruntime:, session_state.cc:1385 VerifyEachNodeIsAssignedToAnEp]   MatMulNBits (/model/layers.17/mlp/down_proj/MatMul_Q4) ccca253e-f5b6-4e5a-bdc2-850e1eb718b0:92:232
2026-10-04 18:55:06.174000 [V:onnxruntime:, session_state.cc:1385 VerifyEachNodeIsAssignedToAnEp]   Reshape (/model/layers.18/attn/q_norm/Reshape_1) ccca253e-f5b6-4e5a-bdc2-850e1eb718b0:92:232
2026-10-04 18:55:06.174000 [V:onnxruntime:, session_state.cc:1385 VerifyEachNodeIsAssignedToAnEp]   Reshape (/model/layers.18/attn/k_norm/Reshape_1) ccca253e-f5b6-4e5a-bdc2-850e1eb718b0:92:232
2026-10-04 18:55:06.174000 [V:onnxruntime:, session_state.cc:1385 VerifyEachNodeIsAssignedToAnEp]   SimplifiedLayerNormalization (/model/layers.18/attn/q_norm/SimplifiedLayerNormalization) ccca253e-f5b6-4e5a-bdc2-850e1eb718b0:92:232
2026-10-04 18:55:06.174000 [V:onnxruntime:, session_state.cc:1385 VerifyEachNodeIsAssignedToAnEp]   SimplifiedLayerNormalization (/model/layers.18/attn/k_norm/SimplifiedLayerNormalization) ccca253e-f5b6-4e5a-bdc2-850e1eb718b0:92:232
2026-10-04 18:55:06.175000 [V:onnxruntime:, session_state.cc:1385 VerifyEachNodeIsAssignedToAnEp]   Reshape (/model/layers.18/attn/q_norm/Reshape_2) ccca253e-f5b6-4e5a-bdc2-850e1eb718b0:92:232
2026-10-04 18:55:06.175000 [V:onnxruntime:, session_state.cc:1385 VerifyEachNodeIsAssignedToAnEp]   Reshape (/model/layers.18/attn/k_norm/Reshape_2) ccca253e-f5b6-4e5a-bdc2-850e1eb718b0:92:232
2026-10-04 18:55:06.175000 [V:onnxruntime:, session_state.cc:1385 VerifyEachNodeIsAssignedToAnEp]   RotaryEmbedding (/model/layers.18/attn/q_rotary/RotaryEmbedding) ccca253e-f5b6-4e5a-bdc2-850e1eb718b0:92:232
2026-10-04 18:55:06.175000 [V:onnxruntime:, session_state.cc:1385 VerifyEachNodeIsAssignedToAnEp]   RotaryEmbedding (/model/layers.18/attn/k_rotary/RotaryEmbedding) ccca253e-f5b6-4e5a-bdc2-850e1eb718b0:92:232
2026-10-04 18:55:06.176000 [V:onnxruntime:, session_state.cc:1385 VerifyEachNodeIsAssignedToAnEp]   GroupQueryAttention (/model/layers.18/attn/GroupQueryAttention) ccca253e-f5b6-4e5a-bdc2-850e1eb718b0:92:232
2026-10-04 18:55:06.176000 [V:onnxruntime:, session_state.cc:1385 VerifyEachNodeIsAssignedToAnEp]   MatMulNBits (/model/layers.18/attn/o_proj/MatMul_Q4) ccca253e-f5b6-4e5a-bdc2-850e1eb718b0:92:232
2026-10-04 18:55:06.176000 [V:onnxruntime:, session_state.cc:1385 VerifyEachNodeIsAssignedToAnEp]   MatMulNBits (/model/layers.18/mlp/down_proj/MatMul_Q4) ccca253e-f5b6-4e5a-bdc2-850e1eb718b0:92:232
2026-10-04 18:55:06.176000 [V:onnxruntime:, session_state.cc:1385 VerifyEachNodeIsAssignedToAnEp]   Reshape (/model/layers.19/attn/q_norm/Reshape_1) ccca253e-f5b6-4e5a-bdc2-850e1eb718b0:92:232
2026-10-04 18:55:06.177000 [V:onnxruntime:, session_state.cc:1385 VerifyEachNodeIsAssignedToAnEp]   Reshape (/model/layers.19/attn/k_norm/Reshape_1) ccca253e-f5b6-4e5a-bdc2-850e1eb718b0:92:232
2026-10-04 18:55:06.177000 [V:onnxruntime:, session_state.cc:1385 VerifyEachNodeIsAssignedToAnEp]   SimplifiedLayerNormalization (/model/layers.19/attn/q_norm/SimplifiedLayerNormalization) ccca253e-f5b6-4e5a-bdc2-850e1eb718b0:92:232
2026-10-04 18:55:06.177000 [V:onnxruntime:, session_state.cc:1385 VerifyEachNodeIsAssignedToAnEp]   SimplifiedLayerNormalization (/model/layers.19/attn/k_norm/SimplifiedLayerNormalization) ccca253e-f5b6-4e5a-bdc2-850e1eb718b0:92:232
2026-10-04 18:55:06.177000 [V:onnxruntime:, session_state.cc:1385 VerifyEachNodeIsAssignedToAnEp]   Reshape (/model/layers.19/attn/q_norm/Reshape_2) ccca253e-f5b6-4e5a-bdc2-850e1eb718b0:92:232
2026-10-04 18:55:06.178000 [V:onnxruntime:, session_state.cc:1385 VerifyEachNodeIsAssignedToAnEp]   Reshape (/model/layers.19/attn/k_norm/Reshape_2) ccca253e-f5b6-4e5a-bdc2-850e1eb718b0:92:232
2026-10-04 18:55:06.178000 [V:onnxruntime:, session_state.cc:1385 VerifyEachNodeIsAssignedToAnEp]   RotaryEmbedding (/model/layers.19/attn/q_rotary/RotaryEmbedding) ccca253e-f5b6-4e5a-bdc2-850e1eb718b0:92:232
2026-10-04 18:55:06.178000 [V:onnxruntime:, session_state.cc:1385 VerifyEachNodeIsAssignedToAnEp]   RotaryEmbedding (/model/layers.19/attn/k_rotary/RotaryEmbedding) ccca253e-f5b6-4e5a-bdc2-850e1eb718b0:92:232
2026-10-04 18:55:06.178000 [V:onnxruntime:, session_state.cc:1385 VerifyEachNodeIsAssignedToAnEp]   GroupQueryAttention (/model/layers.19/attn/GroupQueryAttention) ccca253e-f5b6-4e5a-bdc2-850e1eb718b0:92:232
2026-10-04 18:55:06.178000 [V:onnxruntime:, session_state.cc:1385 VerifyEachNodeIsAssignedToAnEp]   MatMulNBits (/model/layers.19/attn/o_proj/MatMul_Q4) ccca253e-f5b6-4e5a-bdc2-850e1eb718b0:92:232
2026-10-04 18:55:06.178000 [V:onnxruntime:, session_state.cc:1385 VerifyEachNodeIsAssignedToAnEp]   MatMulNBits (/model/layers.19/mlp/down_proj/MatMul_Q4) ccca253e-f5b6-4e5a-bdc2-850e1eb718b0:92:232
2026-10-04 18:55:06.179000 [V:onnxruntime:, session_state.cc:1385 VerifyEachNodeIsAssignedToAnEp]   Reshape (/model/layers.20/attn/q_norm/Reshape_1) ccca253e-f5b6-4e5a-bdc2-850e1eb718b0:92:232
2026-10-04 18:55:06.179000 [V:onnxruntime:, session_state.cc:1385 VerifyEachNodeIsAssignedToAnEp]   Reshape (/model/layers.20/attn/k_norm/Reshape_1) ccca253e-f5b6-4e5a-bdc2-850e1eb718b0:92:232
2026-10-04 18:55:06.179000 [V:onnxruntime:, session_state.cc:1385 VerifyEachNodeIsAssignedToAnEp]   SimplifiedLayerNormalization (/model/layers.20/attn/q_norm/SimplifiedLayerNormalization) ccca253e-f5b6-4e5a-bdc2-850e1eb718b0:92:232
2026-10-04 18:55:06.179000 [V:onnxruntime:, session_state.cc:1385 VerifyEachNodeIsAssignedToAnEp]   SimplifiedLayerNormalization (/model/layers.20/attn/k_norm/SimplifiedLayerNormalization) ccca253e-f5b6-4e5a-bdc2-850e1eb718b0:92:232
2026-10-04 18:55:06.179999 [V:onnxruntime:, session_state.cc:1385 VerifyEachNodeIsAssignedToAnEp]   Reshape (/model/layers.20/attn/q_norm/Reshape_2) ccca253e-f5b6-4e5a-bdc2-850e1eb718b0:92:232
2026-10-04 18:55:06.179999 [V:onnxruntime:, session_state.cc:1385 VerifyEachNodeIsAssignedToAnEp]   Reshape (/model/layers.20/attn/k_norm/Reshape_2) ccca253e-f5b6-4e5a-bdc2-850e1eb718b0:92:232
2026-10-04 18:55:06.179999 [V:onnxruntime:, session_state.cc:1385 VerifyEachNodeIsAssignedToAnEp]   RotaryEmbedding (/model/layers.20/attn/q_rotary/RotaryEmbedding) ccca253e-f5b6-4e5a-bdc2-850e1eb718b0:92:232
2026-10-04 18:55:06.179999 [V:onnxruntime:, session_state.cc:1385 VerifyEachNodeIsAssignedToAnEp]   RotaryEmbedding (/model/layers.20/attn/k_rotary/RotaryEmbedding) ccca253e-f5b6-4e5a-bdc2-850e1eb718b0:92:232
2026-10-04 18:55:06.181000 [V:onnxruntime:, session_state.cc:1385 VerifyEachNodeIsAssignedToAnEp]   GroupQueryAttention (/model/layers.20/attn/GroupQueryAttention) ccca253e-f5b6-4e5a-bdc2-850e1eb718b0:92:232
2026-10-04 18:55:06.181000 [V:onnxruntime:, session_state.cc:1385 VerifyEachNodeIsAssignedToAnEp]   MatMulNBits (/model/layers.20/attn/o_proj/MatMul_Q4) ccca253e-f5b6-4e5a-bdc2-850e1eb718b0:92:232
2026-10-04 18:55:06.181000 [V:onnxruntime:, session_state.cc:1385 VerifyEachNodeIsAssignedToAnEp]   MatMulNBits (/model/layers.20/mlp/down_proj/MatMul_Q4) ccca253e-f5b6-4e5a-bdc2-850e1eb718b0:92:232
2026-10-04 18:55:06.181000 [V:onnxruntime:, session_state.cc:1385 VerifyEachNodeIsAssignedToAnEp]   Reshape (/model/layers.21/attn/q_norm/Reshape_1) ccca253e-f5b6-4e5a-bdc2-850e1eb718b0:92:232
2026-10-04 18:55:06.181000 [V:onnxruntime:, session_state.cc:1385 VerifyEachNodeIsAssignedToAnEp]   Reshape (/model/layers.21/attn/k_norm/Reshape_1) ccca253e-f5b6-4e5a-bdc2-850e1eb718b0:92:232
2026-10-04 18:55:06.182000 [V:onnxruntime:, session_state.cc:1385 VerifyEachNodeIsAssignedToAnEp]   SimplifiedLayerNormalization (/model/layers.21/attn/q_norm/SimplifiedLayerNormalization) ccca253e-f5b6-4e5a-bdc2-850e1eb718b0:92:232
2026-10-04 18:55:06.182000 [V:onnxruntime:, session_state.cc:1385 VerifyEachNodeIsAssignedToAnEp]   SimplifiedLayerNormalization (/model/layers.21/attn/k_norm/SimplifiedLayerNormalization) ccca253e-f5b6-4e5a-bdc2-850e1eb718b0:92:232
2026-10-04 18:55:06.182000 [V:onnxruntime:, session_state.cc:1385 VerifyEachNodeIsAssignedToAnEp]   Reshape (/model/layers.21/attn/q_norm/Reshape_2) ccca253e-f5b6-4e5a-bdc2-850e1eb718b0:92:232
2026-10-04 18:55:06.182000 [V:onnxruntime:, session_state.cc:1385 VerifyEachNodeIsAssignedToAnEp]   Reshape (/model/layers.21/attn/k_norm/Reshape_2) ccca253e-f5b6-4e5a-bdc2-850e1eb718b0:92:232
2026-10-04 18:55:06.182000 [V:onnxruntime:, session_state.cc:1385 VerifyEachNodeIsAssignedToAnEp]   RotaryEmbedding (/model/layers.21/attn/q_rotary/RotaryEmbedding) ccca253e-f5b6-4e5a-bdc2-850e1eb718b0:92:232
2026-10-04 18:55:06.183000 [V:onnxruntime:, session_state.cc:1385 VerifyEachNodeIsAssignedToAnEp]   RotaryEmbedding (/model/layers.21/attn/k_rotary/RotaryEmbedding) ccca253e-f5b6-4e5a-bdc2-850e1eb718b0:92:232
2026-10-04 18:55:06.183000 [V:onnxruntime:, session_state.cc:1385 VerifyEachNodeIsAssignedToAnEp]   GroupQueryAttention (/model/layers.21/attn/GroupQueryAttention) ccca253e-f5b6-4e5a-bdc2-850e1eb718b0:92:232
2026-10-04 18:55:06.183000 [V:onnxruntime:, session_state.cc:1385 VerifyEachNodeIsAssignedToAnEp]   MatMulNBits (/model/layers.21/attn/o_proj/MatMul_Q4) ccca253e-f5b6-4e5a-bdc2-850e1eb718b0:92:232
2026-10-04 18:55:06.184000 [V:onnxruntime:, session_state.cc:1385 VerifyEachNodeIsAssignedToAnEp]   MatMulNBits (/model/layers.21/mlp/down_proj/MatMul_Q4) ccca253e-f5b6-4e5a-bdc2-850e1eb718b0:92:232
2026-10-04 18:55:06.184000 [V:onnxruntime:, session_state.cc:1385 VerifyEachNodeIsAssignedToAnEp]   Reshape (/model/layers.22/attn/q_norm/Reshape_1) ccca253e-f5b6-4e5a-bdc2-850e1eb718b0:92:232
2026-10-04 18:55:06.184000 [V:onnxruntime:, session_state.cc:1385 VerifyEachNodeIsAssignedToAnEp]   Reshape (/model/layers.22/attn/k_norm/Reshape_1) ccca253e-f5b6-4e5a-bdc2-850e1eb718b0:92:232
2026-10-04 18:55:06.185000 [V:onnxruntime:, session_state.cc:1385 VerifyEachNodeIsAssignedToAnEp]   SimplifiedLayerNormalization (/model/layers.22/attn/q_norm/SimplifiedLayerNormalization) ccca253e-f5b6-4e5a-bdc2-850e1eb718b0:92:232
2026-10-04 18:55:06.185000 [V:onnxruntime:, session_state.cc:1385 VerifyEachNodeIsAssignedToAnEp]   SimplifiedLayerNormalization (/model/layers.22/attn/k_norm/SimplifiedLayerNormalization) ccca253e-f5b6-4e5a-bdc2-850e1eb718b0:92:232
2026-10-04 18:55:06.186000 [V:onnxruntime:, session_state.cc:1385 VerifyEachNodeIsAssignedToAnEp]   Reshape (/model/layers.22/attn/q_norm/Reshape_2) ccca253e-f5b6-4e5a-bdc2-850e1eb718b0:92:232
2026-10-04 18:55:06.186000 [V:onnxruntime:, session_state.cc:1385 VerifyEachNodeIsAssignedToAnEp]   Reshape (/model/layers.22/attn/k_norm/Reshape_2) ccca253e-f5b6-4e5a-bdc2-850e1eb718b0:92:232
2026-10-04 18:55:06.186000 [V:onnxruntime:, session_state.cc:1385 VerifyEachNodeIsAssignedToAnEp]   RotaryEmbedding (/model/layers.22/attn/q_rotary/RotaryEmbedding) ccca253e-f5b6-4e5a-bdc2-850e1eb718b0:92:232
2026-10-04 18:55:06.187000 [V:onnxruntime:, session_state.cc:1385 VerifyEachNodeIsAssignedToAnEp]   RotaryEmbedding (/model/layers.22/attn/k_rotary/RotaryEmbedding) ccca253e-f5b6-4e5a-bdc2-850e1eb718b0:92:232
2026-10-04 18:55:06.187000 [V:onnxruntime:, session_state.cc:1385 VerifyEachNodeIsAssignedToAnEp]   GroupQueryAttention (/model/layers.22/attn/GroupQueryAttention) ccca253e-f5b6-4e5a-bdc2-850e1eb718b0:92:232
2026-10-04 18:55:06.187000 [V:onnxruntime:, session_state.cc:1385 VerifyEachNodeIsAssignedToAnEp]   MatMulNBits (/model/layers.22/attn/o_proj/MatMul_Q4) ccca253e-f5b6-4e5a-bdc2-850e1eb718b0:92:232
2026-10-04 18:55:06.187000 [V:onnxruntime:, session_state.cc:1385 VerifyEachNodeIsAssignedToAnEp]   MatMulNBits (/model/layers.22/mlp/down_proj/MatMul_Q4) ccca253e-f5b6-4e5a-bdc2-850e1eb718b0:92:232
2026-10-04 18:55:06.187000 [V:onnxruntime:, session_state.cc:1385 VerifyEachNodeIsAssignedToAnEp]   Reshape (/model/layers.23/attn/q_norm/Reshape_1) ccca253e-f5b6-4e5a-bdc2-850e1eb718b0:92:232
2026-10-04 18:55:06.187999 [V:onnxruntime:, session_state.cc:1385 VerifyEachNodeIsAssignedToAnEp]   Reshape (/model/layers.23/attn/k_norm/Reshape_1) ccca253e-f5b6-4e5a-bdc2-850e1eb718b0:92:232
2026-10-04 18:55:06.187999 [V:onnxruntime:, session_state.cc:1385 VerifyEachNodeIsAssignedToAnEp]   SimplifiedLayerNormalization (/model/layers.23/attn/q_norm/SimplifiedLayerNormalization) ccca253e-f5b6-4e5a-bdc2-850e1eb718b0:92:232
2026-10-04 18:55:06.189000 [V:onnxruntime:, session_state.cc:1385 VerifyEachNodeIsAssignedToAnEp]   SimplifiedLayerNormalization (/model/layers.23/attn/k_norm/SimplifiedLayerNormalization) ccca253e-f5b6-4e5a-bdc2-850e1eb718b0:92:232
2026-10-04 18:55:06.189000 [V:onnxruntime:, session_state.cc:1385 VerifyEachNodeIsAssignedToAnEp]   Reshape (/model/layers.23/attn/q_norm/Reshape_2) ccca253e-f5b6-4e5a-bdc2-850e1eb718b0:92:232
2026-10-04 18:55:06.189000 [V:onnxruntime:, session_state.cc:1385 VerifyEachNodeIsAssignedToAnEp]   Reshape (/model/layers.23/attn/k_norm/Reshape_2) ccca253e-f5b6-4e5a-bdc2-850e1eb718b0:92:232
2026-10-04 18:55:06.190000 [V:onnxruntime:, session_state.cc:1385 VerifyEachNodeIsAssignedToAnEp]   RotaryEmbedding (/model/layers.23/attn/q_rotary/RotaryEmbedding) ccca253e-f5b6-4e5a-bdc2-850e1eb718b0:92:232
2026-10-04 18:55:06.190000 [V:onnxruntime:, session_state.cc:1385 VerifyEachNodeIsAssignedToAnEp]   RotaryEmbedding (/model/layers.23/attn/k_rotary/RotaryEmbedding) ccca253e-f5b6-4e5a-bdc2-850e1eb718b0:92:232
2026-10-04 18:55:06.191000 [V:onnxruntime:, session_state.cc:1385 VerifyEachNodeIsAssignedToAnEp]   GroupQueryAttention (/model/layers.23/attn/GroupQueryAttention) ccca253e-f5b6-4e5a-bdc2-850e1eb718b0:92:232
2026-10-04 18:55:06.191000 [V:onnxruntime:, session_state.cc:1385 VerifyEachNodeIsAssignedToAnEp]   MatMulNBits (/model/layers.23/attn/o_proj/MatMul_Q4) ccca253e-f5b6-4e5a-bdc2-850e1eb718b0:92:232
2026-10-04 18:55:06.192000 [V:onnxruntime:, session_state.cc:1385 VerifyEachNodeIsAssignedToAnEp]   MatMulNBits (/model/layers.23/mlp/down_proj/MatMul_Q4) ccca253e-f5b6-4e5a-bdc2-850e1eb718b0:92:232
2026-10-04 18:55:06.192000 [V:onnxruntime:, session_state.cc:1385 VerifyEachNodeIsAssignedToAnEp]   Reshape (/model/layers.24/attn/q_norm/Reshape_1) ccca253e-f5b6-4e5a-bdc2-850e1eb718b0:92:232
2026-10-04 18:55:06.192000 [V:onnxruntime:, session_state.cc:1385 VerifyEachNodeIsAssignedToAnEp]   Reshape (/model/layers.24/attn/k_norm/Reshape_1) ccca253e-f5b6-4e5a-bdc2-850e1eb718b0:92:232
2026-10-04 18:55:06.192000 [V:onnxruntime:, session_state.cc:1385 VerifyEachNodeIsAssignedToAnEp]   SimplifiedLayerNormalization (/model/layers.24/attn/q_norm/SimplifiedLayerNormalization) ccca253e-f5b6-4e5a-bdc2-850e1eb718b0:92:232
2026-10-04 18:55:06.193000 [V:onnxruntime:, session_state.cc:1385 VerifyEachNodeIsAssignedToAnEp]   SimplifiedLayerNormalization (/model/layers.24/attn/k_norm/SimplifiedLayerNormalization) ccca253e-f5b6-4e5a-bdc2-850e1eb718b0:92:232
2026-10-04 18:55:06.193000 [V:onnxruntime:, session_state.cc:1385 VerifyEachNodeIsAssignedToAnEp]   Reshape (/model/layers.24/attn/q_norm/Reshape_2) ccca253e-f5b6-4e5a-bdc2-850e1eb718b0:92:232
2026-10-04 18:55:06.193000 [V:onnxruntime:, session_state.cc:1385 VerifyEachNodeIsAssignedToAnEp]   Reshape (/model/layers.24/attn/k_norm/Reshape_2) ccca253e-f5b6-4e5a-bdc2-850e1eb718b0:92:232
2026-10-04 18:55:06.194000 [V:onnxruntime:, session_state.cc:1385 VerifyEachNodeIsAssignedToAnEp]   RotaryEmbedding (/model/layers.24/attn/q_rotary/RotaryEmbedding) ccca253e-f5b6-4e5a-bdc2-850e1eb718b0:92:232
2026-10-04 18:55:06.194000 [V:onnxruntime:, session_state.cc:1385 VerifyEachNodeIsAssignedToAnEp]   RotaryEmbedding (/model/layers.24/attn/k_rotary/RotaryEmbedding) ccca253e-f5b6-4e5a-bdc2-850e1eb718b0:92:232
2026-10-04 18:55:06.195000 [V:onnxruntime:, session_state.cc:1385 VerifyEachNodeIsAssignedToAnEp]   GroupQueryAttention (/model/layers.24/attn/GroupQueryAttention) ccca253e-f5b6-4e5a-bdc2-850e1eb718b0:92:232
2026-10-04 18:55:06.195000 [V:onnxruntime:, session_state.cc:1385 VerifyEachNodeIsAssignedToAnEp]   MatMulNBits (/model/layers.24/attn/o_proj/MatMul_Q4) ccca253e-f5b6-4e5a-bdc2-850e1eb718b0:92:232
2026-10-04 18:55:06.195000 [V:onnxruntime:, session_state.cc:1385 VerifyEachNodeIsAssignedToAnEp]   MatMulNBits (/model/layers.24/mlp/down_proj/MatMul_Q4) ccca253e-f5b6-4e5a-bdc2-850e1eb718b0:92:232
2026-10-04 18:55:06.195000 [V:onnxruntime:, session_state.cc:1385 VerifyEachNodeIsAssignedToAnEp]   Reshape (/model/layers.25/attn/q_norm/Reshape_1) ccca253e-f5b6-4e5a-bdc2-850e1eb718b0:92:232
2026-10-04 18:55:06.195999 [V:onnxruntime:, session_state.cc:1385 VerifyEachNodeIsAssignedToAnEp]   Reshape (/model/layers.25/attn/k_norm/Reshape_1) ccca253e-f5b6-4e5a-bdc2-850e1eb718b0:92:232
2026-10-04 18:55:06.195999 [V:onnxruntime:, session_state.cc:1385 VerifyEachNodeIsAssignedToAnEp]   SimplifiedLayerNormalization (/model/layers.25/attn/q_norm/SimplifiedLayerNormalization) ccca253e-f5b6-4e5a-bdc2-850e1eb718b0:92:232
2026-10-04 18:55:06.197000 [V:onnxruntime:, session_state.cc:1385 VerifyEachNodeIsAssignedToAnEp]   SimplifiedLayerNormalization (/model/layers.25/attn/k_norm/SimplifiedLayerNormalization) ccca253e-f5b6-4e5a-bdc2-850e1eb718b0:92:232
2026-10-04 18:55:06.198000 [V:onnxruntime:, session_state.cc:1385 VerifyEachNodeIsAssignedToAnEp]   Reshape (/model/layers.25/attn/q_norm/Reshape_2) ccca253e-f5b6-4e5a-bdc2-850e1eb718b0:92:232
2026-10-04 18:55:06.199000 [V:onnxruntime:, session_state.cc:1385 VerifyEachNodeIsAssignedToAnEp]   Reshape (/model/layers.25/attn/k_norm/Reshape_2) ccca253e-f5b6-4e5a-bdc2-850e1eb718b0:92:232
2026-10-04 18:55:06.200000 [V:onnxruntime:, session_state.cc:1385 VerifyEachNodeIsAssignedToAnEp]   RotaryEmbedding (/model/layers.25/attn/q_rotary/RotaryEmbedding) ccca253e-f5b6-4e5a-bdc2-850e1eb718b0:92:232
2026-10-04 18:55:06.201000 [V:onnxruntime:, session_state.cc:1385 VerifyEachNodeIsAssignedToAnEp]   RotaryEmbedding (/model/layers.25/attn/k_rotary/RotaryEmbedding) ccca253e-f5b6-4e5a-bdc2-850e1eb718b0:92:232
2026-10-04 18:55:06.203000 [V:onnxruntime:, session_state.cc:1385 VerifyEachNodeIsAssignedToAnEp]   GroupQueryAttention (/model/layers.25/attn/GroupQueryAttention) ccca253e-f5b6-4e5a-bdc2-850e1eb718b0:92:232
2026-10-04 18:55:06.203000 [V:onnxruntime:, session_state.cc:1385 VerifyEachNodeIsAssignedToAnEp]   MatMulNBits (/model/layers.25/attn/o_proj/MatMul_Q4) ccca253e-f5b6-4e5a-bdc2-850e1eb718b0:92:232
2026-10-04 18:55:06.203999 [V:onnxruntime:, session_state.cc:1385 VerifyEachNodeIsAssignedToAnEp]   MatMulNBits (/model/layers.25/mlp/down_proj/MatMul_Q4) ccca253e-f5b6-4e5a-bdc2-850e1eb718b0:92:232
2026-10-04 18:55:06.205000 [V:onnxruntime:, session_state.cc:1385 VerifyEachNodeIsAssignedToAnEp]   Reshape (/model/layers.26/attn/q_norm/Reshape_1) ccca253e-f5b6-4e5a-bdc2-850e1eb718b0:92:232
2026-10-04 18:55:06.205000 [V:onnxruntime:, session_state.cc:1385 VerifyEachNodeIsAssignedToAnEp]   Reshape (/model/layers.26/attn/k_norm/Reshape_1) ccca253e-f5b6-4e5a-bdc2-850e1eb718b0:92:232
2026-10-04 18:55:06.206000 [V:onnxruntime:, session_state.cc:1385 VerifyEachNodeIsAssignedToAnEp]   SimplifiedLayerNormalization (/model/layers.26/attn/q_norm/SimplifiedLayerNormalization) ccca253e-f5b6-4e5a-bdc2-850e1eb718b0:92:232
2026-10-04 18:55:06.206000 [V:onnxruntime:, session_state.cc:1385 VerifyEachNodeIsAssignedToAnEp]   SimplifiedLayerNormalization (/model/layers.26/attn/k_norm/SimplifiedLayerNormalization) ccca253e-f5b6-4e5a-bdc2-850e1eb718b0:92:232
2026-10-04 18:55:06.207000 [V:onnxruntime:, session_state.cc:1385 VerifyEachNodeIsAssignedToAnEp]   Reshape (/model/layers.26/attn/q_norm/Reshape_2) ccca253e-f5b6-4e5a-bdc2-850e1eb718b0:92:232
2026-10-04 18:55:06.207000 [V:onnxruntime:, session_state.cc:1385 VerifyEachNodeIsAssignedToAnEp]   Reshape (/model/layers.26/attn/k_norm/Reshape_2) ccca253e-f5b6-4e5a-bdc2-850e1eb718b0:92:232
2026-10-04 18:55:06.207000 [V:onnxruntime:, session_state.cc:1385 VerifyEachNodeIsAssignedToAnEp]   RotaryEmbedding (/model/layers.26/attn/q_rotary/RotaryEmbedding) ccca253e-f5b6-4e5a-bdc2-850e1eb718b0:92:232
2026-10-04 18:55:06.208000 [V:onnxruntime:, session_state.cc:1385 VerifyEachNodeIsAssignedToAnEp]   RotaryEmbedding (/model/layers.26/attn/k_rotary/RotaryEmbedding) ccca253e-f5b6-4e5a-bdc2-850e1eb718b0:92:232
2026-10-04 18:55:06.208000 [V:onnxruntime:, session_state.cc:1385 VerifyEachNodeIsAssignedToAnEp]   GroupQueryAttention (/model/layers.26/attn/GroupQueryAttention) ccca253e-f5b6-4e5a-bdc2-850e1eb718b0:92:232
2026-10-04 18:55:06.208000 [V:onnxruntime:, session_state.cc:1385 VerifyEachNodeIsAssignedToAnEp]   MatMulNBits (/model/layers.26/attn/o_proj/MatMul_Q4) ccca253e-f5b6-4e5a-bdc2-850e1eb718b0:92:232
2026-10-04 18:55:06.209000 [V:onnxruntime:, session_state.cc:1385 VerifyEachNodeIsAssignedToAnEp]   MatMulNBits (/model/layers.26/mlp/down_proj/MatMul_Q4) ccca253e-f5b6-4e5a-bdc2-850e1eb718b0:92:232
2026-10-04 18:55:06.209000 [V:onnxruntime:, session_state.cc:1385 VerifyEachNodeIsAssignedToAnEp]   Reshape (/model/layers.27/attn/q_norm/Reshape_1) ccca253e-f5b6-4e5a-bdc2-850e1eb718b0:92:232
2026-10-04 18:55:06.209000 [V:onnxruntime:, session_state.cc:1385 VerifyEachNodeIsAssignedToAnEp]   Reshape (/model/layers.27/attn/k_norm/Reshape_1) ccca253e-f5b6-4e5a-bdc2-850e1eb718b0:92:232
2026-10-04 18:55:06.209000 [V:onnxruntime:, session_state.cc:1385 VerifyEachNodeIsAssignedToAnEp]   SimplifiedLayerNormalization (/model/layers.27/attn/q_norm/SimplifiedLayerNormalization) ccca253e-f5b6-4e5a-bdc2-850e1eb718b0:92:232
2026-10-04 18:55:06.209000 [V:onnxruntime:, session_state.cc:1385 VerifyEachNodeIsAssignedToAnEp]   SimplifiedLayerNormalization (/model/layers.27/attn/k_norm/SimplifiedLayerNormalization) ccca253e-f5b6-4e5a-bdc2-850e1eb718b0:92:232
2026-10-04 18:55:06.210000 [V:onnxruntime:, session_state.cc:1385 VerifyEachNodeIsAssignedToAnEp]   Reshape (/model/layers.27/attn/q_norm/Reshape_2) ccca253e-f5b6-4e5a-bdc2-850e1eb718b0:92:232
2026-10-04 18:55:06.210000 [V:onnxruntime:, session_state.cc:1385 VerifyEachNodeIsAssignedToAnEp]   Reshape (/model/layers.27/attn/k_norm/Reshape_2) ccca253e-f5b6-4e5a-bdc2-850e1eb718b0:92:232
2026-10-04 18:55:06.210000 [V:onnxruntime:, session_state.cc:1385 VerifyEachNodeIsAssignedToAnEp]   RotaryEmbedding (/model/layers.27/attn/q_rotary/RotaryEmbedding) ccca253e-f5b6-4e5a-bdc2-850e1eb718b0:92:232
2026-10-04 18:55:06.210000 [V:onnxruntime:, session_state.cc:1385 VerifyEachNodeIsAssignedToAnEp]   RotaryEmbedding (/model/layers.27/attn/k_rotary/RotaryEmbedding) ccca253e-f5b6-4e5a-bdc2-850e1eb718b0:92:232
2026-10-04 18:55:06.210000 [V:onnxruntime:, session_state.cc:1385 VerifyEachNodeIsAssignedToAnEp]   GroupQueryAttention (/model/layers.27/attn/GroupQueryAttention) ccca253e-f5b6-4e5a-bdc2-850e1eb718b0:92:232
2026-10-04 18:55:06.211000 [V:onnxruntime:, session_state.cc:1385 VerifyEachNodeIsAssignedToAnEp]   MatMulNBits (/model/layers.27/attn/o_proj/MatMul_Q4) ccca253e-f5b6-4e5a-bdc2-850e1eb718b0:92:232
2026-10-04 18:55:06.211000 [V:onnxruntime:, session_state.cc:1385 VerifyEachNodeIsAssignedToAnEp]   MatMulNBits (/model/layers.27/mlp/down_proj/MatMul_Q4) ccca253e-f5b6-4e5a-bdc2-850e1eb718b0:92:232
2026-10-04 18:55:06.211000 [V:onnxruntime:, session_state.cc:1385 VerifyEachNodeIsAssignedToAnEp]   SkipSimplifiedLayerNormalization (/model/layers.28/final_norm_layernorm/SkipLayerNorm) ccca253e-f5b6-4e5a-bdc2-850e1eb718b0:92:232
2026-10-04 18:55:06.211000 [V:onnxruntime:, session_state.cc:1385 VerifyEachNodeIsAssignedToAnEp]   MatMul (/lm_head/MatMul) ccca253e-f5b6-4e5a-bdc2-850e1eb718b0:92:232
2026-10-04 18:55:06.211000 [V:onnxruntime:, session_state.cc:1385 VerifyEachNodeIsAssignedToAnEp]   MatMulNBitsMlp (MatMulNBitsMlp) ccca253e-f5b6-4e5a-bdc2-850e1eb718b0:92:232
2026-10-04 18:55:06.211000 [V:onnxruntime:, session_state.cc:1385 VerifyEachNodeIsAssignedToAnEp]   MatMulNBitsMlp (MatMulNBitsMlp_token_0) ccca253e-f5b6-4e5a-bdc2-850e1eb718b0:92:232
2026-10-04 18:55:06.211000 [V:onnxruntime:, session_state.cc:1385 VerifyEachNodeIsAssignedToAnEp]   MatMulNBitsMlp (MatMulNBitsMlp_token_1) ccca253e-f5b6-4e5a-bdc2-850e1eb718b0:92:232
2026-10-04 18:55:06.211999 [V:onnxruntime:, session_state.cc:1385 VerifyEachNodeIsAssignedToAnEp]   MatMulNBitsMlp (MatMulNBitsMlp_token_2) ccca253e-f5b6-4e5a-bdc2-850e1eb718b0:92:232
2026-10-04 18:55:06.211999 [V:onnxruntime:, session_state.cc:1385 VerifyEachNodeIsAssignedToAnEp]   MatMulNBitsMlp (MatMulNBitsMlp_token_3) ccca253e-f5b6-4e5a-bdc2-850e1eb718b0:92:232
2026-10-04 18:55:06.211999 [V:onnxruntime:, session_state.cc:1385 VerifyEachNodeIsAssignedToAnEp]   MatMulNBitsMlp (MatMulNBitsMlp_token_4) ccca253e-f5b6-4e5a-bdc2-850e1eb718b0:92:232
2026-10-04 18:55:06.211999 [V:onnxruntime:, session_state.cc:1385 VerifyEachNodeIsAssignedToAnEp]   MatMulNBitsMlp (MatMulNBitsMlp_token_5) ccca253e-f5b6-4e5a-bdc2-850e1eb718b0:92:232
2026-10-04 18:55:06.211999 [V:onnxruntime:, session_state.cc:1385 VerifyEachNodeIsAssignedToAnEp]   MatMulNBitsMlp (MatMulNBitsMlp_token_6) ccca253e-f5b6-4e5a-bdc2-850e1eb718b0:92:232
2026-10-04 18:55:06.213000 [V:onnxruntime:, session_state.cc:1385 VerifyEachNodeIsAssignedToAnEp]   MatMulNBitsMlp (MatMulNBitsMlp_token_7) ccca253e-f5b6-4e5a-bdc2-850e1eb718b0:92:232
2026-10-04 18:55:06.213000 [V:onnxruntime:, session_state.cc:1385 VerifyEachNodeIsAssignedToAnEp]   MatMulNBitsMlp (MatMulNBitsMlp_token_8) ccca253e-f5b6-4e5a-bdc2-850e1eb718b0:92:232
2026-10-04 18:55:06.213000 [V:onnxruntime:, session_state.cc:1385 VerifyEachNodeIsAssignedToAnEp]   MatMulNBitsMlp (MatMulNBitsMlp_token_9) ccca253e-f5b6-4e5a-bdc2-850e1eb718b0:92:232
2026-10-04 18:55:06.213000 [V:onnxruntime:, session_state.cc:1385 VerifyEachNodeIsAssignedToAnEp]   MatMulNBitsMlp (MatMulNBitsMlp_token_10) ccca253e-f5b6-4e5a-bdc2-850e1eb718b0:92:232
2026-10-04 18:55:06.214000 [V:onnxruntime:, session_state.cc:1385 VerifyEachNodeIsAssignedToAnEp]   MatMulNBitsMlp (MatMulNBitsMlp_token_11) ccca253e-f5b6-4e5a-bdc2-850e1eb718b0:92:232
2026-10-04 18:55:06.214000 [V:onnxruntime:, session_state.cc:1385 VerifyEachNodeIsAssignedToAnEp]   MatMulNBitsMlp (MatMulNBitsMlp_token_12) ccca253e-f5b6-4e5a-bdc2-850e1eb718b0:92:232
2026-10-04 18:55:06.214000 [V:onnxruntime:, session_state.cc:1385 VerifyEachNodeIsAssignedToAnEp]   MatMulNBitsMlp (MatMulNBitsMlp_token_13) ccca253e-f5b6-4e5a-bdc2-850e1eb718b0:92:232
2026-10-04 18:55:06.214000 [V:onnxruntime:, session_state.cc:1385 VerifyEachNodeIsAssignedToAnEp]   MatMulNBitsMlp (MatMulNBitsMlp_token_14) ccca253e-f5b6-4e5a-bdc2-850e1eb718b0:92:232
2026-10-04 18:55:06.214000 [V:onnxruntime:, session_state.cc:1385 VerifyEachNodeIsAssignedToAnEp]   MatMulNBitsMlp (MatMulNBitsMlp_token_15) ccca253e-f5b6-4e5a-bdc2-850e1eb718b0:92:232
2026-10-04 18:55:06.215000 [V:onnxruntime:, session_state.cc:1385 VerifyEachNodeIsAssignedToAnEp]   MatMulNBitsMlp (MatMulNBitsMlp_token_16) ccca253e-f5b6-4e5a-bdc2-850e1eb718b0:92:232
2026-10-04 18:55:06.215000 [V:onnxruntime:, session_state.cc:1385 VerifyEachNodeIsAssignedToAnEp]   MatMulNBitsMlp (MatMulNBitsMlp_token_17) ccca253e-f5b6-4e5a-bdc2-850e1eb718b0:92:232
2026-10-04 18:55:06.215000 [V:onnxruntime:, session_state.cc:1385 VerifyEachNodeIsAssignedToAnEp]   MatMulNBitsMlp (MatMulNBitsMlp_token_18) ccca253e-f5b6-4e5a-bdc2-850e1eb718b0:92:232
2026-10-04 18:55:06.215000 [V:onnxruntime:, session_state.cc:1385 VerifyEachNodeIsAssignedToAnEp]   MatMulNBitsMlp (MatMulNBitsMlp_token_19) ccca253e-f5b6-4e5a-bdc2-850e1eb718b0:92:232
2026-10-04 18:55:06.215000 [V:onnxruntime:, session_state.cc:1385 VerifyEachNodeIsAssignedToAnEp]   MatMulNBitsMlp (MatMulNBitsMlp_token_20) ccca253e-f5b6-4e5a-bdc2-850e1eb718b0:92:232
2026-10-04 18:55:06.216000 [V:onnxruntime:, session_state.cc:1385 VerifyEachNodeIsAssignedToAnEp]   MatMulNBitsMlp (MatMulNBitsMlp_token_21) ccca253e-f5b6-4e5a-bdc2-850e1eb718b0:92:232
2026-10-04 18:55:06.216000 [V:onnxruntime:, session_state.cc:1385 VerifyEachNodeIsAssignedToAnEp]   MatMulNBitsMlp (MatMulNBitsMlp_token_22) ccca253e-f5b6-4e5a-bdc2-850e1eb718b0:92:232
2026-10-04 18:55:06.216000 [V:onnxruntime:, session_state.cc:1385 VerifyEachNodeIsAssignedToAnEp]   MatMulNBitsMlp (MatMulNBitsMlp_token_23) ccca253e-f5b6-4e5a-bdc2-850e1eb718b0:92:232
2026-10-04 18:55:06.216000 [V:onnxruntime:, session_state.cc:1385 VerifyEachNodeIsAssignedToAnEp]   MatMulNBitsMlp (MatMulNBitsMlp_token_24) ccca253e-f5b6-4e5a-bdc2-850e1eb718b0:92:232
2026-10-04 18:55:06.217000 [V:onnxruntime:, session_state.cc:1385 VerifyEachNodeIsAssignedToAnEp]   MatMulNBitsMlp (MatMulNBitsMlp_token_25) ccca253e-f5b6-4e5a-bdc2-850e1eb718b0:92:232
2026-10-04 18:55:06.217000 [V:onnxruntime:, session_state.cc:1385 VerifyEachNodeIsAssignedToAnEp]   MatMulNBitsMlp (MatMulNBitsMlp_token_26) ccca253e-f5b6-4e5a-bdc2-850e1eb718b0:92:232
2026-10-04 18:55:06.217000 [V:onnxruntime:, session_state.cc:1385 VerifyEachNodeIsAssignedToAnEp]   MatMulNBitsQkv (MatMulNBitsQkv) ccca253e-f5b6-4e5a-bdc2-850e1eb718b0:92:232
2026-10-04 18:55:06.217000 [V:onnxruntime:, session_state.cc:1385 VerifyEachNodeIsAssignedToAnEp]   MatMulNBitsQkv (MatMulNBitsQkv_token_27) ccca253e-f5b6-4e5a-bdc2-850e1eb718b0:92:232
2026-10-04 18:55:06.217000 [V:onnxruntime:, session_state.cc:1385 VerifyEachNodeIsAssignedToAnEp]   MatMulNBitsQkv (MatMulNBitsQkv_token_28) ccca253e-f5b6-4e5a-bdc2-850e1eb718b0:92:232
2026-10-04 18:55:06.218000 [V:onnxruntime:, session_state.cc:1385 VerifyEachNodeIsAssignedToAnEp]   MatMulNBitsQkv (MatMulNBitsQkv_token_29) ccca253e-f5b6-4e5a-bdc2-850e1eb718b0:92:232
2026-10-04 18:55:06.218000 [V:onnxruntime:, session_state.cc:1385 VerifyEachNodeIsAssignedToAnEp]   MatMulNBitsQkv (MatMulNBitsQkv_token_30) ccca253e-f5b6-4e5a-bdc2-850e1eb718b0:92:232
2026-10-04 18:55:06.218000 [V:onnxruntime:, session_state.cc:1385 VerifyEachNodeIsAssignedToAnEp]   MatMulNBitsQkv (MatMulNBitsQkv_token_31) ccca253e-f5b6-4e5a-bdc2-850e1eb718b0:92:232
2026-10-04 18:55:06.218000 [V:onnxruntime:, session_state.cc:1385 VerifyEachNodeIsAssignedToAnEp]   MatMulNBitsQkv (MatMulNBitsQkv_token_32) ccca253e-f5b6-4e5a-bdc2-850e1eb718b0:92:232
2026-10-04 18:55:06.218000 [V:onnxruntime:, session_state.cc:1385 VerifyEachNodeIsAssignedToAnEp]   MatMulNBitsQkv (MatMulNBitsQkv_token_33) ccca253e-f5b6-4e5a-bdc2-850e1eb718b0:92:232
2026-10-04 18:55:06.219000 [V:onnxruntime:, session_state.cc:1385 VerifyEachNodeIsAssignedToAnEp]   MatMulNBitsQkv (MatMulNBitsQkv_token_34) ccca253e-f5b6-4e5a-bdc2-850e1eb718b0:92:232
2026-10-04 18:55:06.219000 [V:onnxruntime:, session_state.cc:1385 VerifyEachNodeIsAssignedToAnEp]   MatMulNBitsQkv (MatMulNBitsQkv_token_35) ccca253e-f5b6-4e5a-bdc2-850e1eb718b0:92:232
2026-10-04 18:55:06.219000 [V:onnxruntime:, session_state.cc:1385 VerifyEachNodeIsAssignedToAnEp]   MatMulNBitsQkv (MatMulNBitsQkv_token_36) ccca253e-f5b6-4e5a-bdc2-850e1eb718b0:92:232
2026-10-04 18:55:06.219000 [V:onnxruntime:, session_state.cc:1385 VerifyEachNodeIsAssignedToAnEp]   MatMulNBitsQkv (MatMulNBitsQkv_token_37) ccca253e-f5b6-4e5a-bdc2-850e1eb718b0:92:232
2026-10-04 18:55:06.219000 [V:onnxruntime:, session_state.cc:1385 VerifyEachNodeIsAssignedToAnEp]   MatMulNBitsQkv (MatMulNBitsQkv_token_38) ccca253e-f5b6-4e5a-bdc2-850e1eb718b0:92:232
2026-10-04 18:55:06.219000 [V:onnxruntime:, session_state.cc:1385 VerifyEachNodeIsAssignedToAnEp]   MatMulNBitsQkv (MatMulNBitsQkv_token_39) ccca253e-f5b6-4e5a-bdc2-850e1eb718b0:92:232
2026-10-04 18:55:06.219999 [V:onnxruntime:, session_state.cc:1385 VerifyEachNodeIsAssignedToAnEp]   MatMulNBitsQkv (MatMulNBitsQkv_token_40) ccca253e-f5b6-4e5a-bdc2-850e1eb718b0:92:232
2026-10-04 18:55:06.219999 [V:onnxruntime:, session_state.cc:1385 VerifyEachNodeIsAssignedToAnEp]   MatMulNBitsQkv (MatMulNBitsQkv_token_41) ccca253e-f5b6-4e5a-bdc2-850e1eb718b0:92:232
2026-10-04 18:55:06.219999 [V:onnxruntime:, session_state.cc:1385 VerifyEachNodeIsAssignedToAnEp]   MatMulNBitsQkv (MatMulNBitsQkv_token_42) ccca253e-f5b6-4e5a-bdc2-850e1eb718b0:92:232
2026-10-04 18:55:06.219999 [V:onnxruntime:, session_state.cc:1385 VerifyEachNodeIsAssignedToAnEp]   MatMulNBitsQkv (MatMulNBitsQkv_token_43) ccca253e-f5b6-4e5a-bdc2-850e1eb718b0:92:232
2026-10-04 18:55:06.219999 [V:onnxruntime:, session_state.cc:1385 VerifyEachNodeIsAssignedToAnEp]   MatMulNBitsQkv (MatMulNBitsQkv_token_44) ccca253e-f5b6-4e5a-bdc2-850e1eb718b0:92:232
2026-10-04 18:55:06.221000 [V:onnxruntime:, session_state.cc:1385 VerifyEachNodeIsAssignedToAnEp]   MatMulNBitsQkv (MatMulNBitsQkv_token_45) ccca253e-f5b6-4e5a-bdc2-850e1eb718b0:92:232
2026-10-04 18:55:06.221000 [V:onnxruntime:, session_state.cc:1385 VerifyEachNodeIsAssignedToAnEp]   MatMulNBitsQkv (MatMulNBitsQkv_token_46) ccca253e-f5b6-4e5a-bdc2-850e1eb718b0:92:232
2026-10-04 18:55:06.221000 [V:onnxruntime:, session_state.cc:1385 VerifyEachNodeIsAssignedToAnEp]   MatMulNBitsQkv (MatMulNBitsQkv_token_47) ccca253e-f5b6-4e5a-bdc2-850e1eb718b0:92:232
2026-10-04 18:55:06.221000 [V:onnxruntime:, session_state.cc:1385 VerifyEachNodeIsAssignedToAnEp]   MatMulNBitsQkv (MatMulNBitsQkv_token_48) ccca253e-f5b6-4e5a-bdc2-850e1eb718b0:92:232
2026-10-04 18:55:06.222000 [V:onnxruntime:, session_state.cc:1385 VerifyEachNodeIsAssignedToAnEp]   MatMulNBitsQkv (MatMulNBitsQkv_token_49) ccca253e-f5b6-4e5a-bdc2-850e1eb718b0:92:232
2026-10-04 18:55:06.222000 [V:onnxruntime:, session_state.cc:1385 VerifyEachNodeIsAssignedToAnEp]   MatMulNBitsQkv (MatMulNBitsQkv_token_50) ccca253e-f5b6-4e5a-bdc2-850e1eb718b0:92:232
2026-10-04 18:55:06.222000 [V:onnxruntime:, session_state.cc:1385 VerifyEachNodeIsAssignedToAnEp]   MatMulNBitsQkv (MatMulNBitsQkv_token_51) ccca253e-f5b6-4e5a-bdc2-850e1eb718b0:92:232
2026-10-04 18:55:06.222000 [V:onnxruntime:, session_state.cc:1385 VerifyEachNodeIsAssignedToAnEp]   MatMulNBitsQkv (MatMulNBitsQkv_token_52) ccca253e-f5b6-4e5a-bdc2-850e1eb718b0:92:232
2026-10-04 18:55:06.222000 [V:onnxruntime:, session_state.cc:1385 VerifyEachNodeIsAssignedToAnEp]   MatMulNBitsQkv (MatMulNBitsQkv_token_53) ccca253e-f5b6-4e5a-bdc2-850e1eb718b0:92:232
2026-10-04 18:55:06.223000 [V:onnxruntime:, session_state.cc:1385 VerifyEachNodeIsAssignedToAnEp]   MemcpyFromHost (Memcpy) ccca253e-f5b6-4e5a-bdc2-850e1eb718b0:92:232
2026-10-04 18:55:06.223000 [V:onnxruntime:, session_state.cc:1385 VerifyEachNodeIsAssignedToAnEp]   MemcpyFromHost (Memcpy_token_54) ccca253e-f5b6-4e5a-bdc2-850e1eb718b0:92:232
2026-10-04 18:55:06.223000 [V:onnxruntime:, session_state.cc:1383 VerifyEachNodeIsAssignedToAnEp]  Node(s) placed on [CPUExecutionProvider]. Number of nodes: 7 ccca253e-f5b6-4e5a-bdc2-850e1eb718b0:92:232
2026-10-04 18:55:06.223000 [V:onnxruntime:, session_state.cc:1385 VerifyEachNodeIsAssignedToAnEp]   Shape (/model/attn_mask_reformat/attn_mask_subgraph/Shape) ccca253e-f5b6-4e5a-bdc2-850e1eb718b0:92:232
2026-10-04 18:55:06.224000 [V:onnxruntime:, session_state.cc:1385 VerifyEachNodeIsAssignedToAnEp]   ReduceSum (/model/attn_mask_reformat/attn_mask_subgraph/ReduceSum) ccca253e-f5b6-4e5a-bdc2-850e1eb718b0:92:232
2026-10-04 18:55:06.224000 [V:onnxruntime:, session_state.cc:1385 VerifyEachNodeIsAssignedToAnEp]   Gather (/model/attn_mask_reformat/attn_mask_subgraph/Gather) ccca253e-f5b6-4e5a-bdc2-850e1eb718b0:92:232
2026-10-04 18:55:06.224000 [V:onnxruntime:, session_state.cc:1385 VerifyEachNodeIsAssignedToAnEp]   Sub (/model/attn_mask_reformat/attn_mask_subgraph/Sub) ccca253e-f5b6-4e5a-bdc2-850e1eb718b0:92:232
2026-10-04 18:55:06.224000 [V:onnxruntime:, session_state.cc:1385 VerifyEachNodeIsAssignedToAnEp]   Cast (/model/attn_mask_reformat/attn_mask_subgraph/Gather/Cast) ccca253e-f5b6-4e5a-bdc2-850e1eb718b0:92:232
2026-10-04 18:55:06.224000 [V:onnxruntime:, session_state.cc:1385 VerifyEachNodeIsAssignedToAnEp]   Cast (/model/attn_mask_reformat/attn_mask_subgraph/Sub/Cast) ccca253e-f5b6-4e5a-bdc2-850e1eb718b0:92:232
2026-10-04 18:55:06.225000 [V:onnxruntime:, session_state.cc:1385 VerifyEachNodeIsAssignedToAnEp]   Reshape (/model/pos_ids_reformat/Reshape) ccca253e-f5b6-4e5a-bdc2-850e1eb718b0:92:232
�[0;93m2026-10-04 18:55:06.225000 [W:onnxruntime:, session_state.cc:1397 VerifyEachNodeIsAssignedToAnEp] Some nodes were not assigned to the preferred execution providers which may or may not have an negative impact on performance. e.g. ORT explicitly assigns shape related ops to CPU to improve perf.�[m ccca253e-f5b6-4e5a-bdc2-850e1eb718b0:92:232
2026-10-04 18:55:06.230000 [V:onnxruntime:, session_state.cc:186 CreateGraphInfo] SaveMLValueNameIndexMapping ccca253e-f5b6-4e5a-bdc2-850e1eb718b0:92:232
2026-10-04 18:55:06.231000 [V:onnxruntime:, session_state.cc:232 CreateGraphInfo] Done saving OrtValue mappings. ccca253e-f5b6-4e5a-bdc2-850e1eb718b0:92:232
2026-10-04 18:55:06.231000 [I:onnxruntime:, allocation_planner.cc:2653 CreateGraphPartitioner] Use DeviceBasedPartition as default ccca253e-f5b6-4e5a-bdc2-850e1eb718b0:92:232
2026-10-04 18:55:06.243000 [I:onnxruntime:, session_state_utils.cc:263 SaveInitializedTensors] Saving initialized tensors. ccca253e-f5b6-4e5a-bdc2-850e1eb718b0:92:232
2026-10-04 18:55:08.481000 [I:onnxruntime:, session_state_utils.cc:463 SaveInitializedTensors] Done saving initialized tensors ccca253e-f5b6-4e5a-bdc2-850e1eb718b0:92:232
2026-10-04 18:55:08.491000 [I:onnxruntime:, inference_session.cc:3094 Initialize] Session successfully initialized. ccca253e-f5b6-4e5a-bdc2-850e1eb718b0:92:232
