Unable to add response to browser cache: [Exception... "File error: No device space"  nsresult: "0x80520010 (NS_ERROR_FILE_NO_DEVICE_SPACE)"  location: "<unknown>"  data: no]. chunk-ZSUJ56YB.js:5017:15
2026-10-04 18:53:46.241998 [I:onnxruntime:Default, device_discovery_common.cc:34 operator()] Discovered OrtHardwareDevice {vendor_id:0x0, device_id:0x0, vendor:unknown, type:0, metadata: []} ebaee2e1-06be-42c6-a7b1-de29475cc753:92:232
2026-10-04 18:53:47.165998 [V:onnxruntime:Default, webgpu_provider_factory.cc:158 ParseEpConfig] WebGPU EP preferred layout: 1 ebaee2e1-06be-42c6-a7b1-de29475cc753:92:232
2026-10-04 18:53:47.166999 [V:onnxruntime:Default, webgpu_provider_factory.cc:159 ParseEpConfig] WebGPU EP graph capture enable: 0 ebaee2e1-06be-42c6-a7b1-de29475cc753:92:232
2026-10-04 18:53:47.166999 [V:onnxruntime:Default, webgpu_provider_factory.cc:160 ParseEpConfig] WebGPU EP force CPU node count: 0 ebaee2e1-06be-42c6-a7b1-de29475cc753:92:232
2026-10-04 18:53:47.167999 [V:onnxruntime:Default, webgpu_provider_factory.cc:161 ParseEpConfig] WebGPU EP pix capture enable: 0 ebaee2e1-06be-42c6-a7b1-de29475cc753:92:232
2026-10-04 18:53:47.167999 [V:onnxruntime:Default, webgpu_provider_factory.cc:162 ParseEpConfig] WebGPU EP enable int64: 0 ebaee2e1-06be-42c6-a7b1-de29475cc753:92:232
2026-10-04 18:53:47.167999 [V:onnxruntime:Default, webgpu_provider_factory.cc:163 ParseEpConfig] WebGPU EP multi rotary cache concat offset: 0 ebaee2e1-06be-42c6-a7b1-de29475cc753:92:232
2026-10-04 18:53:47.167999 [V:onnxruntime:Default, webgpu_provider_factory.cc:164 ParseEpConfig] WebGPU EP session buffer pool generations: 1 ebaee2e1-06be-42c6-a7b1-de29475cc753:92:232
2026-10-04 18:53:47.168999 [V:onnxruntime:Default, webgpu_provider_factory.cc:283 ParseWebGpuContextConfig] WebGPU EP Device ID: 0 ebaee2e1-06be-42c6-a7b1-de29475cc753:92:232
2026-10-04 18:53:47.168999 [V:onnxruntime:Default, webgpu_provider_factory.cc:284 ParseWebGpuContextConfig] WebGPU EP WGPUInstance: 0 ebaee2e1-06be-42c6-a7b1-de29475cc753:92:232
2026-10-04 18:53:47.168999 [V:onnxruntime:Default, webgpu_provider_factory.cc:285 ParseWebGpuContextConfig] WebGPU EP WGPUDevice: 0 ebaee2e1-06be-42c6-a7b1-de29475cc753:92:232
2026-10-04 18:53:47.168999 [V:onnxruntime:Default, webgpu_provider_factory.cc:286 ParseWebGpuContextConfig] WebGPU EP DawnProcTable: 0 ebaee2e1-06be-42c6-a7b1-de29475cc753:92:232
2026-10-04 18:53:47.169998 [V:onnxruntime:Default, webgpu_provider_factory.cc:287 ParseWebGpuContextConfig] WebGPU EP ValidationMode: Basic ebaee2e1-06be-42c6-a7b1-de29475cc753:92:232
2026-10-04 18:53:47.169998 [V:onnxruntime:Default, webgpu_provider_factory.cc:288 ParseWebGpuContextConfig] WebGPU EP enable robustness: 0 ebaee2e1-06be-42c6-a7b1-de29475cc753:92:232
2026-10-04 18:53:47.169998 [V:onnxruntime:Default, webgpu_provider_factory.cc:289 ParseWebGpuContextConfig] WebGPU EP PreserveDevice: 0 ebaee2e1-06be-42c6-a7b1-de29475cc753:92:232
2026-10-04 18:53:47.170998 [V:onnxruntime:Default, webgpu_provider_factory.cc:290 ParseWebGpuContextConfig] WebGPU EP CompileOnly: 0 ebaee2e1-06be-42c6-a7b1-de29475cc753:92:232
2026-10-04 18:53:47.170998 [V:onnxruntime:Default, webgpu_provider_factory.cc:291 ParseWebGpuContextConfig] WebGPU EP max storage buffer binding size: 0 ebaee2e1-06be-42c6-a7b1-de29475cc753:92:232
2026-10-04 18:53:47.170998 [V:onnxruntime:Default, webgpu_provider_factory.cc:292 ParseWebGpuContextConfig] WebGPU EP max pending dispatches: 16 ebaee2e1-06be-42c6-a7b1-de29475cc753:92:232
2026-10-04 18:53:47.170998 [V:onnxruntime:Default, webgpu_provider_factory.cc:343 ParseWebGpuContextConfig] WebGPU EP storage buffer cache mode: Bucket ebaee2e1-06be-42c6-a7b1-de29475cc753:92:232
2026-10-04 18:53:47.170998 [V:onnxruntime:Default, webgpu_provider_factory.cc:344 ParseWebGpuContextConfig] WebGPU EP uniform buffer cache mode: Simple ebaee2e1-06be-42c6-a7b1-de29475cc753:92:232
2026-10-04 18:53:47.171999 [V:onnxruntime:Default, webgpu_provider_factory.cc:345 ParseWebGpuContextConfig] WebGPU EP query resolve buffer cache mode: Disabled ebaee2e1-06be-42c6-a7b1-de29475cc753:92:232
2026-10-04 18:53:47.171999 [V:onnxruntime:Default, webgpu_provider_factory.cc:346 ParseWebGpuContextConfig] WebGPU EP default buffer cache mode: Disabled ebaee2e1-06be-42c6-a7b1-de29475cc753:92:232
2026-10-04 18:53:47.171999 [V:onnxruntime:Default, webgpu_provider_factory.cc:348 ParseWebGpuContextConfig] WebGPU EP power preference: 2 ebaee2e1-06be-42c6-a7b1-de29475cc753:92:232
2026-10-04 18:53:47.171999 [V:onnxruntime:Default, webgpu_provider_factory.cc:349 ParseWebGpuContextConfig] WebGPU EP Dawn backend type: 0 ebaee2e1-06be-42c6-a7b1-de29475cc753:92:232
2026-10-04 18:53:47.809998 [V:onnxruntime:Default, webgpu_context.cc:213 operator()] WebGPU EP Context is created for: Instance=0x97d260, Device=0x97bad0. ebaee2e1-06be-42c6-a7b1-de29475cc753:92:232
2026-10-04 18:53:47.813998 [I:onnxruntime:, inference_session.cc:764 TraceSessionOptions] Session Options {  execution_mode:0 execution_order:DEFAULT enable_profiling:0 optimized_model_filepath:"" enable_mem_pattern:0 enable_mem_reuse:1 enable_cpu_mem_arena:0 profile_file_prefix: session_logid: session_log_severity_level:0 session_log_verbosity_level:1 max_num_graph_transformation_steps:10 graph_optimization_level:4 intra_op_param:OrtThreadPoolParams { thread_pool_size: 0 auto_set_affinity: 0 allow_spinning: 1 spin_duration_us: -1 spin_backoff_max: 1 dynamic_block_base_: 0 stack_size: 0 affinity_str:  set_denormal_as_zero: 0 } inter_op_param:OrtThreadPoolParams { thread_pool_size: 0 auto_set_affinity: 0 allow_spinning: 1 spin_duration_us: -1 spin_backoff_max: 1 dynamic_block_base_: 0 stack_size: 0 affinity_str:  set_denormal_as_zero: 0 } use_per_session_threads:0 thread_pool_allow_spinning:1 use_deterministic_compute:0 ep_selection_policy:0 config_options: {   session.use_ort_model_bytes_directly: 1 } } ebaee2e1-06be-42c6-a7b1-de29475cc753:92:232
2026-10-04 18:53:47.815999 [I:onnxruntime:, inference_session.cc:526 operator()] Flush-to-zero and denormal-as-zero are off ebaee2e1-06be-42c6-a7b1-de29475cc753:92:232
2026-10-04 18:53:47.816999 [I:onnxruntime:, inference_session.cc:660 ConstructorCommon] Using global/env threadpools since use_per_session_threads_ is false ebaee2e1-06be-42c6-a7b1-de29475cc753:92:232
2026-10-04 18:53:47.983999 [I:onnxruntime:, inference_session.cc:2610 Initialize] Initializing session. ebaee2e1-06be-42c6-a7b1-de29475cc753:92:232
2026-10-04 18:53:47.984999 [I:onnxruntime:, inference_session.cc:2657 Initialize] Adding default CPU execution provider. ebaee2e1-06be-42c6-a7b1-de29475cc753:92:232
2026-10-04 18:53:47.990999 [I:onnxruntime:, graph_partitioner.cc:1738 InlineFunctionsAOT] This model does not have any local functions defined. AOT Inlining is not performed ebaee2e1-06be-42c6-a7b1-de29475cc753:92:232
2026-10-04 18:53:48.018998 [I:onnxruntime:, graph_transformer.cc:15 Apply] GraphTransformer EnsureUniqueDQForNodeUnit modified: 0 with status: OK ebaee2e1-06be-42c6-a7b1-de29475cc753:92:232
2026-10-04 18:53:48.019999 [V:onnxruntime:, graph_transformer_mgr.cc:31 ApplyTransformers] No graph transformers registered for level 0. ebaee2e1-06be-42c6-a7b1-de29475cc753:92:232
2026-10-04 18:53:48.019999 [V:onnxruntime:, graph_transformer_mgr.cc:35 ApplyTransformers] Applying 16 graph transformer(s) for level 1 for up to 10 step(s). ebaee2e1-06be-42c6-a7b1-de29475cc753:92:232
2026-10-04 18:53:48.020999 [V:onnxruntime:, graph_transformer_mgr.cc:43 ApplyTransformers] Graph transformer step 1 of 10 for level 1 started. ebaee2e1-06be-42c6-a7b1-de29475cc753:92:232
2026-10-04 18:53:48.020999 [V:onnxruntime:, graph_transformer_mgr.cc:55 ApplyTransformers] Applying graph transformer Level1_RuleBasedTransformer on step 1. ebaee2e1-06be-42c6-a7b1-de29475cc753:92:232
2026-10-04 18:53:48.024999 [I:onnxruntime:, graph_transformer.cc:15 Apply] GraphTransformer Level1_RuleBasedTransformer modified: 1 with status: OK ebaee2e1-06be-42c6-a7b1-de29475cc753:92:232
2026-10-04 18:53:48.066998 [I:onnxruntime:, graph.cc:5610 CleanUnusedInitializersAndNodeArgs] Removing initializer '/model/layers.11/self_attn/k_norm/Constant_2_output_0'. It is no longer used by any node. ebaee2e1-06be-42c6-a7b1-de29475cc753:92:232
2026-10-04 18:53:48.067999 [I:onnxruntime:, graph.cc:5610 CleanUnusedInitializersAndNodeArgs] Removing initializer '/model/layers.11/self_attn/q_norm/Constant_2_output_0'. It is no longer used by any node. ebaee2e1-06be-42c6-a7b1-de29475cc753:92:232
2026-10-04 18:53:48.067999 [I:onnxruntime:, graph.cc:5610 CleanUnusedInitializersAndNodeArgs] Removing initializer '/model/layers.11/input_layernorm/Constant_2_output_0'. It is no longer used by any node. ebaee2e1-06be-42c6-a7b1-de29475cc753:92:232
2026-10-04 18:53:48.067999 [I:onnxruntime:, graph.cc:5610 CleanUnusedInitializersAndNodeArgs] Removing initializer '/model/layers.10/post_attention_layernorm/Constant_2_output_0'. It is no longer used by any node. ebaee2e1-06be-42c6-a7b1-de29475cc753:92:232
2026-10-04 18:53:48.067999 [I:onnxruntime:, graph.cc:5610 CleanUnusedInitializersAndNodeArgs] Removing initializer '/model/layers.10/self_attn/k_norm/Constant_2_output_0'. It is no longer used by any node. ebaee2e1-06be-42c6-a7b1-de29475cc753:92:232
2026-10-04 18:53:48.068999 [I:onnxruntime:, graph.cc:5610 CleanUnusedInitializersAndNodeArgs] Removing initializer '/model/layers.10/self_attn/q_norm/Constant_2_output_0'. It is no longer used by any node. ebaee2e1-06be-42c6-a7b1-de29475cc753:92:232
2026-10-04 18:53:48.068999 [I:onnxruntime:, graph.cc:5610 CleanUnusedInitializersAndNodeArgs] Removing initializer '/model/layers.9/self_attn/q_norm/Constant_2_output_0'. It is no longer used by any node. ebaee2e1-06be-42c6-a7b1-de29475cc753:92:232
2026-10-04 18:53:48.068999 [I:onnxruntime:, graph.cc:5610 CleanUnusedInitializersAndNodeArgs] Removing initializer '/model/layers.8/post_attention_layernorm/Constant_2_output_0'. It is no longer used by any node. ebaee2e1-06be-42c6-a7b1-de29475cc753:92:232
2026-10-04 18:53:48.068999 [I:onnxruntime:, graph.cc:5610 CleanUnusedInitializersAndNodeArgs] Removing initializer '/model/layers.8/self_attn/k_norm/Constant_2_output_0'. It is no longer used by any node. ebaee2e1-06be-42c6-a7b1-de29475cc753:92:232
2026-10-04 18:53:48.069998 [I:onnxruntime:, graph.cc:5610 CleanUnusedInitializersAndNodeArgs] Removing initializer '/model/layers.8/input_layernorm/Constant_2_output_0'. It is no longer used by any node. ebaee2e1-06be-42c6-a7b1-de29475cc753:92:232
2026-10-04 18:53:48.069998 [I:onnxruntime:, graph.cc:5610 CleanUnusedInitializersAndNodeArgs] Removing initializer '/model/layers.7/self_attn/k_norm/Constant_2_output_0'. It is no longer used by any node. ebaee2e1-06be-42c6-a7b1-de29475cc753:92:232
2026-10-04 18:53:48.069998 [I:onnxruntime:, graph.cc:5610 CleanUnusedInitializersAndNodeArgs] Removing initializer '/model/layers.7/self_attn/q_norm/Constant_2_output_0'. It is no longer used by any node. ebaee2e1-06be-42c6-a7b1-de29475cc753:92:232
2026-10-04 18:53:48.069998 [I:onnxruntime:, graph.cc:5610 CleanUnusedInitializersAndNodeArgs] Removing initializer '/model/layers.7/input_layernorm/Constant_2_output_0'. It is no longer used by any node. ebaee2e1-06be-42c6-a7b1-de29475cc753:92:232
2026-10-04 18:53:48.070999 [I:onnxruntime:, graph.cc:5610 CleanUnusedInitializersAndNodeArgs] Removing initializer '/model/layers.9/post_attention_layernorm/Constant_2_output_0'. It is no longer used by any node. ebaee2e1-06be-42c6-a7b1-de29475cc753:92:232
2026-10-04 18:53:48.070999 [I:onnxruntime:, graph.cc:5610 CleanUnusedInitializersAndNodeArgs] Removing initializer '/model/layers.6/self_attn/k_norm/Constant_2_output_0'. It is no longer used by any node. ebaee2e1-06be-42c6-a7b1-de29475cc753:92:232
2026-10-04 18:53:48.070999 [I:onnxruntime:, graph.cc:5610 CleanUnusedInitializersAndNodeArgs] Removing initializer '/model/layers.6/self_attn/q_norm/Constant_2_output_0'. It is no longer used by any node. ebaee2e1-06be-42c6-a7b1-de29475cc753:92:232
2026-10-04 18:53:48.071999 [I:onnxruntime:, graph.cc:5610 CleanUnusedInitializersAndNodeArgs] Removing initializer '/model/layers.6/input_layernorm/Constant_2_output_0'. It is no longer used by any node. ebaee2e1-06be-42c6-a7b1-de29475cc753:92:232
2026-10-04 18:53:48.071999 [I:onnxruntime:, graph.cc:5610 CleanUnusedInitializersAndNodeArgs] Removing initializer '/model/layers.5/post_attention_layernorm/Constant_2_output_0'. It is no longer used by any node. ebaee2e1-06be-42c6-a7b1-de29475cc753:92:232
2026-10-04 18:53:48.071999 [I:onnxruntime:, graph.cc:5610 CleanUnusedInitializersAndNodeArgs] Removing initializer '/model/layers.7/post_attention_layernorm/Constant_2_output_0'. It is no longer used by any node. ebaee2e1-06be-42c6-a7b1-de29475cc753:92:232
2026-10-04 18:53:48.072999 [I:onnxruntime:, graph.cc:5610 CleanUnusedInitializersAndNodeArgs] Removing initializer '/model/layers.5/self_attn/k_norm/Constant_2_output_0'. It is no longer used by any node. ebaee2e1-06be-42c6-a7b1-de29475cc753:92:232
2026-10-04 18:53:48.072999 [I:onnxruntime:, graph.cc:5610 CleanUnusedInitializersAndNodeArgs] Removing initializer '/model/layers.5/self_attn/q_norm/Constant_2_output_0'. It is no longer used by any node. ebaee2e1-06be-42c6-a7b1-de29475cc753:92:232
2026-10-04 18:53:48.072999 [I:onnxruntime:, graph.cc:5610 CleanUnusedInitializersAndNodeArgs] Removing initializer '/model/layers.5/input_layernorm/Constant_2_output_0'. It is no longer used by any node. ebaee2e1-06be-42c6-a7b1-de29475cc753:92:232
2026-10-04 18:53:48.072999 [I:onnxruntime:, graph.cc:5610 CleanUnusedInitializersAndNodeArgs] Removing initializer '/model/layers.4/post_attention_layernorm/Constant_2_output_0'. It is no longer used by any node. ebaee2e1-06be-42c6-a7b1-de29475cc753:92:232
2026-10-04 18:53:48.073998 [I:onnxruntime:, graph.cc:5610 CleanUnusedInitializersAndNodeArgs] Removing initializer '/model/layers.4/self_attn/k_norm/Constant_2_output_0'. It is no longer used by any node. ebaee2e1-06be-42c6-a7b1-de29475cc753:92:232
2026-10-04 18:53:48.073998 [I:onnxruntime:, graph.cc:5610 CleanUnusedInitializersAndNodeArgs] Removing initializer '/model/layers.4/self_attn/q_norm/Constant_2_output_0'. It is no longer used by any node. ebaee2e1-06be-42c6-a7b1-de29475cc753:92:232
2026-10-04 18:53:48.074998 [I:onnxruntime:, graph.cc:5610 CleanUnusedInitializersAndNodeArgs] Removing initializer '/model/layers.3/post_attention_layernorm/Constant_2_output_0'. It is no longer used by any node. ebaee2e1-06be-42c6-a7b1-de29475cc753:92:232
2026-10-04 18:53:48.074998 [I:onnxruntime:, graph.cc:5610 CleanUnusedInitializersAndNodeArgs] Removing initializer '/model/layers.2/self_attn/k_norm/Constant_2_output_0'. It is no longer used by any node. ebaee2e1-06be-42c6-a7b1-de29475cc753:92:232
2026-10-04 18:53:48.075999 [I:onnxruntime:, graph.cc:5610 CleanUnusedInitializersAndNodeArgs] Removing initializer '/model/layers.0/self_attn/k_norm/Constant_2_output_0'. It is no longer used by any node. ebaee2e1-06be-42c6-a7b1-de29475cc753:92:232
2026-10-04 18:53:48.076999 [I:onnxruntime:, graph.cc:5610 CleanUnusedInitializersAndNodeArgs] Removing initializer '/model/layers.2/self_attn/q_norm/Constant_2_output_0'. It is no longer used by any node. ebaee2e1-06be-42c6-a7b1-de29475cc753:92:232
2026-10-04 18:53:48.077998 [I:onnxruntime:, graph.cc:5610 CleanUnusedInitializersAndNodeArgs] Removing initializer '/model/layers.1/post_attention_layernorm/Constant_2_output_0'. It is no longer used by any node. ebaee2e1-06be-42c6-a7b1-de29475cc753:92:232
2026-10-04 18:53:48.078999 [I:onnxruntime:, graph.cc:5610 CleanUnusedInitializersAndNodeArgs] Removing initializer '/model/layers.3/self_attn/q_norm/Constant_2_output_0'. It is no longer used by any node. ebaee2e1-06be-42c6-a7b1-de29475cc753:92:232
2026-10-04 18:53:48.079999 [I:onnxruntime:, graph.cc:5610 CleanUnusedInitializersAndNodeArgs] Removing initializer '/model/layers.3/self_attn/k_norm/Constant_2_output_0'. It is no longer used by any node. ebaee2e1-06be-42c6-a7b1-de29475cc753:92:232
2026-10-04 18:53:48.080999 [I:onnxruntime:, graph.cc:5610 CleanUnusedInitializersAndNodeArgs] Removing initializer '/model/layers.2/input_layernorm/Constant_2_output_0'. It is no longer used by any node. ebaee2e1-06be-42c6-a7b1-de29475cc753:92:232
2026-10-04 18:53:48.082998 [I:onnxruntime:, graph.cc:5610 CleanUnusedInitializersAndNodeArgs] Removing initializer '/model/layers.0/post_attention_layernorm/Constant_2_output_0'. It is no longer used by any node. ebaee2e1-06be-42c6-a7b1-de29475cc753:92:232
2026-10-04 18:53:48.083999 [I:onnxruntime:, graph.cc:5610 CleanUnusedInitializersAndNodeArgs] Removing initializer '/model/layers.6/post_attention_layernorm/Constant_2_output_0'. It is no longer used by any node. ebaee2e1-06be-42c6-a7b1-de29475cc753:92:232
2026-10-04 18:53:48.086999 [I:onnxruntime:, graph.cc:5610 CleanUnusedInitializersAndNodeArgs] Removing initializer '/model/layers.0/self_attn/q_norm/Constant_2_output_0'. It is no longer used by any node. ebaee2e1-06be-42c6-a7b1-de29475cc753:92:232
2026-10-04 18:53:48.087999 [I:onnxruntime:, graph.cc:5610 CleanUnusedInitializersAndNodeArgs] Removing initializer '/model/layers.3/input_layernorm/Constant_2_output_0'. It is no longer used by any node. ebaee2e1-06be-42c6-a7b1-de29475cc753:92:232
2026-10-04 18:53:48.088999 [I:onnxruntime:, graph.cc:5610 CleanUnusedInitializersAndNodeArgs] Removing initializer '/model/layers.0/input_layernorm/Constant_2_output_0'. It is no longer used by any node. ebaee2e1-06be-42c6-a7b1-de29475cc753:92:232
2026-10-04 18:53:48.088999 [I:onnxruntime:, graph.cc:5610 CleanUnusedInitializersAndNodeArgs] Removing initializer '/model/layers.9/self_attn/k_norm/Constant_2_output_0'. It is no longer used by any node. ebaee2e1-06be-42c6-a7b1-de29475cc753:92:232
2026-10-04 18:53:48.089998 [I:onnxruntime:, graph.cc:5610 CleanUnusedInitializersAndNodeArgs] Removing initializer '/model/rotary_emb/Constant_7_output_0'. It is no longer used by any node. ebaee2e1-06be-42c6-a7b1-de29475cc753:92:232
2026-10-04 18:53:48.089998 [I:onnxruntime:, graph.cc:5610 CleanUnusedInitializersAndNodeArgs] Removing initializer '/model/layers.2/post_attention_layernorm/Constant_2_output_0'. It is no longer used by any node. ebaee2e1-06be-42c6-a7b1-de29475cc753:92:232
2026-10-04 18:53:48.090998 [I:onnxruntime:, graph.cc:5610 CleanUnusedInitializersAndNodeArgs] Removing initializer '/model/layers.4/input_layernorm/Constant_2_output_0'. It is no longer used by any node. ebaee2e1-06be-42c6-a7b1-de29475cc753:92:232
2026-10-04 18:53:48.090998 [I:onnxruntime:, graph.cc:5610 CleanUnusedInitializersAndNodeArgs] Removing initializer '/model/layers.11/post_attention_layernorm/Constant_2_output_0'. It is no longer used by any node. ebaee2e1-06be-42c6-a7b1-de29475cc753:92:232
2026-10-04 18:53:48.090998 [I:onnxruntime:, graph.cc:5610 CleanUnusedInitializersAndNodeArgs] Removing initializer '/model/layers.10/input_layernorm/Constant_2_output_0'. It is no longer used by any node. ebaee2e1-06be-42c6-a7b1-de29475cc753:92:232
2026-10-04 18:53:48.091999 [I:onnxruntime:, graph.cc:5610 CleanUnusedInitializersAndNodeArgs] Removing initializer '/model/layers.1/self_attn/q_norm/Constant_2_output_0'. It is no longer used by any node. ebaee2e1-06be-42c6-a7b1-de29475cc753:92:232
2026-10-04 18:53:48.091999 [I:onnxruntime:, graph.cc:5610 CleanUnusedInitializersAndNodeArgs] Removing initializer '/model/norm/Constant_2_output_0'. It is no longer used by any node. ebaee2e1-06be-42c6-a7b1-de29475cc753:92:232
2026-10-04 18:53:48.092999 [I:onnxruntime:, graph.cc:5610 CleanUnusedInitializersAndNodeArgs] Removing initializer '/model/layers.1/input_layernorm/Constant_2_output_0'. It is no longer used by any node. ebaee2e1-06be-42c6-a7b1-de29475cc753:92:232
2026-10-04 18:53:48.092999 [I:onnxruntime:, graph.cc:5610 CleanUnusedInitializersAndNodeArgs] Removing initializer '/model/layers.9/input_layernorm/Constant_2_output_0'. It is no longer used by any node. ebaee2e1-06be-42c6-a7b1-de29475cc753:92:232
2026-10-04 18:53:48.092999 [I:onnxruntime:, graph.cc:5610 CleanUnusedInitializersAndNodeArgs] Removing initializer '/model/layers.1/self_attn/k_norm/Constant_2_output_0'. It is no longer used by any node. ebaee2e1-06be-42c6-a7b1-de29475cc753:92:232
2026-10-04 18:53:48.093998 [I:onnxruntime:, graph.cc:5610 CleanUnusedInitializersAndNodeArgs] Removing initializer '/model/rotary_emb/Constant_8_output_0'. It is no longer used by any node. ebaee2e1-06be-42c6-a7b1-de29475cc753:92:232
2026-10-04 18:53:48.093998 [I:onnxruntime:, graph.cc:5610 CleanUnusedInitializersAndNodeArgs] Removing initializer '/model/layers.8/self_attn/q_norm/Constant_2_output_0'. It is no longer used by any node. ebaee2e1-06be-42c6-a7b1-de29475cc753:92:232
2026-10-04 18:53:48.095999 [V:onnxruntime:, graph_transformer_mgr.cc:55 ApplyTransformers] Applying graph transformer DoubleQDQPairsRemover on step 1. ebaee2e1-06be-42c6-a7b1-de29475cc753:92:232
2026-10-04 18:53:48.099999 [I:onnxruntime:, graph_transformer.cc:15 Apply] GraphTransformer DoubleQDQPairsRemover modified: 0 with status: OK ebaee2e1-06be-42c6-a7b1-de29475cc753:92:232
2026-10-04 18:53:48.099999 [V:onnxruntime:, graph_transformer_mgr.cc:55 ApplyTransformers] Applying graph transformer ConstantSharing on step 1. ebaee2e1-06be-42c6-a7b1-de29475cc753:92:232
2026-10-04 18:53:48.139999 [I:onnxruntime:, constant_sharing.cc:248 ApplyImpl] Total shared scalar initializer count: 1086 ebaee2e1-06be-42c6-a7b1-de29475cc753:92:232
2026-10-04 18:53:48.139999 [I:onnxruntime:, graph_transformer.cc:15 Apply] GraphTransformer ConstantSharing modified: 1 with status: OK ebaee2e1-06be-42c6-a7b1-de29475cc753:92:232
2026-10-04 18:53:48.181998 [V:onnxruntime:, graph_transformer_mgr.cc:55 ApplyTransformers] Applying graph transformer CommonSubexpressionElimination on step 1. ebaee2e1-06be-42c6-a7b1-de29475cc753:92:232
2026-10-04 18:53:48.187999 [I:onnxruntime:, graph_transformer.cc:15 Apply] GraphTransformer CommonSubexpressionElimination modified: 1 with status: OK ebaee2e1-06be-42c6-a7b1-de29475cc753:92:232
2026-10-04 18:53:48.233998 [V:onnxruntime:, graph_transformer_mgr.cc:55 ApplyTransformers] Applying graph transformer ConstantFolding on step 1. ebaee2e1-06be-42c6-a7b1-de29475cc753:92:232
2026-10-04 18:53:48.282998 [I:onnxruntime:, graph_transformer.cc:15 Apply] GraphTransformer ConstantFolding modified: 1 with status: OK ebaee2e1-06be-42c6-a7b1-de29475cc753:92:232
2026-10-04 18:53:48.324999 [I:onnxruntime:, graph.cc:5610 CleanUnusedInitializersAndNodeArgs] Removing initializer '/model/layers.11/self_attn/Shape_13_output_0'. It is no longer used by any node. ebaee2e1-06be-42c6-a7b1-de29475cc753:92:232
2026-10-04 18:53:48.325998 [I:onnxruntime:, graph.cc:5610 CleanUnusedInitializersAndNodeArgs] Removing initializer '/model/layers.11/self_attn/Shape_8_output_0'. It is no longer used by any node. ebaee2e1-06be-42c6-a7b1-de29475cc753:92:232
2026-10-04 18:53:48.325998 [I:onnxruntime:, graph.cc:5610 CleanUnusedInitializersAndNodeArgs] Removing initializer '/model/layers.10/self_attn/Shape_8_output_0'. It is no longer used by any node. ebaee2e1-06be-42c6-a7b1-de29475cc753:92:232
2026-10-04 18:53:48.325998 [I:onnxruntime:, graph.cc:5610 CleanUnusedInitializersAndNodeArgs] Removing initializer '/model/layers.9/self_attn/Shape_13_output_0'. It is no longer used by any node. ebaee2e1-06be-42c6-a7b1-de29475cc753:92:232
2026-10-04 18:53:48.326999 [I:onnxruntime:, graph.cc:5610 CleanUnusedInitializersAndNodeArgs] Removing initializer '/model/layers.9/self_attn/Shape_8_output_0'. It is no longer used by any node. ebaee2e1-06be-42c6-a7b1-de29475cc753:92:232
2026-10-04 18:53:48.326999 [I:onnxruntime:, graph.cc:5610 CleanUnusedInitializersAndNodeArgs] Removing initializer '/model/layers.8/self_attn/Shape_13_output_0'. It is no longer used by any node. ebaee2e1-06be-42c6-a7b1-de29475cc753:92:232
2026-10-04 18:53:48.326999 [I:onnxruntime:, graph.cc:5610 CleanUnusedInitializersAndNodeArgs] Removing initializer '/model/layers.8/self_attn/Shape_8_output_0'. It is no longer used by any node. ebaee2e1-06be-42c6-a7b1-de29475cc753:92:232
2026-10-04 18:53:48.327999 [I:onnxruntime:, graph.cc:5610 CleanUnusedInitializersAndNodeArgs] Removing initializer '/model/layers.7/self_attn/Shape_13_output_0'. It is no longer used by any node. ebaee2e1-06be-42c6-a7b1-de29475cc753:92:232
2026-10-04 18:53:48.327999 [I:onnxruntime:, graph.cc:5610 CleanUnusedInitializersAndNodeArgs] Removing initializer '/model/layers.7/self_attn/Shape_8_output_0'. It is no longer used by any node. ebaee2e1-06be-42c6-a7b1-de29475cc753:92:232
2026-10-04 18:53:48.328999 [I:onnxruntime:, graph.cc:5610 CleanUnusedInitializersAndNodeArgs] Removing initializer '/model/layers.6/self_attn/Shape_13_output_0'. It is no longer used by any node. ebaee2e1-06be-42c6-a7b1-de29475cc753:92:232
2026-10-04 18:53:48.329998 [I:onnxruntime:, graph.cc:5610 CleanUnusedInitializersAndNodeArgs] Removing initializer '/model/layers.6/self_attn/Shape_8_output_0'. It is no longer used by any node. ebaee2e1-06be-42c6-a7b1-de29475cc753:92:232
2026-10-04 18:53:48.329998 [I:onnxruntime:, graph.cc:5610 CleanUnusedInitializersAndNodeArgs] Removing initializer '/model/layers.5/self_attn/Shape_13_output_0'. It is no longer used by any node. ebaee2e1-06be-42c6-a7b1-de29475cc753:92:232
2026-10-04 18:53:48.330998 [I:onnxruntime:, graph.cc:5610 CleanUnusedInitializersAndNodeArgs] Removing initializer '/model/layers.5/self_attn/Shape_8_output_0'. It is no longer used by any node. ebaee2e1-06be-42c6-a7b1-de29475cc753:92:232
2026-10-04 18:53:48.330998 [I:onnxruntime:, graph.cc:5610 CleanUnusedInitializersAndNodeArgs] Removing initializer '/model/layers.4/self_attn/Shape_13_output_0'. It is no longer used by any node. ebaee2e1-06be-42c6-a7b1-de29475cc753:92:232
2026-10-04 18:53:48.331999 [I:onnxruntime:, graph.cc:5610 CleanUnusedInitializersAndNodeArgs] Removing initializer '/model/layers.3/self_attn/Shape_13_output_0'. It is no longer used by any node. ebaee2e1-06be-42c6-a7b1-de29475cc753:92:232
2026-10-04 18:53:48.331999 [I:onnxruntime:, graph.cc:5610 CleanUnusedInitializersAndNodeArgs] Removing initializer '/model/layers.3/self_attn/Shape_8_output_0'. It is no longer used by any node. ebaee2e1-06be-42c6-a7b1-de29475cc753:92:232
2026-10-04 18:53:48.331999 [I:onnxruntime:, graph.cc:5610 CleanUnusedInitializersAndNodeArgs] Removing initializer '/model/layers.2/self_attn/Shape_13_output_0'. It is no longer used by any node. ebaee2e1-06be-42c6-a7b1-de29475cc753:92:232
2026-10-04 18:53:48.332999 [I:onnxruntime:, graph.cc:5610 CleanUnusedInitializersAndNodeArgs] Removing initializer '/model/layers.2/self_attn/Shape_8_output_0'. It is no longer used by any node. ebaee2e1-06be-42c6-a7b1-de29475cc753:92:232
2026-10-04 18:53:48.332999 [I:onnxruntime:, graph.cc:5610 CleanUnusedInitializersAndNodeArgs] Removing initializer '/model/layers.1/self_attn/Shape_13_output_0'. It is no longer used by any node. ebaee2e1-06be-42c6-a7b1-de29475cc753:92:232
2026-10-04 18:53:48.332999 [I:onnxruntime:, graph.cc:5610 CleanUnusedInitializersAndNodeArgs] Removing initializer '/model/layers.1/self_attn/Shape_8_output_0'. It is no longer used by any node. ebaee2e1-06be-42c6-a7b1-de29475cc753:92:232
2026-10-04 18:53:48.333998 [I:onnxruntime:, graph.cc:5610 CleanUnusedInitializersAndNodeArgs] Removing initializer '/model/layers.0/self_attn/Shape_13_output_0'. It is no longer used by any node. ebaee2e1-06be-42c6-a7b1-de29475cc753:92:232
2026-10-04 18:53:48.333998 [I:onnxruntime:, graph.cc:5610 CleanUnusedInitializersAndNodeArgs] Removing initializer '/model/Shape_6_output_0'. It is no longer used by any node. ebaee2e1-06be-42c6-a7b1-de29475cc753:92:232
2026-10-04 18:53:48.333998 [I:onnxruntime:, graph.cc:5610 CleanUnusedInitializersAndNodeArgs] Removing initializer '/model/layers.0/self_attn/Shape_8_output_0'. It is no longer used by any node. ebaee2e1-06be-42c6-a7b1-de29475cc753:92:232
2026-10-04 18:53:48.333998 [I:onnxruntime:, graph.cc:5610 CleanUnusedInitializersAndNodeArgs] Removing initializer '/model/rotary_emb/Shape_1_output_0'. It is no longer used by any node. ebaee2e1-06be-42c6-a7b1-de29475cc753:92:232
2026-10-04 18:53:48.334999 [I:onnxruntime:, graph.cc:5610 CleanUnusedInitializersAndNodeArgs] Removing initializer '/model/layers.10/self_attn/Shape_13_output_0'. It is no longer used by any node. ebaee2e1-06be-42c6-a7b1-de29475cc753:92:232
2026-10-04 18:53:48.334999 [I:onnxruntime:, graph.cc:5610 CleanUnusedInitializersAndNodeArgs] Removing initializer '/model/layers.11/self_attn/Constant_39_output_0'. It is no longer used by any node. ebaee2e1-06be-42c6-a7b1-de29475cc753:92:232
2026-10-04 18:53:48.334999 [I:onnxruntime:, graph.cc:5610 CleanUnusedInitializersAndNodeArgs] Removing initializer '/model/layers.4/self_attn/Shape_8_output_0'. It is no longer used by any node. ebaee2e1-06be-42c6-a7b1-de29475cc753:92:232
2026-10-04 18:53:48.335999 [I:onnxruntime:, graph.cc:5610 CleanUnusedInitializersAndNodeArgs] Removing initializer '/model/Constant_18_output_0'. It is no longer used by any node. ebaee2e1-06be-42c6-a7b1-de29475cc753:92:232
2026-10-04 18:53:48.336999 [V:onnxruntime:, graph_transformer_mgr.cc:55 ApplyTransformers] Applying graph transformer MatMulAddFusion on step 1. ebaee2e1-06be-42c6-a7b1-de29475cc753:92:232
2026-10-04 18:53:48.337998 [I:onnxruntime:, graph_transformer.cc:15 Apply] GraphTransformer MatMulAddFusion modified: 0 with status: OK ebaee2e1-06be-42c6-a7b1-de29475cc753:92:232
2026-10-04 18:53:48.338998 [V:onnxruntime:, graph_transformer_mgr.cc:55 ApplyTransformers] Applying graph transformer ReshapeFusion on step 1. ebaee2e1-06be-42c6-a7b1-de29475cc753:92:232
2026-10-04 18:53:48.340999 [I:onnxruntime:, graph_transformer.cc:15 Apply] GraphTransformer ReshapeFusion modified: 0 with status: OK ebaee2e1-06be-42c6-a7b1-de29475cc753:92:232
2026-10-04 18:53:48.340999 [V:onnxruntime:, graph_transformer_mgr.cc:55 ApplyTransformers] Applying graph transformer FreeDimensionOverrideTransformer on step 1. ebaee2e1-06be-42c6-a7b1-de29475cc753:92:232
2026-10-04 18:53:48.340999 [I:onnxruntime:, graph_transformer.cc:15 Apply] GraphTransformer FreeDimensionOverrideTransformer modified: 0 with status: OK ebaee2e1-06be-42c6-a7b1-de29475cc753:92:232
2026-10-04 18:53:48.340999 [V:onnxruntime:, graph_transformer_mgr.cc:55 ApplyTransformers] Applying graph transformer SliceConcatToSpaceToDepthFusion on step 1. ebaee2e1-06be-42c6-a7b1-de29475cc753:92:232
2026-10-04 18:53:48.341998 [I:onnxruntime:, graph_transformer.cc:15 Apply] GraphTransformer SliceConcatToSpaceToDepthFusion modified: 0 with status: OK ebaee2e1-06be-42c6-a7b1-de29475cc753:92:232
2026-10-04 18:53:48.341998 [V:onnxruntime:, graph_transformer_mgr.cc:55 ApplyTransformers] Applying graph transformer GeluFusionL1 on step 1. ebaee2e1-06be-42c6-a7b1-de29475cc753:92:232
2026-10-04 18:53:48.342999 [I:onnxruntime:, graph_transformer.cc:15 Apply] GraphTransformer GeluFusionL1 modified: 0 with status: OK ebaee2e1-06be-42c6-a7b1-de29475cc753:92:232
2026-10-04 18:53:48.342999 [V:onnxruntime:, graph_transformer_mgr.cc:55 ApplyTransformers] Applying graph transformer LayerNormFusionL1 on step 1. ebaee2e1-06be-42c6-a7b1-de29475cc753:92:232
2026-10-04 18:53:48.343999 [I:onnxruntime:, graph_transformer.cc:15 Apply] GraphTransformer LayerNormFusionL1 modified: 0 with status: OK ebaee2e1-06be-42c6-a7b1-de29475cc753:92:232
2026-10-04 18:53:48.344999 [V:onnxruntime:, graph_transformer_mgr.cc:55 ApplyTransformers] Applying graph transformer QDQPropagationTransformer on step 1. ebaee2e1-06be-42c6-a7b1-de29475cc753:92:232
2026-10-04 18:53:48.345998 [I:onnxruntime:, graph_transformer.cc:15 Apply] GraphTransformer QDQPropagationTransformer modified: 0 with status: OK ebaee2e1-06be-42c6-a7b1-de29475cc753:92:232
2026-10-04 18:53:48.345998 [V:onnxruntime:, graph_transformer_mgr.cc:55 ApplyTransformers] Applying graph transformer WeightBiasQuantization on step 1. ebaee2e1-06be-42c6-a7b1-de29475cc753:92:232
2026-10-04 18:53:48.347999 [I:onnxruntime:, graph_transformer.cc:15 Apply] GraphTransformer WeightBiasQuantization modified: 0 with status: OK ebaee2e1-06be-42c6-a7b1-de29475cc753:92:232
2026-10-04 18:53:48.347999 [V:onnxruntime:, graph_transformer_mgr.cc:55 ApplyTransformers] Applying graph transformer EnsureUniqueDQForNodeUnit on step 1. ebaee2e1-06be-42c6-a7b1-de29475cc753:92:232
2026-10-04 18:53:48.349998 [I:onnxruntime:, graph_transformer.cc:15 Apply] GraphTransformer EnsureUniqueDQForNodeUnit modified: 0 with status: OK ebaee2e1-06be-42c6-a7b1-de29475cc753:92:232
2026-10-04 18:53:48.349998 [V:onnxruntime:, graph_transformer_mgr.cc:55 ApplyTransformers] Applying graph transformer WhereDummyDq on step 1. ebaee2e1-06be-42c6-a7b1-de29475cc753:92:232
2026-10-04 18:53:48.350999 [I:onnxruntime:, graph_transformer.cc:15 Apply] GraphTransformer WhereDummyDq modified: 0 with status: OK ebaee2e1-06be-42c6-a7b1-de29475cc753:92:232
2026-10-04 18:53:48.351999 [V:onnxruntime:, graph_transformer_mgr.cc:55 ApplyTransformers] Applying graph transformer TransposeOptimizer on step 1. ebaee2e1-06be-42c6-a7b1-de29475cc753:92:232
2026-10-04 18:53:48.359999 [I:onnxruntime:, graph_transformer.cc:15 Apply] GraphTransformer TransposeOptimizer modified: 1 with status: OK ebaee2e1-06be-42c6-a7b1-de29475cc753:92:232
2026-10-04 18:53:48.389998 [I:onnxruntime:, graph.cc:5673 CleanUnusedInitializersAndNodeArgs] Removing NodeArg 'Gather_token_45_out0'. It is no longer used by any node. ebaee2e1-06be-42c6-a7b1-de29475cc753:92:232
2026-10-04 18:53:48.389998 [I:onnxruntime:, graph.cc:5673 CleanUnusedInitializersAndNodeArgs] Removing NodeArg 'Gather_token_43_out0'. It is no longer used by any node. ebaee2e1-06be-42c6-a7b1-de29475cc753:92:232
2026-10-04 18:53:48.390999 [I:onnxruntime:, graph.cc:5673 CleanUnusedInitializersAndNodeArgs] Removing NodeArg 'Gather_token_41_out0'. It is no longer used by any node. ebaee2e1-06be-42c6-a7b1-de29475cc753:92:232
2026-10-04 18:53:48.390999 [I:onnxruntime:, graph.cc:5673 CleanUnusedInitializersAndNodeArgs] Removing NodeArg 'Gather_token_37_out0'. It is no longer used by any node. ebaee2e1-06be-42c6-a7b1-de29475cc753:92:232
2026-10-04 18:53:48.390999 [I:onnxruntime:, graph.cc:5673 CleanUnusedInitializersAndNodeArgs] Removing NodeArg 'Gather_token_31_out0'. It is no longer used by any node. ebaee2e1-06be-42c6-a7b1-de29475cc753:92:232
2026-10-04 18:53:48.390999 [I:onnxruntime:, graph.cc:5673 CleanUnusedInitializersAndNodeArgs] Removing NodeArg 'Gather_token_29_out0'. It is no longer used by any node. ebaee2e1-06be-42c6-a7b1-de29475cc753:92:232
2026-10-04 18:53:48.391999 [I:onnxruntime:, graph.cc:5673 CleanUnusedInitializersAndNodeArgs] Removing NodeArg 'Gather_token_21_out0'. It is no longer used by any node. ebaee2e1-06be-42c6-a7b1-de29475cc753:92:232
2026-10-04 18:53:48.391999 [I:onnxruntime:, graph.cc:5673 CleanUnusedInitializersAndNodeArgs] Removing NodeArg 'Gather_token_17_out0'. It is no longer used by any node. ebaee2e1-06be-42c6-a7b1-de29475cc753:92:232
2026-10-04 18:53:48.391999 [I:onnxruntime:, graph.cc:5673 CleanUnusedInitializersAndNodeArgs] Removing NodeArg 'Gather_token_13_out0'. It is no longer used by any node. ebaee2e1-06be-42c6-a7b1-de29475cc753:92:232
2026-10-04 18:53:48.392999 [I:onnxruntime:, graph.cc:5673 CleanUnusedInitializersAndNodeArgs] Removing NodeArg 'Gather_token_11_out0'. It is no longer used by any node. ebaee2e1-06be-42c6-a7b1-de29475cc753:92:232
2026-10-04 18:53:48.392999 [I:onnxruntime:, graph.cc:5673 CleanUnusedInitializersAndNodeArgs] Removing NodeArg 'Gather_token_5_out0'. It is no longer used by any node. ebaee2e1-06be-42c6-a7b1-de29475cc753:92:232
2026-10-04 18:53:48.393998 [I:onnxruntime:, graph.cc:5673 CleanUnusedInitializersAndNodeArgs] Removing NodeArg 'Gather_token_3_out0'. It is no longer used by any node. ebaee2e1-06be-42c6-a7b1-de29475cc753:92:232
2026-10-04 18:53:48.393998 [I:onnxruntime:, graph.cc:5673 CleanUnusedInitializersAndNodeArgs] Removing NodeArg 'Transpose_out0'. It is no longer used by any node. ebaee2e1-06be-42c6-a7b1-de29475cc753:92:232
2026-10-04 18:53:48.393998 [I:onnxruntime:, graph.cc:5673 CleanUnusedInitializersAndNodeArgs] Removing NodeArg 'Gather_out0'. It is no longer used by any node. ebaee2e1-06be-42c6-a7b1-de29475cc753:92:232
2026-10-04 18:53:48.393998 [I:onnxruntime:, graph.cc:5673 CleanUnusedInitializersAndNodeArgs] Removing NodeArg 'Gather_token_1_out0'. It is no longer used by any node. ebaee2e1-06be-42c6-a7b1-de29475cc753:92:232
2026-10-04 18:53:48.394998 [I:onnxruntime:, graph.cc:5673 CleanUnusedInitializersAndNodeArgs] Removing NodeArg 'Gather_token_7_out0'. It is no longer used by any node. ebaee2e1-06be-42c6-a7b1-de29475cc753:92:232
2026-10-04 18:53:48.394998 [I:onnxruntime:, graph.cc:5673 CleanUnusedInitializersAndNodeArgs] Removing NodeArg 'Gather_token_23_out0'. It is no longer used by any node. ebaee2e1-06be-42c6-a7b1-de29475cc753:92:232
2026-10-04 18:53:48.394998 [I:onnxruntime:, graph.cc:5673 CleanUnusedInitializersAndNodeArgs] Removing NodeArg 'Gather_token_9_out0'. It is no longer used by any node. ebaee2e1-06be-42c6-a7b1-de29475cc753:92:232
2026-10-04 18:53:48.395999 [I:onnxruntime:, graph.cc:5673 CleanUnusedInitializersAndNodeArgs] Removing NodeArg 'Gather_token_35_out0'. It is no longer used by any node. ebaee2e1-06be-42c6-a7b1-de29475cc753:92:232
2026-10-04 18:53:48.395999 [I:onnxruntime:, graph.cc:5673 CleanUnusedInitializersAndNodeArgs] Removing NodeArg 'Gather_token_33_out0'. It is no longer used by any node. ebaee2e1-06be-42c6-a7b1-de29475cc753:92:232
2026-10-04 18:53:48.396999 [I:onnxruntime:, graph.cc:5673 CleanUnusedInitializersAndNodeArgs] Removing NodeArg 'Gather_token_15_out0'. It is no longer used by any node. ebaee2e1-06be-42c6-a7b1-de29475cc753:92:232
2026-10-04 18:53:48.396999 [I:onnxruntime:, graph.cc:5673 CleanUnusedInitializersAndNodeArgs] Removing NodeArg 'Gather_token_39_out0'. It is no longer used by any node. ebaee2e1-06be-42c6-a7b1-de29475cc753:92:232
2026-10-04 18:53:48.397998 [I:onnxruntime:, graph.cc:5673 CleanUnusedInitializersAndNodeArgs] Removing NodeArg 'Gather_token_25_out0'. It is no longer used by any node. ebaee2e1-06be-42c6-a7b1-de29475cc753:92:232
2026-10-04 18:53:48.397998 [I:onnxruntime:, graph.cc:5673 CleanUnusedInitializersAndNodeArgs] Removing NodeArg 'Gather_token_19_out0'. It is no longer used by any node. ebaee2e1-06be-42c6-a7b1-de29475cc753:92:232
2026-10-04 18:53:48.397998 [I:onnxruntime:, graph.cc:5673 CleanUnusedInitializersAndNodeArgs] Removing NodeArg 'Gather_token_27_out0'. It is no longer used by any node. ebaee2e1-06be-42c6-a7b1-de29475cc753:92:232
2026-10-04 18:53:48.398999 [V:onnxruntime:, graph_transformer_mgr.cc:62 ApplyTransformers] Graph transformer step 1 of 10 for level 1 completed. graph_changed: 1. ebaee2e1-06be-42c6-a7b1-de29475cc753:92:232
2026-10-04 18:53:48.398999 [V:onnxruntime:, graph_transformer_mgr.cc:43 ApplyTransformers] Graph transformer step 2 of 10 for level 1 started. ebaee2e1-06be-42c6-a7b1-de29475cc753:92:232
2026-10-04 18:53:48.398999 [V:onnxruntime:, graph_transformer_mgr.cc:55 ApplyTransformers] Applying graph transformer Level1_RuleBasedTransformer on step 2. ebaee2e1-06be-42c6-a7b1-de29475cc753:92:232
2026-10-04 18:53:48.400999 [I:onnxruntime:, graph_transformer.cc:15 Apply] GraphTransformer Level1_RuleBasedTransformer modified: 0 with status: OK ebaee2e1-06be-42c6-a7b1-de29475cc753:92:232
2026-10-04 18:53:48.401998 [V:onnxruntime:, graph_transformer_mgr.cc:55 ApplyTransformers] Applying graph transformer DoubleQDQPairsRemover on step 2. ebaee2e1-06be-42c6-a7b1-de29475cc753:92:232
2026-10-04 18:53:48.402998 [I:onnxruntime:, graph_transformer.cc:15 Apply] GraphTransformer DoubleQDQPairsRemover modified: 0 with status: OK ebaee2e1-06be-42c6-a7b1-de29475cc753:92:232
2026-10-04 18:53:48.402998 [V:onnxruntime:, graph_transformer_mgr.cc:49 ApplyTransformers] Skipping graph transformer ConstantSharing on step 2 because it should only apply once. ebaee2e1-06be-42c6-a7b1-de29475cc753:92:232
2026-10-04 18:53:48.402998 [V:onnxruntime:, graph_transformer_mgr.cc:55 ApplyTransformers] Applying graph transformer CommonSubexpressionElimination on step 2. ebaee2e1-06be-42c6-a7b1-de29475cc753:92:232
2026-10-04 18:53:48.406999 [I:onnxruntime:, graph_transformer.cc:15 Apply] GraphTransformer CommonSubexpressionElimination modified: 0 with status: OK ebaee2e1-06be-42c6-a7b1-de29475cc753:92:232
2026-10-04 18:53:48.407999 [V:onnxruntime:, graph_transformer_mgr.cc:55 ApplyTransformers] Applying graph transformer ConstantFolding on step 2. ebaee2e1-06be-42c6-a7b1-de29475cc753:92:232
2026-10-04 18:53:48.412999 [I:onnxruntime:, graph_transformer.cc:15 Apply] GraphTransformer ConstantFolding modified: 0 with status: OK ebaee2e1-06be-42c6-a7b1-de29475cc753:92:232
2026-10-04 18:53:48.414999 [V:onnxruntime:, graph_transformer_mgr.cc:55 ApplyTransformers] Applying graph transformer MatMulAddFusion on step 2. ebaee2e1-06be-42c6-a7b1-de29475cc753:92:232
2026-10-04 18:53:48.417998 [I:onnxruntime:, graph_transformer.cc:15 Apply] GraphTransformer MatMulAddFusion modified: 0 with status: OK ebaee2e1-06be-42c6-a7b1-de29475cc753:92:232
2026-10-04 18:53:48.418998 [V:onnxruntime:, graph_transformer_mgr.cc:55 ApplyTransformers] Applying graph transformer ReshapeFusion on step 2. ebaee2e1-06be-42c6-a7b1-de29475cc753:92:232
2026-10-04 18:53:48.423999 [I:onnxruntime:, graph_transformer.cc:15 Apply] GraphTransformer ReshapeFusion modified: 0 with status: OK ebaee2e1-06be-42c6-a7b1-de29475cc753:92:232
2026-10-04 18:53:48.424999 [V:onnxruntime:, graph_transformer_mgr.cc:55 ApplyTransformers] Applying graph transformer FreeDimensionOverrideTransformer on step 2. ebaee2e1-06be-42c6-a7b1-de29475cc753:92:232
2026-10-04 18:53:48.429998 [I:onnxruntime:, graph_transformer.cc:15 Apply] GraphTransformer FreeDimensionOverrideTransformer modified: 0 with status: OK ebaee2e1-06be-42c6-a7b1-de29475cc753:92:232
2026-10-04 18:53:48.430999 [V:onnxruntime:, graph_transformer_mgr.cc:55 ApplyTransformers] Applying graph transformer SliceConcatToSpaceToDepthFusion on step 2. ebaee2e1-06be-42c6-a7b1-de29475cc753:92:232
2026-10-04 18:53:48.432999 [I:onnxruntime:, graph_transformer.cc:15 Apply] GraphTransformer SliceConcatToSpaceToDepthFusion modified: 0 with status: OK ebaee2e1-06be-42c6-a7b1-de29475cc753:92:232
2026-10-04 18:53:48.432999 [V:onnxruntime:, graph_transformer_mgr.cc:55 ApplyTransformers] Applying graph transformer GeluFusionL1 on step 2. ebaee2e1-06be-42c6-a7b1-de29475cc753:92:232
2026-10-04 18:53:48.433998 [I:onnxruntime:, graph_transformer.cc:15 Apply] GraphTransformer GeluFusionL1 modified: 0 with status: OK ebaee2e1-06be-42c6-a7b1-de29475cc753:92:232
2026-10-04 18:53:48.433998 [V:onnxruntime:, graph_transformer_mgr.cc:55 ApplyTransformers] Applying graph transformer LayerNormFusionL1 on step 2. ebaee2e1-06be-42c6-a7b1-de29475cc753:92:232
2026-10-04 18:53:48.434998 [I:onnxruntime:, graph_transformer.cc:15 Apply] GraphTransformer LayerNormFusionL1 modified: 0 with status: OK ebaee2e1-06be-42c6-a7b1-de29475cc753:92:232
2026-10-04 18:53:48.435999 [V:onnxruntime:, graph_transformer_mgr.cc:55 ApplyTransformers] Applying graph transformer QDQPropagationTransformer on step 2. ebaee2e1-06be-42c6-a7b1-de29475cc753:92:232
2026-10-04 18:53:48.436999 [I:onnxruntime:, graph_transformer.cc:15 Apply] GraphTransformer QDQPropagationTransformer modified: 0 with status: OK ebaee2e1-06be-42c6-a7b1-de29475cc753:92:232
2026-10-04 18:53:48.436999 [V:onnxruntime:, graph_transformer_mgr.cc:55 ApplyTransformers] Applying graph transformer WeightBiasQuantization on step 2. ebaee2e1-06be-42c6-a7b1-de29475cc753:92:232
2026-10-04 18:53:48.437998 [I:onnxruntime:, graph_transformer.cc:15 Apply] GraphTransformer WeightBiasQuantization modified: 0 with status: OK ebaee2e1-06be-42c6-a7b1-de29475cc753:92:232
2026-10-04 18:53:48.437998 [V:onnxruntime:, graph_transformer_mgr.cc:55 ApplyTransformers] Applying graph transformer EnsureUniqueDQForNodeUnit on step 2. ebaee2e1-06be-42c6-a7b1-de29475cc753:92:232
2026-10-04 18:53:48.439999 [I:onnxruntime:, graph_transformer.cc:15 Apply] GraphTransformer EnsureUniqueDQForNodeUnit modified: 0 with status: OK ebaee2e1-06be-42c6-a7b1-de29475cc753:92:232
2026-10-04 18:53:48.439999 [V:onnxruntime:, graph_transformer_mgr.cc:55 ApplyTransformers] Applying graph transformer WhereDummyDq on step 2. ebaee2e1-06be-42c6-a7b1-de29475cc753:92:232
2026-10-04 18:53:48.440999 [I:onnxruntime:, graph_transformer.cc:15 Apply] GraphTransformer WhereDummyDq modified: 0 with status: OK ebaee2e1-06be-42c6-a7b1-de29475cc753:92:232
2026-10-04 18:53:48.440999 [V:onnxruntime:, graph_transformer_mgr.cc:49 ApplyTransformers] Skipping graph transformer TransposeOptimizer on step 2 because it should only apply once. ebaee2e1-06be-42c6-a7b1-de29475cc753:92:232
2026-10-04 18:53:48.441998 [V:onnxruntime:, graph_transformer_mgr.cc:62 ApplyTransformers] Graph transformer step 2 of 10 for level 1 completed. graph_changed: 0. ebaee2e1-06be-42c6-a7b1-de29475cc753:92:232
2026-10-04 18:53:48.441998 [V:onnxruntime:, graph_transformer_mgr.cc:67 ApplyTransformers] Stopping graph transformer iteration for level 1 after step 2 because the graph was not modified. ebaee2e1-06be-42c6-a7b1-de29475cc753:92:232
2026-10-04 18:53:48.443999 [I:onnxruntime:, webgpu_execution_provider.cc:666 GetCapability] webgpu kernel not found in registries for Op type: Gather node name: /model/layers.0/self_attn/Gather_1 ebaee2e1-06be-42c6-a7b1-de29475cc753:92:232
2026-10-04 18:53:48.443999 [I:onnxruntime:, webgpu_execution_provider.cc:666 GetCapability] webgpu kernel not found in registries for Op type: Unsqueeze node name: /model/layers.0/self_attn/Unsqueeze_32 ebaee2e1-06be-42c6-a7b1-de29475cc753:92:232
2026-10-04 18:53:48.444999 [I:onnxruntime:, webgpu_execution_provider.cc:666 GetCapability] webgpu kernel not found in registries for Op type: Gather node name: /model/layers.0/self_attn/Gather ebaee2e1-06be-42c6-a7b1-de29475cc753:92:232
2026-10-04 18:53:48.444999 [I:onnxruntime:, webgpu_execution_provider.cc:666 GetCapability] webgpu kernel not found in registries for Op type: Unsqueeze node name: /model/layers.0/self_attn/Unsqueeze_31 ebaee2e1-06be-42c6-a7b1-de29475cc753:92:232
2026-10-04 18:53:48.446999 [I:onnxruntime:, webgpu_execution_provider.cc:666 GetCapability] webgpu kernel not found in registries for Op type: Concat node name: /model/layers.0/self_attn/Concat_11 ebaee2e1-06be-42c6-a7b1-de29475cc753:92:232
2026-10-04 18:53:48.446999 [I:onnxruntime:, webgpu_execution_provider.cc:666 GetCapability] webgpu kernel not found in registries for Op type: Concat node name: /model/layers.0/self_attn/Concat_1 ebaee2e1-06be-42c6-a7b1-de29475cc753:92:232
2026-10-04 18:53:48.448999 [I:onnxruntime:, webgpu_execution_provider.cc:666 GetCapability] webgpu kernel not found in registries for Op type: Gather node name: Gather ebaee2e1-06be-42c6-a7b1-de29475cc753:92:232
2026-10-04 18:53:48.448999 [I:onnxruntime:, webgpu_execution_provider.cc:666 GetCapability] webgpu kernel not found in registries for Op type: Gather node name: /model/layers.0/self_attn/Gather_3 ebaee2e1-06be-42c6-a7b1-de29475cc753:92:232
2026-10-04 18:53:48.449998 [I:onnxruntime:, webgpu_execution_provider.cc:666 GetCapability] webgpu kernel not found in registries for Op type: Div node name: /model/layers.0/self_attn/Div_1 ebaee2e1-06be-42c6-a7b1-de29475cc753:92:232
2026-10-04 18:53:48.449998 [I:onnxruntime:, webgpu_execution_provider.cc:666 GetCapability] webgpu kernel not found in registries for Op type: Unsqueeze node name: /model/layers.0/self_attn/Unsqueeze_11 ebaee2e1-06be-42c6-a7b1-de29475cc753:92:232
2026-10-04 18:53:48.450998 [I:onnxruntime:, webgpu_execution_provider.cc:666 GetCapability] webgpu kernel not found in registries for Op type: Unsqueeze node name: /model/rotary_emb/Unsqueeze_1 ebaee2e1-06be-42c6-a7b1-de29475cc753:92:232
2026-10-04 18:53:48.450998 [I:onnxruntime:, webgpu_execution_provider.cc:666 GetCapability] webgpu kernel not found in registries for Op type: Cast node name: /model/rotary_emb/Cast_1 ebaee2e1-06be-42c6-a7b1-de29475cc753:92:232
2026-10-04 18:53:48.451999 [I:onnxruntime:, webgpu_execution_provider.cc:666 GetCapability] webgpu kernel not found in registries for Op type: Shape node name: /model/rotary_emb/Shape ebaee2e1-06be-42c6-a7b1-de29475cc753:92:232
2026-10-04 18:53:48.451999 [I:onnxruntime:, webgpu_execution_provider.cc:666 GetCapability] webgpu kernel not found in registries for Op type: Gather node name: /model/rotary_emb/Gather ebaee2e1-06be-42c6-a7b1-de29475cc753:92:232
2026-10-04 18:53:48.452999 [I:onnxruntime:, webgpu_execution_provider.cc:666 GetCapability] webgpu kernel not found in registries for Op type: Unsqueeze node name: /model/rotary_emb/Unsqueeze ebaee2e1-06be-42c6-a7b1-de29475cc753:92:232
2026-10-04 18:53:48.452999 [I:onnxruntime:, webgpu_execution_provider.cc:666 GetCapability] webgpu kernel not found in registries for Op type: Concat node name: /model/rotary_emb/Concat ebaee2e1-06be-42c6-a7b1-de29475cc753:92:232
2026-10-04 18:53:48.452999 [I:onnxruntime:, webgpu_execution_provider.cc:666 GetCapability] webgpu kernel not found in registries for Op type: Reshape node name: /model/rotary_emb/Reshape ebaee2e1-06be-42c6-a7b1-de29475cc753:92:232
2026-10-04 18:53:48.453998 [I:onnxruntime:, webgpu_execution_provider.cc:666 GetCapability] webgpu kernel not found in registries for Op type: Equal node name: /model/rotary_emb/Equal ebaee2e1-06be-42c6-a7b1-de29475cc753:92:232
2026-10-04 18:53:48.453998 [I:onnxruntime:, webgpu_execution_provider.cc:666 GetCapability] webgpu kernel not found in registries for Op type: Where node name: /model/rotary_emb/Where ebaee2e1-06be-42c6-a7b1-de29475cc753:92:232
2026-10-04 18:53:48.454999 [I:onnxruntime:, webgpu_execution_provider.cc:666 GetCapability] webgpu kernel not found in registries for Op type: Gather node name: /model/layers.0/self_attn/Gather_7 ebaee2e1-06be-42c6-a7b1-de29475cc753:92:232
2026-10-04 18:53:48.454999 [I:onnxruntime:, webgpu_execution_provider.cc:666 GetCapability] webgpu kernel not found in registries for Op type: Unsqueeze node name: /model/layers.0/self_attn/Unsqueeze_20 ebaee2e1-06be-42c6-a7b1-de29475cc753:92:232
2026-10-04 18:53:48.455999 [I:onnxruntime:, webgpu_execution_provider.cc:666 GetCapability] webgpu kernel not found in registries for Op type: Gather node name: /model/layers.0/self_attn/Gather_6 ebaee2e1-06be-42c6-a7b1-de29475cc753:92:232
2026-10-04 18:53:48.455999 [I:onnxruntime:, webgpu_execution_provider.cc:666 GetCapability] webgpu kernel not found in registries for Op type: Unsqueeze node name: /model/layers.0/self_attn/Unsqueeze_19 ebaee2e1-06be-42c6-a7b1-de29475cc753:92:232
2026-10-04 18:53:48.455999 [I:onnxruntime:, webgpu_execution_provider.cc:666 GetCapability] webgpu kernel not found in registries for Op type: Gather node name: /model/layers.0/self_attn/Gather_5 ebaee2e1-06be-42c6-a7b1-de29475cc753:92:232
2026-10-04 18:53:48.456999 [I:onnxruntime:, webgpu_execution_provider.cc:666 GetCapability] webgpu kernel not found in registries for Op type: Mul node name: /model/layers.0/self_attn/Mul_5 ebaee2e1-06be-42c6-a7b1-de29475cc753:92:232
2026-10-04 18:53:48.456999 [I:onnxruntime:, webgpu_execution_provider.cc:666 GetCapability] webgpu kernel not found in registries for Op type: Unsqueeze node name: /model/layers.0/self_attn/Unsqueeze_18 ebaee2e1-06be-42c6-a7b1-de29475cc753:92:232
2026-10-04 18:53:48.457998 [I:onnxruntime:, webgpu_execution_provider.cc:666 GetCapability] webgpu kernel not found in registries for Op type: Gather node name: /model/layers.0/self_attn/Gather_4 ebaee2e1-06be-42c6-a7b1-de29475cc753:92:232
2026-10-04 18:53:48.457998 [I:onnxruntime:, webgpu_execution_provider.cc:666 GetCapability] webgpu kernel not found in registries for Op type: Unsqueeze node name: /model/layers.0/self_attn/Unsqueeze_17 ebaee2e1-06be-42c6-a7b1-de29475cc753:92:232
2026-10-04 18:53:48.457998 [I:onnxruntime:, webgpu_execution_provider.cc:666 GetCapability] webgpu kernel not found in registries for Op type: Concat node name: /model/layers.0/self_attn/Concat_8 ebaee2e1-06be-42c6-a7b1-de29475cc753:92:232
2026-10-04 18:53:48.458998 [I:onnxruntime:, webgpu_execution_provider.cc:666 GetCapability] webgpu kernel not found in registries for Op type: Unsqueeze node name: /model/layers.0/self_attn/Unsqueeze_14 ebaee2e1-06be-42c6-a7b1-de29475cc753:92:232
2026-10-04 18:53:48.458998 [I:onnxruntime:, webgpu_execution_provider.cc:666 GetCapability] webgpu kernel not found in registries for Op type: Concat node name: /model/layers.0/self_attn/Concat_7 ebaee2e1-06be-42c6-a7b1-de29475cc753:92:232
2026-10-04 18:53:48.458998 [I:onnxruntime:, webgpu_execution_provider.cc:666 GetCapability] webgpu kernel not found in registries for Op type: Reshape node name: /model/layers.0/self_attn/Reshape_3 ebaee2e1-06be-42c6-a7b1-de29475cc753:92:232
2026-10-04 18:53:48.459999 [I:onnxruntime:, webgpu_execution_provider.cc:666 GetCapability] webgpu kernel not found in registries for Op type: Equal node name: /model/layers.0/self_attn/Equal ebaee2e1-06be-42c6-a7b1-de29475cc753:92:232
2026-10-04 18:53:48.459999 [I:onnxruntime:, webgpu_execution_provider.cc:666 GetCapability] webgpu kernel not found in registries for Op type: Where node name: /model/layers.0/self_attn/Where ebaee2e1-06be-42c6-a7b1-de29475cc753:92:232
2026-10-04 18:53:48.459999 [I:onnxruntime:, webgpu_execution_provider.cc:666 GetCapability] webgpu kernel not found in registries for Op type: Gather node name: /model/layers.0/self_attn/Gather_12 ebaee2e1-06be-42c6-a7b1-de29475cc753:92:232
2026-10-04 18:53:48.460999 [I:onnxruntime:, webgpu_execution_provider.cc:666 GetCapability] webgpu kernel not found in registries for Op type: Unsqueeze node name: /model/layers.0/self_attn/Unsqueeze_30 ebaee2e1-06be-42c6-a7b1-de29475cc753:92:232
2026-10-04 18:53:48.461998 [I:onnxruntime:, webgpu_execution_provider.cc:666 GetCapability] webgpu kernel not found in registries for Op type: Gather node name: /model/Gather_1 ebaee2e1-06be-42c6-a7b1-de29475cc753:92:232
2026-10-04 18:53:48.461998 [I:onnxruntime:, webgpu_execution_provider.cc:666 GetCapability] webgpu kernel not found in registries for Op type: Gather node name: /model/Gather ebaee2e1-06be-42c6-a7b1-de29475cc753:92:232
2026-10-04 18:53:48.461998 [I:onnxruntime:, webgpu_execution_provider.cc:666 GetCapability] webgpu kernel not found in registries for Op type: Add node name: /model/Add ebaee2e1-06be-42c6-a7b1-de29475cc753:92:232
2026-10-04 18:53:48.462999 [I:onnxruntime:, webgpu_execution_provider.cc:666 GetCapability] webgpu kernel not found in registries for Op type: Range node name: /model/Range ebaee2e1-06be-42c6-a7b1-de29475cc753:92:232
2026-10-04 18:53:48.463999 [I:onnxruntime:, webgpu_execution_provider.cc:666 GetCapability] webgpu kernel not found in registries for Op type: Shape node name: /model/Shape_2 ebaee2e1-06be-42c6-a7b1-de29475cc753:92:232
2026-10-04 18:53:48.464999 [I:onnxruntime:, webgpu_execution_provider.cc:666 GetCapability] webgpu kernel not found in registries for Op type: Gather node name: /model/Gather_2 ebaee2e1-06be-42c6-a7b1-de29475cc753:92:232
2026-10-04 18:53:48.465998 [I:onnxruntime:, webgpu_execution_provider.cc:666 GetCapability] webgpu kernel not found in registries for Op type: Add node name: /model/Add_1 ebaee2e1-06be-42c6-a7b1-de29475cc753:92:232
2026-10-04 18:53:48.466998 [I:onnxruntime:, webgpu_execution_provider.cc:666 GetCapability] webgpu kernel not found in registries for Op type: Unsqueeze node name: /model/Unsqueeze_11 ebaee2e1-06be-42c6-a7b1-de29475cc753:92:232
2026-10-04 18:53:48.466998 [I:onnxruntime:, webgpu_execution_provider.cc:666 GetCapability] webgpu kernel not found in registries for Op type: Unsqueeze node name: /model/Unsqueeze_10 ebaee2e1-06be-42c6-a7b1-de29475cc753:92:232
2026-10-04 18:53:48.467999 [I:onnxruntime:, webgpu_execution_provider.cc:666 GetCapability] webgpu kernel not found in registries for Op type: Gather node name: /model/Gather_3 ebaee2e1-06be-42c6-a7b1-de29475cc753:92:232
2026-10-04 18:53:48.467999 [I:onnxruntime:, webgpu_execution_provider.cc:666 GetCapability] webgpu kernel not found in registries for Op type: Unsqueeze node name: /model/Unsqueeze_9 ebaee2e1-06be-42c6-a7b1-de29475cc753:92:232
2026-10-04 18:53:48.468999 [I:onnxruntime:, webgpu_execution_provider.cc:666 GetCapability] webgpu kernel not found in registries for Op type: Concat node name: /model/Concat_1 ebaee2e1-06be-42c6-a7b1-de29475cc753:92:232
2026-10-04 18:53:48.468999 [I:onnxruntime:, webgpu_execution_provider.cc:666 GetCapability] webgpu kernel not found in registries for Op type: Reshape node name: /model/Reshape_2 ebaee2e1-06be-42c6-a7b1-de29475cc753:92:232
2026-10-04 18:53:48.468999 [I:onnxruntime:, webgpu_execution_provider.cc:666 GetCapability] webgpu kernel not found in registries for Op type: Equal node name: /model/Equal ebaee2e1-06be-42c6-a7b1-de29475cc753:92:232
2026-10-04 18:53:48.469998 [I:onnxruntime:, webgpu_execution_provider.cc:666 GetCapability] webgpu kernel not found in registries for Op type: Where node name: /model/Where ebaee2e1-06be-42c6-a7b1-de29475cc753:92:232
2026-10-04 18:53:48.469998 [I:onnxruntime:, webgpu_execution_provider.cc:666 GetCapability] webgpu kernel not found in registries for Op type: Cast node name: /model/Cast_2 ebaee2e1-06be-42c6-a7b1-de29475cc753:92:232
2026-10-04 18:53:48.469998 [I:onnxruntime:, webgpu_execution_provider.cc:666 GetCapability] webgpu kernel not found in registries for Op type: Shape node name: /model/Shape_4 ebaee2e1-06be-42c6-a7b1-de29475cc753:92:232
2026-10-04 18:53:48.470999 [I:onnxruntime:, webgpu_execution_provider.cc:666 GetCapability] webgpu kernel not found in registries for Op type: Gather node name: /model/Gather_4 ebaee2e1-06be-42c6-a7b1-de29475cc753:92:232
2026-10-04 18:53:48.470999 [I:onnxruntime:, webgpu_execution_provider.cc:666 GetCapability] webgpu kernel not found in registries for Op type: Range node name: /model/Range_1 ebaee2e1-06be-42c6-a7b1-de29475cc753:92:232
2026-10-04 18:53:48.471999 [I:onnxruntime:, webgpu_execution_provider.cc:666 GetCapability] webgpu kernel not found in registries for Op type: Unsqueeze node name: /model/Unsqueeze_3 ebaee2e1-06be-42c6-a7b1-de29475cc753:92:232
2026-10-04 18:53:48.471999 [I:onnxruntime:, webgpu_execution_provider.cc:666 GetCapability] webgpu kernel not found in registries for Op type: Unsqueeze node name: /model/Unsqueeze_4 ebaee2e1-06be-42c6-a7b1-de29475cc753:92:232
2026-10-04 18:53:48.471999 [I:onnxruntime:, webgpu_execution_provider.cc:666 GetCapability] webgpu kernel not found in registries for Op type: Unsqueeze node name: /model/Unsqueeze_5 ebaee2e1-06be-42c6-a7b1-de29475cc753:92:232
2026-10-04 18:53:48.472999 [I:onnxruntime:, webgpu_execution_provider.cc:666 GetCapability] webgpu kernel not found in registries for Op type: Mul node name: /model/Mul ebaee2e1-06be-42c6-a7b1-de29475cc753:92:232
2026-10-04 18:53:48.472999 [I:onnxruntime:, webgpu_execution_provider.cc:666 GetCapability] webgpu kernel not found in registries for Op type: Range node name: /model/Range_2 ebaee2e1-06be-42c6-a7b1-de29475cc753:92:232
2026-10-04 18:53:48.472999 [I:onnxruntime:, webgpu_execution_provider.cc:666 GetCapability] webgpu kernel not found in registries for Op type: Unsqueeze node name: /model/Unsqueeze_6 ebaee2e1-06be-42c6-a7b1-de29475cc753:92:232
2026-10-04 18:53:48.473998 [I:onnxruntime:, webgpu_execution_provider.cc:666 GetCapability] webgpu kernel not found in registries for Op type: Unsqueeze node name: /model/Unsqueeze_7 ebaee2e1-06be-42c6-a7b1-de29475cc753:92:232
2026-10-04 18:53:48.473998 [I:onnxruntime:, webgpu_execution_provider.cc:666 GetCapability] webgpu kernel not found in registries for Op type: Unsqueeze node name: /model/Unsqueeze_8 ebaee2e1-06be-42c6-a7b1-de29475cc753:92:232
2026-10-04 18:53:48.473998 [I:onnxruntime:, webgpu_execution_provider.cc:666 GetCapability] webgpu kernel not found in registries for Op type: Add node name: /model/Add_2 ebaee2e1-06be-42c6-a7b1-de29475cc753:92:232
2026-10-04 18:53:48.474998 [I:onnxruntime:, webgpu_execution_provider.cc:666 GetCapability] webgpu kernel not found in registries for Op type: Shape node name: /model/Shape_5 ebaee2e1-06be-42c6-a7b1-de29475cc753:92:232
2026-10-04 18:53:48.474998 [I:onnxruntime:, webgpu_execution_provider.cc:666 GetCapability] webgpu kernel not found in registries for Op type: Concat node name: /model/Concat ebaee2e1-06be-42c6-a7b1-de29475cc753:92:232
2026-10-04 18:53:48.475999 [I:onnxruntime:, webgpu_execution_provider.cc:666 GetCapability] webgpu kernel not found in registries for Op type: Unsqueeze node name: /model/Unsqueeze ebaee2e1-06be-42c6-a7b1-de29475cc753:92:232
2026-10-04 18:53:48.475999 [I:onnxruntime:, webgpu_execution_provider.cc:666 GetCapability] webgpu kernel not found in registries for Op type: Unsqueeze node name: /model/Unsqueeze_1 ebaee2e1-06be-42c6-a7b1-de29475cc753:92:232
2026-10-04 18:53:48.475999 [I:onnxruntime:, webgpu_execution_provider.cc:666 GetCapability] webgpu kernel not found in registries for Op type: Unsqueeze node name: /model/Unsqueeze_2 ebaee2e1-06be-42c6-a7b1-de29475cc753:92:232
2026-10-04 18:53:48.476999 [I:onnxruntime:, webgpu_execution_provider.cc:666 GetCapability] webgpu kernel not found in registries for Op type: LessOrEqual node name: /model/LessOrEqual ebaee2e1-06be-42c6-a7b1-de29475cc753:92:232
2026-10-04 18:53:48.476999 [I:onnxruntime:, webgpu_execution_provider.cc:666 GetCapability] webgpu kernel not found in registries for Op type: Slice node name: /model/layers.0/self_attn/Slice_4 ebaee2e1-06be-42c6-a7b1-de29475cc753:92:232
2026-10-04 18:53:48.477998 [I:onnxruntime:, webgpu_execution_provider.cc:666 GetCapability] webgpu kernel not found in registries for Op type: Gather node name: Gather_token_1 ebaee2e1-06be-42c6-a7b1-de29475cc753:92:232
2026-10-04 18:53:48.477998 [I:onnxruntime:, webgpu_execution_provider.cc:666 GetCapability] webgpu kernel not found in registries for Op type: Gather node name: /model/layers.0/self_attn/Gather_2 ebaee2e1-06be-42c6-a7b1-de29475cc753:92:232
2026-10-04 18:53:48.478999 [I:onnxruntime:, webgpu_execution_provider.cc:666 GetCapability] webgpu kernel not found in registries for Op type: Div node name: /model/layers.0/self_attn/Div ebaee2e1-06be-42c6-a7b1-de29475cc753:92:232
2026-10-04 18:53:48.478999 [I:onnxruntime:, webgpu_execution_provider.cc:666 GetCapability] webgpu kernel not found in registries for Op type: Unsqueeze node name: /model/layers.0/self_attn/Unsqueeze_9 ebaee2e1-06be-42c6-a7b1-de29475cc753:92:232
2026-10-04 18:53:48.479999 [I:onnxruntime:, webgpu_execution_provider.cc:666 GetCapability] webgpu kernel not found in registries for Op type: IsNaN node name: /model/layers.0/self_attn/IsNaN ebaee2e1-06be-42c6-a7b1-de29475cc753:92:232
2026-10-04 18:53:48.480999 [I:onnxruntime:, webgpu_execution_provider.cc:666 GetCapability] webgpu kernel not found in registries for Op type: Gather node name: /model/layers.0/self_attn/Gather_11 ebaee2e1-06be-42c6-a7b1-de29475cc753:92:232
2026-10-04 18:53:48.481998 [I:onnxruntime:, webgpu_execution_provider.cc:666 GetCapability] webgpu kernel not found in registries for Op type: Unsqueeze node name: /model/layers.0/self_attn/Unsqueeze_29 ebaee2e1-06be-42c6-a7b1-de29475cc753:92:232
2026-10-04 18:53:48.482998 [I:onnxruntime:, webgpu_execution_provider.cc:666 GetCapability] webgpu kernel not found in registries for Op type: Gather node name: /model/layers.0/self_attn/Gather_10 ebaee2e1-06be-42c6-a7b1-de29475cc753:92:232
2026-10-04 18:53:48.482998 [I:onnxruntime:, webgpu_execution_provider.cc:666 GetCapability] webgpu kernel not found in registries for Op type: Unsqueeze node name: /model/layers.0/self_attn/Unsqueeze_28 ebaee2e1-06be-42c6-a7b1-de29475cc753:92:232
2026-10-04 18:53:48.483999 [I:onnxruntime:, webgpu_execution_provider.cc:666 GetCapability] webgpu kernel not found in registries for Op type: Gather node name: /model/layers.0/self_attn/Gather_9 ebaee2e1-06be-42c6-a7b1-de29475cc753:92:232
2026-10-04 18:53:48.483999 [I:onnxruntime:, webgpu_execution_provider.cc:666 GetCapability] webgpu kernel not found in registries for Op type: Mul node name: /model/layers.0/self_attn/Mul_7 ebaee2e1-06be-42c6-a7b1-de29475cc753:92:232
2026-10-04 18:53:48.483999 [I:onnxruntime:, webgpu_execution_provider.cc:666 GetCapability] webgpu kernel not found in registries for Op type: Unsqueeze node name: /model/layers.0/self_attn/Unsqueeze_27 ebaee2e1-06be-42c6-a7b1-de29475cc753:92:232
2026-10-04 18:53:48.484999 [I:onnxruntime:, webgpu_execution_provider.cc:666 GetCapability] webgpu kernel not found in registries for Op type: Gather node name: /model/layers.0/self_attn/Gather_8 ebaee2e1-06be-42c6-a7b1-de29475cc753:92:232
2026-10-04 18:53:48.484999 [I:onnxruntime:, webgpu_execution_provider.cc:666 GetCapability] webgpu kernel not found in registries for Op type: Unsqueeze node name: /model/layers.0/self_attn/Unsqueeze_26 ebaee2e1-06be-42c6-a7b1-de29475cc753:92:232
2026-10-04 18:53:48.484999 [I:onnxruntime:, webgpu_execution_provider.cc:666 GetCapability] webgpu kernel not found in registries for Op type: Concat node name: /model/layers.0/self_attn/Concat_10 ebaee2e1-06be-42c6-a7b1-de29475cc753:92:232
2026-10-04 18:53:48.485998 [I:onnxruntime:, webgpu_execution_provider.cc:666 GetCapability] webgpu kernel not found in registries for Op type: Unsqueeze node name: /model/layers.0/self_attn/Unsqueeze_23 ebaee2e1-06be-42c6-a7b1-de29475cc753:92:232
2026-10-04 18:53:48.485998 [I:onnxruntime:, webgpu_execution_provider.cc:666 GetCapability] webgpu kernel not found in registries for Op type: Concat node name: /model/layers.0/self_attn/Concat_9 ebaee2e1-06be-42c6-a7b1-de29475cc753:92:232
2026-10-04 18:53:48.486999 [I:onnxruntime:, webgpu_execution_provider.cc:666 GetCapability] webgpu kernel not found in registries for Op type: Reshape node name: /model/layers.0/self_attn/Reshape_5 ebaee2e1-06be-42c6-a7b1-de29475cc753:92:232
2026-10-04 18:53:48.486999 [I:onnxruntime:, webgpu_execution_provider.cc:666 GetCapability] webgpu kernel not found in registries for Op type: Equal node name: /model/layers.0/self_attn/Equal_1 ebaee2e1-06be-42c6-a7b1-de29475cc753:92:232
2026-10-04 18:53:48.486999 [I:onnxruntime:, webgpu_execution_provider.cc:666 GetCapability] webgpu kernel not found in registries for Op type: Where node name: /model/layers.0/self_attn/Where_1 ebaee2e1-06be-42c6-a7b1-de29475cc753:92:232
2026-10-04 18:53:48.487999 [I:onnxruntime:, webgpu_execution_provider.cc:666 GetCapability] webgpu kernel not found in registries for Op type: Gather node name: /model/layers.1/self_attn/Gather_1 ebaee2e1-06be-42c6-a7b1-de29475cc753:92:232
2026-10-04 18:53:48.488999 [I:onnxruntime:, webgpu_execution_provider.cc:666 GetCapability] webgpu kernel not found in registries for Op type: Unsqueeze node name: /model/layers.1/self_attn/Unsqueeze_30 ebaee2e1-06be-42c6-a7b1-de29475cc753:92:232
2026-10-04 18:53:48.488999 [I:onnxruntime:, webgpu_execution_provider.cc:666 GetCapability] webgpu kernel not found in registries for Op type: Gather node name: /model/layers.1/self_attn/Gather ebaee2e1-06be-42c6-a7b1-de29475cc753:92:232
2026-10-04 18:53:48.488999 [I:onnxruntime:, webgpu_execution_provider.cc:666 GetCapability] webgpu kernel not found in registries for Op type: Unsqueeze node name: /model/layers.1/self_attn/Unsqueeze_29 ebaee2e1-06be-42c6-a7b1-de29475cc753:92:232
2026-10-04 18:53:48.489998 [I:onnxruntime:, webgpu_execution_provider.cc:666 GetCapability] webgpu kernel not found in registries for Op type: Concat node name: /model/layers.1/self_attn/Concat_11 ebaee2e1-06be-42c6-a7b1-de29475cc753:92:232
2026-10-04 18:53:48.489998 [I:onnxruntime:, webgpu_execution_provider.cc:666 GetCapability] webgpu kernel not found in registries for Op type: Concat node name: /model/layers.1/self_attn/Concat_1 ebaee2e1-06be-42c6-a7b1-de29475cc753:92:232
2026-10-04 18:53:48.489998 [I:onnxruntime:, webgpu_execution_provider.cc:666 GetCapability] webgpu kernel not found in registries for Op type: Gather node name: Gather_token_3 ebaee2e1-06be-42c6-a7b1-de29475cc753:92:232
2026-10-04 18:53:48.490998 [I:onnxruntime:, webgpu_execution_provider.cc:666 GetCapability] webgpu kernel not found in registries for Op type: Gather node name: /model/layers.1/self_attn/Gather_3 ebaee2e1-06be-42c6-a7b1-de29475cc753:92:232
2026-10-04 18:53:48.490998 [I:onnxruntime:, webgpu_execution_provider.cc:666 GetCapability] webgpu kernel not found in registries for Op type: Div node name: /model/layers.1/self_attn/Div_1 ebaee2e1-06be-42c6-a7b1-de29475cc753:92:232
2026-10-04 18:53:48.490998 [I:onnxruntime:, webgpu_execution_provider.cc:666 GetCapability] webgpu kernel not found in registries for Op type: Unsqueeze node name: /model/layers.1/self_attn/Unsqueeze_9 ebaee2e1-06be-42c6-a7b1-de29475cc753:92:232
2026-10-04 18:53:48.491999 [I:onnxruntime:, webgpu_execution_provider.cc:666 GetCapability] webgpu kernel not found in registries for Op type: Gather node name: /model/layers.1/self_attn/Gather_7 ebaee2e1-06be-42c6-a7b1-de29475cc753:92:232
2026-10-04 18:53:48.491999 [I:onnxruntime:, webgpu_execution_provider.cc:666 GetCapability] webgpu kernel not found in registries for Op type: Unsqueeze node name: /model/layers.1/self_attn/Unsqueeze_18 ebaee2e1-06be-42c6-a7b1-de29475cc753:92:232
2026-10-04 18:53:48.491999 [I:onnxruntime:, webgpu_execution_provider.cc:666 GetCapability] webgpu kernel not found in registries for Op type: Gather node name: /model/layers.1/self_attn/Gather_6 ebaee2e1-06be-42c6-a7b1-de29475cc753:92:232
2026-10-04 18:53:48.492999 [I:onnxruntime:, webgpu_execution_provider.cc:666 GetCapability] webgpu kernel not found in registries for Op type: Unsqueeze node name: /model/layers.1/self_attn/Unsqueeze_17 ebaee2e1-06be-42c6-a7b1-de29475cc753:92:232
2026-10-04 18:53:48.492999 [I:onnxruntime:, webgpu_execution_provider.cc:666 GetCapability] webgpu kernel not found in registries for Op type: Gather node name: /model/layers.1/self_attn/Gather_5 ebaee2e1-06be-42c6-a7b1-de29475cc753:92:232
2026-10-04 18:53:48.493998 [I:onnxruntime:, webgpu_execution_provider.cc:666 GetCapability] webgpu kernel not found in registries for Op type: Mul node name: /model/layers.1/self_attn/Mul_5 ebaee2e1-06be-42c6-a7b1-de29475cc753:92:232
2026-10-04 18:53:48.493998 [I:onnxruntime:, webgpu_execution_provider.cc:666 GetCapability] webgpu kernel not found in registries for Op type: Unsqueeze node name: /model/layers.1/self_attn/Unsqueeze_16 ebaee2e1-06be-42c6-a7b1-de29475cc753:92:232
2026-10-04 18:53:48.494999 [I:onnxruntime:, webgpu_execution_provider.cc:666 GetCapability] webgpu kernel not found in registries for Op type: Gather node name: /model/layers.1/self_attn/Gather_4 ebaee2e1-06be-42c6-a7b1-de29475cc753:92:232
2026-10-04 18:53:48.494999 [I:onnxruntime:, webgpu_execution_provider.cc:666 GetCapability] webgpu kernel not found in registries for Op type: Unsqueeze node name: /model/layers.1/self_attn/Unsqueeze_15 ebaee2e1-06be-42c6-a7b1-de29475cc753:92:232
2026-10-04 18:53:48.496999 [I:onnxruntime:, webgpu_execution_provider.cc:666 GetCapability] webgpu kernel not found in registries for Op type: Concat node name: /model/layers.1/self_attn/Concat_8 ebaee2e1-06be-42c6-a7b1-de29475cc753:92:232
2026-10-04 18:53:48.497998 [I:onnxruntime:, webgpu_execution_provider.cc:666 GetCapability] webgpu kernel not found in registries for Op type: Unsqueeze node name: /model/layers.1/self_attn/Unsqueeze_12 ebaee2e1-06be-42c6-a7b1-de29475cc753:92:232
2026-10-04 18:53:48.498998 [I:onnxruntime:, webgpu_execution_provider.cc:666 GetCapability] webgpu kernel not found in registries for Op type: Concat node name: /model/layers.1/self_attn/Concat_7 ebaee2e1-06be-42c6-a7b1-de29475cc753:92:232
2026-10-04 18:53:48.499999 [I:onnxruntime:, webgpu_execution_provider.cc:666 GetCapability] webgpu kernel not found in registries for Op type: Reshape node name: /model/layers.1/self_attn/Reshape_3 ebaee2e1-06be-42c6-a7b1-de29475cc753:92:232
2026-10-04 18:53:48.499999 [I:onnxruntime:, webgpu_execution_provider.cc:666 GetCapability] webgpu kernel not found in registries for Op type: Equal node name: /model/layers.1/self_attn/Equal ebaee2e1-06be-42c6-a7b1-de29475cc753:92:232
2026-10-04 18:53:48.500999 [I:onnxruntime:, webgpu_execution_provider.cc:666 GetCapability] webgpu kernel not found in registries for Op type: Where node name: /model/layers.1/self_attn/Where ebaee2e1-06be-42c6-a7b1-de29475cc753:92:232
2026-10-04 18:53:48.500999 [I:onnxruntime:, webgpu_execution_provider.cc:666 GetCapability] webgpu kernel not found in registries for Op type: Gather node name: /model/layers.1/self_attn/Gather_12 ebaee2e1-06be-42c6-a7b1-de29475cc753:92:232
2026-10-04 18:53:48.500999 [I:onnxruntime:, webgpu_execution_provider.cc:666 GetCapability] webgpu kernel not found in registries for Op type: Unsqueeze node name: /model/layers.1/self_attn/Unsqueeze_28 ebaee2e1-06be-42c6-a7b1-de29475cc753:92:232
2026-10-04 18:53:48.501998 [I:onnxruntime:, webgpu_execution_provider.cc:666 GetCapability] webgpu kernel not found in registries for Op type: Slice node name: /model/layers.1/self_attn/Slice_4 ebaee2e1-06be-42c6-a7b1-de29475cc753:92:232
2026-10-04 18:53:48.502999 [I:onnxruntime:, webgpu_execution_provider.cc:666 GetCapability] webgpu kernel not found in registries for Op type: Gather node name: Gather_token_5 ebaee2e1-06be-42c6-a7b1-de29475cc753:92:232
2026-10-04 18:53:48.502999 [I:onnxruntime:, webgpu_execution_provider.cc:666 GetCapability] webgpu kernel not found in registries for Op type: Gather node name: /model/layers.1/self_attn/Gather_2 ebaee2e1-06be-42c6-a7b1-de29475cc753:92:232
2026-10-04 18:53:48.503999 [I:onnxruntime:, webgpu_execution_provider.cc:666 GetCapability] webgpu kernel not found in registries for Op type: Div node name: /model/layers.1/self_attn/Div ebaee2e1-06be-42c6-a7b1-de29475cc753:92:232
2026-10-04 18:53:48.503999 [I:onnxruntime:, webgpu_execution_provider.cc:666 GetCapability] webgpu kernel not found in registries for Op type: Unsqueeze node name: /model/layers.1/self_attn/Unsqueeze_7 ebaee2e1-06be-42c6-a7b1-de29475cc753:92:232
2026-10-04 18:53:48.504999 [I:onnxruntime:, webgpu_execution_provider.cc:666 GetCapability] webgpu kernel not found in registries for Op type: IsNaN node name: /model/layers.1/self_attn/IsNaN ebaee2e1-06be-42c6-a7b1-de29475cc753:92:232
2026-10-04 18:53:48.504999 [I:onnxruntime:, webgpu_execution_provider.cc:666 GetCapability] webgpu kernel not found in registries for Op type: Gather node name: /model/layers.1/self_attn/Gather_11 ebaee2e1-06be-42c6-a7b1-de29475cc753:92:232
2026-10-04 18:53:48.505998 [I:onnxruntime:, webgpu_execution_provider.cc:666 GetCapability] webgpu kernel not found in registries for Op type: Unsqueeze node name: /model/layers.1/self_attn/Unsqueeze_27 ebaee2e1-06be-42c6-a7b1-de29475cc753:92:232
2026-10-04 18:53:48.505998 [I:onnxruntime:, webgpu_execution_provider.cc:666 GetCapability] webgpu kernel not found in registries for Op type: Gather node name: /model/layers.1/self_attn/Gather_10 ebaee2e1-06be-42c6-a7b1-de29475cc753:92:232
2026-10-04 18:53:48.505998 [I:onnxruntime:, webgpu_execution_provider.cc:666 GetCapability] webgpu kernel not found in registries for Op type: Unsqueeze node name: /model/layers.1/self_attn/Unsqueeze_26 ebaee2e1-06be-42c6-a7b1-de29475cc753:92:232
2026-10-04 18:53:48.506998 [I:onnxruntime:, webgpu_execution_provider.cc:666 GetCapability] webgpu kernel not found in registries for Op type: Gather node name: /model/layers.1/self_attn/Gather_9 ebaee2e1-06be-42c6-a7b1-de29475cc753:92:232
2026-10-04 18:53:48.506998 [I:onnxruntime:, webgpu_execution_provider.cc:666 GetCapability] webgpu kernel not found in registries for Op type: Mul node name: /model/layers.1/self_attn/Mul_7 ebaee2e1-06be-42c6-a7b1-de29475cc753:92:232
2026-10-04 18:53:48.506998 [I:onnxruntime:, webgpu_execution_provider.cc:666 GetCapability] webgpu kernel not found in registries for Op type: Unsqueeze node name: /model/layers.1/self_attn/Unsqueeze_25 ebaee2e1-06be-42c6-a7b1-de29475cc753:92:232
2026-10-04 18:53:48.507999 [I:onnxruntime:, webgpu_execution_provider.cc:666 GetCapability] webgpu kernel not found in registries for Op type: Gather node name: /model/layers.1/self_attn/Gather_8 ebaee2e1-06be-42c6-a7b1-de29475cc753:92:232
2026-10-04 18:53:48.507999 [I:onnxruntime:, webgpu_execution_provider.cc:666 GetCapability] webgpu kernel not found in registries for Op type: Unsqueeze node name: /model/layers.1/self_attn/Unsqueeze_24 ebaee2e1-06be-42c6-a7b1-de29475cc753:92:232
2026-10-04 18:53:48.507999 [I:onnxruntime:, webgpu_execution_provider.cc:666 GetCapability] webgpu kernel not found in registries for Op type: Concat node name: /model/layers.1/self_attn/Concat_10 ebaee2e1-06be-42c6-a7b1-de29475cc753:92:232
2026-10-04 18:53:48.508999 [I:onnxruntime:, webgpu_execution_provider.cc:666 GetCapability] webgpu kernel not found in registries for Op type: Unsqueeze node name: /model/layers.1/self_attn/Unsqueeze_21 ebaee2e1-06be-42c6-a7b1-de29475cc753:92:232
2026-10-04 18:53:48.508999 [I:onnxruntime:, webgpu_execution_provider.cc:666 GetCapability] webgpu kernel not found in registries for Op type: Concat node name: /model/layers.1/self_attn/Concat_9 ebaee2e1-06be-42c6-a7b1-de29475cc753:92:232
2026-10-04 18:53:48.509998 [I:onnxruntime:, webgpu_execution_provider.cc:666 GetCapability] webgpu kernel not found in registries for Op type: Reshape node name: /model/layers.1/self_attn/Reshape_5 ebaee2e1-06be-42c6-a7b1-de29475cc753:92:232
2026-10-04 18:53:48.509998 [I:onnxruntime:, webgpu_execution_provider.cc:666 GetCapability] webgpu kernel not found in registries for Op type: Equal node name: /model/layers.1/self_attn/Equal_1 ebaee2e1-06be-42c6-a7b1-de29475cc753:92:232
2026-10-04 18:53:48.509998 [I:onnxruntime:, webgpu_execution_provider.cc:666 GetCapability] webgpu kernel not found in registries for Op type: Where node name: /model/layers.1/self_attn/Where_1 ebaee2e1-06be-42c6-a7b1-de29475cc753:92:232
2026-10-04 18:53:48.510999 [I:onnxruntime:, webgpu_execution_provider.cc:666 GetCapability] webgpu kernel not found in registries for Op type: Gather node name: /model/layers.2/self_attn/Gather_1 ebaee2e1-06be-42c6-a7b1-de29475cc753:92:232
2026-10-04 18:53:48.511999 [I:onnxruntime:, webgpu_execution_provider.cc:666 GetCapability] webgpu kernel not found in registries for Op type: Unsqueeze node name: /model/layers.2/self_attn/Unsqueeze_30 ebaee2e1-06be-42c6-a7b1-de29475cc753:92:232
2026-10-04 18:53:48.512999 [I:onnxruntime:, webgpu_execution_provider.cc:666 GetCapability] webgpu kernel not found in registries for Op type: Gather node name: /model/layers.2/self_attn/Gather ebaee2e1-06be-42c6-a7b1-de29475cc753:92:232
2026-10-04 18:53:48.513998 [I:onnxruntime:, webgpu_execution_provider.cc:666 GetCapability] webgpu kernel not found in registries for Op type: Unsqueeze node name: /model/layers.2/self_attn/Unsqueeze_29 ebaee2e1-06be-42c6-a7b1-de29475cc753:92:232
2026-10-04 18:53:48.514998 [I:onnxruntime:, webgpu_execution_provider.cc:666 GetCapability] webgpu kernel not found in registries for Op type: Concat node name: /model/layers.2/self_attn/Concat_11 ebaee2e1-06be-42c6-a7b1-de29475cc753:92:232
2026-10-04 18:53:48.515999 [I:onnxruntime:, webgpu_execution_provider.cc:666 GetCapability] webgpu kernel not found in registries for Op type: Concat node name: /model/layers.2/self_attn/Concat_1 ebaee2e1-06be-42c6-a7b1-de29475cc753:92:232
2026-10-04 18:53:48.516999 [I:onnxruntime:, webgpu_execution_provider.cc:666 GetCapability] webgpu kernel not found in registries for Op type: Gather node name: Gather_token_7 ebaee2e1-06be-42c6-a7b1-de29475cc753:92:232
2026-10-04 18:53:48.517998 [I:onnxruntime:, webgpu_execution_provider.cc:666 GetCapability] webgpu kernel not found in registries for Op type: Gather node name: /model/layers.2/self_attn/Gather_3 ebaee2e1-06be-42c6-a7b1-de29475cc753:92:232
2026-10-04 18:53:48.517998 [I:onnxruntime:, webgpu_execution_provider.cc:666 GetCapability] webgpu kernel not found in registries for Op type: Div node name: /model/layers.2/self_attn/Div_1 ebaee2e1-06be-42c6-a7b1-de29475cc753:92:232
2026-10-04 18:53:48.517998 [I:onnxruntime:, webgpu_execution_provider.cc:666 GetCapability] webgpu kernel not found in registries for Op type: Unsqueeze node name: /model/layers.2/self_attn/Unsqueeze_9 ebaee2e1-06be-42c6-a7b1-de29475cc753:92:232
2026-10-04 18:53:48.518999 [I:onnxruntime:, webgpu_execution_provider.cc:666 GetCapability] webgpu kernel not found in registries for Op type: Gather node name: /model/layers.2/self_attn/Gather_7 ebaee2e1-06be-42c6-a7b1-de29475cc753:92:232
2026-10-04 18:53:48.519999 [I:onnxruntime:, webgpu_execution_provider.cc:666 GetCapability] webgpu kernel not found in registries for Op type: Unsqueeze node name: /model/layers.2/self_attn/Unsqueeze_18 ebaee2e1-06be-42c6-a7b1-de29475cc753:92:232
2026-10-04 18:53:48.519999 [I:onnxruntime:, webgpu_execution_provider.cc:666 GetCapability] webgpu kernel not found in registries for Op type: Gather node name: /model/layers.2/self_attn/Gather_6 ebaee2e1-06be-42c6-a7b1-de29475cc753:92:232
2026-10-04 18:53:48.519999 [I:onnxruntime:, webgpu_execution_provider.cc:666 GetCapability] webgpu kernel not found in registries for Op type: Unsqueeze node name: /model/layers.2/self_attn/Unsqueeze_17 ebaee2e1-06be-42c6-a7b1-de29475cc753:92:232
2026-10-04 18:53:48.520999 [I:onnxruntime:, webgpu_execution_provider.cc:666 GetCapability] webgpu kernel not found in registries for Op type: Gather node name: /model/layers.2/self_attn/Gather_5 ebaee2e1-06be-42c6-a7b1-de29475cc753:92:232
2026-10-04 18:53:48.520999 [I:onnxruntime:, webgpu_execution_provider.cc:666 GetCapability] webgpu kernel not found in registries for Op type: Mul node name: /model/layers.2/self_attn/Mul_5 ebaee2e1-06be-42c6-a7b1-de29475cc753:92:232
2026-10-04 18:53:48.520999 [I:onnxruntime:, webgpu_execution_provider.cc:666 GetCapability] webgpu kernel not found in registries for Op type: Unsqueeze node name: /model/layers.2/self_attn/Unsqueeze_16 ebaee2e1-06be-42c6-a7b1-de29475cc753:92:232
2026-10-04 18:53:48.521998 [I:onnxruntime:, webgpu_execution_provider.cc:666 GetCapability] webgpu kernel not found in registries for Op type: Gather node name: /model/layers.2/self_attn/Gather_4 ebaee2e1-06be-42c6-a7b1-de29475cc753:92:232
2026-10-04 18:53:48.521998 [I:onnxruntime:, webgpu_execution_provider.cc:666 GetCapability] webgpu kernel not found in registries for Op type: Unsqueeze node name: /model/layers.2/self_attn/Unsqueeze_15 ebaee2e1-06be-42c6-a7b1-de29475cc753:92:232
2026-10-04 18:53:48.521998 [I:onnxruntime:, webgpu_execution_provider.cc:666 GetCapability] webgpu kernel not found in registries for Op type: Concat node name: /model/layers.2/self_attn/Concat_8 ebaee2e1-06be-42c6-a7b1-de29475cc753:92:232
2026-10-04 18:53:48.522998 [I:onnxruntime:, webgpu_execution_provider.cc:666 GetCapability] webgpu kernel not found in registries for Op type: Unsqueeze node name: /model/layers.2/self_attn/Unsqueeze_12 ebaee2e1-06be-42c6-a7b1-de29475cc753:92:232
2026-10-04 18:53:48.522998 [I:onnxruntime:, webgpu_execution_provider.cc:666 GetCapability] webgpu kernel not found in registries for Op type: Concat node name: /model/layers.2/self_attn/Concat_7 ebaee2e1-06be-42c6-a7b1-de29475cc753:92:232
2026-10-04 18:53:48.522998 [I:onnxruntime:, webgpu_execution_provider.cc:666 GetCapability] webgpu kernel not found in registries for Op type: Reshape node name: /model/layers.2/self_attn/Reshape_3 ebaee2e1-06be-42c6-a7b1-de29475cc753:92:232
2026-10-04 18:53:48.523999 [I:onnxruntime:, webgpu_execution_provider.cc:666 GetCapability] webgpu kernel not found in registries for Op type: Equal node name: /model/layers.2/self_attn/Equal ebaee2e1-06be-42c6-a7b1-de29475cc753:92:232
2026-10-04 18:53:48.523999 [I:onnxruntime:, webgpu_execution_provider.cc:666 GetCapability] webgpu kernel not found in registries for Op type: Where node name: /model/layers.2/self_attn/Where ebaee2e1-06be-42c6-a7b1-de29475cc753:92:232
2026-10-04 18:53:48.523999 [I:onnxruntime:, webgpu_execution_provider.cc:666 GetCapability] webgpu kernel not found in registries for Op type: Gather node name: /model/layers.2/self_attn/Gather_12 ebaee2e1-06be-42c6-a7b1-de29475cc753:92:232
2026-10-04 18:53:48.524999 [I:onnxruntime:, webgpu_execution_provider.cc:666 GetCapability] webgpu kernel not found in registries for Op type: Unsqueeze node name: /model/layers.2/self_attn/Unsqueeze_28 ebaee2e1-06be-42c6-a7b1-de29475cc753:92:232
2026-10-04 18:53:48.532999 [I:onnxruntime:, webgpu_execution_provider.cc:666 GetCapability] webgpu kernel not found in registries for Op type: Slice node name: /model/layers.2/self_attn/Slice_4 ebaee2e1-06be-42c6-a7b1-de29475cc753:92:232
2026-10-04 18:53:48.533998 [I:onnxruntime:, webgpu_execution_provider.cc:666 GetCapability] webgpu kernel not found in registries for Op type: Gather node name: Gather_token_9 ebaee2e1-06be-42c6-a7b1-de29475cc753:92:232
2026-10-04 18:53:48.533998 [I:onnxruntime:, webgpu_execution_provider.cc:666 GetCapability] webgpu kernel not found in registries for Op type: Gather node name: /model/layers.2/self_attn/Gather_2 ebaee2e1-06be-42c6-a7b1-de29475cc753:92:232
2026-10-04 18:53:48.534999 [I:onnxruntime:, webgpu_execution_provider.cc:666 GetCapability] webgpu kernel not found in registries for Op type: Div node name: /model/layers.2/self_attn/Div ebaee2e1-06be-42c6-a7b1-de29475cc753:92:232
2026-10-04 18:53:48.534999 [I:onnxruntime:, webgpu_execution_provider.cc:666 GetCapability] webgpu kernel not found in registries for Op type: Unsqueeze node name: /model/layers.2/self_attn/Unsqueeze_7 ebaee2e1-06be-42c6-a7b1-de29475cc753:92:232
2026-10-04 18:53:48.535999 [I:onnxruntime:, webgpu_execution_provider.cc:666 GetCapability] webgpu kernel not found in registries for Op type: IsNaN node name: /model/layers.2/self_attn/IsNaN ebaee2e1-06be-42c6-a7b1-de29475cc753:92:232
2026-10-04 18:53:48.535999 [I:onnxruntime:, webgpu_execution_provider.cc:666 GetCapability] webgpu kernel not found in registries for Op type: Gather node name: /model/layers.2/self_attn/Gather_11 ebaee2e1-06be-42c6-a7b1-de29475cc753:92:232
2026-10-04 18:53:48.536999 [I:onnxruntime:, webgpu_execution_provider.cc:666 GetCapability] webgpu kernel not found in registries for Op type: Unsqueeze node name: /model/layers.2/self_attn/Unsqueeze_27 ebaee2e1-06be-42c6-a7b1-de29475cc753:92:232
2026-10-04 18:53:48.536999 [I:onnxruntime:, webgpu_execution_provider.cc:666 GetCapability] webgpu kernel not found in registries for Op type: Gather node name: /model/layers.2/self_attn/Gather_10 ebaee2e1-06be-42c6-a7b1-de29475cc753:92:232
2026-10-04 18:53:48.536999 [I:onnxruntime:, webgpu_execution_provider.cc:666 GetCapability] webgpu kernel not found in registries for Op type: Unsqueeze node name: /model/layers.2/self_attn/Unsqueeze_26 ebaee2e1-06be-42c6-a7b1-de29475cc753:92:232
2026-10-04 18:53:48.537998 [I:onnxruntime:, webgpu_execution_provider.cc:666 GetCapability] webgpu kernel not found in registries for Op type: Gather node name: /model/layers.2/self_attn/Gather_9 ebaee2e1-06be-42c6-a7b1-de29475cc753:92:232
2026-10-04 18:53:48.537998 [I:onnxruntime:, webgpu_execution_provider.cc:666 GetCapability] webgpu kernel not found in registries for Op type: Mul node name: /model/layers.2/self_attn/Mul_7 ebaee2e1-06be-42c6-a7b1-de29475cc753:92:232
2026-10-04 18:53:48.537998 [I:onnxruntime:, webgpu_execution_provider.cc:666 GetCapability] webgpu kernel not found in registries for Op type: Unsqueeze node name: /model/layers.2/self_attn/Unsqueeze_25 ebaee2e1-06be-42c6-a7b1-de29475cc753:92:232
2026-10-04 18:53:48.537998 [I:onnxruntime:, webgpu_execution_provider.cc:666 GetCapability] webgpu kernel not found in registries for Op type: Gather node name: /model/layers.2/self_attn/Gather_8 ebaee2e1-06be-42c6-a7b1-de29475cc753:92:232
2026-10-04 18:53:48.538998 [I:onnxruntime:, webgpu_execution_provider.cc:666 GetCapability] webgpu kernel not found in registries for Op type: Unsqueeze node name: /model/layers.2/self_attn/Unsqueeze_24 ebaee2e1-06be-42c6-a7b1-de29475cc753:92:232
2026-10-04 18:53:48.538998 [I:onnxruntime:, webgpu_execution_provider.cc:666 GetCapability] webgpu kernel not found in registries for Op type: Concat node name: /model/layers.2/self_attn/Concat_10 ebaee2e1-06be-42c6-a7b1-de29475cc753:92:232
2026-10-04 18:53:48.538998 [I:onnxruntime:, webgpu_execution_provider.cc:666 GetCapability] webgpu kernel not found in registries for Op type: Unsqueeze node name: /model/layers.2/self_attn/Unsqueeze_21 ebaee2e1-06be-42c6-a7b1-de29475cc753:92:232
2026-10-04 18:53:48.539999 [I:onnxruntime:, webgpu_execution_provider.cc:666 GetCapability] webgpu kernel not found in registries for Op type: Concat node name: /model/layers.2/self_attn/Concat_9 ebaee2e1-06be-42c6-a7b1-de29475cc753:92:232
2026-10-04 18:53:48.539999 [I:onnxruntime:, webgpu_execution_provider.cc:666 GetCapability] webgpu kernel not found in registries for Op type: Reshape node name: /model/layers.2/self_attn/Reshape_5 ebaee2e1-06be-42c6-a7b1-de29475cc753:92:232
2026-10-04 18:53:48.539999 [I:onnxruntime:, webgpu_execution_provider.cc:666 GetCapability] webgpu kernel not found in registries for Op type: Equal node name: /model/layers.2/self_attn/Equal_1 ebaee2e1-06be-42c6-a7b1-de29475cc753:92:232
2026-10-04 18:53:48.540999 [I:onnxruntime:, webgpu_execution_provider.cc:666 GetCapability] webgpu kernel not found in registries for Op type: Where node name: /model/layers.2/self_attn/Where_1 ebaee2e1-06be-42c6-a7b1-de29475cc753:92:232
2026-10-04 18:53:48.541998 [I:onnxruntime:, webgpu_execution_provider.cc:666 GetCapability] webgpu kernel not found in registries for Op type: Gather node name: /model/layers.3/self_attn/Gather_1 ebaee2e1-06be-42c6-a7b1-de29475cc753:92:232
2026-10-04 18:53:48.541998 [I:onnxruntime:, webgpu_execution_provider.cc:666 GetCapability] webgpu kernel not found in registries for Op type: Unsqueeze node name: /model/layers.3/self_attn/Unsqueeze_30 ebaee2e1-06be-42c6-a7b1-de29475cc753:92:232
2026-10-04 18:53:48.541998 [I:onnxruntime:, webgpu_execution_provider.cc:666 GetCapability] webgpu kernel not found in registries for Op type: Gather node name: /model/layers.3/self_attn/Gather ebaee2e1-06be-42c6-a7b1-de29475cc753:92:232
2026-10-04 18:53:48.542999 [I:onnxruntime:, webgpu_execution_provider.cc:666 GetCapability] webgpu kernel not found in registries for Op type: Unsqueeze node name: /model/layers.3/self_attn/Unsqueeze_29 ebaee2e1-06be-42c6-a7b1-de29475cc753:92:232
2026-10-04 18:53:48.542999 [I:onnxruntime:, webgpu_execution_provider.cc:666 GetCapability] webgpu kernel not found in registries for Op type: Concat node name: /model/layers.3/self_attn/Concat_11 ebaee2e1-06be-42c6-a7b1-de29475cc753:92:232
2026-10-04 18:53:48.542999 [I:onnxruntime:, webgpu_execution_provider.cc:666 GetCapability] webgpu kernel not found in registries for Op type: Concat node name: /model/layers.3/self_attn/Concat_1 ebaee2e1-06be-42c6-a7b1-de29475cc753:92:232
2026-10-04 18:53:48.543999 [I:onnxruntime:, webgpu_execution_provider.cc:666 GetCapability] webgpu kernel not found in registries for Op type: Gather node name: Gather_token_11 ebaee2e1-06be-42c6-a7b1-de29475cc753:92:232
2026-10-04 18:53:48.543999 [I:onnxruntime:, webgpu_execution_provider.cc:666 GetCapability] webgpu kernel not found in registries for Op type: Gather node name: /model/layers.3/self_attn/Gather_3 ebaee2e1-06be-42c6-a7b1-de29475cc753:92:232
2026-10-04 18:53:48.544999 [I:onnxruntime:, webgpu_execution_provider.cc:666 GetCapability] webgpu kernel not found in registries for Op type: Div node name: /model/layers.3/self_attn/Div_1 ebaee2e1-06be-42c6-a7b1-de29475cc753:92:232
2026-10-04 18:53:48.545998 [I:onnxruntime:, webgpu_execution_provider.cc:666 GetCapability] webgpu kernel not found in registries for Op type: Unsqueeze node name: /model/layers.3/self_attn/Unsqueeze_9 ebaee2e1-06be-42c6-a7b1-de29475cc753:92:232
2026-10-04 18:53:48.546998 [I:onnxruntime:, webgpu_execution_provider.cc:666 GetCapability] webgpu kernel not found in registries for Op type: Gather node name: /model/layers.3/self_attn/Gather_7 ebaee2e1-06be-42c6-a7b1-de29475cc753:92:232
2026-10-04 18:53:48.547999 [I:onnxruntime:, webgpu_execution_provider.cc:666 GetCapability] webgpu kernel not found in registries for Op type: Unsqueeze node name: /model/layers.3/self_attn/Unsqueeze_18 ebaee2e1-06be-42c6-a7b1-de29475cc753:92:232
2026-10-04 18:53:48.548999 [I:onnxruntime:, webgpu_execution_provider.cc:666 GetCapability] webgpu kernel not found in registries for Op type: Gather node name: /model/layers.3/self_attn/Gather_6 ebaee2e1-06be-42c6-a7b1-de29475cc753:92:232
2026-10-04 18:53:48.548999 [I:onnxruntime:, webgpu_execution_provider.cc:666 GetCapability] webgpu kernel not found in registries for Op type: Unsqueeze node name: /model/layers.3/self_attn/Unsqueeze_17 ebaee2e1-06be-42c6-a7b1-de29475cc753:92:232
2026-10-04 18:53:48.549998 [I:onnxruntime:, webgpu_execution_provider.cc:666 GetCapability] webgpu kernel not found in registries for Op type: Gather node name: /model/layers.3/self_attn/Gather_5 ebaee2e1-06be-42c6-a7b1-de29475cc753:92:232
2026-10-04 18:53:48.549998 [I:onnxruntime:, webgpu_execution_provider.cc:666 GetCapability] webgpu kernel not found in registries for Op type: Mul node name: /model/layers.3/self_attn/Mul_5 ebaee2e1-06be-42c6-a7b1-de29475cc753:92:232
2026-10-04 18:53:48.550999 [I:onnxruntime:, webgpu_execution_provider.cc:666 GetCapability] webgpu kernel not found in registries for Op type: Unsqueeze node name: /model/layers.3/self_attn/Unsqueeze_16 ebaee2e1-06be-42c6-a7b1-de29475cc753:92:232
2026-10-04 18:53:48.550999 [I:onnxruntime:, webgpu_execution_provider.cc:666 GetCapability] webgpu kernel not found in registries for Op type: Gather node name: /model/layers.3/self_attn/Gather_4 ebaee2e1-06be-42c6-a7b1-de29475cc753:92:232
2026-10-04 18:53:48.550999 [I:onnxruntime:, webgpu_execution_provider.cc:666 GetCapability] webgpu kernel not found in registries for Op type: Unsqueeze node name: /model/layers.3/self_attn/Unsqueeze_15 ebaee2e1-06be-42c6-a7b1-de29475cc753:92:232
2026-10-04 18:53:48.551999 [I:onnxruntime:, webgpu_execution_provider.cc:666 GetCapability] webgpu kernel not found in registries for Op type: Concat node name: /model/layers.3/self_attn/Concat_8 ebaee2e1-06be-42c6-a7b1-de29475cc753:92:232
2026-10-04 18:53:48.551999 [I:onnxruntime:, webgpu_execution_provider.cc:666 GetCapability] webgpu kernel not found in registries for Op type: Unsqueeze node name: /model/layers.3/self_attn/Unsqueeze_12 ebaee2e1-06be-42c6-a7b1-de29475cc753:92:232
2026-10-04 18:53:48.551999 [I:onnxruntime:, webgpu_execution_provider.cc:666 GetCapability] webgpu kernel not found in registries for Op type: Concat node name: /model/layers.3/self_attn/Concat_7 ebaee2e1-06be-42c6-a7b1-de29475cc753:92:232
2026-10-04 18:53:48.552999 [I:onnxruntime:, webgpu_execution_provider.cc:666 GetCapability] webgpu kernel not found in registries for Op type: Reshape node name: /model/layers.3/self_attn/Reshape_3 ebaee2e1-06be-42c6-a7b1-de29475cc753:92:232
2026-10-04 18:53:48.552999 [I:onnxruntime:, webgpu_execution_provider.cc:666 GetCapability] webgpu kernel not found in registries for Op type: Equal node name: /model/layers.3/self_attn/Equal ebaee2e1-06be-42c6-a7b1-de29475cc753:92:232
2026-10-04 18:53:48.552999 [I:onnxruntime:, webgpu_execution_provider.cc:666 GetCapability] webgpu kernel not found in registries for Op type: Where node name: /model/layers.3/self_attn/Where ebaee2e1-06be-42c6-a7b1-de29475cc753:92:232
2026-10-04 18:53:48.553998 [I:onnxruntime:, webgpu_execution_provider.cc:666 GetCapability] webgpu kernel not found in registries for Op type: Gather node name: /model/layers.3/self_attn/Gather_12 ebaee2e1-06be-42c6-a7b1-de29475cc753:92:232
2026-10-04 18:53:48.553998 [I:onnxruntime:, webgpu_execution_provider.cc:666 GetCapability] webgpu kernel not found in registries for Op type: Unsqueeze node name: /model/layers.3/self_attn/Unsqueeze_28 ebaee2e1-06be-42c6-a7b1-de29475cc753:92:232
2026-10-04 18:53:48.553998 [I:onnxruntime:, webgpu_execution_provider.cc:666 GetCapability] webgpu kernel not found in registries for Op type: Slice node name: /model/layers.3/self_attn/Slice_4 ebaee2e1-06be-42c6-a7b1-de29475cc753:92:232
2026-10-04 18:53:48.554998 [I:onnxruntime:, webgpu_execution_provider.cc:666 GetCapability] webgpu kernel not found in registries for Op type: Gather node name: Gather_token_13 ebaee2e1-06be-42c6-a7b1-de29475cc753:92:232
2026-10-04 18:53:48.554998 [I:onnxruntime:, webgpu_execution_provider.cc:666 GetCapability] webgpu kernel not found in registries for Op type: Gather node name: /model/layers.3/self_attn/Gather_2 ebaee2e1-06be-42c6-a7b1-de29475cc753:92:232
2026-10-04 18:53:48.555999 [I:onnxruntime:, webgpu_execution_provider.cc:666 GetCapability] webgpu kernel not found in registries for Op type: Div node name: /model/layers.3/self_attn/Div ebaee2e1-06be-42c6-a7b1-de29475cc753:92:232
2026-10-04 18:53:48.555999 [I:onnxruntime:, webgpu_execution_provider.cc:666 GetCapability] webgpu kernel not found in registries for Op type: Unsqueeze node name: /model/layers.3/self_attn/Unsqueeze_7 ebaee2e1-06be-42c6-a7b1-de29475cc753:92:232
2026-10-04 18:53:48.555999 [I:onnxruntime:, webgpu_execution_provider.cc:666 GetCapability] webgpu kernel not found in registries for Op type: IsNaN node name: /model/layers.3/self_attn/IsNaN ebaee2e1-06be-42c6-a7b1-de29475cc753:92:232
2026-10-04 18:53:48.556999 [I:onnxruntime:, webgpu_execution_provider.cc:666 GetCapability] webgpu kernel not found in registries for Op type: Gather node name: /model/layers.3/self_attn/Gather_11 ebaee2e1-06be-42c6-a7b1-de29475cc753:92:232
2026-10-04 18:53:48.556999 [I:onnxruntime:, webgpu_execution_provider.cc:666 GetCapability] webgpu kernel not found in registries for Op type: Unsqueeze node name: /model/layers.3/self_attn/Unsqueeze_27 ebaee2e1-06be-42c6-a7b1-de29475cc753:92:232
2026-10-04 18:53:48.557998 [I:onnxruntime:, webgpu_execution_provider.cc:666 GetCapability] webgpu kernel not found in registries for Op type: Gather node name: /model/layers.3/self_attn/Gather_10 ebaee2e1-06be-42c6-a7b1-de29475cc753:92:232
2026-10-04 18:53:48.557998 [I:onnxruntime:, webgpu_execution_provider.cc:666 GetCapability] webgpu kernel not found in registries for Op type: Unsqueeze node name: /model/layers.3/self_attn/Unsqueeze_26 ebaee2e1-06be-42c6-a7b1-de29475cc753:92:232
2026-10-04 18:53:48.557998 [I:onnxruntime:, webgpu_execution_provider.cc:666 GetCapability] webgpu kernel not found in registries for Op type: Gather node name: /model/layers.3/self_attn/Gather_9 ebaee2e1-06be-42c6-a7b1-de29475cc753:92:232
2026-10-04 18:53:48.557998 [I:onnxruntime:, webgpu_execution_provider.cc:666 GetCapability] webgpu kernel not found in registries for Op type: Mul node name: /model/layers.3/self_attn/Mul_7 ebaee2e1-06be-42c6-a7b1-de29475cc753:92:232
2026-10-04 18:53:48.558999 [I:onnxruntime:, webgpu_execution_provider.cc:666 GetCapability] webgpu kernel not found in registries for Op type: Unsqueeze node name: /model/layers.3/self_attn/Unsqueeze_25 ebaee2e1-06be-42c6-a7b1-de29475cc753:92:232
2026-10-04 18:53:48.558999 [I:onnxruntime:, webgpu_execution_provider.cc:666 GetCapability] webgpu kernel not found in registries for Op type: Gather node name: /model/layers.3/self_attn/Gather_8 ebaee2e1-06be-42c6-a7b1-de29475cc753:92:232
2026-10-04 18:53:48.558999 [I:onnxruntime:, webgpu_execution_provider.cc:666 GetCapability] webgpu kernel not found in registries for Op type: Unsqueeze node name: /model/layers.3/self_attn/Unsqueeze_24 ebaee2e1-06be-42c6-a7b1-de29475cc753:92:232
2026-10-04 18:53:48.559999 [I:onnxruntime:, webgpu_execution_provider.cc:666 GetCapability] webgpu kernel not found in registries for Op type: Concat node name: /model/layers.3/self_attn/Concat_10 ebaee2e1-06be-42c6-a7b1-de29475cc753:92:232
2026-10-04 18:53:48.559999 [I:onnxruntime:, webgpu_execution_provider.cc:666 GetCapability] webgpu kernel not found in registries for Op type: Unsqueeze node name: /model/layers.3/self_attn/Unsqueeze_21 ebaee2e1-06be-42c6-a7b1-de29475cc753:92:232
2026-10-04 18:53:48.560999 [I:onnxruntime:, webgpu_execution_provider.cc:666 GetCapability] webgpu kernel not found in registries for Op type: Concat node name: /model/layers.3/self_attn/Concat_9 ebaee2e1-06be-42c6-a7b1-de29475cc753:92:232
2026-10-04 18:53:48.560999 [I:onnxruntime:, webgpu_execution_provider.cc:666 GetCapability] webgpu kernel not found in registries for Op type: Reshape node name: /model/layers.3/self_attn/Reshape_5 ebaee2e1-06be-42c6-a7b1-de29475cc753:92:232
2026-10-04 18:53:48.561998 [I:onnxruntime:, webgpu_execution_provider.cc:666 GetCapability] webgpu kernel not found in registries for Op type: Equal node name: /model/layers.3/self_attn/Equal_1 ebaee2e1-06be-42c6-a7b1-de29475cc753:92:232
2026-10-04 18:53:48.562998 [I:onnxruntime:, webgpu_execution_provider.cc:666 GetCapability] webgpu kernel not found in registries for Op type: Where node name: /model/layers.3/self_attn/Where_1 ebaee2e1-06be-42c6-a7b1-de29475cc753:92:232
2026-10-04 18:53:48.563999 [I:onnxruntime:, webgpu_execution_provider.cc:666 GetCapability] webgpu kernel not found in registries for Op type: Gather node name: /model/layers.4/self_attn/Gather_1 ebaee2e1-06be-42c6-a7b1-de29475cc753:92:232
2026-10-04 18:53:48.563999 [I:onnxruntime:, webgpu_execution_provider.cc:666 GetCapability] webgpu kernel not found in registries for Op type: Unsqueeze node name: /model/layers.4/self_attn/Unsqueeze_30 ebaee2e1-06be-42c6-a7b1-de29475cc753:92:232
2026-10-04 18:53:48.564999 [I:onnxruntime:, webgpu_execution_provider.cc:666 GetCapability] webgpu kernel not found in registries for Op type: Gather node name: /model/layers.4/self_attn/Gather ebaee2e1-06be-42c6-a7b1-de29475cc753:92:232
2026-10-04 18:53:48.564999 [I:onnxruntime:, webgpu_execution_provider.cc:666 GetCapability] webgpu kernel not found in registries for Op type: Unsqueeze node name: /model/layers.4/self_attn/Unsqueeze_29 ebaee2e1-06be-42c6-a7b1-de29475cc753:92:232
2026-10-04 18:53:48.564999 [I:onnxruntime:, webgpu_execution_provider.cc:666 GetCapability] webgpu kernel not found in registries for Op type: Concat node name: /model/layers.4/self_attn/Concat_11 ebaee2e1-06be-42c6-a7b1-de29475cc753:92:232
2026-10-04 18:53:48.565998 [I:onnxruntime:, webgpu_execution_provider.cc:666 GetCapability] webgpu kernel not found in registries for Op type: Concat node name: /model/layers.4/self_attn/Concat_1 ebaee2e1-06be-42c6-a7b1-de29475cc753:92:232
2026-10-04 18:53:48.565998 [I:onnxruntime:, webgpu_execution_provider.cc:666 GetCapability] webgpu kernel not found in registries for Op type: Gather node name: Gather_token_15 ebaee2e1-06be-42c6-a7b1-de29475cc753:92:232
2026-10-04 18:53:48.565998 [I:onnxruntime:, webgpu_execution_provider.cc:666 GetCapability] webgpu kernel not found in registries for Op type: Gather node name: /model/layers.4/self_attn/Gather_3 ebaee2e1-06be-42c6-a7b1-de29475cc753:92:232
2026-10-04 18:53:48.566999 [I:onnxruntime:, webgpu_execution_provider.cc:666 GetCapability] webgpu kernel not found in registries for Op type: Div node name: /model/layers.4/self_attn/Div_1 ebaee2e1-06be-42c6-a7b1-de29475cc753:92:232
2026-10-04 18:53:48.566999 [I:onnxruntime:, webgpu_execution_provider.cc:666 GetCapability] webgpu kernel not found in registries for Op type: Unsqueeze node name: /model/layers.4/self_attn/Unsqueeze_9 ebaee2e1-06be-42c6-a7b1-de29475cc753:92:232
2026-10-04 18:53:48.567999 [I:onnxruntime:, webgpu_execution_provider.cc:666 GetCapability] webgpu kernel not found in registries for Op type: Gather node name: /model/layers.4/self_attn/Gather_7 ebaee2e1-06be-42c6-a7b1-de29475cc753:92:232
2026-10-04 18:53:48.567999 [I:onnxruntime:, webgpu_execution_provider.cc:666 GetCapability] webgpu kernel not found in registries for Op type: Unsqueeze node name: /model/layers.4/self_attn/Unsqueeze_18 ebaee2e1-06be-42c6-a7b1-de29475cc753:92:232
2026-10-04 18:53:48.568999 [I:onnxruntime:, webgpu_execution_provider.cc:666 GetCapability] webgpu kernel not found in registries for Op type: Gather node name: /model/layers.4/self_attn/Gather_6 ebaee2e1-06be-42c6-a7b1-de29475cc753:92:232
2026-10-04 18:53:48.568999 [I:onnxruntime:, webgpu_execution_provider.cc:666 GetCapability] webgpu kernel not found in registries for Op type: Unsqueeze node name: /model/layers.4/self_attn/Unsqueeze_17 ebaee2e1-06be-42c6-a7b1-de29475cc753:92:232
2026-10-04 18:53:48.569998 [I:onnxruntime:, webgpu_execution_provider.cc:666 GetCapability] webgpu kernel not found in registries for Op type: Gather node name: /model/layers.4/self_attn/Gather_5 ebaee2e1-06be-42c6-a7b1-de29475cc753:92:232
2026-10-04 18:53:48.569998 [I:onnxruntime:, webgpu_execution_provider.cc:666 GetCapability] webgpu kernel not found in registries for Op type: Mul node name: /model/layers.4/self_attn/Mul_5 ebaee2e1-06be-42c6-a7b1-de29475cc753:92:232
2026-10-04 18:53:48.569998 [I:onnxruntime:, webgpu_execution_provider.cc:666 GetCapability] webgpu kernel not found in registries for Op type: Unsqueeze node name: /model/layers.4/self_attn/Unsqueeze_16 ebaee2e1-06be-42c6-a7b1-de29475cc753:92:232
2026-10-04 18:53:48.569998 [I:onnxruntime:, webgpu_execution_provider.cc:666 GetCapability] webgpu kernel not found in registries for Op type: Gather node name: /model/layers.4/self_attn/Gather_4 ebaee2e1-06be-42c6-a7b1-de29475cc753:92:232
2026-10-04 18:53:48.570998 [I:onnxruntime:, webgpu_execution_provider.cc:666 GetCapability] webgpu kernel not found in registries for Op type: Unsqueeze node name: /model/layers.4/self_attn/Unsqueeze_15 ebaee2e1-06be-42c6-a7b1-de29475cc753:92:232
2026-10-04 18:53:48.570998 [I:onnxruntime:, webgpu_execution_provider.cc:666 GetCapability] webgpu kernel not found in registries for Op type: Concat node name: /model/layers.4/self_attn/Concat_8 ebaee2e1-06be-42c6-a7b1-de29475cc753:92:232
2026-10-04 18:53:48.571999 [I:onnxruntime:, webgpu_execution_provider.cc:666 GetCapability] webgpu kernel not found in registries for Op type: Unsqueeze node name: /model/layers.4/self_attn/Unsqueeze_12 ebaee2e1-06be-42c6-a7b1-de29475cc753:92:232
2026-10-04 18:53:48.571999 [I:onnxruntime:, webgpu_execution_provider.cc:666 GetCapability] webgpu kernel not found in registries for Op type: Concat node name: /model/layers.4/self_attn/Concat_7 ebaee2e1-06be-42c6-a7b1-de29475cc753:92:232
2026-10-04 18:53:48.571999 [I:onnxruntime:, webgpu_execution_provider.cc:666 GetCapability] webgpu kernel not found in registries for Op type: Reshape node name: /model/layers.4/self_attn/Reshape_3 ebaee2e1-06be-42c6-a7b1-de29475cc753:92:232
2026-10-04 18:53:48.572999 [I:onnxruntime:, webgpu_execution_provider.cc:666 GetCapability] webgpu kernel not found in registries for Op type: Equal node name: /model/layers.4/self_attn/Equal ebaee2e1-06be-42c6-a7b1-de29475cc753:92:232
2026-10-04 18:53:48.572999 [I:onnxruntime:, webgpu_execution_provider.cc:666 GetCapability] webgpu kernel not found in registries for Op type: Where node name: /model/layers.4/self_attn/Where ebaee2e1-06be-42c6-a7b1-de29475cc753:92:232
2026-10-04 18:53:48.573998 [I:onnxruntime:, webgpu_execution_provider.cc:666 GetCapability] webgpu kernel not found in registries for Op type: Gather node name: /model/layers.4/self_attn/Gather_12 ebaee2e1-06be-42c6-a7b1-de29475cc753:92:232
2026-10-04 18:53:48.573998 [I:onnxruntime:, webgpu_execution_provider.cc:666 GetCapability] webgpu kernel not found in registries for Op type: Unsqueeze node name: /model/layers.4/self_attn/Unsqueeze_28 ebaee2e1-06be-42c6-a7b1-de29475cc753:92:232
2026-10-04 18:53:48.574999 [I:onnxruntime:, webgpu_execution_provider.cc:666 GetCapability] webgpu kernel not found in registries for Op type: Slice node name: /model/layers.4/self_attn/Slice_4 ebaee2e1-06be-42c6-a7b1-de29475cc753:92:232
2026-10-04 18:53:48.575999 [I:onnxruntime:, webgpu_execution_provider.cc:666 GetCapability] webgpu kernel not found in registries for Op type: Gather node name: Gather_token_17 ebaee2e1-06be-42c6-a7b1-de29475cc753:92:232
2026-10-04 18:53:48.577998 [I:onnxruntime:, webgpu_execution_provider.cc:666 GetCapability] webgpu kernel not found in registries for Op type: Gather node name: /model/layers.4/self_attn/Gather_2 ebaee2e1-06be-42c6-a7b1-de29475cc753:92:232
2026-10-04 18:53:48.579999 [I:onnxruntime:, webgpu_execution_provider.cc:666 GetCapability] webgpu kernel not found in registries for Op type: Div node name: /model/layers.4/self_attn/Div ebaee2e1-06be-42c6-a7b1-de29475cc753:92:232
2026-10-04 18:53:48.580999 [I:onnxruntime:, webgpu_execution_provider.cc:666 GetCapability] webgpu kernel not found in registries for Op type: Unsqueeze node name: /model/layers.4/self_attn/Unsqueeze_7 ebaee2e1-06be-42c6-a7b1-de29475cc753:92:232
2026-10-04 18:53:48.582999 [I:onnxruntime:, webgpu_execution_provider.cc:666 GetCapability] webgpu kernel not found in registries for Op type: IsNaN node name: /model/layers.4/self_attn/IsNaN ebaee2e1-06be-42c6-a7b1-de29475cc753:92:232
2026-10-04 18:53:48.583999 [I:onnxruntime:, webgpu_execution_provider.cc:666 GetCapability] webgpu kernel not found in registries for Op type: Gather node name: /model/layers.4/self_attn/Gather_11 ebaee2e1-06be-42c6-a7b1-de29475cc753:92:232
2026-10-04 18:53:48.584999 [I:onnxruntime:, webgpu_execution_provider.cc:666 GetCapability] webgpu kernel not found in registries for Op type: Unsqueeze node name: /model/layers.4/self_attn/Unsqueeze_27 ebaee2e1-06be-42c6-a7b1-de29475cc753:92:232
2026-10-04 18:53:48.585998 [I:onnxruntime:, webgpu_execution_provider.cc:666 GetCapability] webgpu kernel not found in registries for Op type: Gather node name: /model/layers.4/self_attn/Gather_10 ebaee2e1-06be-42c6-a7b1-de29475cc753:92:232
2026-10-04 18:53:48.586998 [I:onnxruntime:, webgpu_execution_provider.cc:666 GetCapability] webgpu kernel not found in registries for Op type: Unsqueeze node name: /model/layers.4/self_attn/Unsqueeze_26 ebaee2e1-06be-42c6-a7b1-de29475cc753:92:232
2026-10-04 18:53:48.587999 [I:onnxruntime:, webgpu_execution_provider.cc:666 GetCapability] webgpu kernel not found in registries for Op type: Gather node name: /model/layers.4/self_attn/Gather_9 ebaee2e1-06be-42c6-a7b1-de29475cc753:92:232
2026-10-04 18:53:48.588999 [I:onnxruntime:, webgpu_execution_provider.cc:666 GetCapability] webgpu kernel not found in registries for Op type: Mul node name: /model/layers.4/self_attn/Mul_7 ebaee2e1-06be-42c6-a7b1-de29475cc753:92:232
2026-10-04 18:53:48.589998 [I:onnxruntime:, webgpu_execution_provider.cc:666 GetCapability] webgpu kernel not found in registries for Op type: Unsqueeze node name: /model/layers.4/self_attn/Unsqueeze_25 ebaee2e1-06be-42c6-a7b1-de29475cc753:92:232
2026-10-04 18:53:48.590999 [I:onnxruntime:, webgpu_execution_provider.cc:666 GetCapability] webgpu kernel not found in registries for Op type: Gather node name: /model/layers.4/self_attn/Gather_8 ebaee2e1-06be-42c6-a7b1-de29475cc753:92:232
2026-10-04 18:53:48.590999 [I:onnxruntime:, webgpu_execution_provider.cc:666 GetCapability] webgpu kernel not found in registries for Op type: Unsqueeze node name: /model/layers.4/self_attn/Unsqueeze_24 ebaee2e1-06be-42c6-a7b1-de29475cc753:92:232
2026-10-04 18:53:48.590999 [I:onnxruntime:, webgpu_execution_provider.cc:666 GetCapability] webgpu kernel not found in registries for Op type: Concat node name: /model/layers.4/self_attn/Concat_10 ebaee2e1-06be-42c6-a7b1-de29475cc753:92:232
2026-10-04 18:53:48.590999 [I:onnxruntime:, webgpu_execution_provider.cc:666 GetCapability] webgpu kernel not found in registries for Op type: Unsqueeze node name: /model/layers.4/self_attn/Unsqueeze_21 ebaee2e1-06be-42c6-a7b1-de29475cc753:92:232
2026-10-04 18:53:48.591999 [I:onnxruntime:, webgpu_execution_provider.cc:666 GetCapability] webgpu kernel not found in registries for Op type: Concat node name: /model/layers.4/self_attn/Concat_9 ebaee2e1-06be-42c6-a7b1-de29475cc753:92:232
2026-10-04 18:53:48.591999 [I:onnxruntime:, webgpu_execution_provider.cc:666 GetCapability] webgpu kernel not found in registries for Op type: Reshape node name: /model/layers.4/self_attn/Reshape_5 ebaee2e1-06be-42c6-a7b1-de29475cc753:92:232
2026-10-04 18:53:48.592999 [I:onnxruntime:, webgpu_execution_provider.cc:666 GetCapability] webgpu kernel not found in registries for Op type: Equal node name: /model/layers.4/self_attn/Equal_1 ebaee2e1-06be-42c6-a7b1-de29475cc753:92:232
2026-10-04 18:53:48.592999 [I:onnxruntime:, webgpu_execution_provider.cc:666 GetCapability] webgpu kernel not found in registries for Op type: Where node name: /model/layers.4/self_attn/Where_1 ebaee2e1-06be-42c6-a7b1-de29475cc753:92:232
2026-10-04 18:53:48.593998 [I:onnxruntime:, webgpu_execution_provider.cc:666 GetCapability] webgpu kernel not found in registries for Op type: Gather node name: /model/layers.5/self_attn/Gather_1 ebaee2e1-06be-42c6-a7b1-de29475cc753:92:232
2026-10-04 18:53:48.594998 [I:onnxruntime:, webgpu_execution_provider.cc:666 GetCapability] webgpu kernel not found in registries for Op type: Unsqueeze node name: /model/layers.5/self_attn/Unsqueeze_30 ebaee2e1-06be-42c6-a7b1-de29475cc753:92:232
2026-10-04 18:53:48.594998 [I:onnxruntime:, webgpu_execution_provider.cc:666 GetCapability] webgpu kernel not found in registries for Op type: Gather node name: /model/layers.5/self_attn/Gather ebaee2e1-06be-42c6-a7b1-de29475cc753:92:232
2026-10-04 18:53:48.595999 [I:onnxruntime:, webgpu_execution_provider.cc:666 GetCapability] webgpu kernel not found in registries for Op type: Unsqueeze node name: /model/layers.5/self_attn/Unsqueeze_29 ebaee2e1-06be-42c6-a7b1-de29475cc753:92:232
2026-10-04 18:53:48.596999 [I:onnxruntime:, webgpu_execution_provider.cc:666 GetCapability] webgpu kernel not found in registries for Op type: Concat node name: /model/layers.5/self_attn/Concat_11 ebaee2e1-06be-42c6-a7b1-de29475cc753:92:232
2026-10-04 18:53:48.597998 [I:onnxruntime:, webgpu_execution_provider.cc:666 GetCapability] webgpu kernel not found in registries for Op type: Concat node name: /model/layers.5/self_attn/Concat_1 ebaee2e1-06be-42c6-a7b1-de29475cc753:92:232
2026-10-04 18:53:48.598999 [I:onnxruntime:, webgpu_execution_provider.cc:666 GetCapability] webgpu kernel not found in registries for Op type: Gather node name: Gather_token_19 ebaee2e1-06be-42c6-a7b1-de29475cc753:92:232
2026-10-04 18:53:48.604999 [I:onnxruntime:, webgpu_execution_provider.cc:666 GetCapability] webgpu kernel not found in registries for Op type: Gather node name: /model/layers.5/self_attn/Gather_3 ebaee2e1-06be-42c6-a7b1-de29475cc753:92:232
2026-10-04 18:53:48.605998 [I:onnxruntime:, webgpu_execution_provider.cc:666 GetCapability] webgpu kernel not found in registries for Op type: Div node name: /model/layers.5/self_attn/Div_1 ebaee2e1-06be-42c6-a7b1-de29475cc753:92:232
2026-10-04 18:53:48.605998 [I:onnxruntime:, webgpu_execution_provider.cc:666 GetCapability] webgpu kernel not found in registries for Op type: Unsqueeze node name: /model/layers.5/self_attn/Unsqueeze_9 ebaee2e1-06be-42c6-a7b1-de29475cc753:92:232
2026-10-04 18:53:48.606999 [I:onnxruntime:, webgpu_execution_provider.cc:666 GetCapability] webgpu kernel not found in registries for Op type: Gather node name: /model/layers.5/self_attn/Gather_7 ebaee2e1-06be-42c6-a7b1-de29475cc753:92:232
2026-10-04 18:53:48.606999 [I:onnxruntime:, webgpu_execution_provider.cc:666 GetCapability] webgpu kernel not found in registries for Op type: Unsqueeze node name: /model/layers.5/self_attn/Unsqueeze_18 ebaee2e1-06be-42c6-a7b1-de29475cc753:92:232
2026-10-04 18:53:48.606999 [I:onnxruntime:, webgpu_execution_provider.cc:666 GetCapability] webgpu kernel not found in registries for Op type: Gather node name: /model/layers.5/self_attn/Gather_6 ebaee2e1-06be-42c6-a7b1-de29475cc753:92:232
2026-10-04 18:53:48.607999 [I:onnxruntime:, webgpu_execution_provider.cc:666 GetCapability] webgpu kernel not found in registries for Op type: Unsqueeze node name: /model/layers.5/self_attn/Unsqueeze_17 ebaee2e1-06be-42c6-a7b1-de29475cc753:92:232
2026-10-04 18:53:48.607999 [I:onnxruntime:, webgpu_execution_provider.cc:666 GetCapability] webgpu kernel not found in registries for Op type: Gather node name: /model/layers.5/self_attn/Gather_5 ebaee2e1-06be-42c6-a7b1-de29475cc753:92:232
2026-10-04 18:53:48.607999 [I:onnxruntime:, webgpu_execution_provider.cc:666 GetCapability] webgpu kernel not found in registries for Op type: Mul node name: /model/layers.5/self_attn/Mul_5 ebaee2e1-06be-42c6-a7b1-de29475cc753:92:232
2026-10-04 18:53:48.608999 [I:onnxruntime:, webgpu_execution_provider.cc:666 GetCapability] webgpu kernel not found in registries for Op type: Unsqueeze node name: /model/layers.5/self_attn/Unsqueeze_16 ebaee2e1-06be-42c6-a7b1-de29475cc753:92:232
2026-10-04 18:53:48.608999 [I:onnxruntime:, webgpu_execution_provider.cc:666 GetCapability] webgpu kernel not found in registries for Op type: Gather node name: /model/layers.5/self_attn/Gather_4 ebaee2e1-06be-42c6-a7b1-de29475cc753:92:232
2026-10-04 18:53:48.608999 [I:onnxruntime:, webgpu_execution_provider.cc:666 GetCapability] webgpu kernel not found in registries for Op type: Unsqueeze node name: /model/layers.5/self_attn/Unsqueeze_15 ebaee2e1-06be-42c6-a7b1-de29475cc753:92:232
2026-10-04 18:53:48.609998 [I:onnxruntime:, webgpu_execution_provider.cc:666 GetCapability] webgpu kernel not found in registries for Op type: Concat node name: /model/layers.5/self_attn/Concat_8 ebaee2e1-06be-42c6-a7b1-de29475cc753:92:232
2026-10-04 18:53:48.609998 [I:onnxruntime:, webgpu_execution_provider.cc:666 GetCapability] webgpu kernel not found in registries for Op type: Unsqueeze node name: /model/layers.5/self_attn/Unsqueeze_12 ebaee2e1-06be-42c6-a7b1-de29475cc753:92:232
2026-10-04 18:53:48.610998 [I:onnxruntime:, webgpu_execution_provider.cc:666 GetCapability] webgpu kernel not found in registries for Op type: Concat node name: /model/layers.5/self_attn/Concat_7 ebaee2e1-06be-42c6-a7b1-de29475cc753:92:232
2026-10-04 18:53:48.610998 [I:onnxruntime:, webgpu_execution_provider.cc:666 GetCapability] webgpu kernel not found in registries for Op type: Reshape node name: /model/layers.5/self_attn/Reshape_3 ebaee2e1-06be-42c6-a7b1-de29475cc753:92:232
2026-10-04 18:53:48.610998 [I:onnxruntime:, webgpu_execution_provider.cc:666 GetCapability] webgpu kernel not found in registries for Op type: Equal node name: /model/layers.5/self_attn/Equal ebaee2e1-06be-42c6-a7b1-de29475cc753:92:232
2026-10-04 18:53:48.611999 [I:onnxruntime:, webgpu_execution_provider.cc:666 GetCapability] webgpu kernel not found in registries for Op type: Where node name: /model/layers.5/self_attn/Where ebaee2e1-06be-42c6-a7b1-de29475cc753:92:232
2026-10-04 18:53:48.611999 [I:onnxruntime:, webgpu_execution_provider.cc:666 GetCapability] webgpu kernel not found in registries for Op type: Gather node name: /model/layers.5/self_attn/Gather_12 ebaee2e1-06be-42c6-a7b1-de29475cc753:92:232
2026-10-04 18:53:48.612999 [I:onnxruntime:, webgpu_execution_provider.cc:666 GetCapability] webgpu kernel not found in registries for Op type: Unsqueeze node name: /model/layers.5/self_attn/Unsqueeze_28 ebaee2e1-06be-42c6-a7b1-de29475cc753:92:232
2026-10-04 18:53:48.613998 [I:onnxruntime:, webgpu_execution_provider.cc:666 GetCapability] webgpu kernel not found in registries for Op type: Slice node name: /model/layers.5/self_attn/Slice_4 ebaee2e1-06be-42c6-a7b1-de29475cc753:92:232
2026-10-04 18:53:48.614999 [I:onnxruntime:, webgpu_execution_provider.cc:666 GetCapability] webgpu kernel not found in registries for Op type: Gather node name: Gather_token_21 ebaee2e1-06be-42c6-a7b1-de29475cc753:92:232
2026-10-04 18:53:48.615999 [I:onnxruntime:, webgpu_execution_provider.cc:666 GetCapability] webgpu kernel not found in registries for Op type: Gather node name: /model/layers.5/self_attn/Gather_2 ebaee2e1-06be-42c6-a7b1-de29475cc753:92:232
2026-10-04 18:53:48.616999 [I:onnxruntime:, webgpu_execution_provider.cc:666 GetCapability] webgpu kernel not found in registries for Op type: Div node name: /model/layers.5/self_attn/Div ebaee2e1-06be-42c6-a7b1-de29475cc753:92:232
2026-10-04 18:53:48.616999 [I:onnxruntime:, webgpu_execution_provider.cc:666 GetCapability] webgpu kernel not found in registries for Op type: Unsqueeze node name: /model/layers.5/self_attn/Unsqueeze_7 ebaee2e1-06be-42c6-a7b1-de29475cc753:92:232
2026-10-04 18:53:48.617998 [I:onnxruntime:, webgpu_execution_provider.cc:666 GetCapability] webgpu kernel not found in registries for Op type: IsNaN node name: /model/layers.5/self_attn/IsNaN ebaee2e1-06be-42c6-a7b1-de29475cc753:92:232
2026-10-04 18:53:48.617998 [I:onnxruntime:, webgpu_execution_provider.cc:666 GetCapability] webgpu kernel not found in registries for Op type: Gather node name: /model/layers.5/self_attn/Gather_11 ebaee2e1-06be-42c6-a7b1-de29475cc753:92:232
2026-10-04 18:53:48.617998 [I:onnxruntime:, webgpu_execution_provider.cc:666 GetCapability] webgpu kernel not found in registries for Op type: Unsqueeze node name: /model/layers.5/self_attn/Unsqueeze_27 ebaee2e1-06be-42c6-a7b1-de29475cc753:92:232
2026-10-04 18:53:48.618998 [I:onnxruntime:, webgpu_execution_provider.cc:666 GetCapability] webgpu kernel not found in registries for Op type: Gather node name: /model/layers.5/self_attn/Gather_10 ebaee2e1-06be-42c6-a7b1-de29475cc753:92:232
2026-10-04 18:53:48.618998 [I:onnxruntime:, webgpu_execution_provider.cc:666 GetCapability] webgpu kernel not found in registries for Op type: Unsqueeze node name: /model/layers.5/self_attn/Unsqueeze_26 ebaee2e1-06be-42c6-a7b1-de29475cc753:92:232
2026-10-04 18:53:48.619999 [I:onnxruntime:, webgpu_execution_provider.cc:666 GetCapability] webgpu kernel not found in registries for Op type: Gather node name: /model/layers.5/self_attn/Gather_9 ebaee2e1-06be-42c6-a7b1-de29475cc753:92:232
2026-10-04 18:53:48.619999 [I:onnxruntime:, webgpu_execution_provider.cc:666 GetCapability] webgpu kernel not found in registries for Op type: Mul node name: /model/layers.5/self_attn/Mul_7 ebaee2e1-06be-42c6-a7b1-de29475cc753:92:232
2026-10-04 18:53:48.620999 [I:onnxruntime:, webgpu_execution_provider.cc:666 GetCapability] webgpu kernel not found in registries for Op type: Unsqueeze node name: /model/layers.5/self_attn/Unsqueeze_25 ebaee2e1-06be-42c6-a7b1-de29475cc753:92:232
2026-10-04 18:53:48.620999 [I:onnxruntime:, webgpu_execution_provider.cc:666 GetCapability] webgpu kernel not found in registries for Op type: Gather node name: /model/layers.5/self_attn/Gather_8 ebaee2e1-06be-42c6-a7b1-de29475cc753:92:232
2026-10-04 18:53:48.621998 [I:onnxruntime:, webgpu_execution_provider.cc:666 GetCapability] webgpu kernel not found in registries for Op type: Unsqueeze node name: /model/layers.5/self_attn/Unsqueeze_24 ebaee2e1-06be-42c6-a7b1-de29475cc753:92:232
2026-10-04 18:53:48.621998 [I:onnxruntime:, webgpu_execution_provider.cc:666 GetCapability] webgpu kernel not found in registries for Op type: Concat node name: /model/layers.5/self_attn/Concat_10 ebaee2e1-06be-42c6-a7b1-de29475cc753:92:232
2026-10-04 18:53:48.622999 [I:onnxruntime:, webgpu_execution_provider.cc:666 GetCapability] webgpu kernel not found in registries for Op type: Unsqueeze node name: /model/layers.5/self_attn/Unsqueeze_21 ebaee2e1-06be-42c6-a7b1-de29475cc753:92:232
2026-10-04 18:53:48.622999 [I:onnxruntime:, webgpu_execution_provider.cc:666 GetCapability] webgpu kernel not found in registries for Op type: Concat node name: /model/layers.5/self_attn/Concat_9 ebaee2e1-06be-42c6-a7b1-de29475cc753:92:232
2026-10-04 18:53:48.622999 [I:onnxruntime:, webgpu_execution_provider.cc:666 GetCapability] webgpu kernel not found in registries for Op type: Reshape node name: /model/layers.5/self_attn/Reshape_5 ebaee2e1-06be-42c6-a7b1-de29475cc753:92:232
2026-10-04 18:53:48.622999 [I:onnxruntime:, webgpu_execution_provider.cc:666 GetCapability] webgpu kernel not found in registries for Op type: Equal node name: /model/layers.5/self_attn/Equal_1 ebaee2e1-06be-42c6-a7b1-de29475cc753:92:232
2026-10-04 18:53:48.623999 [I:onnxruntime:, webgpu_execution_provider.cc:666 GetCapability] webgpu kernel not found in registries for Op type: Where node name: /model/layers.5/self_attn/Where_1 ebaee2e1-06be-42c6-a7b1-de29475cc753:92:232
2026-10-04 18:53:48.624999 [I:onnxruntime:, webgpu_execution_provider.cc:666 GetCapability] webgpu kernel not found in registries for Op type: Gather node name: /model/layers.6/self_attn/Gather_1 ebaee2e1-06be-42c6-a7b1-de29475cc753:92:232
2026-10-04 18:53:48.632999 [I:onnxruntime:, webgpu_execution_provider.cc:666 GetCapability] webgpu kernel not found in registries for Op type: Unsqueeze node name: /model/layers.6/self_attn/Unsqueeze_30 ebaee2e1-06be-42c6-a7b1-de29475cc753:92:232
2026-10-04 18:53:48.633998 [I:onnxruntime:, webgpu_execution_provider.cc:666 GetCapability] webgpu kernel not found in registries for Op type: Gather node name: /model/layers.6/self_attn/Gather ebaee2e1-06be-42c6-a7b1-de29475cc753:92:232
2026-10-04 18:53:48.633998 [I:onnxruntime:, webgpu_execution_provider.cc:666 GetCapability] webgpu kernel not found in registries for Op type: Unsqueeze node name: /model/layers.6/self_attn/Unsqueeze_29 ebaee2e1-06be-42c6-a7b1-de29475cc753:92:232
2026-10-04 18:53:48.634998 [I:onnxruntime:, webgpu_execution_provider.cc:666 GetCapability] webgpu kernel not found in registries for Op type: Concat node name: /model/layers.6/self_attn/Concat_11 ebaee2e1-06be-42c6-a7b1-de29475cc753:92:232
2026-10-04 18:53:48.634998 [I:onnxruntime:, webgpu_execution_provider.cc:666 GetCapability] webgpu kernel not found in registries for Op type: Concat node name: /model/layers.6/self_attn/Concat_1 ebaee2e1-06be-42c6-a7b1-de29475cc753:92:232
2026-10-04 18:53:48.634998 [I:onnxruntime:, webgpu_execution_provider.cc:666 GetCapability] webgpu kernel not found in registries for Op type: Gather node name: Gather_token_23 ebaee2e1-06be-42c6-a7b1-de29475cc753:92:232
2026-10-04 18:53:48.635999 [I:onnxruntime:, webgpu_execution_provider.cc:666 GetCapability] webgpu kernel not found in registries for Op type: Gather node name: /model/layers.6/self_attn/Gather_3 ebaee2e1-06be-42c6-a7b1-de29475cc753:92:232
2026-10-04 18:53:48.635999 [I:onnxruntime:, webgpu_execution_provider.cc:666 GetCapability] webgpu kernel not found in registries for Op type: Div node name: /model/layers.6/self_attn/Div_1 ebaee2e1-06be-42c6-a7b1-de29475cc753:92:232
2026-10-04 18:53:48.636999 [I:onnxruntime:, webgpu_execution_provider.cc:666 GetCapability] webgpu kernel not found in registries for Op type: Unsqueeze node name: /model/layers.6/self_attn/Unsqueeze_9 ebaee2e1-06be-42c6-a7b1-de29475cc753:92:232
2026-10-04 18:53:48.636999 [I:onnxruntime:, webgpu_execution_provider.cc:666 GetCapability] webgpu kernel not found in registries for Op type: Gather node name: /model/layers.6/self_attn/Gather_7 ebaee2e1-06be-42c6-a7b1-de29475cc753:92:232
2026-10-04 18:53:48.637998 [I:onnxruntime:, webgpu_execution_provider.cc:666 GetCapability] webgpu kernel not found in registries for Op type: Unsqueeze node name: /model/layers.6/self_attn/Unsqueeze_18 ebaee2e1-06be-42c6-a7b1-de29475cc753:92:232
2026-10-04 18:53:48.637998 [I:onnxruntime:, webgpu_execution_provider.cc:666 GetCapability] webgpu kernel not found in registries for Op type: Gather node name: /model/layers.6/self_attn/Gather_6 ebaee2e1-06be-42c6-a7b1-de29475cc753:92:232
2026-10-04 18:53:48.637998 [I:onnxruntime:, webgpu_execution_provider.cc:666 GetCapability] webgpu kernel not found in registries for Op type: Unsqueeze node name: /model/layers.6/self_attn/Unsqueeze_17 ebaee2e1-06be-42c6-a7b1-de29475cc753:92:232
2026-10-04 18:53:48.638999 [I:onnxruntime:, webgpu_execution_provider.cc:666 GetCapability] webgpu kernel not found in registries for Op type: Gather node name: /model/layers.6/self_attn/Gather_5 ebaee2e1-06be-42c6-a7b1-de29475cc753:92:232
2026-10-04 18:53:48.638999 [I:onnxruntime:, webgpu_execution_provider.cc:666 GetCapability] webgpu kernel not found in registries for Op type: Mul node name: /model/layers.6/self_attn/Mul_5 ebaee2e1-06be-42c6-a7b1-de29475cc753:92:232
2026-10-04 18:53:48.638999 [I:onnxruntime:, webgpu_execution_provider.cc:666 GetCapability] webgpu kernel not found in registries for Op type: Unsqueeze node name: /model/layers.6/self_attn/Unsqueeze_16 ebaee2e1-06be-42c6-a7b1-de29475cc753:92:232
2026-10-04 18:53:48.638999 [I:onnxruntime:, webgpu_execution_provider.cc:666 GetCapability] webgpu kernel not found in registries for Op type: Gather node name: /model/layers.6/self_attn/Gather_4 ebaee2e1-06be-42c6-a7b1-de29475cc753:92:232
2026-10-04 18:53:48.639999 [I:onnxruntime:, webgpu_execution_provider.cc:666 GetCapability] webgpu kernel not found in registries for Op type: Unsqueeze node name: /model/layers.6/self_attn/Unsqueeze_15 ebaee2e1-06be-42c6-a7b1-de29475cc753:92:232
2026-10-04 18:53:48.639999 [I:onnxruntime:, webgpu_execution_provider.cc:666 GetCapability] webgpu kernel not found in registries for Op type: Concat node name: /model/layers.6/self_attn/Concat_8 ebaee2e1-06be-42c6-a7b1-de29475cc753:92:232
2026-10-04 18:53:48.639999 [I:onnxruntime:, webgpu_execution_provider.cc:666 GetCapability] webgpu kernel not found in registries for Op type: Unsqueeze node name: /model/layers.6/self_attn/Unsqueeze_12 ebaee2e1-06be-42c6-a7b1-de29475cc753:92:232
2026-10-04 18:53:48.640999 [I:onnxruntime:, webgpu_execution_provider.cc:666 GetCapability] webgpu kernel not found in registries for Op type: Concat node name: /model/layers.6/self_attn/Concat_7 ebaee2e1-06be-42c6-a7b1-de29475cc753:92:232
2026-10-04 18:53:48.640999 [I:onnxruntime:, webgpu_execution_provider.cc:666 GetCapability] webgpu kernel not found in registries for Op type: Reshape node name: /model/layers.6/self_attn/Reshape_3 ebaee2e1-06be-42c6-a7b1-de29475cc753:92:232
2026-10-04 18:53:48.640999 [I:onnxruntime:, webgpu_execution_provider.cc:666 GetCapability] webgpu kernel not found in registries for Op type: Equal node name: /model/layers.6/self_attn/Equal ebaee2e1-06be-42c6-a7b1-de29475cc753:92:232
2026-10-04 18:53:48.641998 [I:onnxruntime:, webgpu_execution_provider.cc:666 GetCapability] webgpu kernel not found in registries for Op type: Where node name: /model/layers.6/self_attn/Where ebaee2e1-06be-42c6-a7b1-de29475cc753:92:232
2026-10-04 18:53:48.641998 [I:onnxruntime:, webgpu_execution_provider.cc:666 GetCapability] webgpu kernel not found in registries for Op type: Gather node name: /model/layers.6/self_attn/Gather_12 ebaee2e1-06be-42c6-a7b1-de29475cc753:92:232
2026-10-04 18:53:48.641998 [I:onnxruntime:, webgpu_execution_provider.cc:666 GetCapability] webgpu kernel not found in registries for Op type: Unsqueeze node name: /model/layers.6/self_attn/Unsqueeze_28 ebaee2e1-06be-42c6-a7b1-de29475cc753:92:232
2026-10-04 18:53:48.642998 [I:onnxruntime:, webgpu_execution_provider.cc:666 GetCapability] webgpu kernel not found in registries for Op type: Slice node name: /model/layers.6/self_attn/Slice_4 ebaee2e1-06be-42c6-a7b1-de29475cc753:92:232
2026-10-04 18:53:48.642998 [I:onnxruntime:, webgpu_execution_provider.cc:666 GetCapability] webgpu kernel not found in registries for Op type: Gather node name: Gather_token_25 ebaee2e1-06be-42c6-a7b1-de29475cc753:92:232
2026-10-04 18:53:48.643999 [I:onnxruntime:, webgpu_execution_provider.cc:666 GetCapability] webgpu kernel not found in registries for Op type: Gather node name: /model/layers.6/self_attn/Gather_2 ebaee2e1-06be-42c6-a7b1-de29475cc753:92:232
2026-10-04 18:53:48.643999 [I:onnxruntime:, webgpu_execution_provider.cc:666 GetCapability] webgpu kernel not found in registries for Op type: Div node name: /model/layers.6/self_attn/Div ebaee2e1-06be-42c6-a7b1-de29475cc753:92:232
2026-10-04 18:53:48.644999 [I:onnxruntime:, webgpu_execution_provider.cc:666 GetCapability] webgpu kernel not found in registries for Op type: Unsqueeze node name: /model/layers.6/self_attn/Unsqueeze_7 ebaee2e1-06be-42c6-a7b1-de29475cc753:92:232
2026-10-04 18:53:48.644999 [I:onnxruntime:, webgpu_execution_provider.cc:666 GetCapability] webgpu kernel not found in registries for Op type: IsNaN node name: /model/layers.6/self_attn/IsNaN ebaee2e1-06be-42c6-a7b1-de29475cc753:92:232
2026-10-04 18:53:48.645998 [I:onnxruntime:, webgpu_execution_provider.cc:666 GetCapability] webgpu kernel not found in registries for Op type: Gather node name: /model/layers.6/self_attn/Gather_11 ebaee2e1-06be-42c6-a7b1-de29475cc753:92:232
2026-10-04 18:53:48.646999 [I:onnxruntime:, webgpu_execution_provider.cc:666 GetCapability] webgpu kernel not found in registries for Op type: Unsqueeze node name: /model/layers.6/self_attn/Unsqueeze_27 ebaee2e1-06be-42c6-a7b1-de29475cc753:92:232
2026-10-04 18:53:48.647999 [I:onnxruntime:, webgpu_execution_provider.cc:666 GetCapability] webgpu kernel not found in registries for Op type: Gather node name: /model/layers.6/self_attn/Gather_10 ebaee2e1-06be-42c6-a7b1-de29475cc753:92:232
2026-10-04 18:53:48.648999 [I:onnxruntime:, webgpu_execution_provider.cc:666 GetCapability] webgpu kernel not found in registries for Op type: Unsqueeze node name: /model/layers.6/self_attn/Unsqueeze_26 ebaee2e1-06be-42c6-a7b1-de29475cc753:92:232
2026-10-04 18:53:48.649998 [I:onnxruntime:, webgpu_execution_provider.cc:666 GetCapability] webgpu kernel not found in registries for Op type: Gather node name: /model/layers.6/self_attn/Gather_9 ebaee2e1-06be-42c6-a7b1-de29475cc753:92:232
2026-10-04 18:53:48.649998 [I:onnxruntime:, webgpu_execution_provider.cc:666 GetCapability] webgpu kernel not found in registries for Op type: Mul node name: /model/layers.6/self_attn/Mul_7 ebaee2e1-06be-42c6-a7b1-de29475cc753:92:232
2026-10-04 18:53:48.649998 [I:onnxruntime:, webgpu_execution_provider.cc:666 GetCapability] webgpu kernel not found in registries for Op type: Unsqueeze node name: /model/layers.6/self_attn/Unsqueeze_25 ebaee2e1-06be-42c6-a7b1-de29475cc753:92:232
2026-10-04 18:53:48.649998 [I:onnxruntime:, webgpu_execution_provider.cc:666 GetCapability] webgpu kernel not found in registries for Op type: Gather node name: /model/layers.6/self_attn/Gather_8 ebaee2e1-06be-42c6-a7b1-de29475cc753:92:232
2026-10-04 18:53:48.650998 [I:onnxruntime:, webgpu_execution_provider.cc:666 GetCapability] webgpu kernel not found in registries for Op type: Unsqueeze node name: /model/layers.6/self_attn/Unsqueeze_24 ebaee2e1-06be-42c6-a7b1-de29475cc753:92:232
2026-10-04 18:53:48.650998 [I:onnxruntime:, webgpu_execution_provider.cc:666 GetCapability] webgpu kernel not found in registries for Op type: Concat node name: /model/layers.6/self_attn/Concat_10 ebaee2e1-06be-42c6-a7b1-de29475cc753:92:232
2026-10-04 18:53:48.651999 [I:onnxruntime:, webgpu_execution_provider.cc:666 GetCapability] webgpu kernel not found in registries for Op type: Unsqueeze node name: /model/layers.6/self_attn/Unsqueeze_21 ebaee2e1-06be-42c6-a7b1-de29475cc753:92:232
2026-10-04 18:53:48.651999 [I:onnxruntime:, webgpu_execution_provider.cc:666 GetCapability] webgpu kernel not found in registries for Op type: Concat node name: /model/layers.6/self_attn/Concat_9 ebaee2e1-06be-42c6-a7b1-de29475cc753:92:232
2026-10-04 18:53:48.651999 [I:onnxruntime:, webgpu_execution_provider.cc:666 GetCapability] webgpu kernel not found in registries for Op type: Reshape node name: /model/layers.6/self_attn/Reshape_5 ebaee2e1-06be-42c6-a7b1-de29475cc753:92:232
2026-10-04 18:53:48.652999 [I:onnxruntime:, webgpu_execution_provider.cc:666 GetCapability] webgpu kernel not found in registries for Op type: Equal node name: /model/layers.6/self_attn/Equal_1 ebaee2e1-06be-42c6-a7b1-de29475cc753:92:232
2026-10-04 18:53:48.652999 [I:onnxruntime:, webgpu_execution_provider.cc:666 GetCapability] webgpu kernel not found in registries for Op type: Where node name: /model/layers.6/self_attn/Where_1 ebaee2e1-06be-42c6-a7b1-de29475cc753:92:232
2026-10-04 18:53:48.653998 [I:onnxruntime:, webgpu_execution_provider.cc:666 GetCapability] webgpu kernel not found in registries for Op type: Gather node name: /model/layers.7/self_attn/Gather_1 ebaee2e1-06be-42c6-a7b1-de29475cc753:92:232
2026-10-04 18:53:48.653998 [I:onnxruntime:, webgpu_execution_provider.cc:666 GetCapability] webgpu kernel not found in registries for Op type: Unsqueeze node name: /model/layers.7/self_attn/Unsqueeze_30 ebaee2e1-06be-42c6-a7b1-de29475cc753:92:232
2026-10-04 18:53:48.654999 [I:onnxruntime:, webgpu_execution_provider.cc:666 GetCapability] webgpu kernel not found in registries for Op type: Gather node name: /model/layers.7/self_attn/Gather ebaee2e1-06be-42c6-a7b1-de29475cc753:92:232
2026-10-04 18:53:48.654999 [I:onnxruntime:, webgpu_execution_provider.cc:666 GetCapability] webgpu kernel not found in registries for Op type: Unsqueeze node name: /model/layers.7/self_attn/Unsqueeze_29 ebaee2e1-06be-42c6-a7b1-de29475cc753:92:232
2026-10-04 18:53:48.654999 [I:onnxruntime:, webgpu_execution_provider.cc:666 GetCapability] webgpu kernel not found in registries for Op type: Concat node name: /model/layers.7/self_attn/Concat_11 ebaee2e1-06be-42c6-a7b1-de29475cc753:92:232
2026-10-04 18:53:48.654999 [I:onnxruntime:, webgpu_execution_provider.cc:666 GetCapability] webgpu kernel not found in registries for Op type: Concat node name: /model/layers.7/self_attn/Concat_1 ebaee2e1-06be-42c6-a7b1-de29475cc753:92:232
2026-10-04 18:53:48.655999 [I:onnxruntime:, webgpu_execution_provider.cc:666 GetCapability] webgpu kernel not found in registries for Op type: Gather node name: Gather_token_27 ebaee2e1-06be-42c6-a7b1-de29475cc753:92:232
2026-10-04 18:53:48.655999 [I:onnxruntime:, webgpu_execution_provider.cc:666 GetCapability] webgpu kernel not found in registries for Op type: Gather node name: /model/layers.7/self_attn/Gather_3 ebaee2e1-06be-42c6-a7b1-de29475cc753:92:232
2026-10-04 18:53:48.655999 [I:onnxruntime:, webgpu_execution_provider.cc:666 GetCapability] webgpu kernel not found in registries for Op type: Div node name: /model/layers.7/self_attn/Div_1 ebaee2e1-06be-42c6-a7b1-de29475cc753:92:232
2026-10-04 18:53:48.656999 [I:onnxruntime:, webgpu_execution_provider.cc:666 GetCapability] webgpu kernel not found in registries for Op type: Unsqueeze node name: /model/layers.7/self_attn/Unsqueeze_9 ebaee2e1-06be-42c6-a7b1-de29475cc753:92:232
2026-10-04 18:53:48.656999 [I:onnxruntime:, webgpu_execution_provider.cc:666 GetCapability] webgpu kernel not found in registries for Op type: Gather node name: /model/layers.7/self_attn/Gather_7 ebaee2e1-06be-42c6-a7b1-de29475cc753:92:232
2026-10-04 18:53:48.657998 [I:onnxruntime:, webgpu_execution_provider.cc:666 GetCapability] webgpu kernel not found in registries for Op type: Unsqueeze node name: /model/layers.7/self_attn/Unsqueeze_18 ebaee2e1-06be-42c6-a7b1-de29475cc753:92:232
2026-10-04 18:53:48.657998 [I:onnxruntime:, webgpu_execution_provider.cc:666 GetCapability] webgpu kernel not found in registries for Op type: Gather node name: /model/layers.7/self_attn/Gather_6 ebaee2e1-06be-42c6-a7b1-de29475cc753:92:232
2026-10-04 18:53:48.657998 [I:onnxruntime:, webgpu_execution_provider.cc:666 GetCapability] webgpu kernel not found in registries for Op type: Unsqueeze node name: /model/layers.7/self_attn/Unsqueeze_17 ebaee2e1-06be-42c6-a7b1-de29475cc753:92:232
2026-10-04 18:53:48.658998 [I:onnxruntime:, webgpu_execution_provider.cc:666 GetCapability] webgpu kernel not found in registries for Op type: Gather node name: /model/layers.7/self_attn/Gather_5 ebaee2e1-06be-42c6-a7b1-de29475cc753:92:232
2026-10-04 18:53:48.658998 [I:onnxruntime:, webgpu_execution_provider.cc:666 GetCapability] webgpu kernel not found in registries for Op type: Mul node name: /model/layers.7/self_attn/Mul_5 ebaee2e1-06be-42c6-a7b1-de29475cc753:92:232
2026-10-04 18:53:48.658998 [I:onnxruntime:, webgpu_execution_provider.cc:666 GetCapability] webgpu kernel not found in registries for Op type: Unsqueeze node name: /model/layers.7/self_attn/Unsqueeze_16 ebaee2e1-06be-42c6-a7b1-de29475cc753:92:232
2026-10-04 18:53:48.658998 [I:onnxruntime:, webgpu_execution_provider.cc:666 GetCapability] webgpu kernel not found in registries for Op type: Gather node name: /model/layers.7/self_attn/Gather_4 ebaee2e1-06be-42c6-a7b1-de29475cc753:92:232
2026-10-04 18:53:48.659999 [I:onnxruntime:, webgpu_execution_provider.cc:666 GetCapability] webgpu kernel not found in registries for Op type: Unsqueeze node name: /model/layers.7/self_attn/Unsqueeze_15 ebaee2e1-06be-42c6-a7b1-de29475cc753:92:232
2026-10-04 18:53:48.659999 [I:onnxruntime:, webgpu_execution_provider.cc:666 GetCapability] webgpu kernel not found in registries for Op type: Concat node name: /model/layers.7/self_attn/Concat_8 ebaee2e1-06be-42c6-a7b1-de29475cc753:92:232
2026-10-04 18:53:48.659999 [I:onnxruntime:, webgpu_execution_provider.cc:666 GetCapability] webgpu kernel not found in registries for Op type: Unsqueeze node name: /model/layers.7/self_attn/Unsqueeze_12 ebaee2e1-06be-42c6-a7b1-de29475cc753:92:232
2026-10-04 18:53:48.660999 [I:onnxruntime:, webgpu_execution_provider.cc:666 GetCapability] webgpu kernel not found in registries for Op type: Concat node name: /model/layers.7/self_attn/Concat_7 ebaee2e1-06be-42c6-a7b1-de29475cc753:92:232
2026-10-04 18:53:48.660999 [I:onnxruntime:, webgpu_execution_provider.cc:666 GetCapability] webgpu kernel not found in registries for Op type: Reshape node name: /model/layers.7/self_attn/Reshape_3 ebaee2e1-06be-42c6-a7b1-de29475cc753:92:232
2026-10-04 18:53:48.660999 [I:onnxruntime:, webgpu_execution_provider.cc:666 GetCapability] webgpu kernel not found in registries for Op type: Equal node name: /model/layers.7/self_attn/Equal ebaee2e1-06be-42c6-a7b1-de29475cc753:92:232
2026-10-04 18:53:48.661998 [I:onnxruntime:, webgpu_execution_provider.cc:666 GetCapability] webgpu kernel not found in registries for Op type: Where node name: /model/layers.7/self_attn/Where ebaee2e1-06be-42c6-a7b1-de29475cc753:92:232
2026-10-04 18:53:48.661998 [I:onnxruntime:, webgpu_execution_provider.cc:666 GetCapability] webgpu kernel not found in registries for Op type: Gather node name: /model/layers.7/self_attn/Gather_12 ebaee2e1-06be-42c6-a7b1-de29475cc753:92:232
2026-10-04 18:53:48.661998 [I:onnxruntime:, webgpu_execution_provider.cc:666 GetCapability] webgpu kernel not found in registries for Op type: Unsqueeze node name: /model/layers.7/self_attn/Unsqueeze_28 ebaee2e1-06be-42c6-a7b1-de29475cc753:92:232
2026-10-04 18:53:48.662999 [I:onnxruntime:, webgpu_execution_provider.cc:666 GetCapability] webgpu kernel not found in registries for Op type: Slice node name: /model/layers.7/self_attn/Slice_4 ebaee2e1-06be-42c6-a7b1-de29475cc753:92:232
2026-10-04 18:53:48.663999 [I:onnxruntime:, webgpu_execution_provider.cc:666 GetCapability] webgpu kernel not found in registries for Op type: Gather node name: Gather_token_29 ebaee2e1-06be-42c6-a7b1-de29475cc753:92:232
2026-10-04 18:53:48.664999 [I:onnxruntime:, webgpu_execution_provider.cc:666 GetCapability] webgpu kernel not found in registries for Op type: Gather node name: /model/layers.7/self_attn/Gather_2 ebaee2e1-06be-42c6-a7b1-de29475cc753:92:232
2026-10-04 18:53:48.665998 [I:onnxruntime:, webgpu_execution_provider.cc:666 GetCapability] webgpu kernel not found in registries for Op type: Div node name: /model/layers.7/self_attn/Div ebaee2e1-06be-42c6-a7b1-de29475cc753:92:232
2026-10-04 18:53:48.665998 [I:onnxruntime:, webgpu_execution_provider.cc:666 GetCapability] webgpu kernel not found in registries for Op type: Unsqueeze node name: /model/layers.7/self_attn/Unsqueeze_7 ebaee2e1-06be-42c6-a7b1-de29475cc753:92:232
2026-10-04 18:53:48.666998 [I:onnxruntime:, webgpu_execution_provider.cc:666 GetCapability] webgpu kernel not found in registries for Op type: IsNaN node name: /model/layers.7/self_attn/IsNaN ebaee2e1-06be-42c6-a7b1-de29475cc753:92:232
2026-10-04 18:53:48.666998 [I:onnxruntime:, webgpu_execution_provider.cc:666 GetCapability] webgpu kernel not found in registries for Op type: Gather node name: /model/layers.7/self_attn/Gather_11 ebaee2e1-06be-42c6-a7b1-de29475cc753:92:232
2026-10-04 18:53:48.667999 [I:onnxruntime:, webgpu_execution_provider.cc:666 GetCapability] webgpu kernel not found in registries for Op type: Unsqueeze node name: /model/layers.7/self_attn/Unsqueeze_27 ebaee2e1-06be-42c6-a7b1-de29475cc753:92:232
2026-10-04 18:53:48.667999 [I:onnxruntime:, webgpu_execution_provider.cc:666 GetCapability] webgpu kernel not found in registries for Op type: Gather node name: /model/layers.7/self_attn/Gather_10 ebaee2e1-06be-42c6-a7b1-de29475cc753:92:232
2026-10-04 18:53:48.668999 [I:onnxruntime:, webgpu_execution_provider.cc:666 GetCapability] webgpu kernel not found in registries for Op type: Unsqueeze node name: /model/layers.7/self_attn/Unsqueeze_26 ebaee2e1-06be-42c6-a7b1-de29475cc753:92:232
2026-10-04 18:53:48.668999 [I:onnxruntime:, webgpu_execution_provider.cc:666 GetCapability] webgpu kernel not found in registries for Op type: Gather node name: /model/layers.7/self_attn/Gather_9 ebaee2e1-06be-42c6-a7b1-de29475cc753:92:232
2026-10-04 18:53:48.668999 [I:onnxruntime:, webgpu_execution_provider.cc:666 GetCapability] webgpu kernel not found in registries for Op type: Mul node name: /model/layers.7/self_attn/Mul_7 ebaee2e1-06be-42c6-a7b1-de29475cc753:92:232
2026-10-04 18:53:48.669998 [I:onnxruntime:, webgpu_execution_provider.cc:666 GetCapability] webgpu kernel not found in registries for Op type: Unsqueeze node name: /model/layers.7/self_attn/Unsqueeze_25 ebaee2e1-06be-42c6-a7b1-de29475cc753:92:232
2026-10-04 18:53:48.669998 [I:onnxruntime:, webgpu_execution_provider.cc:666 GetCapability] webgpu kernel not found in registries for Op type: Gather node name: /model/layers.7/self_attn/Gather_8 ebaee2e1-06be-42c6-a7b1-de29475cc753:92:232
2026-10-04 18:53:48.669998 [I:onnxruntime:, webgpu_execution_provider.cc:666 GetCapability] webgpu kernel not found in registries for Op type: Unsqueeze node name: /model/layers.7/self_attn/Unsqueeze_24 ebaee2e1-06be-42c6-a7b1-de29475cc753:92:232
2026-10-04 18:53:48.670999 [I:onnxruntime:, webgpu_execution_provider.cc:666 GetCapability] webgpu kernel not found in registries for Op type: Concat node name: /model/layers.7/self_attn/Concat_10 ebaee2e1-06be-42c6-a7b1-de29475cc753:92:232
2026-10-04 18:53:48.670999 [I:onnxruntime:, webgpu_execution_provider.cc:666 GetCapability] webgpu kernel not found in registries for Op type: Unsqueeze node name: /model/layers.7/self_attn/Unsqueeze_21 ebaee2e1-06be-42c6-a7b1-de29475cc753:92:232
2026-10-04 18:53:48.670999 [I:onnxruntime:, webgpu_execution_provider.cc:666 GetCapability] webgpu kernel not found in registries for Op type: Concat node name: /model/layers.7/self_attn/Concat_9 ebaee2e1-06be-42c6-a7b1-de29475cc753:92:232
2026-10-04 18:53:48.670999 [I:onnxruntime:, webgpu_execution_provider.cc:666 GetCapability] webgpu kernel not found in registries for Op type: Reshape node name: /model/layers.7/self_attn/Reshape_5 ebaee2e1-06be-42c6-a7b1-de29475cc753:92:232
2026-10-04 18:53:48.671999 [I:onnxruntime:, webgpu_execution_provider.cc:666 GetCapability] webgpu kernel not found in registries for Op type: Equal node name: /model/layers.7/self_attn/Equal_1 ebaee2e1-06be-42c6-a7b1-de29475cc753:92:232
2026-10-04 18:53:48.671999 [I:onnxruntime:, webgpu_execution_provider.cc:666 GetCapability] webgpu kernel not found in registries for Op type: Where node name: /model/layers.7/self_attn/Where_1 ebaee2e1-06be-42c6-a7b1-de29475cc753:92:232
2026-10-04 18:53:48.672999 [I:onnxruntime:, webgpu_execution_provider.cc:666 GetCapability] webgpu kernel not found in registries for Op type: Gather node name: /model/layers.8/self_attn/Gather_1 ebaee2e1-06be-42c6-a7b1-de29475cc753:92:232
2026-10-04 18:53:48.672999 [I:onnxruntime:, webgpu_execution_provider.cc:666 GetCapability] webgpu kernel not found in registries for Op type: Unsqueeze node name: /model/layers.8/self_attn/Unsqueeze_30 ebaee2e1-06be-42c6-a7b1-de29475cc753:92:232
2026-10-04 18:53:48.674998 [I:onnxruntime:, webgpu_execution_provider.cc:666 GetCapability] webgpu kernel not found in registries for Op type: Gather node name: /model/layers.8/self_attn/Gather ebaee2e1-06be-42c6-a7b1-de29475cc753:92:232
2026-10-04 18:53:48.674998 [I:onnxruntime:, webgpu_execution_provider.cc:666 GetCapability] webgpu kernel not found in registries for Op type: Unsqueeze node name: /model/layers.8/self_attn/Unsqueeze_29 ebaee2e1-06be-42c6-a7b1-de29475cc753:92:232
2026-10-04 18:53:48.674998 [I:onnxruntime:, webgpu_execution_provider.cc:666 GetCapability] webgpu kernel not found in registries for Op type: Concat node name: /model/layers.8/self_attn/Concat_11 ebaee2e1-06be-42c6-a7b1-de29475cc753:92:232
2026-10-04 18:53:48.675999 [I:onnxruntime:, webgpu_execution_provider.cc:666 GetCapability] webgpu kernel not found in registries for Op type: Concat node name: /model/layers.8/self_attn/Concat_1 ebaee2e1-06be-42c6-a7b1-de29475cc753:92:232
2026-10-04 18:53:48.675999 [I:onnxruntime:, webgpu_execution_provider.cc:666 GetCapability] webgpu kernel not found in registries for Op type: Gather node name: Gather_token_31 ebaee2e1-06be-42c6-a7b1-de29475cc753:92:232
2026-10-04 18:53:48.676999 [I:onnxruntime:, webgpu_execution_provider.cc:666 GetCapability] webgpu kernel not found in registries for Op type: Gather node name: /model/layers.8/self_attn/Gather_3 ebaee2e1-06be-42c6-a7b1-de29475cc753:92:232
2026-10-04 18:53:48.676999 [I:onnxruntime:, webgpu_execution_provider.cc:666 GetCapability] webgpu kernel not found in registries for Op type: Div node name: /model/layers.8/self_attn/Div_1 ebaee2e1-06be-42c6-a7b1-de29475cc753:92:232
2026-10-04 18:53:48.677998 [I:onnxruntime:, webgpu_execution_provider.cc:666 GetCapability] webgpu kernel not found in registries for Op type: Unsqueeze node name: /model/layers.8/self_attn/Unsqueeze_9 ebaee2e1-06be-42c6-a7b1-de29475cc753:92:232
2026-10-04 18:53:48.678999 [I:onnxruntime:, webgpu_execution_provider.cc:666 GetCapability] webgpu kernel not found in registries for Op type: Gather node name: /model/layers.8/self_attn/Gather_7 ebaee2e1-06be-42c6-a7b1-de29475cc753:92:232
2026-10-04 18:53:48.679999 [I:onnxruntime:, webgpu_execution_provider.cc:666 GetCapability] webgpu kernel not found in registries for Op type: Unsqueeze node name: /model/layers.8/self_attn/Unsqueeze_18 ebaee2e1-06be-42c6-a7b1-de29475cc753:92:232
2026-10-04 18:53:48.680999 [I:onnxruntime:, webgpu_execution_provider.cc:666 GetCapability] webgpu kernel not found in registries for Op type: Gather node name: /model/layers.8/self_attn/Gather_6 ebaee2e1-06be-42c6-a7b1-de29475cc753:92:232
2026-10-04 18:53:48.681998 [I:onnxruntime:, webgpu_execution_provider.cc:666 GetCapability] webgpu kernel not found in registries for Op type: Unsqueeze node name: /model/layers.8/self_attn/Unsqueeze_17 ebaee2e1-06be-42c6-a7b1-de29475cc753:92:232
2026-10-04 18:53:48.681998 [I:onnxruntime:, webgpu_execution_provider.cc:666 GetCapability] webgpu kernel not found in registries for Op type: Gather node name: /model/layers.8/self_attn/Gather_5 ebaee2e1-06be-42c6-a7b1-de29475cc753:92:232
2026-10-04 18:53:48.682998 [I:onnxruntime:, webgpu_execution_provider.cc:666 GetCapability] webgpu kernel not found in registries for Op type: Mul node name: /model/layers.8/self_attn/Mul_5 ebaee2e1-06be-42c6-a7b1-de29475cc753:92:232
2026-10-04 18:53:48.682998 [I:onnxruntime:, webgpu_execution_provider.cc:666 GetCapability] webgpu kernel not found in registries for Op type: Unsqueeze node name: /model/layers.8/self_attn/Unsqueeze_16 ebaee2e1-06be-42c6-a7b1-de29475cc753:92:232
2026-10-04 18:53:48.683999 [I:onnxruntime:, webgpu_execution_provider.cc:666 GetCapability] webgpu kernel not found in registries for Op type: Gather node name: /model/layers.8/self_attn/Gather_4 ebaee2e1-06be-42c6-a7b1-de29475cc753:92:232
2026-10-04 18:53:48.683999 [I:onnxruntime:, webgpu_execution_provider.cc:666 GetCapability] webgpu kernel not found in registries for Op type: Unsqueeze node name: /model/layers.8/self_attn/Unsqueeze_15 ebaee2e1-06be-42c6-a7b1-de29475cc753:92:232
2026-10-04 18:53:48.683999 [I:onnxruntime:, webgpu_execution_provider.cc:666 GetCapability] webgpu kernel not found in registries for Op type: Concat node name: /model/layers.8/self_attn/Concat_8 ebaee2e1-06be-42c6-a7b1-de29475cc753:92:232
2026-10-04 18:53:48.684999 [I:onnxruntime:, webgpu_execution_provider.cc:666 GetCapability] webgpu kernel not found in registries for Op type: Unsqueeze node name: /model/layers.8/self_attn/Unsqueeze_12 ebaee2e1-06be-42c6-a7b1-de29475cc753:92:232
2026-10-04 18:53:48.685998 [I:onnxruntime:, webgpu_execution_provider.cc:666 GetCapability] webgpu kernel not found in registries for Op type: Concat node name: /model/layers.8/self_attn/Concat_7 ebaee2e1-06be-42c6-a7b1-de29475cc753:92:232
2026-10-04 18:53:48.685998 [I:onnxruntime:, webgpu_execution_provider.cc:666 GetCapability] webgpu kernel not found in registries for Op type: Reshape node name: /model/layers.8/self_attn/Reshape_3 ebaee2e1-06be-42c6-a7b1-de29475cc753:92:232
2026-10-04 18:53:48.686999 [I:onnxruntime:, webgpu_execution_provider.cc:666 GetCapability] webgpu kernel not found in registries for Op type: Equal node name: /model/layers.8/self_attn/Equal ebaee2e1-06be-42c6-a7b1-de29475cc753:92:232
2026-10-04 18:53:48.686999 [I:onnxruntime:, webgpu_execution_provider.cc:666 GetCapability] webgpu kernel not found in registries for Op type: Where node name: /model/layers.8/self_attn/Where ebaee2e1-06be-42c6-a7b1-de29475cc753:92:232
2026-10-04 18:53:48.687999 [I:onnxruntime:, webgpu_execution_provider.cc:666 GetCapability] webgpu kernel not found in registries for Op type: Gather node name: /model/layers.8/self_attn/Gather_12 ebaee2e1-06be-42c6-a7b1-de29475cc753:92:232
2026-10-04 18:53:48.688999 [I:onnxruntime:, webgpu_execution_provider.cc:666 GetCapability] webgpu kernel not found in registries for Op type: Unsqueeze node name: /model/layers.8/self_attn/Unsqueeze_28 ebaee2e1-06be-42c6-a7b1-de29475cc753:92:232
2026-10-04 18:53:48.688999 [I:onnxruntime:, webgpu_execution_provider.cc:666 GetCapability] webgpu kernel not found in registries for Op type: Slice node name: /model/layers.8/self_attn/Slice_4 ebaee2e1-06be-42c6-a7b1-de29475cc753:92:232
2026-10-04 18:53:48.689998 [I:onnxruntime:, webgpu_execution_provider.cc:666 GetCapability] webgpu kernel not found in registries for Op type: Gather node name: Gather_token_33 ebaee2e1-06be-42c6-a7b1-de29475cc753:92:232
2026-10-04 18:53:48.690998 [I:onnxruntime:, webgpu_execution_provider.cc:666 GetCapability] webgpu kernel not found in registries for Op type: Gather node name: /model/layers.8/self_attn/Gather_2 ebaee2e1-06be-42c6-a7b1-de29475cc753:92:232
2026-10-04 18:53:48.690998 [I:onnxruntime:, webgpu_execution_provider.cc:666 GetCapability] webgpu kernel not found in registries for Op type: Div node name: /model/layers.8/self_attn/Div ebaee2e1-06be-42c6-a7b1-de29475cc753:92:232
2026-10-04 18:53:48.691999 [I:onnxruntime:, webgpu_execution_provider.cc:666 GetCapability] webgpu kernel not found in registries for Op type: Unsqueeze node name: /model/layers.8/self_attn/Unsqueeze_7 ebaee2e1-06be-42c6-a7b1-de29475cc753:92:232
2026-10-04 18:53:48.693998 [I:onnxruntime:, webgpu_execution_provider.cc:666 GetCapability] webgpu kernel not found in registries for Op type: IsNaN node name: /model/layers.8/self_attn/IsNaN ebaee2e1-06be-42c6-a7b1-de29475cc753:92:232
2026-10-04 18:53:48.695999 [I:onnxruntime:, webgpu_execution_provider.cc:666 GetCapability] webgpu kernel not found in registries for Op type: Gather node name: /model/layers.8/self_attn/Gather_11 ebaee2e1-06be-42c6-a7b1-de29475cc753:92:232
2026-10-04 18:53:48.697998 [I:onnxruntime:, webgpu_execution_provider.cc:666 GetCapability] webgpu kernel not found in registries for Op type: Unsqueeze node name: /model/layers.8/self_attn/Unsqueeze_27 ebaee2e1-06be-42c6-a7b1-de29475cc753:92:232
2026-10-04 18:53:48.698998 [I:onnxruntime:, webgpu_execution_provider.cc:666 GetCapability] webgpu kernel not found in registries for Op type: Gather node name: /model/layers.8/self_attn/Gather_10 ebaee2e1-06be-42c6-a7b1-de29475cc753:92:232
2026-10-04 18:53:48.699999 [I:onnxruntime:, webgpu_execution_provider.cc:666 GetCapability] webgpu kernel not found in registries for Op type: Unsqueeze node name: /model/layers.8/self_attn/Unsqueeze_26 ebaee2e1-06be-42c6-a7b1-de29475cc753:92:232
2026-10-04 18:53:48.700999 [I:onnxruntime:, webgpu_execution_provider.cc:666 GetCapability] webgpu kernel not found in registries for Op type: Gather node name: /model/layers.8/self_attn/Gather_9 ebaee2e1-06be-42c6-a7b1-de29475cc753:92:232
2026-10-04 18:53:48.701998 [I:onnxruntime:, webgpu_execution_provider.cc:666 GetCapability] webgpu kernel not found in registries for Op type: Mul node name: /model/layers.8/self_attn/Mul_7 ebaee2e1-06be-42c6-a7b1-de29475cc753:92:232
2026-10-04 18:53:48.702999 [I:onnxruntime:, webgpu_execution_provider.cc:666 GetCapability] webgpu kernel not found in registries for Op type: Unsqueeze node name: /model/layers.8/self_attn/Unsqueeze_25 ebaee2e1-06be-42c6-a7b1-de29475cc753:92:232
2026-10-04 18:53:48.703999 [I:onnxruntime:, webgpu_execution_provider.cc:666 GetCapability] webgpu kernel not found in registries for Op type: Gather node name: /model/layers.8/self_attn/Gather_8 ebaee2e1-06be-42c6-a7b1-de29475cc753:92:232
2026-10-04 18:53:48.704999 [I:onnxruntime:, webgpu_execution_provider.cc:666 GetCapability] webgpu kernel not found in registries for Op type: Unsqueeze node name: /model/layers.8/self_attn/Unsqueeze_24 ebaee2e1-06be-42c6-a7b1-de29475cc753:92:232
2026-10-04 18:53:48.705998 [I:onnxruntime:, webgpu_execution_provider.cc:666 GetCapability] webgpu kernel not found in registries for Op type: Concat node name: /model/layers.8/self_attn/Concat_10 ebaee2e1-06be-42c6-a7b1-de29475cc753:92:232
2026-10-04 18:53:48.706998 [I:onnxruntime:, webgpu_execution_provider.cc:666 GetCapability] webgpu kernel not found in registries for Op type: Unsqueeze node name: /model/layers.8/self_attn/Unsqueeze_21 ebaee2e1-06be-42c6-a7b1-de29475cc753:92:232
2026-10-04 18:53:48.706998 [I:onnxruntime:, webgpu_execution_provider.cc:666 GetCapability] webgpu kernel not found in registries for Op type: Concat node name: /model/layers.8/self_attn/Concat_9 ebaee2e1-06be-42c6-a7b1-de29475cc753:92:232
2026-10-04 18:53:48.706998 [I:onnxruntime:, webgpu_execution_provider.cc:666 GetCapability] webgpu kernel not found in registries for Op type: Reshape node name: /model/layers.8/self_attn/Reshape_5 ebaee2e1-06be-42c6-a7b1-de29475cc753:92:232
2026-10-04 18:53:48.707999 [I:onnxruntime:, webgpu_execution_provider.cc:666 GetCapability] webgpu kernel not found in registries for Op type: Equal node name: /model/layers.8/self_attn/Equal_1 ebaee2e1-06be-42c6-a7b1-de29475cc753:92:232
2026-10-04 18:53:48.707999 [I:onnxruntime:, webgpu_execution_provider.cc:666 GetCapability] webgpu kernel not found in registries for Op type: Where node name: /model/layers.8/self_attn/Where_1 ebaee2e1-06be-42c6-a7b1-de29475cc753:92:232
2026-10-04 18:53:48.708999 [I:onnxruntime:, webgpu_execution_provider.cc:666 GetCapability] webgpu kernel not found in registries for Op type: Gather node name: /model/layers.9/self_attn/Gather_1 ebaee2e1-06be-42c6-a7b1-de29475cc753:92:232
2026-10-04 18:53:48.709998 [I:onnxruntime:, webgpu_execution_provider.cc:666 GetCapability] webgpu kernel not found in registries for Op type: Unsqueeze node name: /model/layers.9/self_attn/Unsqueeze_30 ebaee2e1-06be-42c6-a7b1-de29475cc753:92:232
2026-10-04 18:53:48.709998 [I:onnxruntime:, webgpu_execution_provider.cc:666 GetCapability] webgpu kernel not found in registries for Op type: Gather node name: /model/layers.9/self_attn/Gather ebaee2e1-06be-42c6-a7b1-de29475cc753:92:232
2026-10-04 18:53:48.710999 [I:onnxruntime:, webgpu_execution_provider.cc:666 GetCapability] webgpu kernel not found in registries for Op type: Unsqueeze node name: /model/layers.9/self_attn/Unsqueeze_29 ebaee2e1-06be-42c6-a7b1-de29475cc753:92:232
2026-10-04 18:53:48.711999 [I:onnxruntime:, webgpu_execution_provider.cc:666 GetCapability] webgpu kernel not found in registries for Op type: Concat node name: /model/layers.9/self_attn/Concat_11 ebaee2e1-06be-42c6-a7b1-de29475cc753:92:232
2026-10-04 18:53:48.712999 [I:onnxruntime:, webgpu_execution_provider.cc:666 GetCapability] webgpu kernel not found in registries for Op type: Concat node name: /model/layers.9/self_attn/Concat_1 ebaee2e1-06be-42c6-a7b1-de29475cc753:92:232
2026-10-04 18:53:48.714998 [I:onnxruntime:, webgpu_execution_provider.cc:666 GetCapability] webgpu kernel not found in registries for Op type: Gather node name: Gather_token_35 ebaee2e1-06be-42c6-a7b1-de29475cc753:92:232
2026-10-04 18:53:48.715999 [I:onnxruntime:, webgpu_execution_provider.cc:666 GetCapability] webgpu kernel not found in registries for Op type: Gather node name: /model/layers.9/self_attn/Gather_3 ebaee2e1-06be-42c6-a7b1-de29475cc753:92:232
2026-10-04 18:53:48.715999 [I:onnxruntime:, webgpu_execution_provider.cc:666 GetCapability] webgpu kernel not found in registries for Op type: Div node name: /model/layers.9/self_attn/Div_1 ebaee2e1-06be-42c6-a7b1-de29475cc753:92:232
2026-10-04 18:53:48.715999 [I:onnxruntime:, webgpu_execution_provider.cc:666 GetCapability] webgpu kernel not found in registries for Op type: Unsqueeze node name: /model/layers.9/self_attn/Unsqueeze_9 ebaee2e1-06be-42c6-a7b1-de29475cc753:92:232
2026-10-04 18:53:48.716999 [I:onnxruntime:, webgpu_execution_provider.cc:666 GetCapability] webgpu kernel not found in registries for Op type: Gather node name: /model/layers.9/self_attn/Gather_7 ebaee2e1-06be-42c6-a7b1-de29475cc753:92:232
2026-10-04 18:53:48.717998 [I:onnxruntime:, webgpu_execution_provider.cc:666 GetCapability] webgpu kernel not found in registries for Op type: Unsqueeze node name: /model/layers.9/self_attn/Unsqueeze_18 ebaee2e1-06be-42c6-a7b1-de29475cc753:92:232
2026-10-04 18:53:48.717998 [I:onnxruntime:, webgpu_execution_provider.cc:666 GetCapability] webgpu kernel not found in registries for Op type: Gather node name: /model/layers.9/self_attn/Gather_6 ebaee2e1-06be-42c6-a7b1-de29475cc753:92:232
2026-10-04 18:53:48.717998 [I:onnxruntime:, webgpu_execution_provider.cc:666 GetCapability] webgpu kernel not found in registries for Op type: Unsqueeze node name: /model/layers.9/self_attn/Unsqueeze_17 ebaee2e1-06be-42c6-a7b1-de29475cc753:92:232
2026-10-04 18:53:48.718999 [I:onnxruntime:, webgpu_execution_provider.cc:666 GetCapability] webgpu kernel not found in registries for Op type: Gather node name: /model/layers.9/self_attn/Gather_5 ebaee2e1-06be-42c6-a7b1-de29475cc753:92:232
2026-10-04 18:53:48.718999 [I:onnxruntime:, webgpu_execution_provider.cc:666 GetCapability] webgpu kernel not found in registries for Op type: Mul node name: /model/layers.9/self_attn/Mul_5 ebaee2e1-06be-42c6-a7b1-de29475cc753:92:232
2026-10-04 18:53:48.718999 [I:onnxruntime:, webgpu_execution_provider.cc:666 GetCapability] webgpu kernel not found in registries for Op type: Unsqueeze node name: /model/layers.9/self_attn/Unsqueeze_16 ebaee2e1-06be-42c6-a7b1-de29475cc753:92:232
2026-10-04 18:53:48.719999 [I:onnxruntime:, webgpu_execution_provider.cc:666 GetCapability] webgpu kernel not found in registries for Op type: Gather node name: /model/layers.9/self_attn/Gather_4 ebaee2e1-06be-42c6-a7b1-de29475cc753:92:232
2026-10-04 18:53:48.720999 [I:onnxruntime:, webgpu_execution_provider.cc:666 GetCapability] webgpu kernel not found in registries for Op type: Unsqueeze node name: /model/layers.9/self_attn/Unsqueeze_15 ebaee2e1-06be-42c6-a7b1-de29475cc753:92:232
2026-10-04 18:53:48.720999 [I:onnxruntime:, webgpu_execution_provider.cc:666 GetCapability] webgpu kernel not found in registries for Op type: Concat node name: /model/layers.9/self_attn/Concat_8 ebaee2e1-06be-42c6-a7b1-de29475cc753:92:232
2026-10-04 18:53:48.721998 [I:onnxruntime:, webgpu_execution_provider.cc:666 GetCapability] webgpu kernel not found in registries for Op type: Unsqueeze node name: /model/layers.9/self_attn/Unsqueeze_12 ebaee2e1-06be-42c6-a7b1-de29475cc753:92:232
2026-10-04 18:53:48.722998 [I:onnxruntime:, webgpu_execution_provider.cc:666 GetCapability] webgpu kernel not found in registries for Op type: Concat node name: /model/layers.9/self_attn/Concat_7 ebaee2e1-06be-42c6-a7b1-de29475cc753:92:232
2026-10-04 18:53:48.722998 [I:onnxruntime:, webgpu_execution_provider.cc:666 GetCapability] webgpu kernel not found in registries for Op type: Reshape node name: /model/layers.9/self_attn/Reshape_3 ebaee2e1-06be-42c6-a7b1-de29475cc753:92:232
2026-10-04 18:53:48.723999 [I:onnxruntime:, webgpu_execution_provider.cc:666 GetCapability] webgpu kernel not found in registries for Op type: Equal node name: /model/layers.9/self_attn/Equal ebaee2e1-06be-42c6-a7b1-de29475cc753:92:232
2026-10-04 18:53:48.723999 [I:onnxruntime:, webgpu_execution_provider.cc:666 GetCapability] webgpu kernel not found in registries for Op type: Where node name: /model/layers.9/self_attn/Where ebaee2e1-06be-42c6-a7b1-de29475cc753:92:232
2026-10-04 18:53:48.735999 [I:onnxruntime:, webgpu_execution_provider.cc:666 GetCapability] webgpu kernel not found in registries for Op type: Gather node name: /model/layers.9/self_attn/Gather_12 ebaee2e1-06be-42c6-a7b1-de29475cc753:92:232
2026-10-04 18:53:48.736999 [I:onnxruntime:, webgpu_execution_provider.cc:666 GetCapability] webgpu kernel not found in registries for Op type: Unsqueeze node name: /model/layers.9/self_attn/Unsqueeze_28 ebaee2e1-06be-42c6-a7b1-de29475cc753:92:232
2026-10-04 18:53:48.737998 [I:onnxruntime:, webgpu_execution_provider.cc:666 GetCapability] webgpu kernel not found in registries for Op type: Slice node name: /model/layers.9/self_attn/Slice_4 ebaee2e1-06be-42c6-a7b1-de29475cc753:92:232
2026-10-04 18:53:48.738998 [I:onnxruntime:, webgpu_execution_provider.cc:666 GetCapability] webgpu kernel not found in registries for Op type: Gather node name: Gather_token_37 ebaee2e1-06be-42c6-a7b1-de29475cc753:92:232
2026-10-04 18:53:48.738998 [I:onnxruntime:, webgpu_execution_provider.cc:666 GetCapability] webgpu kernel not found in registries for Op type: Gather node name: /model/layers.9/self_attn/Gather_2 ebaee2e1-06be-42c6-a7b1-de29475cc753:92:232
2026-10-04 18:53:48.739999 [I:onnxruntime:, webgpu_execution_provider.cc:666 GetCapability] webgpu kernel not found in registries for Op type: Div node name: /model/layers.9/self_attn/Div ebaee2e1-06be-42c6-a7b1-de29475cc753:92:232
2026-10-04 18:53:48.740999 [I:onnxruntime:, webgpu_execution_provider.cc:666 GetCapability] webgpu kernel not found in registries for Op type: Unsqueeze node name: /model/layers.9/self_attn/Unsqueeze_7 ebaee2e1-06be-42c6-a7b1-de29475cc753:92:232
2026-10-04 18:53:48.740999 [I:onnxruntime:, webgpu_execution_provider.cc:666 GetCapability] webgpu kernel not found in registries for Op type: IsNaN node name: /model/layers.9/self_attn/IsNaN ebaee2e1-06be-42c6-a7b1-de29475cc753:92:232
2026-10-04 18:53:48.741998 [I:onnxruntime:, webgpu_execution_provider.cc:666 GetCapability] webgpu kernel not found in registries for Op type: Gather node name: /model/layers.9/self_attn/Gather_11 ebaee2e1-06be-42c6-a7b1-de29475cc753:92:232
2026-10-04 18:53:48.742999 [I:onnxruntime:, webgpu_execution_provider.cc:666 GetCapability] webgpu kernel not found in registries for Op type: Unsqueeze node name: /model/layers.9/self_attn/Unsqueeze_27 ebaee2e1-06be-42c6-a7b1-de29475cc753:92:232
2026-10-04 18:53:48.742999 [I:onnxruntime:, webgpu_execution_provider.cc:666 GetCapability] webgpu kernel not found in registries for Op type: Gather node name: /model/layers.9/self_attn/Gather_10 ebaee2e1-06be-42c6-a7b1-de29475cc753:92:232
2026-10-04 18:53:48.743999 [I:onnxruntime:, webgpu_execution_provider.cc:666 GetCapability] webgpu kernel not found in registries for Op type: Unsqueeze node name: /model/layers.9/self_attn/Unsqueeze_26 ebaee2e1-06be-42c6-a7b1-de29475cc753:92:232
2026-10-04 18:53:48.744999 [I:onnxruntime:, webgpu_execution_provider.cc:666 GetCapability] webgpu kernel not found in registries for Op type: Gather node name: /model/layers.9/self_attn/Gather_9 ebaee2e1-06be-42c6-a7b1-de29475cc753:92:232
2026-10-04 18:53:48.745998 [I:onnxruntime:, webgpu_execution_provider.cc:666 GetCapability] webgpu kernel not found in registries for Op type: Mul node name: /model/layers.9/self_attn/Mul_7 ebaee2e1-06be-42c6-a7b1-de29475cc753:92:232
2026-10-04 18:53:48.746998 [I:onnxruntime:, webgpu_execution_provider.cc:666 GetCapability] webgpu kernel not found in registries for Op type: Unsqueeze node name: /model/layers.9/self_attn/Unsqueeze_25 ebaee2e1-06be-42c6-a7b1-de29475cc753:92:232
2026-10-04 18:53:48.747999 [I:onnxruntime:, webgpu_execution_provider.cc:666 GetCapability] webgpu kernel not found in registries for Op type: Gather node name: /model/layers.9/self_attn/Gather_8 ebaee2e1-06be-42c6-a7b1-de29475cc753:92:232
2026-10-04 18:53:48.748999 [I:onnxruntime:, webgpu_execution_provider.cc:666 GetCapability] webgpu kernel not found in registries for Op type: Unsqueeze node name: /model/layers.9/self_attn/Unsqueeze_24 ebaee2e1-06be-42c6-a7b1-de29475cc753:92:232
2026-10-04 18:53:48.749998 [I:onnxruntime:, webgpu_execution_provider.cc:666 GetCapability] webgpu kernel not found in registries for Op type: Concat node name: /model/layers.9/self_attn/Concat_10 ebaee2e1-06be-42c6-a7b1-de29475cc753:92:232
2026-10-04 18:53:48.749998 [I:onnxruntime:, webgpu_execution_provider.cc:666 GetCapability] webgpu kernel not found in registries for Op type: Unsqueeze node name: /model/layers.9/self_attn/Unsqueeze_21 ebaee2e1-06be-42c6-a7b1-de29475cc753:92:232
2026-10-04 18:53:48.750999 [I:onnxruntime:, webgpu_execution_provider.cc:666 GetCapability] webgpu kernel not found in registries for Op type: Concat node name: /model/layers.9/self_attn/Concat_9 ebaee2e1-06be-42c6-a7b1-de29475cc753:92:232
2026-10-04 18:53:48.750999 [I:onnxruntime:, webgpu_execution_provider.cc:666 GetCapability] webgpu kernel not found in registries for Op type: Reshape node name: /model/layers.9/self_attn/Reshape_5 ebaee2e1-06be-42c6-a7b1-de29475cc753:92:232
2026-10-04 18:53:48.750999 [I:onnxruntime:, webgpu_execution_provider.cc:666 GetCapability] webgpu kernel not found in registries for Op type: Equal node name: /model/layers.9/self_attn/Equal_1 ebaee2e1-06be-42c6-a7b1-de29475cc753:92:232
2026-10-04 18:53:48.751999 [I:onnxruntime:, webgpu_execution_provider.cc:666 GetCapability] webgpu kernel not found in registries for Op type: Where node name: /model/layers.9/self_attn/Where_1 ebaee2e1-06be-42c6-a7b1-de29475cc753:92:232
2026-10-04 18:53:48.752999 [I:onnxruntime:, webgpu_execution_provider.cc:666 GetCapability] webgpu kernel not found in registries for Op type: Gather node name: /model/layers.10/self_attn/Gather_1 ebaee2e1-06be-42c6-a7b1-de29475cc753:92:232
2026-10-04 18:53:48.752999 [I:onnxruntime:, webgpu_execution_provider.cc:666 GetCapability] webgpu kernel not found in registries for Op type: Unsqueeze node name: /model/layers.10/self_attn/Unsqueeze_30 ebaee2e1-06be-42c6-a7b1-de29475cc753:92:232
2026-10-04 18:53:48.752999 [I:onnxruntime:, webgpu_execution_provider.cc:666 GetCapability] webgpu kernel not found in registries for Op type: Gather node name: /model/layers.10/self_attn/Gather ebaee2e1-06be-42c6-a7b1-de29475cc753:92:232
2026-10-04 18:53:48.753998 [I:onnxruntime:, webgpu_execution_provider.cc:666 GetCapability] webgpu kernel not found in registries for Op type: Unsqueeze node name: /model/layers.10/self_attn/Unsqueeze_29 ebaee2e1-06be-42c6-a7b1-de29475cc753:92:232
2026-10-04 18:53:48.753998 [I:onnxruntime:, webgpu_execution_provider.cc:666 GetCapability] webgpu kernel not found in registries for Op type: Concat node name: /model/layers.10/self_attn/Concat_11 ebaee2e1-06be-42c6-a7b1-de29475cc753:92:232
2026-10-04 18:53:48.754998 [I:onnxruntime:, webgpu_execution_provider.cc:666 GetCapability] webgpu kernel not found in registries for Op type: Concat node name: /model/layers.10/self_attn/Concat_1 ebaee2e1-06be-42c6-a7b1-de29475cc753:92:232
2026-10-04 18:53:48.754998 [I:onnxruntime:, webgpu_execution_provider.cc:666 GetCapability] webgpu kernel not found in registries for Op type: Gather node name: Gather_token_39 ebaee2e1-06be-42c6-a7b1-de29475cc753:92:232
2026-10-04 18:53:48.754998 [I:onnxruntime:, webgpu_execution_provider.cc:666 GetCapability] webgpu kernel not found in registries for Op type: Gather node name: /model/layers.10/self_attn/Gather_3 ebaee2e1-06be-42c6-a7b1-de29475cc753:92:232
2026-10-04 18:53:48.755999 [I:onnxruntime:, webgpu_execution_provider.cc:666 GetCapability] webgpu kernel not found in registries for Op type: Div node name: /model/layers.10/self_attn/Div_1 ebaee2e1-06be-42c6-a7b1-de29475cc753:92:232
2026-10-04 18:53:48.755999 [I:onnxruntime:, webgpu_execution_provider.cc:666 GetCapability] webgpu kernel not found in registries for Op type: Unsqueeze node name: /model/layers.10/self_attn/Unsqueeze_9 ebaee2e1-06be-42c6-a7b1-de29475cc753:92:232
2026-10-04 18:53:48.756999 [I:onnxruntime:, webgpu_execution_provider.cc:666 GetCapability] webgpu kernel not found in registries for Op type: Gather node name: /model/layers.10/self_attn/Gather_7 ebaee2e1-06be-42c6-a7b1-de29475cc753:92:232
2026-10-04 18:53:48.756999 [I:onnxruntime:, webgpu_execution_provider.cc:666 GetCapability] webgpu kernel not found in registries for Op type: Unsqueeze node name: /model/layers.10/self_attn/Unsqueeze_18 ebaee2e1-06be-42c6-a7b1-de29475cc753:92:232
2026-10-04 18:53:48.756999 [I:onnxruntime:, webgpu_execution_provider.cc:666 GetCapability] webgpu kernel not found in registries for Op type: Gather node name: /model/layers.10/self_attn/Gather_6 ebaee2e1-06be-42c6-a7b1-de29475cc753:92:232
2026-10-04 18:53:48.757998 [I:onnxruntime:, webgpu_execution_provider.cc:666 GetCapability] webgpu kernel not found in registries for Op type: Unsqueeze node name: /model/layers.10/self_attn/Unsqueeze_17 ebaee2e1-06be-42c6-a7b1-de29475cc753:92:232
2026-10-04 18:53:48.757998 [I:onnxruntime:, webgpu_execution_provider.cc:666 GetCapability] webgpu kernel not found in registries for Op type: Gather node name: /model/layers.10/self_attn/Gather_5 ebaee2e1-06be-42c6-a7b1-de29475cc753:92:232
2026-10-04 18:53:48.758999 [I:onnxruntime:, webgpu_execution_provider.cc:666 GetCapability] webgpu kernel not found in registries for Op type: Mul node name: /model/layers.10/self_attn/Mul_5 ebaee2e1-06be-42c6-a7b1-de29475cc753:92:232
2026-10-04 18:53:48.758999 [I:onnxruntime:, webgpu_execution_provider.cc:666 GetCapability] webgpu kernel not found in registries for Op type: Unsqueeze node name: /model/layers.10/self_attn/Unsqueeze_16 ebaee2e1-06be-42c6-a7b1-de29475cc753:92:232
2026-10-04 18:53:48.758999 [I:onnxruntime:, webgpu_execution_provider.cc:666 GetCapability] webgpu kernel not found in registries for Op type: Gather node name: /model/layers.10/self_attn/Gather_4 ebaee2e1-06be-42c6-a7b1-de29475cc753:92:232
2026-10-04 18:53:48.759999 [I:onnxruntime:, webgpu_execution_provider.cc:666 GetCapability] webgpu kernel not found in registries for Op type: Unsqueeze node name: /model/layers.10/self_attn/Unsqueeze_15 ebaee2e1-06be-42c6-a7b1-de29475cc753:92:232
2026-10-04 18:53:48.760999 [I:onnxruntime:, webgpu_execution_provider.cc:666 GetCapability] webgpu kernel not found in registries for Op type: Concat node name: /model/layers.10/self_attn/Concat_8 ebaee2e1-06be-42c6-a7b1-de29475cc753:92:232
2026-10-04 18:53:48.760999 [I:onnxruntime:, webgpu_execution_provider.cc:666 GetCapability] webgpu kernel not found in registries for Op type: Unsqueeze node name: /model/layers.10/self_attn/Unsqueeze_12 ebaee2e1-06be-42c6-a7b1-de29475cc753:92:232
2026-10-04 18:53:48.761998 [I:onnxruntime:, webgpu_execution_provider.cc:666 GetCapability] webgpu kernel not found in registries for Op type: Concat node name: /model/layers.10/self_attn/Concat_7 ebaee2e1-06be-42c6-a7b1-de29475cc753:92:232
2026-10-04 18:53:48.762998 [I:onnxruntime:, webgpu_execution_provider.cc:666 GetCapability] webgpu kernel not found in registries for Op type: Reshape node name: /model/layers.10/self_attn/Reshape_3 ebaee2e1-06be-42c6-a7b1-de29475cc753:92:232
2026-10-04 18:53:48.763999 [I:onnxruntime:, webgpu_execution_provider.cc:666 GetCapability] webgpu kernel not found in registries for Op type: Equal node name: /model/layers.10/self_attn/Equal ebaee2e1-06be-42c6-a7b1-de29475cc753:92:232
2026-10-04 18:53:48.764999 [I:onnxruntime:, webgpu_execution_provider.cc:666 GetCapability] webgpu kernel not found in registries for Op type: Where node name: /model/layers.10/self_attn/Where ebaee2e1-06be-42c6-a7b1-de29475cc753:92:232
2026-10-04 18:53:48.765998 [I:onnxruntime:, webgpu_execution_provider.cc:666 GetCapability] webgpu kernel not found in registries for Op type: Gather node name: /model/layers.10/self_attn/Gather_12 ebaee2e1-06be-42c6-a7b1-de29475cc753:92:232
2026-10-04 18:53:48.766999 [I:onnxruntime:, webgpu_execution_provider.cc:666 GetCapability] webgpu kernel not found in registries for Op type: Unsqueeze node name: /model/layers.10/self_attn/Unsqueeze_28 ebaee2e1-06be-42c6-a7b1-de29475cc753:92:232
2026-10-04 18:53:48.766999 [I:onnxruntime:, webgpu_execution_provider.cc:666 GetCapability] webgpu kernel not found in registries for Op type: Slice node name: /model/layers.10/self_attn/Slice_4 ebaee2e1-06be-42c6-a7b1-de29475cc753:92:232
2026-10-04 18:53:48.766999 [I:onnxruntime:, webgpu_execution_provider.cc:666 GetCapability] webgpu kernel not found in registries for Op type: Gather node name: Gather_token_41 ebaee2e1-06be-42c6-a7b1-de29475cc753:92:232
2026-10-04 18:53:48.767999 [I:onnxruntime:, webgpu_execution_provider.cc:666 GetCapability] webgpu kernel not found in registries for Op type: Gather node name: /model/layers.10/self_attn/Gather_2 ebaee2e1-06be-42c6-a7b1-de29475cc753:92:232
2026-10-04 18:53:48.767999 [I:onnxruntime:, webgpu_execution_provider.cc:666 GetCapability] webgpu kernel not found in registries for Op type: Div node name: /model/layers.10/self_attn/Div ebaee2e1-06be-42c6-a7b1-de29475cc753:92:232
2026-10-04 18:53:48.767999 [I:onnxruntime:, webgpu_execution_provider.cc:666 GetCapability] webgpu kernel not found in registries for Op type: Unsqueeze node name: /model/layers.10/self_attn/Unsqueeze_7 ebaee2e1-06be-42c6-a7b1-de29475cc753:92:232
2026-10-04 18:53:48.768999 [I:onnxruntime:, webgpu_execution_provider.cc:666 GetCapability] webgpu kernel not found in registries for Op type: IsNaN node name: /model/layers.10/self_attn/IsNaN ebaee2e1-06be-42c6-a7b1-de29475cc753:92:232
2026-10-04 18:53:48.768999 [I:onnxruntime:, webgpu_execution_provider.cc:666 GetCapability] webgpu kernel not found in registries for Op type: Gather node name: /model/layers.10/self_attn/Gather_11 ebaee2e1-06be-42c6-a7b1-de29475cc753:92:232
2026-10-04 18:53:48.769998 [I:onnxruntime:, webgpu_execution_provider.cc:666 GetCapability] webgpu kernel not found in registries for Op type: Unsqueeze node name: /model/layers.10/self_attn/Unsqueeze_27 ebaee2e1-06be-42c6-a7b1-de29475cc753:92:232
2026-10-04 18:53:48.769998 [I:onnxruntime:, webgpu_execution_provider.cc:666 GetCapability] webgpu kernel not found in registries for Op type: Gather node name: /model/layers.10/self_attn/Gather_10 ebaee2e1-06be-42c6-a7b1-de29475cc753:92:232
2026-10-04 18:53:48.770998 [I:onnxruntime:, webgpu_execution_provider.cc:666 GetCapability] webgpu kernel not found in registries for Op type: Unsqueeze node name: /model/layers.10/self_attn/Unsqueeze_26 ebaee2e1-06be-42c6-a7b1-de29475cc753:92:232
2026-10-04 18:53:48.770998 [I:onnxruntime:, webgpu_execution_provider.cc:666 GetCapability] webgpu kernel not found in registries for Op type: Gather node name: /model/layers.10/self_attn/Gather_9 ebaee2e1-06be-42c6-a7b1-de29475cc753:92:232
2026-10-04 18:53:48.771999 [I:onnxruntime:, webgpu_execution_provider.cc:666 GetCapability] webgpu kernel not found in registries for Op type: Mul node name: /model/layers.10/self_attn/Mul_7 ebaee2e1-06be-42c6-a7b1-de29475cc753:92:232
2026-10-04 18:53:48.771999 [I:onnxruntime:, webgpu_execution_provider.cc:666 GetCapability] webgpu kernel not found in registries for Op type: Unsqueeze node name: /model/layers.10/self_attn/Unsqueeze_25 ebaee2e1-06be-42c6-a7b1-de29475cc753:92:232
2026-10-04 18:53:48.772999 [I:onnxruntime:, webgpu_execution_provider.cc:666 GetCapability] webgpu kernel not found in registries for Op type: Gather node name: /model/layers.10/self_attn/Gather_8 ebaee2e1-06be-42c6-a7b1-de29475cc753:92:232
2026-10-04 18:53:48.772999 [I:onnxruntime:, webgpu_execution_provider.cc:666 GetCapability] webgpu kernel not found in registries for Op type: Unsqueeze node name: /model/layers.10/self_attn/Unsqueeze_24 ebaee2e1-06be-42c6-a7b1-de29475cc753:92:232
2026-10-04 18:53:48.772999 [I:onnxruntime:, webgpu_execution_provider.cc:666 GetCapability] webgpu kernel not found in registries for Op type: Concat node name: /model/layers.10/self_attn/Concat_10 ebaee2e1-06be-42c6-a7b1-de29475cc753:92:232
2026-10-04 18:53:48.773998 [I:onnxruntime:, webgpu_execution_provider.cc:666 GetCapability] webgpu kernel not found in registries for Op type: Unsqueeze node name: /model/layers.10/self_attn/Unsqueeze_21 ebaee2e1-06be-42c6-a7b1-de29475cc753:92:232
2026-10-04 18:53:48.773998 [I:onnxruntime:, webgpu_execution_provider.cc:666 GetCapability] webgpu kernel not found in registries for Op type: Concat node name: /model/layers.10/self_attn/Concat_9 ebaee2e1-06be-42c6-a7b1-de29475cc753:92:232
2026-10-04 18:53:48.774999 [I:onnxruntime:, webgpu_execution_provider.cc:666 GetCapability] webgpu kernel not found in registries for Op type: Reshape node name: /model/layers.10/self_attn/Reshape_5 ebaee2e1-06be-42c6-a7b1-de29475cc753:92:232
2026-10-04 18:53:48.774999 [I:onnxruntime:, webgpu_execution_provider.cc:666 GetCapability] webgpu kernel not found in registries for Op type: Equal node name: /model/layers.10/self_attn/Equal_1 ebaee2e1-06be-42c6-a7b1-de29475cc753:92:232
2026-10-04 18:53:48.774999 [I:onnxruntime:, webgpu_execution_provider.cc:666 GetCapability] webgpu kernel not found in registries for Op type: Where node name: /model/layers.10/self_attn/Where_1 ebaee2e1-06be-42c6-a7b1-de29475cc753:92:232
2026-10-04 18:53:48.775999 [I:onnxruntime:, webgpu_execution_provider.cc:666 GetCapability] webgpu kernel not found in registries for Op type: Gather node name: /model/layers.11/self_attn/Gather_1 ebaee2e1-06be-42c6-a7b1-de29475cc753:92:232
2026-10-04 18:53:48.775999 [I:onnxruntime:, webgpu_execution_provider.cc:666 GetCapability] webgpu kernel not found in registries for Op type: Unsqueeze node name: /model/layers.11/self_attn/Unsqueeze_30 ebaee2e1-06be-42c6-a7b1-de29475cc753:92:232
2026-10-04 18:53:48.776999 [I:onnxruntime:, webgpu_execution_provider.cc:666 GetCapability] webgpu kernel not found in registries for Op type: Gather node name: /model/layers.11/self_attn/Gather ebaee2e1-06be-42c6-a7b1-de29475cc753:92:232
2026-10-04 18:53:48.776999 [I:onnxruntime:, webgpu_execution_provider.cc:666 GetCapability] webgpu kernel not found in registries for Op type: Unsqueeze node name: /model/layers.11/self_attn/Unsqueeze_29 ebaee2e1-06be-42c6-a7b1-de29475cc753:92:232
2026-10-04 18:53:48.777998 [I:onnxruntime:, webgpu_execution_provider.cc:666 GetCapability] webgpu kernel not found in registries for Op type: Concat node name: /model/layers.11/self_attn/Concat_11 ebaee2e1-06be-42c6-a7b1-de29475cc753:92:232
2026-10-04 18:53:48.778998 [I:onnxruntime:, webgpu_execution_provider.cc:666 GetCapability] webgpu kernel not found in registries for Op type: Concat node name: /model/layers.11/self_attn/Concat_1 ebaee2e1-06be-42c6-a7b1-de29475cc753:92:232
2026-10-04 18:53:48.779999 [I:onnxruntime:, webgpu_execution_provider.cc:666 GetCapability] webgpu kernel not found in registries for Op type: Gather node name: Gather_token_43 ebaee2e1-06be-42c6-a7b1-de29475cc753:92:232
2026-10-04 18:53:48.780999 [I:onnxruntime:, webgpu_execution_provider.cc:666 GetCapability] webgpu kernel not found in registries for Op type: Gather node name: /model/layers.11/self_attn/Gather_3 ebaee2e1-06be-42c6-a7b1-de29475cc753:92:232
2026-10-04 18:53:48.781998 [I:onnxruntime:, webgpu_execution_provider.cc:666 GetCapability] webgpu kernel not found in registries for Op type: Div node name: /model/layers.11/self_attn/Div_1 ebaee2e1-06be-42c6-a7b1-de29475cc753:92:232
2026-10-04 18:53:48.782999 [I:onnxruntime:, webgpu_execution_provider.cc:666 GetCapability] webgpu kernel not found in registries for Op type: Unsqueeze node name: /model/layers.11/self_attn/Unsqueeze_9 ebaee2e1-06be-42c6-a7b1-de29475cc753:92:232
2026-10-04 18:53:48.782999 [I:onnxruntime:, webgpu_execution_provider.cc:666 GetCapability] webgpu kernel not found in registries for Op type: Gather node name: /model/layers.11/self_attn/Gather_7 ebaee2e1-06be-42c6-a7b1-de29475cc753:92:232
2026-10-04 18:53:48.782999 [I:onnxruntime:, webgpu_execution_provider.cc:666 GetCapability] webgpu kernel not found in registries for Op type: Unsqueeze node name: /model/layers.11/self_attn/Unsqueeze_18 ebaee2e1-06be-42c6-a7b1-de29475cc753:92:232
2026-10-04 18:53:48.783999 [I:onnxruntime:, webgpu_execution_provider.cc:666 GetCapability] webgpu kernel not found in registries for Op type: Gather node name: /model/layers.11/self_attn/Gather_6 ebaee2e1-06be-42c6-a7b1-de29475cc753:92:232
2026-10-04 18:53:48.783999 [I:onnxruntime:, webgpu_execution_provider.cc:666 GetCapability] webgpu kernel not found in registries for Op type: Unsqueeze node name: /model/layers.11/self_attn/Unsqueeze_17 ebaee2e1-06be-42c6-a7b1-de29475cc753:92:232
2026-10-04 18:53:48.783999 [I:onnxruntime:, webgpu_execution_provider.cc:666 GetCapability] webgpu kernel not found in registries for Op type: Gather node name: /model/layers.11/self_attn/Gather_5 ebaee2e1-06be-42c6-a7b1-de29475cc753:92:232
2026-10-04 18:53:48.784999 [I:onnxruntime:, webgpu_execution_provider.cc:666 GetCapability] webgpu kernel not found in registries for Op type: Mul node name: /model/layers.11/self_attn/Mul_5 ebaee2e1-06be-42c6-a7b1-de29475cc753:92:232
2026-10-04 18:53:48.784999 [I:onnxruntime:, webgpu_execution_provider.cc:666 GetCapability] webgpu kernel not found in registries for Op type: Unsqueeze node name: /model/layers.11/self_attn/Unsqueeze_16 ebaee2e1-06be-42c6-a7b1-de29475cc753:92:232
2026-10-04 18:53:48.784999 [I:onnxruntime:, webgpu_execution_provider.cc:666 GetCapability] webgpu kernel not found in registries for Op type: Gather node name: /model/layers.11/self_attn/Gather_4 ebaee2e1-06be-42c6-a7b1-de29475cc753:92:232
2026-10-04 18:53:48.785998 [I:onnxruntime:, webgpu_execution_provider.cc:666 GetCapability] webgpu kernel not found in registries for Op type: Unsqueeze node name: /model/layers.11/self_attn/Unsqueeze_15 ebaee2e1-06be-42c6-a7b1-de29475cc753:92:232
2026-10-04 18:53:48.785998 [I:onnxruntime:, webgpu_execution_provider.cc:666 GetCapability] webgpu kernel not found in registries for Op type: Concat node name: /model/layers.11/self_attn/Concat_8 ebaee2e1-06be-42c6-a7b1-de29475cc753:92:232
2026-10-04 18:53:48.786998 [I:onnxruntime:, webgpu_execution_provider.cc:666 GetCapability] webgpu kernel not found in registries for Op type: Unsqueeze node name: /model/layers.11/self_attn/Unsqueeze_12 ebaee2e1-06be-42c6-a7b1-de29475cc753:92:232
2026-10-04 18:53:48.786998 [I:onnxruntime:, webgpu_execution_provider.cc:666 GetCapability] webgpu kernel not found in registries for Op type: Concat node name: /model/layers.11/self_attn/Concat_7 ebaee2e1-06be-42c6-a7b1-de29475cc753:92:232
2026-10-04 18:53:48.786998 [I:onnxruntime:, webgpu_execution_provider.cc:666 GetCapability] webgpu kernel not found in registries for Op type: Reshape node name: /model/layers.11/self_attn/Reshape_3 ebaee2e1-06be-42c6-a7b1-de29475cc753:92:232
2026-10-04 18:53:48.786998 [I:onnxruntime:, webgpu_execution_provider.cc:666 GetCapability] webgpu kernel not found in registries for Op type: Equal node name: /model/layers.11/self_attn/Equal ebaee2e1-06be-42c6-a7b1-de29475cc753:92:232
2026-10-04 18:53:48.787999 [I:onnxruntime:, webgpu_execution_provider.cc:666 GetCapability] webgpu kernel not found in registries for Op type: Where node name: /model/layers.11/self_attn/Where ebaee2e1-06be-42c6-a7b1-de29475cc753:92:232
2026-10-04 18:53:48.787999 [I:onnxruntime:, webgpu_execution_provider.cc:666 GetCapability] webgpu kernel not found in registries for Op type: Gather node name: /model/layers.11/self_attn/Gather_12 ebaee2e1-06be-42c6-a7b1-de29475cc753:92:232
2026-10-04 18:53:48.787999 [I:onnxruntime:, webgpu_execution_provider.cc:666 GetCapability] webgpu kernel not found in registries for Op type: Unsqueeze node name: /model/layers.11/self_attn/Unsqueeze_28 ebaee2e1-06be-42c6-a7b1-de29475cc753:92:232
2026-10-04 18:53:48.788999 [I:onnxruntime:, webgpu_execution_provider.cc:666 GetCapability] webgpu kernel not found in registries for Op type: Slice node name: /model/layers.11/self_attn/Slice_4 ebaee2e1-06be-42c6-a7b1-de29475cc753:92:232
2026-10-04 18:53:48.788999 [I:onnxruntime:, webgpu_execution_provider.cc:666 GetCapability] webgpu kernel not found in registries for Op type: Gather node name: Gather_token_45 ebaee2e1-06be-42c6-a7b1-de29475cc753:92:232
2026-10-04 18:53:48.788999 [I:onnxruntime:, webgpu_execution_provider.cc:666 GetCapability] webgpu kernel not found in registries for Op type: Gather node name: /model/layers.11/self_attn/Gather_2 ebaee2e1-06be-42c6-a7b1-de29475cc753:92:232
2026-10-04 18:53:48.789998 [I:onnxruntime:, webgpu_execution_provider.cc:666 GetCapability] webgpu kernel not found in registries for Op type: Div node name: /model/layers.11/self_attn/Div ebaee2e1-06be-42c6-a7b1-de29475cc753:92:232
2026-10-04 18:53:48.789998 [I:onnxruntime:, webgpu_execution_provider.cc:666 GetCapability] webgpu kernel not found in registries for Op type: Unsqueeze node name: /model/layers.11/self_attn/Unsqueeze_7 ebaee2e1-06be-42c6-a7b1-de29475cc753:92:232
2026-10-04 18:53:48.790999 [I:onnxruntime:, webgpu_execution_provider.cc:666 GetCapability] webgpu kernel not found in registries for Op type: IsNaN node name: /model/layers.11/self_attn/IsNaN ebaee2e1-06be-42c6-a7b1-de29475cc753:92:232
2026-10-04 18:53:48.790999 [I:onnxruntime:, webgpu_execution_provider.cc:666 GetCapability] webgpu kernel not found in registries for Op type: Gather node name: /model/layers.11/self_attn/Gather_11 ebaee2e1-06be-42c6-a7b1-de29475cc753:92:232
2026-10-04 18:53:48.790999 [I:onnxruntime:, webgpu_execution_provider.cc:666 GetCapability] webgpu kernel not found in registries for Op type: Unsqueeze node name: /model/layers.11/self_attn/Unsqueeze_27 ebaee2e1-06be-42c6-a7b1-de29475cc753:92:232
2026-10-04 18:53:48.791999 [I:onnxruntime:, webgpu_execution_provider.cc:666 GetCapability] webgpu kernel not found in registries for Op type: Gather node name: /model/layers.11/self_attn/Gather_10 ebaee2e1-06be-42c6-a7b1-de29475cc753:92:232
2026-10-04 18:53:48.791999 [I:onnxruntime:, webgpu_execution_provider.cc:666 GetCapability] webgpu kernel not found in registries for Op type: Unsqueeze node name: /model/layers.11/self_attn/Unsqueeze_26 ebaee2e1-06be-42c6-a7b1-de29475cc753:92:232
2026-10-04 18:53:48.791999 [I:onnxruntime:, webgpu_execution_provider.cc:666 GetCapability] webgpu kernel not found in registries for Op type: Gather node name: /model/layers.11/self_attn/Gather_9 ebaee2e1-06be-42c6-a7b1-de29475cc753:92:232
2026-10-04 18:53:48.792999 [I:onnxruntime:, webgpu_execution_provider.cc:666 GetCapability] webgpu kernel not found in registries for Op type: Mul node name: /model/layers.11/self_attn/Mul_7 ebaee2e1-06be-42c6-a7b1-de29475cc753:92:232
2026-10-04 18:53:48.792999 [I:onnxruntime:, webgpu_execution_provider.cc:666 GetCapability] webgpu kernel not found in registries for Op type: Unsqueeze node name: /model/layers.11/self_attn/Unsqueeze_25 ebaee2e1-06be-42c6-a7b1-de29475cc753:92:232
2026-10-04 18:53:48.793998 [I:onnxruntime:, webgpu_execution_provider.cc:666 GetCapability] webgpu kernel not found in registries for Op type: Gather node name: /model/layers.11/self_attn/Gather_8 ebaee2e1-06be-42c6-a7b1-de29475cc753:92:232
2026-10-04 18:53:48.793998 [I:onnxruntime:, webgpu_execution_provider.cc:666 GetCapability] webgpu kernel not found in registries for Op type: Unsqueeze node name: /model/layers.11/self_attn/Unsqueeze_24 ebaee2e1-06be-42c6-a7b1-de29475cc753:92:232
2026-10-04 18:53:48.794998 [I:onnxruntime:, webgpu_execution_provider.cc:666 GetCapability] webgpu kernel not found in registries for Op type: Concat node name: /model/layers.11/self_attn/Concat_10 ebaee2e1-06be-42c6-a7b1-de29475cc753:92:232
2026-10-04 18:53:48.795999 [I:onnxruntime:, webgpu_execution_provider.cc:666 GetCapability] webgpu kernel not found in registries for Op type: Unsqueeze node name: /model/layers.11/self_attn/Unsqueeze_21 ebaee2e1-06be-42c6-a7b1-de29475cc753:92:232
2026-10-04 18:53:48.795999 [I:onnxruntime:, webgpu_execution_provider.cc:666 GetCapability] webgpu kernel not found in registries for Op type: Concat node name: /model/layers.11/self_attn/Concat_9 ebaee2e1-06be-42c6-a7b1-de29475cc753:92:232
2026-10-04 18:53:48.796999 [I:onnxruntime:, webgpu_execution_provider.cc:666 GetCapability] webgpu kernel not found in registries for Op type: Reshape node name: /model/layers.11/self_attn/Reshape_5 ebaee2e1-06be-42c6-a7b1-de29475cc753:92:232
2026-10-04 18:53:48.796999 [I:onnxruntime:, webgpu_execution_provider.cc:666 GetCapability] webgpu kernel not found in registries for Op type: Equal node name: /model/layers.11/self_attn/Equal_1 ebaee2e1-06be-42c6-a7b1-de29475cc753:92:232
2026-10-04 18:53:48.797998 [I:onnxruntime:, webgpu_execution_provider.cc:666 GetCapability] webgpu kernel not found in registries for Op type: Where node name: /model/layers.11/self_attn/Where_1 ebaee2e1-06be-42c6-a7b1-de29475cc753:92:232
2026-10-04 18:53:48.798999 [I:onnxruntime:, fallback_cpu_capability.cc:89 operator()] Candidate for fallback CPU execution: /model/layers.0/self_attn/Gather_1 ebaee2e1-06be-42c6-a7b1-de29475cc753:92:232
2026-10-04 18:53:48.798999 [I:onnxruntime:, fallback_cpu_capability.cc:89 operator()] Candidate for fallback CPU execution: /model/layers.0/self_attn/Gather ebaee2e1-06be-42c6-a7b1-de29475cc753:92:232
2026-10-04 18:53:48.799999 [I:onnxruntime:, fallback_cpu_capability.cc:89 operator()] Candidate for fallback CPU execution: Gather ebaee2e1-06be-42c6-a7b1-de29475cc753:92:232
2026-10-04 18:53:48.800999 [I:onnxruntime:, fallback_cpu_capability.cc:89 operator()] Candidate for fallback CPU execution: /model/layers.0/self_attn/Gather_7 ebaee2e1-06be-42c6-a7b1-de29475cc753:92:232
2026-10-04 18:53:48.800999 [I:onnxruntime:, fallback_cpu_capability.cc:89 operator()] Candidate for fallback CPU execution: /model/layers.0/self_attn/Gather_6 ebaee2e1-06be-42c6-a7b1-de29475cc753:92:232
2026-10-04 18:53:48.801998 [I:onnxruntime:, fallback_cpu_capability.cc:89 operator()] Candidate for fallback CPU execution: /model/layers.0/self_attn/Gather_5 ebaee2e1-06be-42c6-a7b1-de29475cc753:92:232
2026-10-04 18:53:48.801998 [I:onnxruntime:, fallback_cpu_capability.cc:89 operator()] Candidate for fallback CPU execution: /model/layers.0/self_attn/Gather_4 ebaee2e1-06be-42c6-a7b1-de29475cc753:92:232
2026-10-04 18:53:48.802998 [I:onnxruntime:, fallback_cpu_capability.cc:89 operator()] Candidate for fallback CPU execution: /model/layers.0/self_attn/Gather_12 ebaee2e1-06be-42c6-a7b1-de29475cc753:92:232
2026-10-04 18:53:48.802998 [I:onnxruntime:, fallback_cpu_capability.cc:89 operator()] Candidate for fallback CPU execution: /model/Gather_3 ebaee2e1-06be-42c6-a7b1-de29475cc753:92:232
2026-10-04 18:53:48.802998 [I:onnxruntime:, fallback_cpu_capability.cc:89 operator()] Candidate for fallback CPU execution: /model/Gather_1 ebaee2e1-06be-42c6-a7b1-de29475cc753:92:232
2026-10-04 18:53:48.803999 [I:onnxruntime:, fallback_cpu_capability.cc:89 operator()] Candidate for fallback CPU execution: /model/Gather ebaee2e1-06be-42c6-a7b1-de29475cc753:92:232
2026-10-04 18:53:48.803999 [I:onnxruntime:, fallback_cpu_capability.cc:89 operator()] Candidate for fallback CPU execution: Gather_token_1 ebaee2e1-06be-42c6-a7b1-de29475cc753:92:232
2026-10-04 18:53:48.804999 [I:onnxruntime:, fallback_cpu_capability.cc:89 operator()] Candidate for fallback CPU execution: /model/layers.0/self_attn/Gather_11 ebaee2e1-06be-42c6-a7b1-de29475cc753:92:232
2026-10-04 18:53:48.805998 [I:onnxruntime:, fallback_cpu_capability.cc:89 operator()] Candidate for fallback CPU execution: /model/layers.0/self_attn/Gather_10 ebaee2e1-06be-42c6-a7b1-de29475cc753:92:232
2026-10-04 18:53:48.806999 [I:onnxruntime:, fallback_cpu_capability.cc:89 operator()] Candidate for fallback CPU execution: /model/layers.0/self_attn/Gather_9 ebaee2e1-06be-42c6-a7b1-de29475cc753:92:232
2026-10-04 18:53:48.807999 [I:onnxruntime:, fallback_cpu_capability.cc:89 operator()] Candidate for fallback CPU execution: /model/layers.0/self_attn/Gather_8 ebaee2e1-06be-42c6-a7b1-de29475cc753:92:232
2026-10-04 18:53:48.809998 [I:onnxruntime:, fallback_cpu_capability.cc:89 operator()] Candidate for fallback CPU execution: /model/layers.1/self_attn/Gather_1 ebaee2e1-06be-42c6-a7b1-de29475cc753:92:232
2026-10-04 18:53:48.811999 [I:onnxruntime:, fallback_cpu_capability.cc:89 operator()] Candidate for fallback CPU execution: /model/layers.1/self_attn/Gather ebaee2e1-06be-42c6-a7b1-de29475cc753:92:232
2026-10-04 18:53:48.812999 [I:onnxruntime:, fallback_cpu_capability.cc:89 operator()] Candidate for fallback CPU execution: Gather_token_3 ebaee2e1-06be-42c6-a7b1-de29475cc753:92:232
2026-10-04 18:53:48.814999 [I:onnxruntime:, fallback_cpu_capability.cc:89 operator()] Candidate for fallback CPU execution: /model/layers.1/self_attn/Gather_7 ebaee2e1-06be-42c6-a7b1-de29475cc753:92:232
2026-10-04 18:53:48.815999 [I:onnxruntime:, fallback_cpu_capability.cc:89 operator()] Candidate for fallback CPU execution: /model/layers.1/self_attn/Gather_6 ebaee2e1-06be-42c6-a7b1-de29475cc753:92:232
2026-10-04 18:53:48.816999 [I:onnxruntime:, fallback_cpu_capability.cc:89 operator()] Candidate for fallback CPU execution: /model/layers.1/self_attn/Gather_5 ebaee2e1-06be-42c6-a7b1-de29475cc753:92:232
2026-10-04 18:53:48.817998 [I:onnxruntime:, fallback_cpu_capability.cc:89 operator()] Candidate for fallback CPU execution: /model/layers.1/self_attn/Gather_4 ebaee2e1-06be-42c6-a7b1-de29475cc753:92:232
2026-10-04 18:53:48.817998 [I:onnxruntime:, fallback_cpu_capability.cc:89 operator()] Candidate for fallback CPU execution: /model/layers.1/self_attn/Gather_12 ebaee2e1-06be-42c6-a7b1-de29475cc753:92:232
2026-10-04 18:53:48.818998 [I:onnxruntime:, fallback_cpu_capability.cc:89 operator()] Candidate for fallback CPU execution: Gather_token_5 ebaee2e1-06be-42c6-a7b1-de29475cc753:92:232
2026-10-04 18:53:48.818998 [I:onnxruntime:, fallback_cpu_capability.cc:89 operator()] Candidate for fallback CPU execution: /model/layers.1/self_attn/Gather_11 ebaee2e1-06be-42c6-a7b1-de29475cc753:92:232
2026-10-04 18:53:48.819999 [I:onnxruntime:, fallback_cpu_capability.cc:89 operator()] Candidate for fallback CPU execution: /model/layers.1/self_attn/Gather_10 ebaee2e1-06be-42c6-a7b1-de29475cc753:92:232
2026-10-04 18:53:48.819999 [I:onnxruntime:, fallback_cpu_capability.cc:89 operator()] Candidate for fallback CPU execution: /model/layers.1/self_attn/Gather_9 ebaee2e1-06be-42c6-a7b1-de29475cc753:92:232
2026-10-04 18:53:48.819999 [I:onnxruntime:, fallback_cpu_capability.cc:89 operator()] Candidate for fallback CPU execution: /model/layers.1/self_attn/Gather_8 ebaee2e1-06be-42c6-a7b1-de29475cc753:92:232
2026-10-04 18:53:48.820999 [I:onnxruntime:, fallback_cpu_capability.cc:89 operator()] Candidate for fallback CPU execution: /model/layers.2/self_attn/Gather_1 ebaee2e1-06be-42c6-a7b1-de29475cc753:92:232
2026-10-04 18:53:48.820999 [I:onnxruntime:, fallback_cpu_capability.cc:89 operator()] Candidate for fallback CPU execution: /model/layers.2/self_attn/Gather ebaee2e1-06be-42c6-a7b1-de29475cc753:92:232
2026-10-04 18:53:48.820999 [I:onnxruntime:, fallback_cpu_capability.cc:89 operator()] Candidate for fallback CPU execution: Gather_token_7 ebaee2e1-06be-42c6-a7b1-de29475cc753:92:232
2026-10-04 18:53:48.821998 [I:onnxruntime:, fallback_cpu_capability.cc:89 operator()] Candidate for fallback CPU execution: /model/layers.2/self_attn/Gather_7 ebaee2e1-06be-42c6-a7b1-de29475cc753:92:232
2026-10-04 18:53:48.821998 [I:onnxruntime:, fallback_cpu_capability.cc:89 operator()] Candidate for fallback CPU execution: /model/layers.2/self_attn/Gather_6 ebaee2e1-06be-42c6-a7b1-de29475cc753:92:232
2026-10-04 18:53:48.821998 [I:onnxruntime:, fallback_cpu_capability.cc:89 operator()] Candidate for fallback CPU execution: /model/layers.2/self_attn/Gather_5 ebaee2e1-06be-42c6-a7b1-de29475cc753:92:232
2026-10-04 18:53:48.822999 [I:onnxruntime:, fallback_cpu_capability.cc:89 operator()] Candidate for fallback CPU execution: /model/layers.2/self_attn/Gather_4 ebaee2e1-06be-42c6-a7b1-de29475cc753:92:232
2026-10-04 18:53:48.822999 [I:onnxruntime:, fallback_cpu_capability.cc:89 operator()] Candidate for fallback CPU execution: /model/layers.2/self_attn/Gather_12 ebaee2e1-06be-42c6-a7b1-de29475cc753:92:232
2026-10-04 18:53:48.823999 [I:onnxruntime:, fallback_cpu_capability.cc:89 operator()] Candidate for fallback CPU execution: Gather_token_9 ebaee2e1-06be-42c6-a7b1-de29475cc753:92:232
2026-10-04 18:53:48.823999 [I:onnxruntime:, fallback_cpu_capability.cc:89 operator()] Candidate for fallback CPU execution: /model/layers.2/self_attn/Gather_11 ebaee2e1-06be-42c6-a7b1-de29475cc753:92:232
2026-10-04 18:53:48.824999 [I:onnxruntime:, fallback_cpu_capability.cc:89 operator()] Candidate for fallback CPU execution: /model/layers.2/self_attn/Gather_10 ebaee2e1-06be-42c6-a7b1-de29475cc753:92:232
2026-10-04 18:53:48.836999 [I:onnxruntime:, fallback_cpu_capability.cc:89 operator()] Candidate for fallback CPU execution: /model/layers.2/self_attn/Gather_9 ebaee2e1-06be-42c6-a7b1-de29475cc753:92:232
2026-10-04 18:53:48.837998 [I:onnxruntime:, fallback_cpu_capability.cc:89 operator()] Candidate for fallback CPU execution: /model/layers.2/self_attn/Gather_8 ebaee2e1-06be-42c6-a7b1-de29475cc753:92:232
2026-10-04 18:53:48.838999 [I:onnxruntime:, fallback_cpu_capability.cc:89 operator()] Candidate for fallback CPU execution: /model/layers.3/self_attn/Gather_1 ebaee2e1-06be-42c6-a7b1-de29475cc753:92:232
2026-10-04 18:53:48.838999 [I:onnxruntime:, fallback_cpu_capability.cc:89 operator()] Candidate for fallback CPU execution: /model/layers.3/self_attn/Gather ebaee2e1-06be-42c6-a7b1-de29475cc753:92:232
2026-10-04 18:53:48.839999 [I:onnxruntime:, fallback_cpu_capability.cc:89 operator()] Candidate for fallback CPU execution: Gather_token_11 ebaee2e1-06be-42c6-a7b1-de29475cc753:92:232
2026-10-04 18:53:48.839999 [I:onnxruntime:, fallback_cpu_capability.cc:89 operator()] Candidate for fallback CPU execution: /model/layers.3/self_attn/Gather_7 ebaee2e1-06be-42c6-a7b1-de29475cc753:92:232
2026-10-04 18:53:48.839999 [I:onnxruntime:, fallback_cpu_capability.cc:89 operator()] Candidate for fallback CPU execution: /model/layers.3/self_attn/Gather_6 ebaee2e1-06be-42c6-a7b1-de29475cc753:92:232
2026-10-04 18:53:48.840999 [I:onnxruntime:, fallback_cpu_capability.cc:89 operator()] Candidate for fallback CPU execution: /model/layers.3/self_attn/Gather_5 ebaee2e1-06be-42c6-a7b1-de29475cc753:92:232
2026-10-04 18:53:48.840999 [I:onnxruntime:, fallback_cpu_capability.cc:89 operator()] Candidate for fallback CPU execution: /model/layers.3/self_attn/Gather_4 ebaee2e1-06be-42c6-a7b1-de29475cc753:92:232
2026-10-04 18:53:48.840999 [I:onnxruntime:, fallback_cpu_capability.cc:89 operator()] Candidate for fallback CPU execution: /model/layers.3/self_attn/Gather_12 ebaee2e1-06be-42c6-a7b1-de29475cc753:92:232
2026-10-04 18:53:48.841998 [I:onnxruntime:, fallback_cpu_capability.cc:89 operator()] Candidate for fallback CPU execution: Gather_token_13 ebaee2e1-06be-42c6-a7b1-de29475cc753:92:232
2026-10-04 18:53:48.841998 [I:onnxruntime:, fallback_cpu_capability.cc:89 operator()] Candidate for fallback CPU execution: /model/layers.3/self_attn/Gather_11 ebaee2e1-06be-42c6-a7b1-de29475cc753:92:232
2026-10-04 18:53:48.842998 [I:onnxruntime:, fallback_cpu_capability.cc:89 operator()] Candidate for fallback CPU execution: /model/layers.3/self_attn/Gather_10 ebaee2e1-06be-42c6-a7b1-de29475cc753:92:232
2026-10-04 18:53:48.842998 [I:onnxruntime:, fallback_cpu_capability.cc:89 operator()] Candidate for fallback CPU execution: /model/layers.3/self_attn/Gather_9 ebaee2e1-06be-42c6-a7b1-de29475cc753:92:232
2026-10-04 18:53:48.842998 [I:onnxruntime:, fallback_cpu_capability.cc:89 operator()] Candidate for fallback CPU execution: /model/layers.3/self_attn/Gather_8 ebaee2e1-06be-42c6-a7b1-de29475cc753:92:232
2026-10-04 18:53:48.843999 [I:onnxruntime:, fallback_cpu_capability.cc:89 operator()] Candidate for fallback CPU execution: /model/layers.4/self_attn/Gather_1 ebaee2e1-06be-42c6-a7b1-de29475cc753:92:232
2026-10-04 18:53:48.844999 [I:onnxruntime:, fallback_cpu_capability.cc:89 operator()] Candidate for fallback CPU execution: /model/layers.4/self_attn/Gather ebaee2e1-06be-42c6-a7b1-de29475cc753:92:232
2026-10-04 18:53:48.845998 [I:onnxruntime:, fallback_cpu_capability.cc:89 operator()] Candidate for fallback CPU execution: Gather_token_15 ebaee2e1-06be-42c6-a7b1-de29475cc753:92:232
2026-10-04 18:53:48.847999 [I:onnxruntime:, fallback_cpu_capability.cc:89 operator()] Candidate for fallback CPU execution: /model/layers.4/self_attn/Gather_7 ebaee2e1-06be-42c6-a7b1-de29475cc753:92:232
2026-10-04 18:53:48.848999 [I:onnxruntime:, fallback_cpu_capability.cc:89 operator()] Candidate for fallback CPU execution: /model/layers.4/self_attn/Gather_6 ebaee2e1-06be-42c6-a7b1-de29475cc753:92:232
2026-10-04 18:53:48.849998 [I:onnxruntime:, fallback_cpu_capability.cc:89 operator()] Candidate for fallback CPU execution: /model/layers.4/self_attn/Gather_5 ebaee2e1-06be-42c6-a7b1-de29475cc753:92:232
2026-10-04 18:53:48.849998 [I:onnxruntime:, fallback_cpu_capability.cc:89 operator()] Candidate for fallback CPU execution: /model/layers.4/self_attn/Gather_4 ebaee2e1-06be-42c6-a7b1-de29475cc753:92:232
2026-10-04 18:53:48.850998 [I:onnxruntime:, fallback_cpu_capability.cc:89 operator()] Candidate for fallback CPU execution: /model/layers.4/self_attn/Gather_12 ebaee2e1-06be-42c6-a7b1-de29475cc753:92:232
2026-10-04 18:53:48.851999 [I:onnxruntime:, fallback_cpu_capability.cc:89 operator()] Candidate for fallback CPU execution: Gather_token_17 ebaee2e1-06be-42c6-a7b1-de29475cc753:92:232
2026-10-04 18:53:48.852999 [I:onnxruntime:, fallback_cpu_capability.cc:89 operator()] Candidate for fallback CPU execution: /model/layers.4/self_attn/Gather_11 ebaee2e1-06be-42c6-a7b1-de29475cc753:92:232
2026-10-04 18:53:48.852999 [I:onnxruntime:, fallback_cpu_capability.cc:89 operator()] Candidate for fallback CPU execution: /model/layers.4/self_attn/Gather_10 ebaee2e1-06be-42c6-a7b1-de29475cc753:92:232
2026-10-04 18:53:48.852999 [I:onnxruntime:, fallback_cpu_capability.cc:89 operator()] Candidate for fallback CPU execution: /model/layers.4/self_attn/Gather_9 ebaee2e1-06be-42c6-a7b1-de29475cc753:92:232
2026-10-04 18:53:48.853998 [I:onnxruntime:, fallback_cpu_capability.cc:89 operator()] Candidate for fallback CPU execution: /model/layers.4/self_attn/Gather_8 ebaee2e1-06be-42c6-a7b1-de29475cc753:92:232
2026-10-04 18:53:48.853998 [I:onnxruntime:, fallback_cpu_capability.cc:89 operator()] Candidate for fallback CPU execution: /model/layers.5/self_attn/Gather_1 ebaee2e1-06be-42c6-a7b1-de29475cc753:92:232
2026-10-04 18:53:48.854999 [I:onnxruntime:, fallback_cpu_capability.cc:89 operator()] Candidate for fallback CPU execution: /model/layers.5/self_attn/Gather ebaee2e1-06be-42c6-a7b1-de29475cc753:92:232
2026-10-04 18:53:48.854999 [I:onnxruntime:, fallback_cpu_capability.cc:89 operator()] Candidate for fallback CPU execution: Gather_token_19 ebaee2e1-06be-42c6-a7b1-de29475cc753:92:232
2026-10-04 18:53:48.855999 [I:onnxruntime:, fallback_cpu_capability.cc:89 operator()] Candidate for fallback CPU execution: /model/layers.5/self_attn/Gather_7 ebaee2e1-06be-42c6-a7b1-de29475cc753:92:232
2026-10-04 18:53:48.855999 [I:onnxruntime:, fallback_cpu_capability.cc:89 operator()] Candidate for fallback CPU execution: /model/layers.5/self_attn/Gather_6 ebaee2e1-06be-42c6-a7b1-de29475cc753:92:232
2026-10-04 18:53:48.855999 [I:onnxruntime:, fallback_cpu_capability.cc:89 operator()] Candidate for fallback CPU execution: /model/layers.5/self_attn/Gather_5 ebaee2e1-06be-42c6-a7b1-de29475cc753:92:232
2026-10-04 18:53:48.855999 [I:onnxruntime:, fallback_cpu_capability.cc:89 operator()] Candidate for fallback CPU execution: /model/layers.5/self_attn/Gather_4 ebaee2e1-06be-42c6-a7b1-de29475cc753:92:232
2026-10-04 18:53:48.856999 [I:onnxruntime:, fallback_cpu_capability.cc:89 operator()] Candidate for fallback CPU execution: /model/layers.5/self_attn/Gather_12 ebaee2e1-06be-42c6-a7b1-de29475cc753:92:232
2026-10-04 18:53:48.856999 [I:onnxruntime:, fallback_cpu_capability.cc:89 operator()] Candidate for fallback CPU execution: Gather_token_21 ebaee2e1-06be-42c6-a7b1-de29475cc753:92:232
2026-10-04 18:53:48.857998 [I:onnxruntime:, fallback_cpu_capability.cc:89 operator()] Candidate for fallback CPU execution: /model/layers.5/self_attn/Gather_11 ebaee2e1-06be-42c6-a7b1-de29475cc753:92:232
2026-10-04 18:53:48.857998 [I:onnxruntime:, fallback_cpu_capability.cc:89 operator()] Candidate for fallback CPU execution: /model/layers.5/self_attn/Gather_10 ebaee2e1-06be-42c6-a7b1-de29475cc753:92:232
2026-10-04 18:53:48.857998 [I:onnxruntime:, fallback_cpu_capability.cc:89 operator()] Candidate for fallback CPU execution: /model/layers.5/self_attn/Gather_9 ebaee2e1-06be-42c6-a7b1-de29475cc753:92:232
2026-10-04 18:53:48.858998 [I:onnxruntime:, fallback_cpu_capability.cc:89 operator()] Candidate for fallback CPU execution: /model/layers.5/self_attn/Gather_8 ebaee2e1-06be-42c6-a7b1-de29475cc753:92:232
2026-10-04 18:53:48.858998 [I:onnxruntime:, fallback_cpu_capability.cc:89 operator()] Candidate for fallback CPU execution: /model/layers.6/self_attn/Gather_1 ebaee2e1-06be-42c6-a7b1-de29475cc753:92:232
2026-10-04 18:53:48.859999 [I:onnxruntime:, fallback_cpu_capability.cc:89 operator()] Candidate for fallback CPU execution: /model/layers.6/self_attn/Gather ebaee2e1-06be-42c6-a7b1-de29475cc753:92:232
2026-10-04 18:53:48.859999 [I:onnxruntime:, fallback_cpu_capability.cc:89 operator()] Candidate for fallback CPU execution: Gather_token_23 ebaee2e1-06be-42c6-a7b1-de29475cc753:92:232
2026-10-04 18:53:48.860999 [I:onnxruntime:, fallback_cpu_capability.cc:89 operator()] Candidate for fallback CPU execution: /model/layers.6/self_attn/Gather_7 ebaee2e1-06be-42c6-a7b1-de29475cc753:92:232
2026-10-04 18:53:48.860999 [I:onnxruntime:, fallback_cpu_capability.cc:89 operator()] Candidate for fallback CPU execution: /model/layers.6/self_attn/Gather_6 ebaee2e1-06be-42c6-a7b1-de29475cc753:92:232
2026-10-04 18:53:48.861998 [I:onnxruntime:, fallback_cpu_capability.cc:89 operator()] Candidate for fallback CPU execution: /model/layers.6/self_attn/Gather_5 ebaee2e1-06be-42c6-a7b1-de29475cc753:92:232
2026-10-04 18:53:48.862999 [I:onnxruntime:, fallback_cpu_capability.cc:89 operator()] Candidate for fallback CPU execution: /model/layers.6/self_attn/Gather_4 ebaee2e1-06be-42c6-a7b1-de29475cc753:92:232
2026-10-04 18:53:48.863999 [I:onnxruntime:, fallback_cpu_capability.cc:89 operator()] Candidate for fallback CPU execution: /model/layers.6/self_attn/Gather_12 ebaee2e1-06be-42c6-a7b1-de29475cc753:92:232
2026-10-04 18:53:48.865998 [I:onnxruntime:, fallback_cpu_capability.cc:89 operator()] Candidate for fallback CPU execution: Gather_token_25 ebaee2e1-06be-42c6-a7b1-de29475cc753:92:232
2026-10-04 18:53:48.866998 [I:onnxruntime:, fallback_cpu_capability.cc:89 operator()] Candidate for fallback CPU execution: /model/layers.6/self_attn/Gather_11 ebaee2e1-06be-42c6-a7b1-de29475cc753:92:232
2026-10-04 18:53:48.866998 [I:onnxruntime:, fallback_cpu_capability.cc:89 operator()] Candidate for fallback CPU execution: /model/layers.6/self_attn/Gather_10 ebaee2e1-06be-42c6-a7b1-de29475cc753:92:232
2026-10-04 18:53:48.867999 [I:onnxruntime:, fallback_cpu_capability.cc:89 operator()] Candidate for fallback CPU execution: /model/layers.6/self_attn/Gather_9 ebaee2e1-06be-42c6-a7b1-de29475cc753:92:232
2026-10-04 18:53:48.867999 [I:onnxruntime:, fallback_cpu_capability.cc:89 operator()] Candidate for fallback CPU execution: /model/layers.6/self_attn/Gather_8 ebaee2e1-06be-42c6-a7b1-de29475cc753:92:232
2026-10-04 18:53:48.868999 [I:onnxruntime:, fallback_cpu_capability.cc:89 operator()] Candidate for fallback CPU execution: /model/layers.7/self_attn/Gather_1 ebaee2e1-06be-42c6-a7b1-de29475cc753:92:232
2026-10-04 18:53:48.868999 [I:onnxruntime:, fallback_cpu_capability.cc:89 operator()] Candidate for fallback CPU execution: /model/layers.7/self_attn/Gather ebaee2e1-06be-42c6-a7b1-de29475cc753:92:232
2026-10-04 18:53:48.868999 [I:onnxruntime:, fallback_cpu_capability.cc:89 operator()] Candidate for fallback CPU execution: Gather_token_27 ebaee2e1-06be-42c6-a7b1-de29475cc753:92:232
2026-10-04 18:53:48.869998 [I:onnxruntime:, fallback_cpu_capability.cc:89 operator()] Candidate for fallback CPU execution: /model/layers.7/self_attn/Gather_7 ebaee2e1-06be-42c6-a7b1-de29475cc753:92:232
2026-10-04 18:53:48.869998 [I:onnxruntime:, fallback_cpu_capability.cc:89 operator()] Candidate for fallback CPU execution: /model/layers.7/self_attn/Gather_6 ebaee2e1-06be-42c6-a7b1-de29475cc753:92:232
2026-10-04 18:53:48.869998 [I:onnxruntime:, fallback_cpu_capability.cc:89 operator()] Candidate for fallback CPU execution: /model/layers.7/self_attn/Gather_5 ebaee2e1-06be-42c6-a7b1-de29475cc753:92:232
2026-10-04 18:53:48.870999 [I:onnxruntime:, fallback_cpu_capability.cc:89 operator()] Candidate for fallback CPU execution: /model/layers.7/self_attn/Gather_4 ebaee2e1-06be-42c6-a7b1-de29475cc753:92:232
2026-10-04 18:53:48.870999 [I:onnxruntime:, fallback_cpu_capability.cc:89 operator()] Candidate for fallback CPU execution: /model/layers.7/self_attn/Gather_12 ebaee2e1-06be-42c6-a7b1-de29475cc753:92:232
2026-10-04 18:53:48.871999 [I:onnxruntime:, fallback_cpu_capability.cc:89 operator()] Candidate for fallback CPU execution: Gather_token_29 ebaee2e1-06be-42c6-a7b1-de29475cc753:92:232
2026-10-04 18:53:48.871999 [I:onnxruntime:, fallback_cpu_capability.cc:89 operator()] Candidate for fallback CPU execution: /model/layers.7/self_attn/Gather_11 ebaee2e1-06be-42c6-a7b1-de29475cc753:92:232
2026-10-04 18:53:48.872999 [I:onnxruntime:, fallback_cpu_capability.cc:89 operator()] Candidate for fallback CPU execution: /model/layers.7/self_attn/Gather_10 ebaee2e1-06be-42c6-a7b1-de29475cc753:92:232
2026-10-04 18:53:48.872999 [I:onnxruntime:, fallback_cpu_capability.cc:89 operator()] Candidate for fallback CPU execution: /model/layers.7/self_attn/Gather_9 ebaee2e1-06be-42c6-a7b1-de29475cc753:92:232
2026-10-04 18:53:48.872999 [I:onnxruntime:, fallback_cpu_capability.cc:89 operator()] Candidate for fallback CPU execution: /model/layers.7/self_attn/Gather_8 ebaee2e1-06be-42c6-a7b1-de29475cc753:92:232
2026-10-04 18:53:48.873998 [I:onnxruntime:, fallback_cpu_capability.cc:89 operator()] Candidate for fallback CPU execution: /model/layers.8/self_attn/Gather_1 ebaee2e1-06be-42c6-a7b1-de29475cc753:92:232
2026-10-04 18:53:48.873998 [I:onnxruntime:, fallback_cpu_capability.cc:89 operator()] Candidate for fallback CPU execution: /model/layers.8/self_attn/Gather ebaee2e1-06be-42c6-a7b1-de29475cc753:92:232
2026-10-04 18:53:48.873998 [I:onnxruntime:, fallback_cpu_capability.cc:89 operator()] Candidate for fallback CPU execution: Gather_token_31 ebaee2e1-06be-42c6-a7b1-de29475cc753:92:232
2026-10-04 18:53:48.874998 [I:onnxruntime:, fallback_cpu_capability.cc:89 operator()] Candidate for fallback CPU execution: /model/layers.8/self_attn/Gather_7 ebaee2e1-06be-42c6-a7b1-de29475cc753:92:232
2026-10-04 18:53:48.874998 [I:onnxruntime:, fallback_cpu_capability.cc:89 operator()] Candidate for fallback CPU execution: /model/layers.8/self_attn/Gather_6 ebaee2e1-06be-42c6-a7b1-de29475cc753:92:232
2026-10-04 18:53:48.874998 [I:onnxruntime:, fallback_cpu_capability.cc:89 operator()] Candidate for fallback CPU execution: /model/layers.8/self_attn/Gather_5 ebaee2e1-06be-42c6-a7b1-de29475cc753:92:232
2026-10-04 18:53:48.874998 [I:onnxruntime:, fallback_cpu_capability.cc:89 operator()] Candidate for fallback CPU execution: /model/layers.8/self_attn/Gather_4 ebaee2e1-06be-42c6-a7b1-de29475cc753:92:232
2026-10-04 18:53:48.875999 [I:onnxruntime:, fallback_cpu_capability.cc:89 operator()] Candidate for fallback CPU execution: /model/layers.8/self_attn/Gather_12 ebaee2e1-06be-42c6-a7b1-de29475cc753:92:232
2026-10-04 18:53:48.875999 [I:onnxruntime:, fallback_cpu_capability.cc:89 operator()] Candidate for fallback CPU execution: Gather_token_33 ebaee2e1-06be-42c6-a7b1-de29475cc753:92:232
2026-10-04 18:53:48.876999 [I:onnxruntime:, fallback_cpu_capability.cc:89 operator()] Candidate for fallback CPU execution: /model/layers.8/self_attn/Gather_11 ebaee2e1-06be-42c6-a7b1-de29475cc753:92:232
2026-10-04 18:53:48.877998 [I:onnxruntime:, fallback_cpu_capability.cc:89 operator()] Candidate for fallback CPU execution: /model/layers.8/self_attn/Gather_10 ebaee2e1-06be-42c6-a7b1-de29475cc753:92:232
2026-10-04 18:53:48.877998 [I:onnxruntime:, fallback_cpu_capability.cc:89 operator()] Candidate for fallback CPU execution: /model/layers.8/self_attn/Gather_9 ebaee2e1-06be-42c6-a7b1-de29475cc753:92:232
2026-10-04 18:53:48.878999 [I:onnxruntime:, fallback_cpu_capability.cc:89 operator()] Candidate for fallback CPU execution: /model/layers.8/self_attn/Gather_8 ebaee2e1-06be-42c6-a7b1-de29475cc753:92:232
2026-10-04 18:53:48.880999 [I:onnxruntime:, fallback_cpu_capability.cc:89 operator()] Candidate for fallback CPU execution: /model/layers.9/self_attn/Gather_1 ebaee2e1-06be-42c6-a7b1-de29475cc753:92:232
2026-10-04 18:53:48.881998 [I:onnxruntime:, fallback_cpu_capability.cc:89 operator()] Candidate for fallback CPU execution: /model/layers.9/self_attn/Gather ebaee2e1-06be-42c6-a7b1-de29475cc753:92:232
2026-10-04 18:53:48.882998 [I:onnxruntime:, fallback_cpu_capability.cc:89 operator()] Candidate for fallback CPU execution: Gather_token_35 ebaee2e1-06be-42c6-a7b1-de29475cc753:92:232
2026-10-04 18:53:48.882998 [I:onnxruntime:, fallback_cpu_capability.cc:89 operator()] Candidate for fallback CPU execution: /model/layers.9/self_attn/Gather_7 ebaee2e1-06be-42c6-a7b1-de29475cc753:92:232
2026-10-04 18:53:48.883999 [I:onnxruntime:, fallback_cpu_capability.cc:89 operator()] Candidate for fallback CPU execution: /model/layers.9/self_attn/Gather_6 ebaee2e1-06be-42c6-a7b1-de29475cc753:92:232
2026-10-04 18:53:48.883999 [I:onnxruntime:, fallback_cpu_capability.cc:89 operator()] Candidate for fallback CPU execution: /model/layers.9/self_attn/Gather_5 ebaee2e1-06be-42c6-a7b1-de29475cc753:92:232
2026-10-04 18:53:48.883999 [I:onnxruntime:, fallback_cpu_capability.cc:89 operator()] Candidate for fallback CPU execution: /model/layers.9/self_attn/Gather_4 ebaee2e1-06be-42c6-a7b1-de29475cc753:92:232
2026-10-04 18:53:48.884999 [I:onnxruntime:, fallback_cpu_capability.cc:89 operator()] Candidate for fallback CPU execution: /model/layers.9/self_attn/Gather_12 ebaee2e1-06be-42c6-a7b1-de29475cc753:92:232
2026-10-04 18:53:48.884999 [I:onnxruntime:, fallback_cpu_capability.cc:89 operator()] Candidate for fallback CPU execution: Gather_token_37 ebaee2e1-06be-42c6-a7b1-de29475cc753:92:232
2026-10-04 18:53:48.885998 [I:onnxruntime:, fallback_cpu_capability.cc:89 operator()] Candidate for fallback CPU execution: /model/layers.9/self_attn/Gather_11 ebaee2e1-06be-42c6-a7b1-de29475cc753:92:232
2026-10-04 18:53:48.885998 [I:onnxruntime:, fallback_cpu_capability.cc:89 operator()] Candidate for fallback CPU execution: /model/layers.9/self_attn/Gather_10 ebaee2e1-06be-42c6-a7b1-de29475cc753:92:232
2026-10-04 18:53:48.885998 [I:onnxruntime:, fallback_cpu_capability.cc:89 operator()] Candidate for fallback CPU execution: /model/layers.9/self_attn/Gather_9 ebaee2e1-06be-42c6-a7b1-de29475cc753:92:232
2026-10-04 18:53:48.885998 [I:onnxruntime:, fallback_cpu_capability.cc:89 operator()] Candidate for fallback CPU execution: /model/layers.9/self_attn/Gather_8 ebaee2e1-06be-42c6-a7b1-de29475cc753:92:232
2026-10-04 18:53:48.886999 [I:onnxruntime:, fallback_cpu_capability.cc:89 operator()] Candidate for fallback CPU execution: /model/layers.10/self_attn/Gather_1 ebaee2e1-06be-42c6-a7b1-de29475cc753:92:232
2026-10-04 18:53:48.887999 [I:onnxruntime:, fallback_cpu_capability.cc:89 operator()] Candidate for fallback CPU execution: /model/layers.10/self_attn/Gather ebaee2e1-06be-42c6-a7b1-de29475cc753:92:232
2026-10-04 18:53:48.887999 [I:onnxruntime:, fallback_cpu_capability.cc:89 operator()] Candidate for fallback CPU execution: Gather_token_39 ebaee2e1-06be-42c6-a7b1-de29475cc753:92:232
2026-10-04 18:53:48.887999 [I:onnxruntime:, fallback_cpu_capability.cc:89 operator()] Candidate for fallback CPU execution: /model/layers.10/self_attn/Gather_7 ebaee2e1-06be-42c6-a7b1-de29475cc753:92:232
2026-10-04 18:53:48.888999 [I:onnxruntime:, fallback_cpu_capability.cc:89 operator()] Candidate for fallback CPU execution: /model/layers.10/self_attn/Gather_6 ebaee2e1-06be-42c6-a7b1-de29475cc753:92:232
2026-10-04 18:53:48.888999 [I:onnxruntime:, fallback_cpu_capability.cc:89 operator()] Candidate for fallback CPU execution: /model/layers.10/self_attn/Gather_5 ebaee2e1-06be-42c6-a7b1-de29475cc753:92:232
2026-10-04 18:53:48.888999 [I:onnxruntime:, fallback_cpu_capability.cc:89 operator()] Candidate for fallback CPU execution: /model/layers.10/self_attn/Gather_4 ebaee2e1-06be-42c6-a7b1-de29475cc753:92:232
2026-10-04 18:53:48.888999 [I:onnxruntime:, fallback_cpu_capability.cc:89 operator()] Candidate for fallback CPU execution: /model/layers.10/self_attn/Gather_12 ebaee2e1-06be-42c6-a7b1-de29475cc753:92:232
2026-10-04 18:53:48.889998 [I:onnxruntime:, fallback_cpu_capability.cc:89 operator()] Candidate for fallback CPU execution: Gather_token_41 ebaee2e1-06be-42c6-a7b1-de29475cc753:92:232
2026-10-04 18:53:48.889998 [I:onnxruntime:, fallback_cpu_capability.cc:89 operator()] Candidate for fallback CPU execution: /model/layers.10/self_attn/Gather_11 ebaee2e1-06be-42c6-a7b1-de29475cc753:92:232
2026-10-04 18:53:48.890998 [I:onnxruntime:, fallback_cpu_capability.cc:89 operator()] Candidate for fallback CPU execution: /model/layers.10/self_attn/Gather_10 ebaee2e1-06be-42c6-a7b1-de29475cc753:92:232
2026-10-04 18:53:48.890998 [I:onnxruntime:, fallback_cpu_capability.cc:89 operator()] Candidate for fallback CPU execution: /model/layers.10/self_attn/Gather_9 ebaee2e1-06be-42c6-a7b1-de29475cc753:92:232
2026-10-04 18:53:48.890998 [I:onnxruntime:, fallback_cpu_capability.cc:89 operator()] Candidate for fallback CPU execution: /model/layers.10/self_attn/Gather_8 ebaee2e1-06be-42c6-a7b1-de29475cc753:92:232
2026-10-04 18:53:48.891999 [I:onnxruntime:, fallback_cpu_capability.cc:89 operator()] Candidate for fallback CPU execution: /model/layers.11/self_attn/Gather_1 ebaee2e1-06be-42c6-a7b1-de29475cc753:92:232
2026-10-04 18:53:48.891999 [I:onnxruntime:, fallback_cpu_capability.cc:89 operator()] Candidate for fallback CPU execution: /model/layers.11/self_attn/Gather ebaee2e1-06be-42c6-a7b1-de29475cc753:92:232
2026-10-04 18:53:48.891999 [I:onnxruntime:, fallback_cpu_capability.cc:89 operator()] Candidate for fallback CPU execution: Gather_token_43 ebaee2e1-06be-42c6-a7b1-de29475cc753:92:232
2026-10-04 18:53:48.892999 [I:onnxruntime:, fallback_cpu_capability.cc:89 operator()] Candidate for fallback CPU execution: /model/layers.11/self_attn/Gather_7 ebaee2e1-06be-42c6-a7b1-de29475cc753:92:232
2026-10-04 18:53:48.892999 [I:onnxruntime:, fallback_cpu_capability.cc:89 operator()] Candidate for fallback CPU execution: /model/layers.11/self_attn/Gather_6 ebaee2e1-06be-42c6-a7b1-de29475cc753:92:232
2026-10-04 18:53:48.893998 [I:onnxruntime:, fallback_cpu_capability.cc:89 operator()] Candidate for fallback CPU execution: /model/layers.11/self_attn/Gather_5 ebaee2e1-06be-42c6-a7b1-de29475cc753:92:232
2026-10-04 18:53:48.893998 [I:onnxruntime:, fallback_cpu_capability.cc:89 operator()] Candidate for fallback CPU execution: /model/layers.11/self_attn/Gather_4 ebaee2e1-06be-42c6-a7b1-de29475cc753:92:232
2026-10-04 18:53:48.893998 [I:onnxruntime:, fallback_cpu_capability.cc:89 operator()] Candidate for fallback CPU execution: /model/layers.11/self_attn/Gather_12 ebaee2e1-06be-42c6-a7b1-de29475cc753:92:232
2026-10-04 18:53:48.894999 [I:onnxruntime:, fallback_cpu_capability.cc:89 operator()] Candidate for fallback CPU execution: Gather_token_45 ebaee2e1-06be-42c6-a7b1-de29475cc753:92:232
2026-10-04 18:53:48.904999 [I:onnxruntime:, fallback_cpu_capability.cc:89 operator()] Candidate for fallback CPU execution: /model/layers.11/self_attn/Gather_11 ebaee2e1-06be-42c6-a7b1-de29475cc753:92:232
2026-10-04 18:53:48.905998 [I:onnxruntime:, fallback_cpu_capability.cc:89 operator()] Candidate for fallback CPU execution: /model/layers.11/self_attn/Gather_10 ebaee2e1-06be-42c6-a7b1-de29475cc753:92:232
2026-10-04 18:53:48.905998 [I:onnxruntime:, fallback_cpu_capability.cc:89 operator()] Candidate for fallback CPU execution: /model/layers.11/self_attn/Gather_9 ebaee2e1-06be-42c6-a7b1-de29475cc753:92:232
2026-10-04 18:53:48.905998 [I:onnxruntime:, fallback_cpu_capability.cc:89 operator()] Candidate for fallback CPU execution: /model/layers.11/self_attn/Gather_8 ebaee2e1-06be-42c6-a7b1-de29475cc753:92:232
2026-10-04 18:53:48.906998 [I:onnxruntime:, fallback_cpu_capability.cc:167 GetCpuPreferredNodes] ORT optimization- Force fallback to CPU execution for node: /model/And because the CPU execution path is deemed faster than overhead involved with execution on other EPs capable of executing this node ebaee2e1-06be-42c6-a7b1-de29475cc753:92:232
2026-10-04 18:53:48.906998 [I:onnxruntime:, fallback_cpu_capability.cc:167 GetCpuPreferredNodes] ORT optimization- Force fallback to CPU execution for node: /model/layers.0/self_attn/Where_2 because the CPU execution path is deemed faster than overhead involved with execution on other EPs capable of executing this node ebaee2e1-06be-42c6-a7b1-de29475cc753:92:232
2026-10-04 18:53:48.906998 [I:onnxruntime:, fallback_cpu_capability.cc:167 GetCpuPreferredNodes] ORT optimization- Force fallback to CPU execution for node: /model/layers.1/self_attn/Where_2 because the CPU execution path is deemed faster than overhead involved with execution on other EPs capable of executing this node ebaee2e1-06be-42c6-a7b1-de29475cc753:92:232
2026-10-04 18:53:48.907999 [I:onnxruntime:, fallback_cpu_capability.cc:167 GetCpuPreferredNodes] ORT optimization- Force fallback to CPU execution for node: /model/layers.2/self_attn/Where_2 because the CPU execution path is deemed faster than overhead involved with execution on other EPs capable of executing this node ebaee2e1-06be-42c6-a7b1-de29475cc753:92:232
2026-10-04 18:53:48.907999 [I:onnxruntime:, fallback_cpu_capability.cc:167 GetCpuPreferredNodes] ORT optimization- Force fallback to CPU execution for node: /model/layers.3/self_attn/Where_2 because the CPU execution path is deemed faster than overhead involved with execution on other EPs capable of executing this node ebaee2e1-06be-42c6-a7b1-de29475cc753:92:232
2026-10-04 18:53:48.908999 [I:onnxruntime:, fallback_cpu_capability.cc:167 GetCpuPreferredNodes] ORT optimization- Force fallback to CPU execution for node: /model/layers.4/self_attn/Where_2 because the CPU execution path is deemed faster than overhead involved with execution on other EPs capable of executing this node ebaee2e1-06be-42c6-a7b1-de29475cc753:92:232
2026-10-04 18:53:48.908999 [I:onnxruntime:, fallback_cpu_capability.cc:167 GetCpuPreferredNodes] ORT optimization- Force fallback to CPU execution for node: /model/layers.5/self_attn/Where_2 because the CPU execution path is deemed faster than overhead involved with execution on other EPs capable of executing this node ebaee2e1-06be-42c6-a7b1-de29475cc753:92:232
2026-10-04 18:53:48.909998 [I:onnxruntime:, fallback_cpu_capability.cc:167 GetCpuPreferredNodes] ORT optimization- Force fallback to CPU execution for node: /model/layers.6/self_attn/Where_2 because the CPU execution path is deemed faster than overhead involved with execution on other EPs capable of executing this node ebaee2e1-06be-42c6-a7b1-de29475cc753:92:232
2026-10-04 18:53:48.909998 [I:onnxruntime:, fallback_cpu_capability.cc:167 GetCpuPreferredNodes] ORT optimization- Force fallback to CPU execution for node: /model/layers.7/self_attn/Where_2 because the CPU execution path is deemed faster than overhead involved with execution on other EPs capable of executing this node ebaee2e1-06be-42c6-a7b1-de29475cc753:92:232
2026-10-04 18:53:48.910999 [I:onnxruntime:, fallback_cpu_capability.cc:167 GetCpuPreferredNodes] ORT optimization- Force fallback to CPU execution for node: /model/layers.8/self_attn/Where_2 because the CPU execution path is deemed faster than overhead involved with execution on other EPs capable of executing this node ebaee2e1-06be-42c6-a7b1-de29475cc753:92:232
2026-10-04 18:53:48.911999 [I:onnxruntime:, fallback_cpu_capability.cc:167 GetCpuPreferredNodes] ORT optimization- Force fallback to CPU execution for node: /model/layers.9/self_attn/Where_2 because the CPU execution path is deemed faster than overhead involved with execution on other EPs capable of executing this node ebaee2e1-06be-42c6-a7b1-de29475cc753:92:232
2026-10-04 18:53:48.912999 [I:onnxruntime:, fallback_cpu_capability.cc:167 GetCpuPreferredNodes] ORT optimization- Force fallback to CPU execution for node: /model/layers.10/self_attn/Where_2 because the CPU execution path is deemed faster than overhead involved with execution on other EPs capable of executing this node ebaee2e1-06be-42c6-a7b1-de29475cc753:92:232
2026-10-04 18:53:48.914998 [I:onnxruntime:, fallback_cpu_capability.cc:167 GetCpuPreferredNodes] ORT optimization- Force fallback to CPU execution for node: /model/layers.11/self_attn/Where_2 because the CPU execution path is deemed faster than overhead involved with execution on other EPs capable of executing this node ebaee2e1-06be-42c6-a7b1-de29475cc753:92:232
2026-10-04 18:53:48.925998 [I:onnxruntime:, webgpu_execution_provider.cc:666 GetCapability] webgpu kernel not found in registries for Op type: Gather node name: /model/layers.0/self_attn/Gather_1 ebaee2e1-06be-42c6-a7b1-de29475cc753:92:232
2026-10-04 18:53:48.932999 [I:onnxruntime:, webgpu_execution_provider.cc:666 GetCapability] webgpu kernel not found in registries for Op type: Unsqueeze node name: /model/layers.0/self_attn/Unsqueeze_32 ebaee2e1-06be-42c6-a7b1-de29475cc753:92:232
2026-10-04 18:53:48.933998 [I:onnxruntime:, webgpu_execution_provider.cc:666 GetCapability] webgpu kernel not found in registries for Op type: Gather node name: /model/layers.0/self_attn/Gather ebaee2e1-06be-42c6-a7b1-de29475cc753:92:232
2026-10-04 18:53:48.933998 [I:onnxruntime:, webgpu_execution_provider.cc:666 GetCapability] webgpu kernel not found in registries for Op type: Unsqueeze node name: /model/layers.0/self_attn/Unsqueeze_31 ebaee2e1-06be-42c6-a7b1-de29475cc753:92:232
2026-10-04 18:53:48.934999 [I:onnxruntime:, webgpu_execution_provider.cc:666 GetCapability] webgpu kernel not found in registries for Op type: Concat node name: /model/layers.0/self_attn/Concat_11 ebaee2e1-06be-42c6-a7b1-de29475cc753:92:232
2026-10-04 18:53:48.935999 [I:onnxruntime:, webgpu_execution_provider.cc:666 GetCapability] webgpu kernel not found in registries for Op type: Unsqueeze node name: /model/rotary_emb/Unsqueeze_1 ebaee2e1-06be-42c6-a7b1-de29475cc753:92:232
2026-10-04 18:53:48.935999 [I:onnxruntime:, webgpu_execution_provider.cc:666 GetCapability] webgpu kernel not found in registries for Op type: Cast node name: /model/rotary_emb/Cast_1 ebaee2e1-06be-42c6-a7b1-de29475cc753:92:232
2026-10-04 18:53:48.936999 [I:onnxruntime:, webgpu_execution_provider.cc:666 GetCapability] webgpu kernel not found in registries for Op type: Shape node name: /model/rotary_emb/Shape ebaee2e1-06be-42c6-a7b1-de29475cc753:92:232
2026-10-04 18:53:48.936999 [I:onnxruntime:, webgpu_execution_provider.cc:666 GetCapability] webgpu kernel not found in registries for Op type: Gather node name: /model/rotary_emb/Gather ebaee2e1-06be-42c6-a7b1-de29475cc753:92:232
2026-10-04 18:53:48.937998 [I:onnxruntime:, webgpu_execution_provider.cc:666 GetCapability] webgpu kernel not found in registries for Op type: Unsqueeze node name: /model/rotary_emb/Unsqueeze ebaee2e1-06be-42c6-a7b1-de29475cc753:92:232
2026-10-04 18:53:48.937998 [I:onnxruntime:, webgpu_execution_provider.cc:666 GetCapability] webgpu kernel not found in registries for Op type: Concat node name: /model/rotary_emb/Concat ebaee2e1-06be-42c6-a7b1-de29475cc753:92:232
2026-10-04 18:53:48.938998 [I:onnxruntime:, webgpu_execution_provider.cc:666 GetCapability] webgpu kernel not found in registries for Op type: Reshape node name: /model/rotary_emb/Reshape ebaee2e1-06be-42c6-a7b1-de29475cc753:92:232
2026-10-04 18:53:48.938998 [I:onnxruntime:, webgpu_execution_provider.cc:666 GetCapability] webgpu kernel not found in registries for Op type: Equal node name: /model/rotary_emb/Equal ebaee2e1-06be-42c6-a7b1-de29475cc753:92:232
2026-10-04 18:53:48.939999 [I:onnxruntime:, webgpu_execution_provider.cc:666 GetCapability] webgpu kernel not found in registries for Op type: Where node name: /model/rotary_emb/Where ebaee2e1-06be-42c6-a7b1-de29475cc753:92:232
2026-10-04 18:53:48.939999 [I:onnxruntime:, webgpu_execution_provider.cc:666 GetCapability] webgpu kernel not found in registries for Op type: Concat node name: /model/layers.0/self_attn/Concat_1 ebaee2e1-06be-42c6-a7b1-de29475cc753:92:232
2026-10-04 18:53:48.940999 [I:onnxruntime:, webgpu_execution_provider.cc:666 GetCapability] webgpu kernel not found in registries for Op type: Gather node name: Gather ebaee2e1-06be-42c6-a7b1-de29475cc753:92:232
2026-10-04 18:53:48.941998 [I:onnxruntime:, webgpu_execution_provider.cc:666 GetCapability] webgpu kernel not found in registries for Op type: Gather node name: /model/layers.0/self_attn/Gather_3 ebaee2e1-06be-42c6-a7b1-de29475cc753:92:232
2026-10-04 18:53:48.942999 [I:onnxruntime:, webgpu_execution_provider.cc:666 GetCapability] webgpu kernel not found in registries for Op type: Div node name: /model/layers.0/self_attn/Div_1 ebaee2e1-06be-42c6-a7b1-de29475cc753:92:232
2026-10-04 18:53:48.944999 [I:onnxruntime:, webgpu_execution_provider.cc:666 GetCapability] webgpu kernel not found in registries for Op type: Unsqueeze node name: /model/layers.0/self_attn/Unsqueeze_11 ebaee2e1-06be-42c6-a7b1-de29475cc753:92:232
2026-10-04 18:53:48.946998 [I:onnxruntime:, webgpu_execution_provider.cc:666 GetCapability] webgpu kernel not found in registries for Op type: Gather node name: /model/layers.0/self_attn/Gather_7 ebaee2e1-06be-42c6-a7b1-de29475cc753:92:232
2026-10-04 18:53:48.947999 [I:onnxruntime:, webgpu_execution_provider.cc:666 GetCapability] webgpu kernel not found in registries for Op type: Unsqueeze node name: /model/layers.0/self_attn/Unsqueeze_20 ebaee2e1-06be-42c6-a7b1-de29475cc753:92:232
2026-10-04 18:53:48.948999 [I:onnxruntime:, webgpu_execution_provider.cc:666 GetCapability] webgpu kernel not found in registries for Op type: Gather node name: /model/layers.0/self_attn/Gather_6 ebaee2e1-06be-42c6-a7b1-de29475cc753:92:232
2026-10-04 18:53:48.950999 [I:onnxruntime:, webgpu_execution_provider.cc:666 GetCapability] webgpu kernel not found in registries for Op type: Unsqueeze node name: /model/layers.0/self_attn/Unsqueeze_19 ebaee2e1-06be-42c6-a7b1-de29475cc753:92:232
2026-10-04 18:53:48.951999 [I:onnxruntime:, webgpu_execution_provider.cc:666 GetCapability] webgpu kernel not found in registries for Op type: Gather node name: /model/layers.0/self_attn/Gather_5 ebaee2e1-06be-42c6-a7b1-de29475cc753:92:232
2026-10-04 18:53:48.952999 [I:onnxruntime:, webgpu_execution_provider.cc:666 GetCapability] webgpu kernel not found in registries for Op type: Mul node name: /model/layers.0/self_attn/Mul_5 ebaee2e1-06be-42c6-a7b1-de29475cc753:92:232
2026-10-04 18:53:48.953998 [I:onnxruntime:, webgpu_execution_provider.cc:666 GetCapability] webgpu kernel not found in registries for Op type: Unsqueeze node name: /model/layers.0/self_attn/Unsqueeze_18 ebaee2e1-06be-42c6-a7b1-de29475cc753:92:232
2026-10-04 18:53:48.954998 [I:onnxruntime:, webgpu_execution_provider.cc:666 GetCapability] webgpu kernel not found in registries for Op type: Gather node name: /model/layers.0/self_attn/Gather_4 ebaee2e1-06be-42c6-a7b1-de29475cc753:92:232
2026-10-04 18:53:48.954998 [I:onnxruntime:, webgpu_execution_provider.cc:666 GetCapability] webgpu kernel not found in registries for Op type: Unsqueeze node name: /model/layers.0/self_attn/Unsqueeze_17 ebaee2e1-06be-42c6-a7b1-de29475cc753:92:232
2026-10-04 18:53:48.955999 [I:onnxruntime:, webgpu_execution_provider.cc:666 GetCapability] webgpu kernel not found in registries for Op type: Concat node name: /model/layers.0/self_attn/Concat_8 ebaee2e1-06be-42c6-a7b1-de29475cc753:92:232
2026-10-04 18:53:48.956999 [I:onnxruntime:, webgpu_execution_provider.cc:666 GetCapability] webgpu kernel not found in registries for Op type: Unsqueeze node name: /model/layers.0/self_attn/Unsqueeze_14 ebaee2e1-06be-42c6-a7b1-de29475cc753:92:232
2026-10-04 18:53:48.956999 [I:onnxruntime:, webgpu_execution_provider.cc:666 GetCapability] webgpu kernel not found in registries for Op type: Concat node name: /model/layers.0/self_attn/Concat_7 ebaee2e1-06be-42c6-a7b1-de29475cc753:92:232
2026-10-04 18:53:48.956999 [I:onnxruntime:, webgpu_execution_provider.cc:666 GetCapability] webgpu kernel not found in registries for Op type: Reshape node name: /model/layers.0/self_attn/Reshape_3 ebaee2e1-06be-42c6-a7b1-de29475cc753:92:232
2026-10-04 18:53:48.957998 [I:onnxruntime:, webgpu_execution_provider.cc:666 GetCapability] webgpu kernel not found in registries for Op type: Equal node name: /model/layers.0/self_attn/Equal ebaee2e1-06be-42c6-a7b1-de29475cc753:92:232
2026-10-04 18:53:48.957998 [I:onnxruntime:, webgpu_execution_provider.cc:666 GetCapability] webgpu kernel not found in registries for Op type: Where node name: /model/layers.0/self_attn/Where ebaee2e1-06be-42c6-a7b1-de29475cc753:92:232
2026-10-04 18:53:48.957998 [I:onnxruntime:, webgpu_execution_provider.cc:666 GetCapability] webgpu kernel not found in registries for Op type: Gather node name: /model/layers.0/self_attn/Gather_12 ebaee2e1-06be-42c6-a7b1-de29475cc753:92:232
2026-10-04 18:53:48.958999 [I:onnxruntime:, webgpu_execution_provider.cc:666 GetCapability] webgpu kernel not found in registries for Op type: Unsqueeze node name: /model/layers.0/self_attn/Unsqueeze_30 ebaee2e1-06be-42c6-a7b1-de29475cc753:92:232
2026-10-04 18:53:48.958999 [I:onnxruntime:, webgpu_execution_provider.cc:666 GetCapability] webgpu kernel not found in registries for Op type: Gather node name: /model/Gather_1 ebaee2e1-06be-42c6-a7b1-de29475cc753:92:232
2026-10-04 18:53:48.958999 [I:onnxruntime:, webgpu_execution_provider.cc:666 GetCapability] webgpu kernel not found in registries for Op type: Gather node name: /model/Gather ebaee2e1-06be-42c6-a7b1-de29475cc753:92:232
2026-10-04 18:53:48.959999 [I:onnxruntime:, webgpu_execution_provider.cc:666 GetCapability] webgpu kernel not found in registries for Op type: Add node name: /model/Add ebaee2e1-06be-42c6-a7b1-de29475cc753:92:232
2026-10-04 18:53:48.959999 [I:onnxruntime:, webgpu_execution_provider.cc:666 GetCapability] webgpu kernel not found in registries for Op type: Range node name: /model/Range ebaee2e1-06be-42c6-a7b1-de29475cc753:92:232
2026-10-04 18:53:48.960999 [I:onnxruntime:, webgpu_execution_provider.cc:666 GetCapability] webgpu kernel not found in registries for Op type: Shape node name: /model/Shape_2 ebaee2e1-06be-42c6-a7b1-de29475cc753:92:232
2026-10-04 18:53:48.960999 [I:onnxruntime:, webgpu_execution_provider.cc:666 GetCapability] webgpu kernel not found in registries for Op type: Gather node name: /model/Gather_2 ebaee2e1-06be-42c6-a7b1-de29475cc753:92:232
2026-10-04 18:53:48.961998 [I:onnxruntime:, webgpu_execution_provider.cc:666 GetCapability] webgpu kernel not found in registries for Op type: Add node name: /model/Add_1 ebaee2e1-06be-42c6-a7b1-de29475cc753:92:232
2026-10-04 18:53:48.962998 [I:onnxruntime:, webgpu_execution_provider.cc:666 GetCapability] webgpu kernel not found in registries for Op type: Unsqueeze node name: /model/Unsqueeze_11 ebaee2e1-06be-42c6-a7b1-de29475cc753:92:232
2026-10-04 18:53:48.964999 [I:onnxruntime:, webgpu_execution_provider.cc:666 GetCapability] webgpu kernel not found in registries for Op type: Unsqueeze node name: /model/Unsqueeze_10 ebaee2e1-06be-42c6-a7b1-de29475cc753:92:232
2026-10-04 18:53:48.965998 [I:onnxruntime:, webgpu_execution_provider.cc:666 GetCapability] webgpu kernel not found in registries for Op type: Gather node name: /model/Gather_3 ebaee2e1-06be-42c6-a7b1-de29475cc753:92:232
2026-10-04 18:53:48.965998 [I:onnxruntime:, webgpu_execution_provider.cc:666 GetCapability] webgpu kernel not found in registries for Op type: Unsqueeze node name: /model/Unsqueeze_9 ebaee2e1-06be-42c6-a7b1-de29475cc753:92:232
2026-10-04 18:53:48.966999 [I:onnxruntime:, webgpu_execution_provider.cc:666 GetCapability] webgpu kernel not found in registries for Op type: Concat node name: /model/Concat_1 ebaee2e1-06be-42c6-a7b1-de29475cc753:92:232
2026-10-04 18:53:48.966999 [I:onnxruntime:, webgpu_execution_provider.cc:666 GetCapability] webgpu kernel not found in registries for Op type: Reshape node name: /model/Reshape_2 ebaee2e1-06be-42c6-a7b1-de29475cc753:92:232
2026-10-04 18:53:48.966999 [I:onnxruntime:, webgpu_execution_provider.cc:666 GetCapability] webgpu kernel not found in registries for Op type: Equal node name: /model/Equal ebaee2e1-06be-42c6-a7b1-de29475cc753:92:232
2026-10-04 18:53:48.967999 [I:onnxruntime:, webgpu_execution_provider.cc:666 GetCapability] webgpu kernel not found in registries for Op type: Where node name: /model/Where ebaee2e1-06be-42c6-a7b1-de29475cc753:92:232
2026-10-04 18:53:48.967999 [I:onnxruntime:, webgpu_execution_provider.cc:666 GetCapability] webgpu kernel not found in registries for Op type: Cast node name: /model/Cast_2 ebaee2e1-06be-42c6-a7b1-de29475cc753:92:232
2026-10-04 18:53:48.968999 [I:onnxruntime:, webgpu_execution_provider.cc:666 GetCapability] webgpu kernel not found in registries for Op type: Shape node name: /model/Shape_4 ebaee2e1-06be-42c6-a7b1-de29475cc753:92:232
2026-10-04 18:53:48.968999 [I:onnxruntime:, webgpu_execution_provider.cc:666 GetCapability] webgpu kernel not found in registries for Op type: Gather node name: /model/Gather_4 ebaee2e1-06be-42c6-a7b1-de29475cc753:92:232
2026-10-04 18:53:48.968999 [I:onnxruntime:, webgpu_execution_provider.cc:666 GetCapability] webgpu kernel not found in registries for Op type: Range node name: /model/Range_1 ebaee2e1-06be-42c6-a7b1-de29475cc753:92:232
2026-10-04 18:53:48.969998 [I:onnxruntime:, webgpu_execution_provider.cc:666 GetCapability] webgpu kernel not found in registries for Op type: Unsqueeze node name: /model/Unsqueeze_3 ebaee2e1-06be-42c6-a7b1-de29475cc753:92:232
2026-10-04 18:53:48.969998 [I:onnxruntime:, webgpu_execution_provider.cc:666 GetCapability] webgpu kernel not found in registries for Op type: Unsqueeze node name: /model/Unsqueeze_4 ebaee2e1-06be-42c6-a7b1-de29475cc753:92:232
2026-10-04 18:53:48.969998 [I:onnxruntime:, webgpu_execution_provider.cc:666 GetCapability] webgpu kernel not found in registries for Op type: Unsqueeze node name: /model/Unsqueeze_5 ebaee2e1-06be-42c6-a7b1-de29475cc753:92:232
2026-10-04 18:53:48.970998 [I:onnxruntime:, webgpu_execution_provider.cc:666 GetCapability] webgpu kernel not found in registries for Op type: Mul node name: /model/Mul ebaee2e1-06be-42c6-a7b1-de29475cc753:92:232
2026-10-04 18:53:48.970998 [I:onnxruntime:, webgpu_execution_provider.cc:666 GetCapability] webgpu kernel not found in registries for Op type: Range node name: /model/Range_2 ebaee2e1-06be-42c6-a7b1-de29475cc753:92:232
2026-10-04 18:53:48.970998 [I:onnxruntime:, webgpu_execution_provider.cc:666 GetCapability] webgpu kernel not found in registries for Op type: Unsqueeze node name: /model/Unsqueeze_6 ebaee2e1-06be-42c6-a7b1-de29475cc753:92:232
2026-10-04 18:53:48.971999 [I:onnxruntime:, webgpu_execution_provider.cc:666 GetCapability] webgpu kernel not found in registries for Op type: Unsqueeze node name: /model/Unsqueeze_7 ebaee2e1-06be-42c6-a7b1-de29475cc753:92:232
2026-10-04 18:53:48.971999 [I:onnxruntime:, webgpu_execution_provider.cc:666 GetCapability] webgpu kernel not found in registries for Op type: Unsqueeze node name: /model/Unsqueeze_8 ebaee2e1-06be-42c6-a7b1-de29475cc753:92:232
2026-10-04 18:53:48.971999 [I:onnxruntime:, webgpu_execution_provider.cc:666 GetCapability] webgpu kernel not found in registries for Op type: Add node name: /model/Add_2 ebaee2e1-06be-42c6-a7b1-de29475cc753:92:232
2026-10-04 18:53:48.972999 [I:onnxruntime:, webgpu_execution_provider.cc:666 GetCapability] webgpu kernel not found in registries for Op type: Shape node name: /model/Shape_5 ebaee2e1-06be-42c6-a7b1-de29475cc753:92:232
2026-10-04 18:53:48.972999 [I:onnxruntime:, webgpu_execution_provider.cc:666 GetCapability] webgpu kernel not found in registries for Op type: Concat node name: /model/Concat ebaee2e1-06be-42c6-a7b1-de29475cc753:92:232
2026-10-04 18:53:48.972999 [I:onnxruntime:, webgpu_execution_provider.cc:666 GetCapability] webgpu kernel not found in registries for Op type: Unsqueeze node name: /model/Unsqueeze ebaee2e1-06be-42c6-a7b1-de29475cc753:92:232
2026-10-04 18:53:48.973998 [I:onnxruntime:, webgpu_execution_provider.cc:666 GetCapability] webgpu kernel not found in registries for Op type: Unsqueeze node name: /model/Unsqueeze_1 ebaee2e1-06be-42c6-a7b1-de29475cc753:92:232
2026-10-04 18:53:48.973998 [I:onnxruntime:, webgpu_execution_provider.cc:666 GetCapability] webgpu kernel not found in registries for Op type: Unsqueeze node name: /model/Unsqueeze_2 ebaee2e1-06be-42c6-a7b1-de29475cc753:92:232
2026-10-04 18:53:48.973998 [I:onnxruntime:, webgpu_execution_provider.cc:666 GetCapability] webgpu kernel not found in registries for Op type: LessOrEqual node name: /model/LessOrEqual ebaee2e1-06be-42c6-a7b1-de29475cc753:92:232
2026-10-04 18:53:48.974999 [I:onnxruntime:, webgpu_execution_provider.cc:666 GetCapability] webgpu kernel not found in registries for Op type: Slice node name: /model/layers.0/self_attn/Slice_4 ebaee2e1-06be-42c6-a7b1-de29475cc753:92:232
2026-10-04 18:53:48.974999 [I:onnxruntime:, webgpu_execution_provider.cc:666 GetCapability] webgpu kernel not found in registries for Op type: Gather node name: Gather_token_1 ebaee2e1-06be-42c6-a7b1-de29475cc753:92:232
2026-10-04 18:53:48.974999 [I:onnxruntime:, webgpu_execution_provider.cc:666 GetCapability] webgpu kernel not found in registries for Op type: Gather node name: /model/layers.0/self_attn/Gather_2 ebaee2e1-06be-42c6-a7b1-de29475cc753:92:232
2026-10-04 18:53:48.975999 [I:onnxruntime:, webgpu_execution_provider.cc:666 GetCapability] webgpu kernel not found in registries for Op type: Div node name: /model/layers.0/self_attn/Div ebaee2e1-06be-42c6-a7b1-de29475cc753:92:232
2026-10-04 18:53:48.975999 [I:onnxruntime:, webgpu_execution_provider.cc:666 GetCapability] webgpu kernel not found in registries for Op type: Unsqueeze node name: /model/layers.0/self_attn/Unsqueeze_9 ebaee2e1-06be-42c6-a7b1-de29475cc753:92:232
2026-10-04 18:53:48.975999 [I:onnxruntime:, webgpu_execution_provider.cc:666 GetCapability] webgpu kernel not found in registries for Op type: IsNaN node name: /model/layers.0/self_attn/IsNaN ebaee2e1-06be-42c6-a7b1-de29475cc753:92:232
2026-10-04 18:53:48.976999 [I:onnxruntime:, webgpu_execution_provider.cc:666 GetCapability] webgpu kernel not found in registries for Op type: Gather node name: /model/layers.0/self_attn/Gather_11 ebaee2e1-06be-42c6-a7b1-de29475cc753:92:232
2026-10-04 18:53:48.976999 [I:onnxruntime:, webgpu_execution_provider.cc:666 GetCapability] webgpu kernel not found in registries for Op type: Unsqueeze node name: /model/layers.0/self_attn/Unsqueeze_29 ebaee2e1-06be-42c6-a7b1-de29475cc753:92:232
2026-10-04 18:53:48.977998 [I:onnxruntime:, webgpu_execution_provider.cc:666 GetCapability] webgpu kernel not found in registries for Op type: Gather node name: /model/layers.0/self_attn/Gather_10 ebaee2e1-06be-42c6-a7b1-de29475cc753:92:232
2026-10-04 18:53:48.978998 [I:onnxruntime:, webgpu_execution_provider.cc:666 GetCapability] webgpu kernel not found in registries for Op type: Unsqueeze node name: /model/layers.0/self_attn/Unsqueeze_28 ebaee2e1-06be-42c6-a7b1-de29475cc753:92:232
2026-10-04 18:53:48.979999 [I:onnxruntime:, webgpu_execution_provider.cc:666 GetCapability] webgpu kernel not found in registries for Op type: Gather node name: /model/layers.0/self_attn/Gather_9 ebaee2e1-06be-42c6-a7b1-de29475cc753:92:232
2026-10-04 18:53:48.980999 [I:onnxruntime:, webgpu_execution_provider.cc:666 GetCapability] webgpu kernel not found in registries for Op type: Mul node name: /model/layers.0/self_attn/Mul_7 ebaee2e1-06be-42c6-a7b1-de29475cc753:92:232
2026-10-04 18:53:48.981998 [I:onnxruntime:, webgpu_execution_provider.cc:666 GetCapability] webgpu kernel not found in registries for Op type: Unsqueeze node name: /model/layers.0/self_attn/Unsqueeze_27 ebaee2e1-06be-42c6-a7b1-de29475cc753:92:232
2026-10-04 18:53:48.982999 [I:onnxruntime:, webgpu_execution_provider.cc:666 GetCapability] webgpu kernel not found in registries for Op type: Gather node name: /model/layers.0/self_attn/Gather_8 ebaee2e1-06be-42c6-a7b1-de29475cc753:92:232
2026-10-04 18:53:48.983999 [I:onnxruntime:, webgpu_execution_provider.cc:666 GetCapability] webgpu kernel not found in registries for Op type: Unsqueeze node name: /model/layers.0/self_attn/Unsqueeze_26 ebaee2e1-06be-42c6-a7b1-de29475cc753:92:232
2026-10-04 18:53:48.983999 [I:onnxruntime:, webgpu_execution_provider.cc:666 GetCapability] webgpu kernel not found in registries for Op type: Concat node name: /model/layers.0/self_attn/Concat_10 ebaee2e1-06be-42c6-a7b1-de29475cc753:92:232
2026-10-04 18:53:48.983999 [I:onnxruntime:, webgpu_execution_provider.cc:666 GetCapability] webgpu kernel not found in registries for Op type: Unsqueeze node name: /model/layers.0/self_attn/Unsqueeze_23 ebaee2e1-06be-42c6-a7b1-de29475cc753:92:232
2026-10-04 18:53:48.984999 [I:onnxruntime:, webgpu_execution_provider.cc:666 GetCapability] webgpu kernel not found in registries for Op type: Concat node name: /model/layers.0/self_attn/Concat_9 ebaee2e1-06be-42c6-a7b1-de29475cc753:92:232
2026-10-04 18:53:48.984999 [I:onnxruntime:, webgpu_execution_provider.cc:666 GetCapability] webgpu kernel not found in registries for Op type: Reshape node name: /model/layers.0/self_attn/Reshape_5 ebaee2e1-06be-42c6-a7b1-de29475cc753:92:232
2026-10-04 18:53:48.984999 [I:onnxruntime:, webgpu_execution_provider.cc:666 GetCapability] webgpu kernel not found in registries for Op type: Equal node name: /model/layers.0/self_attn/Equal_1 ebaee2e1-06be-42c6-a7b1-de29475cc753:92:232
2026-10-04 18:53:48.985998 [I:onnxruntime:, webgpu_execution_provider.cc:666 GetCapability] webgpu kernel not found in registries for Op type: Where node name: /model/layers.0/self_attn/Where_1 ebaee2e1-06be-42c6-a7b1-de29475cc753:92:232
2026-10-04 18:53:48.985998 [I:onnxruntime:, webgpu_execution_provider.cc:666 GetCapability] webgpu kernel not found in registries for Op type: Gather node name: /model/layers.1/self_attn/Gather_1 ebaee2e1-06be-42c6-a7b1-de29475cc753:92:232
2026-10-04 18:53:48.985998 [I:onnxruntime:, webgpu_execution_provider.cc:666 GetCapability] webgpu kernel not found in registries for Op type: Unsqueeze node name: /model/layers.1/self_attn/Unsqueeze_30 ebaee2e1-06be-42c6-a7b1-de29475cc753:92:232
2026-10-04 18:53:48.985998 [I:onnxruntime:, webgpu_execution_provider.cc:666 GetCapability] webgpu kernel not found in registries for Op type: Gather node name: /model/layers.1/self_attn/Gather ebaee2e1-06be-42c6-a7b1-de29475cc753:92:232
2026-10-04 18:53:48.986998 [I:onnxruntime:, webgpu_execution_provider.cc:666 GetCapability] webgpu kernel not found in registries for Op type: Unsqueeze node name: /model/layers.1/self_attn/Unsqueeze_29 ebaee2e1-06be-42c6-a7b1-de29475cc753:92:232
2026-10-04 18:53:48.986998 [I:onnxruntime:, webgpu_execution_provider.cc:666 GetCapability] webgpu kernel not found in registries for Op type: Concat node name: /model/layers.1/self_attn/Concat_11 ebaee2e1-06be-42c6-a7b1-de29475cc753:92:232
2026-10-04 18:53:48.986998 [I:onnxruntime:, webgpu_execution_provider.cc:666 GetCapability] webgpu kernel not found in registries for Op type: Concat node name: /model/layers.1/self_attn/Concat_1 ebaee2e1-06be-42c6-a7b1-de29475cc753:92:232
2026-10-04 18:53:48.987999 [I:onnxruntime:, webgpu_execution_provider.cc:666 GetCapability] webgpu kernel not found in registries for Op type: Gather node name: Gather_token_3 ebaee2e1-06be-42c6-a7b1-de29475cc753:92:232
2026-10-04 18:53:48.987999 [I:onnxruntime:, webgpu_execution_provider.cc:666 GetCapability] webgpu kernel not found in registries for Op type: Gather node name: /model/layers.1/self_attn/Gather_3 ebaee2e1-06be-42c6-a7b1-de29475cc753:92:232
2026-10-04 18:53:48.987999 [I:onnxruntime:, webgpu_execution_provider.cc:666 GetCapability] webgpu kernel not found in registries for Op type: Div node name: /model/layers.1/self_attn/Div_1 ebaee2e1-06be-42c6-a7b1-de29475cc753:92:232
2026-10-04 18:53:48.988999 [I:onnxruntime:, webgpu_execution_provider.cc:666 GetCapability] webgpu kernel not found in registries for Op type: Unsqueeze node name: /model/layers.1/self_attn/Unsqueeze_9 ebaee2e1-06be-42c6-a7b1-de29475cc753:92:232
2026-10-04 18:53:48.988999 [I:onnxruntime:, webgpu_execution_provider.cc:666 GetCapability] webgpu kernel not found in registries for Op type: Gather node name: /model/layers.1/self_attn/Gather_7 ebaee2e1-06be-42c6-a7b1-de29475cc753:92:232
2026-10-04 18:53:48.989998 [I:onnxruntime:, webgpu_execution_provider.cc:666 GetCapability] webgpu kernel not found in registries for Op type: Unsqueeze node name: /model/layers.1/self_attn/Unsqueeze_18 ebaee2e1-06be-42c6-a7b1-de29475cc753:92:232
2026-10-04 18:53:48.989998 [I:onnxruntime:, webgpu_execution_provider.cc:666 GetCapability] webgpu kernel not found in registries for Op type: Gather node name: /model/layers.1/self_attn/Gather_6 ebaee2e1-06be-42c6-a7b1-de29475cc753:92:232
2026-10-04 18:53:48.989998 [I:onnxruntime:, webgpu_execution_provider.cc:666 GetCapability] webgpu kernel not found in registries for Op type: Unsqueeze node name: /model/layers.1/self_attn/Unsqueeze_17 ebaee2e1-06be-42c6-a7b1-de29475cc753:92:232
2026-10-04 18:53:48.990999 [I:onnxruntime:, webgpu_execution_provider.cc:666 GetCapability] webgpu kernel not found in registries for Op type: Gather node name: /model/layers.1/self_attn/Gather_5 ebaee2e1-06be-42c6-a7b1-de29475cc753:92:232
2026-10-04 18:53:48.990999 [I:onnxruntime:, webgpu_execution_provider.cc:666 GetCapability] webgpu kernel not found in registries for Op type: Mul node name: /model/layers.1/self_attn/Mul_5 ebaee2e1-06be-42c6-a7b1-de29475cc753:92:232
2026-10-04 18:53:48.990999 [I:onnxruntime:, webgpu_execution_provider.cc:666 GetCapability] webgpu kernel not found in registries for Op type: Unsqueeze node name: /model/layers.1/self_attn/Unsqueeze_16 ebaee2e1-06be-42c6-a7b1-de29475cc753:92:232
2026-10-04 18:53:48.990999 [I:onnxruntime:, webgpu_execution_provider.cc:666 GetCapability] webgpu kernel not found in registries for Op type: Gather node name: /model/layers.1/self_attn/Gather_4 ebaee2e1-06be-42c6-a7b1-de29475cc753:92:232
2026-10-04 18:53:48.991999 [I:onnxruntime:, webgpu_execution_provider.cc:666 GetCapability] webgpu kernel not found in registries for Op type: Unsqueeze node name: /model/layers.1/self_attn/Unsqueeze_15 ebaee2e1-06be-42c6-a7b1-de29475cc753:92:232
2026-10-04 18:53:48.991999 [I:onnxruntime:, webgpu_execution_provider.cc:666 GetCapability] webgpu kernel not found in registries for Op type: Concat node name: /model/layers.1/self_attn/Concat_8 ebaee2e1-06be-42c6-a7b1-de29475cc753:92:232
2026-10-04 18:53:48.991999 [I:onnxruntime:, webgpu_execution_provider.cc:666 GetCapability] webgpu kernel not found in registries for Op type: Unsqueeze node name: /model/layers.1/self_attn/Unsqueeze_12 ebaee2e1-06be-42c6-a7b1-de29475cc753:92:232
2026-10-04 18:53:48.992999 [I:onnxruntime:, webgpu_execution_provider.cc:666 GetCapability] webgpu kernel not found in registries for Op type: Concat node name: /model/layers.1/self_attn/Concat_7 ebaee2e1-06be-42c6-a7b1-de29475cc753:92:232
2026-10-04 18:53:48.992999 [I:onnxruntime:, webgpu_execution_provider.cc:666 GetCapability] webgpu kernel not found in registries for Op type: Reshape node name: /model/layers.1/self_attn/Reshape_3 ebaee2e1-06be-42c6-a7b1-de29475cc753:92:232
2026-10-04 18:53:48.992999 [I:onnxruntime:, webgpu_execution_provider.cc:666 GetCapability] webgpu kernel not found in registries for Op type: Equal node name: /model/layers.1/self_attn/Equal ebaee2e1-06be-42c6-a7b1-de29475cc753:92:232
2026-10-04 18:53:48.993998 [I:onnxruntime:, webgpu_execution_provider.cc:666 GetCapability] webgpu kernel not found in registries for Op type: Where node name: /model/layers.1/self_attn/Where ebaee2e1-06be-42c6-a7b1-de29475cc753:92:232
2026-10-04 18:53:48.993998 [I:onnxruntime:, webgpu_execution_provider.cc:666 GetCapability] webgpu kernel not found in registries for Op type: Gather node name: /model/layers.1/self_attn/Gather_12 ebaee2e1-06be-42c6-a7b1-de29475cc753:92:232
2026-10-04 18:53:48.994998 [I:onnxruntime:, webgpu_execution_provider.cc:666 GetCapability] webgpu kernel not found in registries for Op type: Unsqueeze node name: /model/layers.1/self_attn/Unsqueeze_28 ebaee2e1-06be-42c6-a7b1-de29475cc753:92:232
2026-10-04 18:53:48.995999 [I:onnxruntime:, webgpu_execution_provider.cc:666 GetCapability] webgpu kernel not found in registries for Op type: Slice node name: /model/layers.1/self_attn/Slice_4 ebaee2e1-06be-42c6-a7b1-de29475cc753:92:232
2026-10-04 18:53:48.996999 [I:onnxruntime:, webgpu_execution_provider.cc:666 GetCapability] webgpu kernel not found in registries for Op type: Gather node name: Gather_token_5 ebaee2e1-06be-42c6-a7b1-de29475cc753:92:232
2026-10-04 18:53:48.997998 [I:onnxruntime:, webgpu_execution_provider.cc:666 GetCapability] webgpu kernel not found in registries for Op type: Gather node name: /model/layers.1/self_attn/Gather_2 ebaee2e1-06be-42c6-a7b1-de29475cc753:92:232
2026-10-04 18:53:48.999999 [I:onnxruntime:, webgpu_execution_provider.cc:666 GetCapability] webgpu kernel not found in registries for Op type: Div node name: /model/layers.1/self_attn/Div ebaee2e1-06be-42c6-a7b1-de29475cc753:92:232
2026-10-04 18:53:48.999999 [I:onnxruntime:, webgpu_execution_provider.cc:666 GetCapability] webgpu kernel not found in registries for Op type: Unsqueeze node name: /model/layers.1/self_attn/Unsqueeze_7 ebaee2e1-06be-42c6-a7b1-de29475cc753:92:232
2026-10-04 18:53:48.999999 [I:onnxruntime:, webgpu_execution_provider.cc:666 GetCapability] webgpu kernel not found in registries for Op type: IsNaN node name: /model/layers.1/self_attn/IsNaN ebaee2e1-06be-42c6-a7b1-de29475cc753:92:232
2026-10-04 18:53:49.000999 [I:onnxruntime:, webgpu_execution_provider.cc:666 GetCapability] webgpu kernel not found in registries for Op type: Gather node name: /model/layers.1/self_attn/Gather_11 ebaee2e1-06be-42c6-a7b1-de29475cc753:92:232
2026-10-04 18:53:49.000999 [I:onnxruntime:, webgpu_execution_provider.cc:666 GetCapability] webgpu kernel not found in registries for Op type: Unsqueeze node name: /model/layers.1/self_attn/Unsqueeze_27 ebaee2e1-06be-42c6-a7b1-de29475cc753:92:232
2026-10-04 18:53:49.001998 [I:onnxruntime:, webgpu_execution_provider.cc:666 GetCapability] webgpu kernel not found in registries for Op type: Gather node name: /model/layers.1/self_attn/Gather_10 ebaee2e1-06be-42c6-a7b1-de29475cc753:92:232
2026-10-04 18:53:49.001998 [I:onnxruntime:, webgpu_execution_provider.cc:666 GetCapability] webgpu kernel not found in registries for Op type: Unsqueeze node name: /model/layers.1/self_attn/Unsqueeze_26 ebaee2e1-06be-42c6-a7b1-de29475cc753:92:232
2026-10-04 18:53:49.001998 [I:onnxruntime:, webgpu_execution_provider.cc:666 GetCapability] webgpu kernel not found in registries for Op type: Gather node name: /model/layers.1/self_attn/Gather_9 ebaee2e1-06be-42c6-a7b1-de29475cc753:92:232
2026-10-04 18:53:49.001998 [I:onnxruntime:, webgpu_execution_provider.cc:666 GetCapability] webgpu kernel not found in registries for Op type: Mul node name: /model/layers.1/self_attn/Mul_7 ebaee2e1-06be-42c6-a7b1-de29475cc753:92:232
2026-10-04 18:53:49.002998 [I:onnxruntime:, webgpu_execution_provider.cc:666 GetCapability] webgpu kernel not found in registries for Op type: Unsqueeze node name: /model/layers.1/self_attn/Unsqueeze_25 ebaee2e1-06be-42c6-a7b1-de29475cc753:92:232
2026-10-04 18:53:49.002998 [I:onnxruntime:, webgpu_execution_provider.cc:666 GetCapability] webgpu kernel not found in registries for Op type: Gather node name: /model/layers.1/self_attn/Gather_8 ebaee2e1-06be-42c6-a7b1-de29475cc753:92:232
2026-10-04 18:53:49.002998 [I:onnxruntime:, webgpu_execution_provider.cc:666 GetCapability] webgpu kernel not found in registries for Op type: Unsqueeze node name: /model/layers.1/self_attn/Unsqueeze_24 ebaee2e1-06be-42c6-a7b1-de29475cc753:92:232
2026-10-04 18:53:49.003999 [I:onnxruntime:, webgpu_execution_provider.cc:666 GetCapability] webgpu kernel not found in registries for Op type: Concat node name: /model/layers.1/self_attn/Concat_10 ebaee2e1-06be-42c6-a7b1-de29475cc753:92:232
2026-10-04 18:53:49.003999 [I:onnxruntime:, webgpu_execution_provider.cc:666 GetCapability] webgpu kernel not found in registries for Op type: Unsqueeze node name: /model/layers.1/self_attn/Unsqueeze_21 ebaee2e1-06be-42c6-a7b1-de29475cc753:92:232
2026-10-04 18:53:49.004999 [I:onnxruntime:, webgpu_execution_provider.cc:666 GetCapability] webgpu kernel not found in registries for Op type: Concat node name: /model/layers.1/self_attn/Concat_9 ebaee2e1-06be-42c6-a7b1-de29475cc753:92:232
2026-10-04 18:53:49.004999 [I:onnxruntime:, webgpu_execution_provider.cc:666 GetCapability] webgpu kernel not found in registries for Op type: Reshape node name: /model/layers.1/self_attn/Reshape_5 ebaee2e1-06be-42c6-a7b1-de29475cc753:92:232
2026-10-04 18:53:49.004999 [I:onnxruntime:, webgpu_execution_provider.cc:666 GetCapability] webgpu kernel not found in registries for Op type: Equal node name: /model/layers.1/self_attn/Equal_1 ebaee2e1-06be-42c6-a7b1-de29475cc753:92:232
2026-10-04 18:53:49.005998 [I:onnxruntime:, webgpu_execution_provider.cc:666 GetCapability] webgpu kernel not found in registries for Op type: Where node name: /model/layers.1/self_attn/Where_1 ebaee2e1-06be-42c6-a7b1-de29475cc753:92:232
2026-10-04 18:53:49.005998 [I:onnxruntime:, webgpu_execution_provider.cc:666 GetCapability] webgpu kernel not found in registries for Op type: Gather node name: /model/layers.2/self_attn/Gather_1 ebaee2e1-06be-42c6-a7b1-de29475cc753:92:232
2026-10-04 18:53:49.005998 [I:onnxruntime:, webgpu_execution_provider.cc:666 GetCapability] webgpu kernel not found in registries for Op type: Unsqueeze node name: /model/layers.2/self_attn/Unsqueeze_30 ebaee2e1-06be-42c6-a7b1-de29475cc753:92:232
2026-10-04 18:53:49.006999 [I:onnxruntime:, webgpu_execution_provider.cc:666 GetCapability] webgpu kernel not found in registries for Op type: Gather node name: /model/layers.2/self_attn/Gather ebaee2e1-06be-42c6-a7b1-de29475cc753:92:232
2026-10-04 18:53:49.006999 [I:onnxruntime:, webgpu_execution_provider.cc:666 GetCapability] webgpu kernel not found in registries for Op type: Unsqueeze node name: /model/layers.2/self_attn/Unsqueeze_29 ebaee2e1-06be-42c6-a7b1-de29475cc753:92:232
2026-10-04 18:53:49.006999 [I:onnxruntime:, webgpu_execution_provider.cc:666 GetCapability] webgpu kernel not found in registries for Op type: Concat node name: /model/layers.2/self_attn/Concat_11 ebaee2e1-06be-42c6-a7b1-de29475cc753:92:232
2026-10-04 18:53:49.007999 [I:onnxruntime:, webgpu_execution_provider.cc:666 GetCapability] webgpu kernel not found in registries for Op type: Concat node name: /model/layers.2/self_attn/Concat_1 ebaee2e1-06be-42c6-a7b1-de29475cc753:92:232
2026-10-04 18:53:49.007999 [I:onnxruntime:, webgpu_execution_provider.cc:666 GetCapability] webgpu kernel not found in registries for Op type: Gather node name: Gather_token_7 ebaee2e1-06be-42c6-a7b1-de29475cc753:92:232
2026-10-04 18:53:49.007999 [I:onnxruntime:, webgpu_execution_provider.cc:666 GetCapability] webgpu kernel not found in registries for Op type: Gather node name: /model/layers.2/self_attn/Gather_3 ebaee2e1-06be-42c6-a7b1-de29475cc753:92:232
2026-10-04 18:53:49.008999 [I:onnxruntime:, webgpu_execution_provider.cc:666 GetCapability] webgpu kernel not found in registries for Op type: Div node name: /model/layers.2/self_attn/Div_1 ebaee2e1-06be-42c6-a7b1-de29475cc753:92:232
2026-10-04 18:53:49.008999 [I:onnxruntime:, webgpu_execution_provider.cc:666 GetCapability] webgpu kernel not found in registries for Op type: Unsqueeze node name: /model/layers.2/self_attn/Unsqueeze_9 ebaee2e1-06be-42c6-a7b1-de29475cc753:92:232
2026-10-04 18:53:49.008999 [I:onnxruntime:, webgpu_execution_provider.cc:666 GetCapability] webgpu kernel not found in registries for Op type: Gather node name: /model/layers.2/self_attn/Gather_7 ebaee2e1-06be-42c6-a7b1-de29475cc753:92:232
2026-10-04 18:53:49.009998 [I:onnxruntime:, webgpu_execution_provider.cc:666 GetCapability] webgpu kernel not found in registries for Op type: Unsqueeze node name: /model/layers.2/self_attn/Unsqueeze_18 ebaee2e1-06be-42c6-a7b1-de29475cc753:92:232
2026-10-04 18:53:49.009998 [I:onnxruntime:, webgpu_execution_provider.cc:666 GetCapability] webgpu kernel not found in registries for Op type: Gather node name: /model/layers.2/self_attn/Gather_6 ebaee2e1-06be-42c6-a7b1-de29475cc753:92:232
2026-10-04 18:53:49.010998 [I:onnxruntime:, webgpu_execution_provider.cc:666 GetCapability] webgpu kernel not found in registries for Op type: Unsqueeze node name: /model/layers.2/self_attn/Unsqueeze_17 ebaee2e1-06be-42c6-a7b1-de29475cc753:92:232
2026-10-04 18:53:49.011999 [I:onnxruntime:, webgpu_execution_provider.cc:666 GetCapability] webgpu kernel not found in registries for Op type: Gather node name: /model/layers.2/self_attn/Gather_5 ebaee2e1-06be-42c6-a7b1-de29475cc753:92:232
2026-10-04 18:53:49.012999 [I:onnxruntime:, webgpu_execution_provider.cc:666 GetCapability] webgpu kernel not found in registries for Op type: Mul node name: /model/layers.2/self_attn/Mul_5 ebaee2e1-06be-42c6-a7b1-de29475cc753:92:232
2026-10-04 18:53:49.013998 [I:onnxruntime:, webgpu_execution_provider.cc:666 GetCapability] webgpu kernel not found in registries for Op type: Unsqueeze node name: /model/layers.2/self_attn/Unsqueeze_16 ebaee2e1-06be-42c6-a7b1-de29475cc753:92:232
2026-10-04 18:53:49.014999 [I:onnxruntime:, webgpu_execution_provider.cc:666 GetCapability] webgpu kernel not found in registries for Op type: Gather node name: /model/layers.2/self_attn/Gather_4 ebaee2e1-06be-42c6-a7b1-de29475cc753:92:232
2026-10-04 18:53:49.015999 [I:onnxruntime:, webgpu_execution_provider.cc:666 GetCapability] webgpu kernel not found in registries for Op type: Unsqueeze node name: /model/layers.2/self_attn/Unsqueeze_15 ebaee2e1-06be-42c6-a7b1-de29475cc753:92:232
2026-10-04 18:53:49.015999 [I:onnxruntime:, webgpu_execution_provider.cc:666 GetCapability] webgpu kernel not found in registries for Op type: Concat node name: /model/layers.2/self_attn/Concat_8 ebaee2e1-06be-42c6-a7b1-de29475cc753:92:232
2026-10-04 18:53:49.016999 [I:onnxruntime:, webgpu_execution_provider.cc:666 GetCapability] webgpu kernel not found in registries for Op type: Unsqueeze node name: /model/layers.2/self_attn/Unsqueeze_12 ebaee2e1-06be-42c6-a7b1-de29475cc753:92:232
2026-10-04 18:53:49.016999 [I:onnxruntime:, webgpu_execution_provider.cc:666 GetCapability] webgpu kernel not found in registries for Op type: Concat node name: /model/layers.2/self_attn/Concat_7 ebaee2e1-06be-42c6-a7b1-de29475cc753:92:232
2026-10-04 18:53:49.016999 [I:onnxruntime:, webgpu_execution_provider.cc:666 GetCapability] webgpu kernel not found in registries for Op type: Reshape node name: /model/layers.2/self_attn/Reshape_3 ebaee2e1-06be-42c6-a7b1-de29475cc753:92:232
2026-10-04 18:53:49.017998 [I:onnxruntime:, webgpu_execution_provider.cc:666 GetCapability] webgpu kernel not found in registries for Op type: Equal node name: /model/layers.2/self_attn/Equal ebaee2e1-06be-42c6-a7b1-de29475cc753:92:232
2026-10-04 18:53:49.017998 [I:onnxruntime:, webgpu_execution_provider.cc:666 GetCapability] webgpu kernel not found in registries for Op type: Where node name: /model/layers.2/self_attn/Where ebaee2e1-06be-42c6-a7b1-de29475cc753:92:232
2026-10-04 18:53:49.017998 [I:onnxruntime:, webgpu_execution_provider.cc:666 GetCapability] webgpu kernel not found in registries for Op type: Gather node name: /model/layers.2/self_attn/Gather_12 ebaee2e1-06be-42c6-a7b1-de29475cc753:92:232
2026-10-04 18:53:49.018998 [I:onnxruntime:, webgpu_execution_provider.cc:666 GetCapability] webgpu kernel not found in registries for Op type: Unsqueeze node name: /model/layers.2/self_attn/Unsqueeze_28 ebaee2e1-06be-42c6-a7b1-de29475cc753:92:232
2026-10-04 18:53:49.018998 [I:onnxruntime:, webgpu_execution_provider.cc:666 GetCapability] webgpu kernel not found in registries for Op type: Slice node name: /model/layers.2/self_attn/Slice_4 ebaee2e1-06be-42c6-a7b1-de29475cc753:92:232
2026-10-04 18:53:49.018998 [I:onnxruntime:, webgpu_execution_provider.cc:666 GetCapability] webgpu kernel not found in registries for Op type: Gather node name: Gather_token_9 ebaee2e1-06be-42c6-a7b1-de29475cc753:92:232
2026-10-04 18:53:49.019999 [I:onnxruntime:, webgpu_execution_provider.cc:666 GetCapability] webgpu kernel not found in registries for Op type: Gather node name: /model/layers.2/self_attn/Gather_2 ebaee2e1-06be-42c6-a7b1-de29475cc753:92:232
2026-10-04 18:53:49.019999 [I:onnxruntime:, webgpu_execution_provider.cc:666 GetCapability] webgpu kernel not found in registries for Op type: Div node name: /model/layers.2/self_attn/Div ebaee2e1-06be-42c6-a7b1-de29475cc753:92:232
2026-10-04 18:53:49.019999 [I:onnxruntime:, webgpu_execution_provider.cc:666 GetCapability] webgpu kernel not found in registries for Op type: Unsqueeze node name: /model/layers.2/self_attn/Unsqueeze_7 ebaee2e1-06be-42c6-a7b1-de29475cc753:92:232
2026-10-04 18:53:49.020999 [I:onnxruntime:, webgpu_execution_provider.cc:666 GetCapability] webgpu kernel not found in registries for Op type: IsNaN node name: /model/layers.2/self_attn/IsNaN ebaee2e1-06be-42c6-a7b1-de29475cc753:92:232
2026-10-04 18:53:49.020999 [I:onnxruntime:, webgpu_execution_provider.cc:666 GetCapability] webgpu kernel not found in registries for Op type: Gather node name: /model/layers.2/self_attn/Gather_11 ebaee2e1-06be-42c6-a7b1-de29475cc753:92:232
2026-10-04 18:53:49.020999 [I:onnxruntime:, webgpu_execution_provider.cc:666 GetCapability] webgpu kernel not found in registries for Op type: Unsqueeze node name: /model/layers.2/self_attn/Unsqueeze_27 ebaee2e1-06be-42c6-a7b1-de29475cc753:92:232
2026-10-04 18:53:49.021998 [I:onnxruntime:, webgpu_execution_provider.cc:666 GetCapability] webgpu kernel not found in registries for Op type: Gather node name: /model/layers.2/self_attn/Gather_10 ebaee2e1-06be-42c6-a7b1-de29475cc753:92:232
2026-10-04 18:53:49.021998 [I:onnxruntime:, webgpu_execution_provider.cc:666 GetCapability] webgpu kernel not found in registries for Op type: Unsqueeze node name: /model/layers.2/self_attn/Unsqueeze_26 ebaee2e1-06be-42c6-a7b1-de29475cc753:92:232
2026-10-04 18:53:49.021998 [I:onnxruntime:, webgpu_execution_provider.cc:666 GetCapability] webgpu kernel not found in registries for Op type: Gather node name: /model/layers.2/self_attn/Gather_9 ebaee2e1-06be-42c6-a7b1-de29475cc753:92:232
2026-10-04 18:53:49.022999 [I:onnxruntime:, webgpu_execution_provider.cc:666 GetCapability] webgpu kernel not found in registries for Op type: Mul node name: /model/layers.2/self_attn/Mul_7 ebaee2e1-06be-42c6-a7b1-de29475cc753:92:232
2026-10-04 18:53:49.022999 [I:onnxruntime:, webgpu_execution_provider.cc:666 GetCapability] webgpu kernel not found in registries for Op type: Unsqueeze node name: /model/layers.2/self_attn/Unsqueeze_25 ebaee2e1-06be-42c6-a7b1-de29475cc753:92:232
2026-10-04 18:53:49.022999 [I:onnxruntime:, webgpu_execution_provider.cc:666 GetCapability] webgpu kernel not found in registries for Op type: Gather node name: /model/layers.2/self_attn/Gather_8 ebaee2e1-06be-42c6-a7b1-de29475cc753:92:232
2026-10-04 18:53:49.023999 [I:onnxruntime:, webgpu_execution_provider.cc:666 GetCapability] webgpu kernel not found in registries for Op type: Unsqueeze node name: /model/layers.2/self_attn/Unsqueeze_24 ebaee2e1-06be-42c6-a7b1-de29475cc753:92:232
2026-10-04 18:53:49.023999 [I:onnxruntime:, webgpu_execution_provider.cc:666 GetCapability] webgpu kernel not found in registries for Op type: Concat node name: /model/layers.2/self_attn/Concat_10 ebaee2e1-06be-42c6-a7b1-de29475cc753:92:232
2026-10-04 18:53:49.023999 [I:onnxruntime:, webgpu_execution_provider.cc:666 GetCapability] webgpu kernel not found in registries for Op type: Unsqueeze node name: /model/layers.2/self_attn/Unsqueeze_21 ebaee2e1-06be-42c6-a7b1-de29475cc753:92:232
2026-10-04 18:53:49.024999 [I:onnxruntime:, webgpu_execution_provider.cc:666 GetCapability] webgpu kernel not found in registries for Op type: Concat node name: /model/layers.2/self_attn/Concat_9 ebaee2e1-06be-42c6-a7b1-de29475cc753:92:232
2026-10-04 18:53:49.024999 [I:onnxruntime:, webgpu_execution_provider.cc:666 GetCapability] webgpu kernel not found in registries for Op type: Reshape node name: /model/layers.2/self_attn/Reshape_5 ebaee2e1-06be-42c6-a7b1-de29475cc753:92:232
2026-10-04 18:53:49.024999 [I:onnxruntime:, webgpu_execution_provider.cc:666 GetCapability] webgpu kernel not found in registries for Op type: Equal node name: /model/layers.2/self_attn/Equal_1 ebaee2e1-06be-42c6-a7b1-de29475cc753:92:232
2026-10-04 18:53:49.024999 [I:onnxruntime:, webgpu_execution_provider.cc:666 GetCapability] webgpu kernel not found in registries for Op type: Where node name: /model/layers.2/self_attn/Where_1 ebaee2e1-06be-42c6-a7b1-de29475cc753:92:232
2026-10-04 18:53:49.025998 [I:onnxruntime:, webgpu_execution_provider.cc:666 GetCapability] webgpu kernel not found in registries for Op type: Gather node name: /model/layers.3/self_attn/Gather_1 ebaee2e1-06be-42c6-a7b1-de29475cc753:92:232
2026-10-04 18:53:49.035999 [I:onnxruntime:, webgpu_execution_provider.cc:666 GetCapability] webgpu kernel not found in registries for Op type: Unsqueeze node name: /model/layers.3/self_attn/Unsqueeze_30 ebaee2e1-06be-42c6-a7b1-de29475cc753:92:232
2026-10-04 18:53:49.035999 [I:onnxruntime:, webgpu_execution_provider.cc:666 GetCapability] webgpu kernel not found in registries for Op type: Gather node name: /model/layers.3/self_attn/Gather ebaee2e1-06be-42c6-a7b1-de29475cc753:92:232
2026-10-04 18:53:49.035999 [I:onnxruntime:, webgpu_execution_provider.cc:666 GetCapability] webgpu kernel not found in registries for Op type: Unsqueeze node name: /model/layers.3/self_attn/Unsqueeze_29 ebaee2e1-06be-42c6-a7b1-de29475cc753:92:232
2026-10-04 18:53:49.036999 [I:onnxruntime:, webgpu_execution_provider.cc:666 GetCapability] webgpu kernel not found in registries for Op type: Concat node name: /model/layers.3/self_attn/Concat_11 ebaee2e1-06be-42c6-a7b1-de29475cc753:92:232
2026-10-04 18:53:49.036999 [I:onnxruntime:, webgpu_execution_provider.cc:666 GetCapability] webgpu kernel not found in registries for Op type: Concat node name: /model/layers.3/self_attn/Concat_1 ebaee2e1-06be-42c6-a7b1-de29475cc753:92:232
2026-10-04 18:53:49.036999 [I:onnxruntime:, webgpu_execution_provider.cc:666 GetCapability] webgpu kernel not found in registries for Op type: Gather node name: Gather_token_11 ebaee2e1-06be-42c6-a7b1-de29475cc753:92:232
2026-10-04 18:53:49.037998 [I:onnxruntime:, webgpu_execution_provider.cc:666 GetCapability] webgpu kernel not found in registries for Op type: Gather node name: /model/layers.3/self_attn/Gather_3 ebaee2e1-06be-42c6-a7b1-de29475cc753:92:232
2026-10-04 18:53:49.037998 [I:onnxruntime:, webgpu_execution_provider.cc:666 GetCapability] webgpu kernel not found in registries for Op type: Div node name: /model/layers.3/self_attn/Div_1 ebaee2e1-06be-42c6-a7b1-de29475cc753:92:232
2026-10-04 18:53:49.037998 [I:onnxruntime:, webgpu_execution_provider.cc:666 GetCapability] webgpu kernel not found in registries for Op type: Unsqueeze node name: /model/layers.3/self_attn/Unsqueeze_9 ebaee2e1-06be-42c6-a7b1-de29475cc753:92:232
2026-10-04 18:53:49.038999 [I:onnxruntime:, webgpu_execution_provider.cc:666 GetCapability] webgpu kernel not found in registries for Op type: Gather node name: /model/layers.3/self_attn/Gather_7 ebaee2e1-06be-42c6-a7b1-de29475cc753:92:232
2026-10-04 18:53:49.038999 [I:onnxruntime:, webgpu_execution_provider.cc:666 GetCapability] webgpu kernel not found in registries for Op type: Unsqueeze node name: /model/layers.3/self_attn/Unsqueeze_18 ebaee2e1-06be-42c6-a7b1-de29475cc753:92:232
2026-10-04 18:53:49.038999 [I:onnxruntime:, webgpu_execution_provider.cc:666 GetCapability] webgpu kernel not found in registries for Op type: Gather node name: /model/layers.3/self_attn/Gather_6 ebaee2e1-06be-42c6-a7b1-de29475cc753:92:232
2026-10-04 18:53:49.038999 [I:onnxruntime:, webgpu_execution_provider.cc:666 GetCapability] webgpu kernel not found in registries for Op type: Unsqueeze node name: /model/layers.3/self_attn/Unsqueeze_17 ebaee2e1-06be-42c6-a7b1-de29475cc753:92:232
2026-10-04 18:53:49.039999 [I:onnxruntime:, webgpu_execution_provider.cc:666 GetCapability] webgpu kernel not found in registries for Op type: Gather node name: /model/layers.3/self_attn/Gather_5 ebaee2e1-06be-42c6-a7b1-de29475cc753:92:232
2026-10-04 18:53:49.039999 [I:onnxruntime:, webgpu_execution_provider.cc:666 GetCapability] webgpu kernel not found in registries for Op type: Mul node name: /model/layers.3/self_attn/Mul_5 ebaee2e1-06be-42c6-a7b1-de29475cc753:92:232
2026-10-04 18:53:49.039999 [I:onnxruntime:, webgpu_execution_provider.cc:666 GetCapability] webgpu kernel not found in registries for Op type: Unsqueeze node name: /model/layers.3/self_attn/Unsqueeze_16 ebaee2e1-06be-42c6-a7b1-de29475cc753:92:232
2026-10-04 18:53:49.040999 [I:onnxruntime:, webgpu_execution_provider.cc:666 GetCapability] webgpu kernel not found in registries for Op type: Gather node name: /model/layers.3/self_attn/Gather_4 ebaee2e1-06be-42c6-a7b1-de29475cc753:92:232
2026-10-04 18:53:49.040999 [I:onnxruntime:, webgpu_execution_provider.cc:666 GetCapability] webgpu kernel not found in registries for Op type: Unsqueeze node name: /model/layers.3/self_attn/Unsqueeze_15 ebaee2e1-06be-42c6-a7b1-de29475cc753:92:232
2026-10-04 18:53:49.040999 [I:onnxruntime:, webgpu_execution_provider.cc:666 GetCapability] webgpu kernel not found in registries for Op type: Concat node name: /model/layers.3/self_attn/Concat_8 ebaee2e1-06be-42c6-a7b1-de29475cc753:92:232
2026-10-04 18:53:49.040999 [I:onnxruntime:, webgpu_execution_provider.cc:666 GetCapability] webgpu kernel not found in registries for Op type: Unsqueeze node name: /model/layers.3/self_attn/Unsqueeze_12 ebaee2e1-06be-42c6-a7b1-de29475cc753:92:232
2026-10-04 18:53:49.041998 [I:onnxruntime:, webgpu_execution_provider.cc:666 GetCapability] webgpu kernel not found in registries for Op type: Concat node name: /model/layers.3/self_attn/Concat_7 ebaee2e1-06be-42c6-a7b1-de29475cc753:92:232
2026-10-04 18:53:49.041998 [I:onnxruntime:, webgpu_execution_provider.cc:666 GetCapability] webgpu kernel not found in registries for Op type: Reshape node name: /model/layers.3/self_attn/Reshape_3 ebaee2e1-06be-42c6-a7b1-de29475cc753:92:232
2026-10-04 18:53:49.042998 [I:onnxruntime:, webgpu_execution_provider.cc:666 GetCapability] webgpu kernel not found in registries for Op type: Equal node name: /model/layers.3/self_attn/Equal ebaee2e1-06be-42c6-a7b1-de29475cc753:92:232
2026-10-04 18:53:49.042998 [I:onnxruntime:, webgpu_execution_provider.cc:666 GetCapability] webgpu kernel not found in registries for Op type: Where node name: /model/layers.3/self_attn/Where ebaee2e1-06be-42c6-a7b1-de29475cc753:92:232
2026-10-04 18:53:49.042998 [I:onnxruntime:, webgpu_execution_provider.cc:666 GetCapability] webgpu kernel not found in registries for Op type: Gather node name: /model/layers.3/self_attn/Gather_12 ebaee2e1-06be-42c6-a7b1-de29475cc753:92:232
2026-10-04 18:53:49.042998 [I:onnxruntime:, webgpu_execution_provider.cc:666 GetCapability] webgpu kernel not found in registries for Op type: Unsqueeze node name: /model/layers.3/self_attn/Unsqueeze_28 ebaee2e1-06be-42c6-a7b1-de29475cc753:92:232
2026-10-04 18:53:49.043999 [I:onnxruntime:, webgpu_execution_provider.cc:666 GetCapability] webgpu kernel not found in registries for Op type: Slice node name: /model/layers.3/self_attn/Slice_4 ebaee2e1-06be-42c6-a7b1-de29475cc753:92:232
2026-10-04 18:53:49.043999 [I:onnxruntime:, webgpu_execution_provider.cc:666 GetCapability] webgpu kernel not found in registries for Op type: Gather node name: Gather_token_13 ebaee2e1-06be-42c6-a7b1-de29475cc753:92:232
2026-10-04 18:53:49.044999 [I:onnxruntime:, webgpu_execution_provider.cc:666 GetCapability] webgpu kernel not found in registries for Op type: Gather node name: /model/layers.3/self_attn/Gather_2 ebaee2e1-06be-42c6-a7b1-de29475cc753:92:232
2026-10-04 18:53:49.044999 [I:onnxruntime:, webgpu_execution_provider.cc:666 GetCapability] webgpu kernel not found in registries for Op type: Div node name: /model/layers.3/self_attn/Div ebaee2e1-06be-42c6-a7b1-de29475cc753:92:232
2026-10-04 18:53:49.045998 [I:onnxruntime:, webgpu_execution_provider.cc:666 GetCapability] webgpu kernel not found in registries for Op type: Unsqueeze node name: /model/layers.3/self_attn/Unsqueeze_7 ebaee2e1-06be-42c6-a7b1-de29475cc753:92:232
2026-10-04 18:53:49.046999 [I:onnxruntime:, webgpu_execution_provider.cc:666 GetCapability] webgpu kernel not found in registries for Op type: IsNaN node name: /model/layers.3/self_attn/IsNaN ebaee2e1-06be-42c6-a7b1-de29475cc753:92:232
2026-10-04 18:53:49.050998 [I:onnxruntime:, webgpu_execution_provider.cc:666 GetCapability] webgpu kernel not found in registries for Op type: Gather node name: /model/layers.3/self_attn/Gather_11 ebaee2e1-06be-42c6-a7b1-de29475cc753:92:232
2026-10-04 18:53:49.050998 [I:onnxruntime:, webgpu_execution_provider.cc:666 GetCapability] webgpu kernel not found in registries for Op type: Unsqueeze node name: /model/layers.3/self_attn/Unsqueeze_27 ebaee2e1-06be-42c6-a7b1-de29475cc753:92:232
2026-10-04 18:53:49.051999 [I:onnxruntime:, webgpu_execution_provider.cc:666 GetCapability] webgpu kernel not found in registries for Op type: Gather node name: /model/layers.3/self_attn/Gather_10 ebaee2e1-06be-42c6-a7b1-de29475cc753:92:232
2026-10-04 18:53:49.051999 [I:onnxruntime:, webgpu_execution_provider.cc:666 GetCapability] webgpu kernel not found in registries for Op type: Unsqueeze node name: /model/layers.3/self_attn/Unsqueeze_26 ebaee2e1-06be-42c6-a7b1-de29475cc753:92:232
2026-10-04 18:53:49.051999 [I:onnxruntime:, webgpu_execution_provider.cc:666 GetCapability] webgpu kernel not found in registries for Op type: Gather node name: /model/layers.3/self_attn/Gather_9 ebaee2e1-06be-42c6-a7b1-de29475cc753:92:232
2026-10-04 18:53:49.052999 [I:onnxruntime:, webgpu_execution_provider.cc:666 GetCapability] webgpu kernel not found in registries for Op type: Mul node name: /model/layers.3/self_attn/Mul_7 ebaee2e1-06be-42c6-a7b1-de29475cc753:92:232
2026-10-04 18:53:49.052999 [I:onnxruntime:, webgpu_execution_provider.cc:666 GetCapability] webgpu kernel not found in registries for Op type: Unsqueeze node name: /model/layers.3/self_attn/Unsqueeze_25 ebaee2e1-06be-42c6-a7b1-de29475cc753:92:232
2026-10-04 18:53:49.052999 [I:onnxruntime:, webgpu_execution_provider.cc:666 GetCapability] webgpu kernel not found in registries for Op type: Gather node name: /model/layers.3/self_attn/Gather_8 ebaee2e1-06be-42c6-a7b1-de29475cc753:92:232
2026-10-04 18:53:49.053998 [I:onnxruntime:, webgpu_execution_provider.cc:666 GetCapability] webgpu kernel not found in registries for Op type: Unsqueeze node name: /model/layers.3/self_attn/Unsqueeze_24 ebaee2e1-06be-42c6-a7b1-de29475cc753:92:232
2026-10-04 18:53:49.053998 [I:onnxruntime:, webgpu_execution_provider.cc:666 GetCapability] webgpu kernel not found in registries for Op type: Concat node name: /model/layers.3/self_attn/Concat_10 ebaee2e1-06be-42c6-a7b1-de29475cc753:92:232
2026-10-04 18:53:49.053998 [I:onnxruntime:, webgpu_execution_provider.cc:666 GetCapability] webgpu kernel not found in registries for Op type: Unsqueeze node name: /model/layers.3/self_attn/Unsqueeze_21 ebaee2e1-06be-42c6-a7b1-de29475cc753:92:232
2026-10-04 18:53:49.054999 [I:onnxruntime:, webgpu_execution_provider.cc:666 GetCapability] webgpu kernel not found in registries for Op type: Concat node name: /model/layers.3/self_attn/Concat_9 ebaee2e1-06be-42c6-a7b1-de29475cc753:92:232
2026-10-04 18:53:49.054999 [I:onnxruntime:, webgpu_execution_provider.cc:666 GetCapability] webgpu kernel not found in registries for Op type: Reshape node name: /model/layers.3/self_attn/Reshape_5 ebaee2e1-06be-42c6-a7b1-de29475cc753:92:232
2026-10-04 18:53:49.054999 [I:onnxruntime:, webgpu_execution_provider.cc:666 GetCapability] webgpu kernel not found in registries for Op type: Equal node name: /model/layers.3/self_attn/Equal_1 ebaee2e1-06be-42c6-a7b1-de29475cc753:92:232
2026-10-04 18:53:49.055999 [I:onnxruntime:, webgpu_execution_provider.cc:666 GetCapability] webgpu kernel not found in registries for Op type: Where node name: /model/layers.3/self_attn/Where_1 ebaee2e1-06be-42c6-a7b1-de29475cc753:92:232
2026-10-04 18:53:49.055999 [I:onnxruntime:, webgpu_execution_provider.cc:666 GetCapability] webgpu kernel not found in registries for Op type: Gather node name: /model/layers.4/self_attn/Gather_1 ebaee2e1-06be-42c6-a7b1-de29475cc753:92:232
2026-10-04 18:53:49.055999 [I:onnxruntime:, webgpu_execution_provider.cc:666 GetCapability] webgpu kernel not found in registries for Op type: Unsqueeze node name: /model/layers.4/self_attn/Unsqueeze_30 ebaee2e1-06be-42c6-a7b1-de29475cc753:92:232
2026-10-04 18:53:49.056999 [I:onnxruntime:, webgpu_execution_provider.cc:666 GetCapability] webgpu kernel not found in registries for Op type: Gather node name: /model/layers.4/self_attn/Gather ebaee2e1-06be-42c6-a7b1-de29475cc753:92:232
2026-10-04 18:53:49.056999 [I:onnxruntime:, webgpu_execution_provider.cc:666 GetCapability] webgpu kernel not found in registries for Op type: Unsqueeze node name: /model/layers.4/self_attn/Unsqueeze_29 ebaee2e1-06be-42c6-a7b1-de29475cc753:92:232
2026-10-04 18:53:49.056999 [I:onnxruntime:, webgpu_execution_provider.cc:666 GetCapability] webgpu kernel not found in registries for Op type: Concat node name: /model/layers.4/self_attn/Concat_11 ebaee2e1-06be-42c6-a7b1-de29475cc753:92:232
2026-10-04 18:53:49.056999 [I:onnxruntime:, webgpu_execution_provider.cc:666 GetCapability] webgpu kernel not found in registries for Op type: Concat node name: /model/layers.4/self_attn/Concat_1 ebaee2e1-06be-42c6-a7b1-de29475cc753:92:232
2026-10-04 18:53:49.057998 [I:onnxruntime:, webgpu_execution_provider.cc:666 GetCapability] webgpu kernel not found in registries for Op type: Gather node name: Gather_token_15 ebaee2e1-06be-42c6-a7b1-de29475cc753:92:232
2026-10-04 18:53:49.057998 [I:onnxruntime:, webgpu_execution_provider.cc:666 GetCapability] webgpu kernel not found in registries for Op type: Gather node name: /model/layers.4/self_attn/Gather_3 ebaee2e1-06be-42c6-a7b1-de29475cc753:92:232
2026-10-04 18:53:49.057998 [I:onnxruntime:, webgpu_execution_provider.cc:666 GetCapability] webgpu kernel not found in registries for Op type: Div node name: /model/layers.4/self_attn/Div_1 ebaee2e1-06be-42c6-a7b1-de29475cc753:92:232
2026-10-04 18:53:49.061998 [I:onnxruntime:, webgpu_execution_provider.cc:666 GetCapability] webgpu kernel not found in registries for Op type: Unsqueeze node name: /model/layers.4/self_attn/Unsqueeze_9 ebaee2e1-06be-42c6-a7b1-de29475cc753:92:232
2026-10-04 18:53:49.061998 [I:onnxruntime:, webgpu_execution_provider.cc:666 GetCapability] webgpu kernel not found in registries for Op type: Gather node name: /model/layers.4/self_attn/Gather_7 ebaee2e1-06be-42c6-a7b1-de29475cc753:92:232
2026-10-04 18:53:49.062999 [I:onnxruntime:, webgpu_execution_provider.cc:666 GetCapability] webgpu kernel not found in registries for Op type: Unsqueeze node name: /model/layers.4/self_attn/Unsqueeze_18 ebaee2e1-06be-42c6-a7b1-de29475cc753:92:232
2026-10-04 18:53:49.063999 [I:onnxruntime:, webgpu_execution_provider.cc:666 GetCapability] webgpu kernel not found in registries for Op type: Gather node name: /model/layers.4/self_attn/Gather_6 ebaee2e1-06be-42c6-a7b1-de29475cc753:92:232
2026-10-04 18:53:49.063999 [I:onnxruntime:, webgpu_execution_provider.cc:666 GetCapability] webgpu kernel not found in registries for Op type: Unsqueeze node name: /model/layers.4/self_attn/Unsqueeze_17 ebaee2e1-06be-42c6-a7b1-de29475cc753:92:232
2026-10-04 18:53:49.064999 [I:onnxruntime:, webgpu_execution_provider.cc:666 GetCapability] webgpu kernel not found in registries for Op type: Gather node name: /model/layers.4/self_attn/Gather_5 ebaee2e1-06be-42c6-a7b1-de29475cc753:92:232
2026-10-04 18:53:49.065998 [I:onnxruntime:, webgpu_execution_provider.cc:666 GetCapability] webgpu kernel not found in registries for Op type: Mul node name: /model/layers.4/self_attn/Mul_5 ebaee2e1-06be-42c6-a7b1-de29475cc753:92:232
2026-10-04 18:53:49.067999 [I:onnxruntime:, webgpu_execution_provider.cc:666 GetCapability] webgpu kernel not found in registries for Op type: Unsqueeze node name: /model/layers.4/self_attn/Unsqueeze_16 ebaee2e1-06be-42c6-a7b1-de29475cc753:92:232
2026-10-04 18:53:49.067999 [I:onnxruntime:, webgpu_execution_provider.cc:666 GetCapability] webgpu kernel not found in registries for Op type: Gather node name: /model/layers.4/self_attn/Gather_4 ebaee2e1-06be-42c6-a7b1-de29475cc753:92:232
2026-10-04 18:53:49.068999 [I:onnxruntime:, webgpu_execution_provider.cc:666 GetCapability] webgpu kernel not found in registries for Op type: Unsqueeze node name: /model/layers.4/self_attn/Unsqueeze_15 ebaee2e1-06be-42c6-a7b1-de29475cc753:92:232
2026-10-04 18:53:49.068999 [I:onnxruntime:, webgpu_execution_provider.cc:666 GetCapability] webgpu kernel not found in registries for Op type: Concat node name: /model/layers.4/self_attn/Concat_8 ebaee2e1-06be-42c6-a7b1-de29475cc753:92:232
2026-10-04 18:53:49.069998 [I:onnxruntime:, webgpu_execution_provider.cc:666 GetCapability] webgpu kernel not found in registries for Op type: Unsqueeze node name: /model/layers.4/self_attn/Unsqueeze_12 ebaee2e1-06be-42c6-a7b1-de29475cc753:92:232
2026-10-04 18:53:49.069998 [I:onnxruntime:, webgpu_execution_provider.cc:666 GetCapability] webgpu kernel not found in registries for Op type: Concat node name: /model/layers.4/self_attn/Concat_7 ebaee2e1-06be-42c6-a7b1-de29475cc753:92:232
2026-10-04 18:53:49.069998 [I:onnxruntime:, webgpu_execution_provider.cc:666 GetCapability] webgpu kernel not found in registries for Op type: Reshape node name: /model/layers.4/self_attn/Reshape_3 ebaee2e1-06be-42c6-a7b1-de29475cc753:92:232
2026-10-04 18:53:49.070999 [I:onnxruntime:, webgpu_execution_provider.cc:666 GetCapability] webgpu kernel not found in registries for Op type: Equal node name: /model/layers.4/self_attn/Equal ebaee2e1-06be-42c6-a7b1-de29475cc753:92:232
2026-10-04 18:53:49.070999 [I:onnxruntime:, webgpu_execution_provider.cc:666 GetCapability] webgpu kernel not found in registries for Op type: Where node name: /model/layers.4/self_attn/Where ebaee2e1-06be-42c6-a7b1-de29475cc753:92:232
2026-10-04 18:53:49.070999 [I:onnxruntime:, webgpu_execution_provider.cc:666 GetCapability] webgpu kernel not found in registries for Op type: Gather node name: /model/layers.4/self_attn/Gather_12 ebaee2e1-06be-42c6-a7b1-de29475cc753:92:232
2026-10-04 18:53:49.071999 [I:onnxruntime:, webgpu_execution_provider.cc:666 GetCapability] webgpu kernel not found in registries for Op type: Unsqueeze node name: /model/layers.4/self_attn/Unsqueeze_28 ebaee2e1-06be-42c6-a7b1-de29475cc753:92:232
2026-10-04 18:53:49.071999 [I:onnxruntime:, webgpu_execution_provider.cc:666 GetCapability] webgpu kernel not found in registries for Op type: Slice node name: /model/layers.4/self_attn/Slice_4 ebaee2e1-06be-42c6-a7b1-de29475cc753:92:232
2026-10-04 18:53:49.071999 [I:onnxruntime:, webgpu_execution_provider.cc:666 GetCapability] webgpu kernel not found in registries for Op type: Gather node name: Gather_token_17 ebaee2e1-06be-42c6-a7b1-de29475cc753:92:232
2026-10-04 18:53:49.072999 [I:onnxruntime:, webgpu_execution_provider.cc:666 GetCapability] webgpu kernel not found in registries for Op type: Gather node name: /model/layers.4/self_attn/Gather_2 ebaee2e1-06be-42c6-a7b1-de29475cc753:92:232
2026-10-04 18:53:49.072999 [I:onnxruntime:, webgpu_execution_provider.cc:666 GetCapability] webgpu kernel not found in registries for Op type: Div node name: /model/layers.4/self_attn/Div ebaee2e1-06be-42c6-a7b1-de29475cc753:92:232
2026-10-04 18:53:49.073998 [I:onnxruntime:, webgpu_execution_provider.cc:666 GetCapability] webgpu kernel not found in registries for Op type: Unsqueeze node name: /model/layers.4/self_attn/Unsqueeze_7 ebaee2e1-06be-42c6-a7b1-de29475cc753:92:232
2026-10-04 18:53:49.073998 [I:onnxruntime:, webgpu_execution_provider.cc:666 GetCapability] webgpu kernel not found in registries for Op type: IsNaN node name: /model/layers.4/self_attn/IsNaN ebaee2e1-06be-42c6-a7b1-de29475cc753:92:232
2026-10-04 18:53:49.074998 [I:onnxruntime:, webgpu_execution_provider.cc:666 GetCapability] webgpu kernel not found in registries for Op type: Gather node name: /model/layers.4/self_attn/Gather_11 ebaee2e1-06be-42c6-a7b1-de29475cc753:92:232
2026-10-04 18:53:49.074998 [I:onnxruntime:, webgpu_execution_provider.cc:666 GetCapability] webgpu kernel not found in registries for Op type: Unsqueeze node name: /model/layers.4/self_attn/Unsqueeze_27 ebaee2e1-06be-42c6-a7b1-de29475cc753:92:232
2026-10-04 18:53:49.075999 [I:onnxruntime:, webgpu_execution_provider.cc:666 GetCapability] webgpu kernel not found in registries for Op type: Gather node name: /model/layers.4/self_attn/Gather_10 ebaee2e1-06be-42c6-a7b1-de29475cc753:92:232
2026-10-04 18:53:49.076999 [I:onnxruntime:, webgpu_execution_provider.cc:666 GetCapability] webgpu kernel not found in registries for Op type: Unsqueeze node name: /model/layers.4/self_attn/Unsqueeze_26 ebaee2e1-06be-42c6-a7b1-de29475cc753:92:232
2026-10-04 18:53:49.077998 [I:onnxruntime:, webgpu_execution_provider.cc:666 GetCapability] webgpu kernel not found in registries for Op type: Gather node name: /model/layers.4/self_attn/Gather_9 ebaee2e1-06be-42c6-a7b1-de29475cc753:92:232
2026-10-04 18:53:49.080999 [I:onnxruntime:, webgpu_execution_provider.cc:666 GetCapability] webgpu kernel not found in registries for Op type: Mul node name: /model/layers.4/self_attn/Mul_7 ebaee2e1-06be-42c6-a7b1-de29475cc753:92:232
2026-10-04 18:53:49.081998 [I:onnxruntime:, webgpu_execution_provider.cc:666 GetCapability] webgpu kernel not found in registries for Op type: Unsqueeze node name: /model/layers.4/self_attn/Unsqueeze_25 ebaee2e1-06be-42c6-a7b1-de29475cc753:92:232
2026-10-04 18:53:49.082998 [I:onnxruntime:, webgpu_execution_provider.cc:666 GetCapability] webgpu kernel not found in registries for Op type: Gather node name: /model/layers.4/self_attn/Gather_8 ebaee2e1-06be-42c6-a7b1-de29475cc753:92:232
2026-10-04 18:53:49.083999 [I:onnxruntime:, webgpu_execution_provider.cc:666 GetCapability] webgpu kernel not found in registries for Op type: Unsqueeze node name: /model/layers.4/self_attn/Unsqueeze_24 ebaee2e1-06be-42c6-a7b1-de29475cc753:92:232
2026-10-04 18:53:49.085998 [I:onnxruntime:, webgpu_execution_provider.cc:666 GetCapability] webgpu kernel not found in registries for Op type: Concat node name: /model/layers.4/self_attn/Concat_10 ebaee2e1-06be-42c6-a7b1-de29475cc753:92:232
2026-10-04 18:53:49.085998 [I:onnxruntime:, webgpu_execution_provider.cc:666 GetCapability] webgpu kernel not found in registries for Op type: Unsqueeze node name: /model/layers.4/self_attn/Unsqueeze_21 ebaee2e1-06be-42c6-a7b1-de29475cc753:92:232
2026-10-04 18:53:49.086999 [I:onnxruntime:, webgpu_execution_provider.cc:666 GetCapability] webgpu kernel not found in registries for Op type: Concat node name: /model/layers.4/self_attn/Concat_9 ebaee2e1-06be-42c6-a7b1-de29475cc753:92:232
2026-10-04 18:53:49.087999 [I:onnxruntime:, webgpu_execution_provider.cc:666 GetCapability] webgpu kernel not found in registries for Op type: Reshape node name: /model/layers.4/self_attn/Reshape_5 ebaee2e1-06be-42c6-a7b1-de29475cc753:92:232
2026-10-04 18:53:49.088999 [I:onnxruntime:, webgpu_execution_provider.cc:666 GetCapability] webgpu kernel not found in registries for Op type: Equal node name: /model/layers.4/self_attn/Equal_1 ebaee2e1-06be-42c6-a7b1-de29475cc753:92:232
2026-10-04 18:53:49.088999 [I:onnxruntime:, webgpu_execution_provider.cc:666 GetCapability] webgpu kernel not found in registries for Op type: Where node name: /model/layers.4/self_attn/Where_1 ebaee2e1-06be-42c6-a7b1-de29475cc753:92:232
2026-10-04 18:53:49.090998 [I:onnxruntime:, webgpu_execution_provider.cc:666 GetCapability] webgpu kernel not found in registries for Op type: Gather node name: /model/layers.5/self_attn/Gather_1 ebaee2e1-06be-42c6-a7b1-de29475cc753:92:232
2026-10-04 18:53:49.090998 [I:onnxruntime:, webgpu_execution_provider.cc:666 GetCapability] webgpu kernel not found in registries for Op type: Unsqueeze node name: /model/layers.5/self_attn/Unsqueeze_30 ebaee2e1-06be-42c6-a7b1-de29475cc753:92:232
2026-10-04 18:53:49.091999 [I:onnxruntime:, webgpu_execution_provider.cc:666 GetCapability] webgpu kernel not found in registries for Op type: Gather node name: /model/layers.5/self_attn/Gather ebaee2e1-06be-42c6-a7b1-de29475cc753:92:232
2026-10-04 18:53:49.091999 [I:onnxruntime:, webgpu_execution_provider.cc:666 GetCapability] webgpu kernel not found in registries for Op type: Unsqueeze node name: /model/layers.5/self_attn/Unsqueeze_29 ebaee2e1-06be-42c6-a7b1-de29475cc753:92:232
2026-10-04 18:53:49.092999 [I:onnxruntime:, webgpu_execution_provider.cc:666 GetCapability] webgpu kernel not found in registries for Op type: Concat node name: /model/layers.5/self_attn/Concat_11 ebaee2e1-06be-42c6-a7b1-de29475cc753:92:232
2026-10-04 18:53:49.092999 [I:onnxruntime:, webgpu_execution_provider.cc:666 GetCapability] webgpu kernel not found in registries for Op type: Concat node name: /model/layers.5/self_attn/Concat_1 ebaee2e1-06be-42c6-a7b1-de29475cc753:92:232
2026-10-04 18:53:49.092999 [I:onnxruntime:, webgpu_execution_provider.cc:666 GetCapability] webgpu kernel not found in registries for Op type: Gather node name: Gather_token_19 ebaee2e1-06be-42c6-a7b1-de29475cc753:92:232
2026-10-04 18:53:49.093998 [I:onnxruntime:, webgpu_execution_provider.cc:666 GetCapability] webgpu kernel not found in registries for Op type: Gather node name: /model/layers.5/self_attn/Gather_3 ebaee2e1-06be-42c6-a7b1-de29475cc753:92:232
2026-10-04 18:53:49.093998 [I:onnxruntime:, webgpu_execution_provider.cc:666 GetCapability] webgpu kernel not found in registries for Op type: Div node name: /model/layers.5/self_attn/Div_1 ebaee2e1-06be-42c6-a7b1-de29475cc753:92:232
2026-10-04 18:53:49.094999 [I:onnxruntime:, webgpu_execution_provider.cc:666 GetCapability] webgpu kernel not found in registries for Op type: Unsqueeze node name: /model/layers.5/self_attn/Unsqueeze_9 ebaee2e1-06be-42c6-a7b1-de29475cc753:92:232
2026-10-04 18:53:49.094999 [I:onnxruntime:, webgpu_execution_provider.cc:666 GetCapability] webgpu kernel not found in registries for Op type: Gather node name: /model/layers.5/self_attn/Gather_7 ebaee2e1-06be-42c6-a7b1-de29475cc753:92:232
2026-10-04 18:53:49.096999 [I:onnxruntime:, webgpu_execution_provider.cc:666 GetCapability] webgpu kernel not found in registries for Op type: Unsqueeze node name: /model/layers.5/self_attn/Unsqueeze_18 ebaee2e1-06be-42c6-a7b1-de29475cc753:92:232
2026-10-04 18:53:49.097998 [I:onnxruntime:, webgpu_execution_provider.cc:666 GetCapability] webgpu kernel not found in registries for Op type: Gather node name: /model/layers.5/self_attn/Gather_6 ebaee2e1-06be-42c6-a7b1-de29475cc753:92:232
2026-10-04 18:53:49.098998 [I:onnxruntime:, webgpu_execution_provider.cc:666 GetCapability] webgpu kernel not found in registries for Op type: Unsqueeze node name: /model/layers.5/self_attn/Unsqueeze_17 ebaee2e1-06be-42c6-a7b1-de29475cc753:92:232
2026-10-04 18:53:49.099999 [I:onnxruntime:, webgpu_execution_provider.cc:666 GetCapability] webgpu kernel not found in registries for Op type: Gather node name: /model/layers.5/self_attn/Gather_5 ebaee2e1-06be-42c6-a7b1-de29475cc753:92:232
2026-10-04 18:53:49.099999 [I:onnxruntime:, webgpu_execution_provider.cc:666 GetCapability] webgpu kernel not found in registries for Op type: Mul node name: /model/layers.5/self_attn/Mul_5 ebaee2e1-06be-42c6-a7b1-de29475cc753:92:232
2026-10-04 18:53:49.099999 [I:onnxruntime:, webgpu_execution_provider.cc:666 GetCapability] webgpu kernel not found in registries for Op type: Unsqueeze node name: /model/layers.5/self_attn/Unsqueeze_16 ebaee2e1-06be-42c6-a7b1-de29475cc753:92:232
2026-10-04 18:53:49.100999 [I:onnxruntime:, webgpu_execution_provider.cc:666 GetCapability] webgpu kernel not found in registries for Op type: Gather node name: /model/layers.5/self_attn/Gather_4 ebaee2e1-06be-42c6-a7b1-de29475cc753:92:232
2026-10-04 18:53:49.100999 [I:onnxruntime:, webgpu_execution_provider.cc:666 GetCapability] webgpu kernel not found in registries for Op type: Unsqueeze node name: /model/layers.5/self_attn/Unsqueeze_15 ebaee2e1-06be-42c6-a7b1-de29475cc753:92:232
2026-10-04 18:53:49.101998 [I:onnxruntime:, webgpu_execution_provider.cc:666 GetCapability] webgpu kernel not found in registries for Op type: Concat node name: /model/layers.5/self_attn/Concat_8 ebaee2e1-06be-42c6-a7b1-de29475cc753:92:232
2026-10-04 18:53:49.101998 [I:onnxruntime:, webgpu_execution_provider.cc:666 GetCapability] webgpu kernel not found in registries for Op type: Unsqueeze node name: /model/layers.5/self_attn/Unsqueeze_12 ebaee2e1-06be-42c6-a7b1-de29475cc753:92:232
2026-10-04 18:53:49.101998 [I:onnxruntime:, webgpu_execution_provider.cc:666 GetCapability] webgpu kernel not found in registries for Op type: Concat node name: /model/layers.5/self_attn/Concat_7 ebaee2e1-06be-42c6-a7b1-de29475cc753:92:232
2026-10-04 18:53:49.102999 [I:onnxruntime:, webgpu_execution_provider.cc:666 GetCapability] webgpu kernel not found in registries for Op type: Reshape node name: /model/layers.5/self_attn/Reshape_3 ebaee2e1-06be-42c6-a7b1-de29475cc753:92:232
2026-10-04 18:53:49.102999 [I:onnxruntime:, webgpu_execution_provider.cc:666 GetCapability] webgpu kernel not found in registries for Op type: Equal node name: /model/layers.5/self_attn/Equal ebaee2e1-06be-42c6-a7b1-de29475cc753:92:232
2026-10-04 18:53:49.102999 [I:onnxruntime:, webgpu_execution_provider.cc:666 GetCapability] webgpu kernel not found in registries for Op type: Where node name: /model/layers.5/self_attn/Where ebaee2e1-06be-42c6-a7b1-de29475cc753:92:232
2026-10-04 18:53:49.103999 [I:onnxruntime:, webgpu_execution_provider.cc:666 GetCapability] webgpu kernel not found in registries for Op type: Gather node name: /model/layers.5/self_attn/Gather_12 ebaee2e1-06be-42c6-a7b1-de29475cc753:92:232
2026-10-04 18:53:49.103999 [I:onnxruntime:, webgpu_execution_provider.cc:666 GetCapability] webgpu kernel not found in registries for Op type: Unsqueeze node name: /model/layers.5/self_attn/Unsqueeze_28 ebaee2e1-06be-42c6-a7b1-de29475cc753:92:232
2026-10-04 18:53:49.103999 [I:onnxruntime:, webgpu_execution_provider.cc:666 GetCapability] webgpu kernel not found in registries for Op type: Slice node name: /model/layers.5/self_attn/Slice_4 ebaee2e1-06be-42c6-a7b1-de29475cc753:92:232
2026-10-04 18:53:49.104999 [I:onnxruntime:, webgpu_execution_provider.cc:666 GetCapability] webgpu kernel not found in registries for Op type: Gather node name: Gather_token_21 ebaee2e1-06be-42c6-a7b1-de29475cc753:92:232
2026-10-04 18:53:49.104999 [I:onnxruntime:, webgpu_execution_provider.cc:666 GetCapability] webgpu kernel not found in registries for Op type: Gather node name: /model/layers.5/self_attn/Gather_2 ebaee2e1-06be-42c6-a7b1-de29475cc753:92:232
2026-10-04 18:53:49.104999 [I:onnxruntime:, webgpu_execution_provider.cc:666 GetCapability] webgpu kernel not found in registries for Op type: Div node name: /model/layers.5/self_attn/Div ebaee2e1-06be-42c6-a7b1-de29475cc753:92:232
2026-10-04 18:53:49.105998 [I:onnxruntime:, webgpu_execution_provider.cc:666 GetCapability] webgpu kernel not found in registries for Op type: Unsqueeze node name: /model/layers.5/self_attn/Unsqueeze_7 ebaee2e1-06be-42c6-a7b1-de29475cc753:92:232
2026-10-04 18:53:49.105998 [I:onnxruntime:, webgpu_execution_provider.cc:666 GetCapability] webgpu kernel not found in registries for Op type: IsNaN node name: /model/layers.5/self_attn/IsNaN ebaee2e1-06be-42c6-a7b1-de29475cc753:92:232
2026-10-04 18:53:49.105998 [I:onnxruntime:, webgpu_execution_provider.cc:666 GetCapability] webgpu kernel not found in registries for Op type: Gather node name: /model/layers.5/self_attn/Gather_11 ebaee2e1-06be-42c6-a7b1-de29475cc753:92:232
2026-10-04 18:53:49.106998 [I:onnxruntime:, webgpu_execution_provider.cc:666 GetCapability] webgpu kernel not found in registries for Op type: Unsqueeze node name: /model/layers.5/self_attn/Unsqueeze_27 ebaee2e1-06be-42c6-a7b1-de29475cc753:92:232
2026-10-04 18:53:49.106998 [I:onnxruntime:, webgpu_execution_provider.cc:666 GetCapability] webgpu kernel not found in registries for Op type: Gather node name: /model/layers.5/self_attn/Gather_10 ebaee2e1-06be-42c6-a7b1-de29475cc753:92:232
2026-10-04 18:53:49.106998 [I:onnxruntime:, webgpu_execution_provider.cc:666 GetCapability] webgpu kernel not found in registries for Op type: Unsqueeze node name: /model/layers.5/self_attn/Unsqueeze_26 ebaee2e1-06be-42c6-a7b1-de29475cc753:92:232
2026-10-04 18:53:49.107999 [I:onnxruntime:, webgpu_execution_provider.cc:666 GetCapability] webgpu kernel not found in registries for Op type: Gather node name: /model/layers.5/self_attn/Gather_9 ebaee2e1-06be-42c6-a7b1-de29475cc753:92:232
2026-10-04 18:53:49.107999 [I:onnxruntime:, webgpu_execution_provider.cc:666 GetCapability] webgpu kernel not found in registries for Op type: Mul node name: /model/layers.5/self_attn/Mul_7 ebaee2e1-06be-42c6-a7b1-de29475cc753:92:232
2026-10-04 18:53:49.107999 [I:onnxruntime:, webgpu_execution_provider.cc:666 GetCapability] webgpu kernel not found in registries for Op type: Unsqueeze node name: /model/layers.5/self_attn/Unsqueeze_25 ebaee2e1-06be-42c6-a7b1-de29475cc753:92:232
2026-10-04 18:53:49.108999 [I:onnxruntime:, webgpu_execution_provider.cc:666 GetCapability] webgpu kernel not found in registries for Op type: Gather node name: /model/layers.5/self_attn/Gather_8 ebaee2e1-06be-42c6-a7b1-de29475cc753:92:232
2026-10-04 18:53:49.108999 [I:onnxruntime:, webgpu_execution_provider.cc:666 GetCapability] webgpu kernel not found in registries for Op type: Unsqueeze node name: /model/layers.5/self_attn/Unsqueeze_24 ebaee2e1-06be-42c6-a7b1-de29475cc753:92:232
2026-10-04 18:53:49.108999 [I:onnxruntime:, webgpu_execution_provider.cc:666 GetCapability] webgpu kernel not found in registries for Op type: Concat node name: /model/layers.5/self_attn/Concat_10 ebaee2e1-06be-42c6-a7b1-de29475cc753:92:232
2026-10-04 18:53:49.109998 [I:onnxruntime:, webgpu_execution_provider.cc:666 GetCapability] webgpu kernel not found in registries for Op type: Unsqueeze node name: /model/layers.5/self_attn/Unsqueeze_21 ebaee2e1-06be-42c6-a7b1-de29475cc753:92:232
2026-10-04 18:53:49.109998 [I:onnxruntime:, webgpu_execution_provider.cc:666 GetCapability] webgpu kernel not found in registries for Op type: Concat node name: /model/layers.5/self_attn/Concat_9 ebaee2e1-06be-42c6-a7b1-de29475cc753:92:232
2026-10-04 18:53:49.110999 [I:onnxruntime:, webgpu_execution_provider.cc:666 GetCapability] webgpu kernel not found in registries for Op type: Reshape node name: /model/layers.5/self_attn/Reshape_5 ebaee2e1-06be-42c6-a7b1-de29475cc753:92:232
2026-10-04 18:53:49.110999 [I:onnxruntime:, webgpu_execution_provider.cc:666 GetCapability] webgpu kernel not found in registries for Op type: Equal node name: /model/layers.5/self_attn/Equal_1 ebaee2e1-06be-42c6-a7b1-de29475cc753:92:232
2026-10-04 18:53:49.111999 [I:onnxruntime:, webgpu_execution_provider.cc:666 GetCapability] webgpu kernel not found in registries for Op type: Where node name: /model/layers.5/self_attn/Where_1 ebaee2e1-06be-42c6-a7b1-de29475cc753:92:232
2026-10-04 18:53:49.112999 [I:onnxruntime:, webgpu_execution_provider.cc:666 GetCapability] webgpu kernel not found in registries for Op type: Gather node name: /model/layers.6/self_attn/Gather_1 ebaee2e1-06be-42c6-a7b1-de29475cc753:92:232
2026-10-04 18:53:49.113998 [I:onnxruntime:, webgpu_execution_provider.cc:666 GetCapability] webgpu kernel not found in registries for Op type: Unsqueeze node name: /model/layers.6/self_attn/Unsqueeze_30 ebaee2e1-06be-42c6-a7b1-de29475cc753:92:232
2026-10-04 18:53:49.114998 [I:onnxruntime:, webgpu_execution_provider.cc:666 GetCapability] webgpu kernel not found in registries for Op type: Gather node name: /model/layers.6/self_attn/Gather ebaee2e1-06be-42c6-a7b1-de29475cc753:92:232
2026-10-04 18:53:49.115999 [I:onnxruntime:, webgpu_execution_provider.cc:666 GetCapability] webgpu kernel not found in registries for Op type: Unsqueeze node name: /model/layers.6/self_attn/Unsqueeze_29 ebaee2e1-06be-42c6-a7b1-de29475cc753:92:232
2026-10-04 18:53:49.116999 [I:onnxruntime:, webgpu_execution_provider.cc:666 GetCapability] webgpu kernel not found in registries for Op type: Concat node name: /model/layers.6/self_attn/Concat_11 ebaee2e1-06be-42c6-a7b1-de29475cc753:92:232
2026-10-04 18:53:49.116999 [I:onnxruntime:, webgpu_execution_provider.cc:666 GetCapability] webgpu kernel not found in registries for Op type: Concat node name: /model/layers.6/self_attn/Concat_1 ebaee2e1-06be-42c6-a7b1-de29475cc753:92:232
2026-10-04 18:53:49.117998 [I:onnxruntime:, webgpu_execution_provider.cc:666 GetCapability] webgpu kernel not found in registries for Op type: Gather node name: Gather_token_23 ebaee2e1-06be-42c6-a7b1-de29475cc753:92:232
2026-10-04 18:53:49.117998 [I:onnxruntime:, webgpu_execution_provider.cc:666 GetCapability] webgpu kernel not found in registries for Op type: Gather node name: /model/layers.6/self_attn/Gather_3 ebaee2e1-06be-42c6-a7b1-de29475cc753:92:232
2026-10-04 18:53:49.117998 [I:onnxruntime:, webgpu_execution_provider.cc:666 GetCapability] webgpu kernel not found in registries for Op type: Div node name: /model/layers.6/self_attn/Div_1 ebaee2e1-06be-42c6-a7b1-de29475cc753:92:232
2026-10-04 18:53:49.118999 [I:onnxruntime:, webgpu_execution_provider.cc:666 GetCapability] webgpu kernel not found in registries for Op type: Unsqueeze node name: /model/layers.6/self_attn/Unsqueeze_9 ebaee2e1-06be-42c6-a7b1-de29475cc753:92:232
2026-10-04 18:53:49.118999 [I:onnxruntime:, webgpu_execution_provider.cc:666 GetCapability] webgpu kernel not found in registries for Op type: Gather node name: /model/layers.6/self_attn/Gather_7 ebaee2e1-06be-42c6-a7b1-de29475cc753:92:232
2026-10-04 18:53:49.118999 [I:onnxruntime:, webgpu_execution_provider.cc:666 GetCapability] webgpu kernel not found in registries for Op type: Unsqueeze node name: /model/layers.6/self_attn/Unsqueeze_18 ebaee2e1-06be-42c6-a7b1-de29475cc753:92:232
2026-10-04 18:53:49.118999 [I:onnxruntime:, webgpu_execution_provider.cc:666 GetCapability] webgpu kernel not found in registries for Op type: Gather node name: /model/layers.6/self_attn/Gather_6 ebaee2e1-06be-42c6-a7b1-de29475cc753:92:232
2026-10-04 18:53:49.119999 [I:onnxruntime:, webgpu_execution_provider.cc:666 GetCapability] webgpu kernel not found in registries for Op type: Unsqueeze node name: /model/layers.6/self_attn/Unsqueeze_17 ebaee2e1-06be-42c6-a7b1-de29475cc753:92:232
2026-10-04 18:53:49.119999 [I:onnxruntime:, webgpu_execution_provider.cc:666 GetCapability] webgpu kernel not found in registries for Op type: Gather node name: /model/layers.6/self_attn/Gather_5 ebaee2e1-06be-42c6-a7b1-de29475cc753:92:232
2026-10-04 18:53:49.120999 [I:onnxruntime:, webgpu_execution_provider.cc:666 GetCapability] webgpu kernel not found in registries for Op type: Mul node name: /model/layers.6/self_attn/Mul_5 ebaee2e1-06be-42c6-a7b1-de29475cc753:92:232
2026-10-04 18:53:49.120999 [I:onnxruntime:, webgpu_execution_provider.cc:666 GetCapability] webgpu kernel not found in registries for Op type: Unsqueeze node name: /model/layers.6/self_attn/Unsqueeze_16 ebaee2e1-06be-42c6-a7b1-de29475cc753:92:232
2026-10-04 18:53:49.120999 [I:onnxruntime:, webgpu_execution_provider.cc:666 GetCapability] webgpu kernel not found in registries for Op type: Gather node name: /model/layers.6/self_attn/Gather_4 ebaee2e1-06be-42c6-a7b1-de29475cc753:92:232
2026-10-04 18:53:49.121998 [I:onnxruntime:, webgpu_execution_provider.cc:666 GetCapability] webgpu kernel not found in registries for Op type: Unsqueeze node name: /model/layers.6/self_attn/Unsqueeze_15 ebaee2e1-06be-42c6-a7b1-de29475cc753:92:232
2026-10-04 18:53:49.121998 [I:onnxruntime:, webgpu_execution_provider.cc:666 GetCapability] webgpu kernel not found in registries for Op type: Concat node name: /model/layers.6/self_attn/Concat_8 ebaee2e1-06be-42c6-a7b1-de29475cc753:92:232
2026-10-04 18:53:49.121998 [I:onnxruntime:, webgpu_execution_provider.cc:666 GetCapability] webgpu kernel not found in registries for Op type: Unsqueeze node name: /model/layers.6/self_attn/Unsqueeze_12 ebaee2e1-06be-42c6-a7b1-de29475cc753:92:232
2026-10-04 18:53:49.122998 [I:onnxruntime:, webgpu_execution_provider.cc:666 GetCapability] webgpu kernel not found in registries for Op type: Concat node name: /model/layers.6/self_attn/Concat_7 ebaee2e1-06be-42c6-a7b1-de29475cc753:92:232
2026-10-04 18:53:49.122998 [I:onnxruntime:, webgpu_execution_provider.cc:666 GetCapability] webgpu kernel not found in registries for Op type: Reshape node name: /model/layers.6/self_attn/Reshape_3 ebaee2e1-06be-42c6-a7b1-de29475cc753:92:232
2026-10-04 18:53:49.122998 [I:onnxruntime:, webgpu_execution_provider.cc:666 GetCapability] webgpu kernel not found in registries for Op type: Equal node name: /model/layers.6/self_attn/Equal ebaee2e1-06be-42c6-a7b1-de29475cc753:92:232
2026-10-04 18:53:49.123999 [I:onnxruntime:, webgpu_execution_provider.cc:666 GetCapability] webgpu kernel not found in registries for Op type: Where node name: /model/layers.6/self_attn/Where ebaee2e1-06be-42c6-a7b1-de29475cc753:92:232
2026-10-04 18:53:49.123999 [I:onnxruntime:, webgpu_execution_provider.cc:666 GetCapability] webgpu kernel not found in registries for Op type: Gather node name: /model/layers.6/self_attn/Gather_12 ebaee2e1-06be-42c6-a7b1-de29475cc753:92:232
2026-10-04 18:53:49.123999 [I:onnxruntime:, webgpu_execution_provider.cc:666 GetCapability] webgpu kernel not found in registries for Op type: Unsqueeze node name: /model/layers.6/self_attn/Unsqueeze_28 ebaee2e1-06be-42c6-a7b1-de29475cc753:92:232
2026-10-04 18:53:49.124999 [I:onnxruntime:, webgpu_execution_provider.cc:666 GetCapability] webgpu kernel not found in registries for Op type: Slice node name: /model/layers.6/self_attn/Slice_4 ebaee2e1-06be-42c6-a7b1-de29475cc753:92:232
2026-10-04 18:53:49.124999 [I:onnxruntime:, webgpu_execution_provider.cc:666 GetCapability] webgpu kernel not found in registries for Op type: Gather node name: Gather_token_25 ebaee2e1-06be-42c6-a7b1-de29475cc753:92:232
2026-10-04 18:53:49.124999 [I:onnxruntime:, webgpu_execution_provider.cc:666 GetCapability] webgpu kernel not found in registries for Op type: Gather node name: /model/layers.6/self_attn/Gather_2 ebaee2e1-06be-42c6-a7b1-de29475cc753:92:232
2026-10-04 18:53:49.125998 [I:onnxruntime:, webgpu_execution_provider.cc:666 GetCapability] webgpu kernel not found in registries for Op type: Div node name: /model/layers.6/self_attn/Div ebaee2e1-06be-42c6-a7b1-de29475cc753:92:232
2026-10-04 18:53:49.135999 [I:onnxruntime:, webgpu_execution_provider.cc:666 GetCapability] webgpu kernel not found in registries for Op type: Unsqueeze node name: /model/layers.6/self_attn/Unsqueeze_7 ebaee2e1-06be-42c6-a7b1-de29475cc753:92:232
2026-10-04 18:53:49.136999 [I:onnxruntime:, webgpu_execution_provider.cc:666 GetCapability] webgpu kernel not found in registries for Op type: IsNaN node name: /model/layers.6/self_attn/IsNaN ebaee2e1-06be-42c6-a7b1-de29475cc753:92:232
2026-10-04 18:53:49.136999 [I:onnxruntime:, webgpu_execution_provider.cc:666 GetCapability] webgpu kernel not found in registries for Op type: Gather node name: /model/layers.6/self_attn/Gather_11 ebaee2e1-06be-42c6-a7b1-de29475cc753:92:232
2026-10-04 18:53:49.136999 [I:onnxruntime:, webgpu_execution_provider.cc:666 GetCapability] webgpu kernel not found in registries for Op type: Unsqueeze node name: /model/layers.6/self_attn/Unsqueeze_27 ebaee2e1-06be-42c6-a7b1-de29475cc753:92:232
2026-10-04 18:53:49.137998 [I:onnxruntime:, webgpu_execution_provider.cc:666 GetCapability] webgpu kernel not found in registries for Op type: Gather node name: /model/layers.6/self_attn/Gather_10 ebaee2e1-06be-42c6-a7b1-de29475cc753:92:232
2026-10-04 18:53:49.137998 [I:onnxruntime:, webgpu_execution_provider.cc:666 GetCapability] webgpu kernel not found in registries for Op type: Unsqueeze node name: /model/layers.6/self_attn/Unsqueeze_26 ebaee2e1-06be-42c6-a7b1-de29475cc753:92:232
2026-10-04 18:53:49.138998 [I:onnxruntime:, webgpu_execution_provider.cc:666 GetCapability] webgpu kernel not found in registries for Op type: Gather node name: /model/layers.6/self_attn/Gather_9 ebaee2e1-06be-42c6-a7b1-de29475cc753:92:232
2026-10-04 18:53:49.138998 [I:onnxruntime:, webgpu_execution_provider.cc:666 GetCapability] webgpu kernel not found in registries for Op type: Mul node name: /model/layers.6/self_attn/Mul_7 ebaee2e1-06be-42c6-a7b1-de29475cc753:92:232
2026-10-04 18:53:49.138998 [I:onnxruntime:, webgpu_execution_provider.cc:666 GetCapability] webgpu kernel not found in registries for Op type: Unsqueeze node name: /model/layers.6/self_attn/Unsqueeze_25 ebaee2e1-06be-42c6-a7b1-de29475cc753:92:232
2026-10-04 18:53:49.139999 [I:onnxruntime:, webgpu_execution_provider.cc:666 GetCapability] webgpu kernel not found in registries for Op type: Gather node name: /model/layers.6/self_attn/Gather_8 ebaee2e1-06be-42c6-a7b1-de29475cc753:92:232
2026-10-04 18:53:49.139999 [I:onnxruntime:, webgpu_execution_provider.cc:666 GetCapability] webgpu kernel not found in registries for Op type: Unsqueeze node name: /model/layers.6/self_attn/Unsqueeze_24 ebaee2e1-06be-42c6-a7b1-de29475cc753:92:232
2026-10-04 18:53:49.139999 [I:onnxruntime:, webgpu_execution_provider.cc:666 GetCapability] webgpu kernel not found in registries for Op type: Concat node name: /model/layers.6/self_attn/Concat_10 ebaee2e1-06be-42c6-a7b1-de29475cc753:92:232
2026-10-04 18:53:49.140999 [I:onnxruntime:, webgpu_execution_provider.cc:666 GetCapability] webgpu kernel not found in registries for Op type: Unsqueeze node name: /model/layers.6/self_attn/Unsqueeze_21 ebaee2e1-06be-42c6-a7b1-de29475cc753:92:232
2026-10-04 18:53:49.140999 [I:onnxruntime:, webgpu_execution_provider.cc:666 GetCapability] webgpu kernel not found in registries for Op type: Concat node name: /model/layers.6/self_attn/Concat_9 ebaee2e1-06be-42c6-a7b1-de29475cc753:92:232
2026-10-04 18:53:49.140999 [I:onnxruntime:, webgpu_execution_provider.cc:666 GetCapability] webgpu kernel not found in registries for Op type: Reshape node name: /model/layers.6/self_attn/Reshape_5 ebaee2e1-06be-42c6-a7b1-de29475cc753:92:232
2026-10-04 18:53:49.141998 [I:onnxruntime:, webgpu_execution_provider.cc:666 GetCapability] webgpu kernel not found in registries for Op type: Equal node name: /model/layers.6/self_attn/Equal_1 ebaee2e1-06be-42c6-a7b1-de29475cc753:92:232
2026-10-04 18:53:49.141998 [I:onnxruntime:, webgpu_execution_provider.cc:666 GetCapability] webgpu kernel not found in registries for Op type: Where node name: /model/layers.6/self_attn/Where_1 ebaee2e1-06be-42c6-a7b1-de29475cc753:92:232
2026-10-04 18:53:49.142999 [I:onnxruntime:, webgpu_execution_provider.cc:666 GetCapability] webgpu kernel not found in registries for Op type: Gather node name: /model/layers.7/self_attn/Gather_1 ebaee2e1-06be-42c6-a7b1-de29475cc753:92:232
2026-10-04 18:53:49.142999 [I:onnxruntime:, webgpu_execution_provider.cc:666 GetCapability] webgpu kernel not found in registries for Op type: Unsqueeze node name: /model/layers.7/self_attn/Unsqueeze_30 ebaee2e1-06be-42c6-a7b1-de29475cc753:92:232
2026-10-04 18:53:49.142999 [I:onnxruntime:, webgpu_execution_provider.cc:666 GetCapability] webgpu kernel not found in registries for Op type: Gather node name: /model/layers.7/self_attn/Gather ebaee2e1-06be-42c6-a7b1-de29475cc753:92:232
2026-10-04 18:53:49.143999 [I:onnxruntime:, webgpu_execution_provider.cc:666 GetCapability] webgpu kernel not found in registries for Op type: Unsqueeze node name: /model/layers.7/self_attn/Unsqueeze_29 ebaee2e1-06be-42c6-a7b1-de29475cc753:92:232
2026-10-04 18:53:49.143999 [I:onnxruntime:, webgpu_execution_provider.cc:666 GetCapability] webgpu kernel not found in registries for Op type: Concat node name: /model/layers.7/self_attn/Concat_11 ebaee2e1-06be-42c6-a7b1-de29475cc753:92:232
2026-10-04 18:53:49.144999 [I:onnxruntime:, webgpu_execution_provider.cc:666 GetCapability] webgpu kernel not found in registries for Op type: Concat node name: /model/layers.7/self_attn/Concat_1 ebaee2e1-06be-42c6-a7b1-de29475cc753:92:232
2026-10-04 18:53:49.144999 [I:onnxruntime:, webgpu_execution_provider.cc:666 GetCapability] webgpu kernel not found in registries for Op type: Gather node name: Gather_token_27 ebaee2e1-06be-42c6-a7b1-de29475cc753:92:232
2026-10-04 18:53:49.144999 [I:onnxruntime:, webgpu_execution_provider.cc:666 GetCapability] webgpu kernel not found in registries for Op type: Gather node name: /model/layers.7/self_attn/Gather_3 ebaee2e1-06be-42c6-a7b1-de29475cc753:92:232
2026-10-04 18:53:49.145998 [I:onnxruntime:, webgpu_execution_provider.cc:666 GetCapability] webgpu kernel not found in registries for Op type: Div node name: /model/layers.7/self_attn/Div_1 ebaee2e1-06be-42c6-a7b1-de29475cc753:92:232
2026-10-04 18:53:49.146998 [I:onnxruntime:, webgpu_execution_provider.cc:666 GetCapability] webgpu kernel not found in registries for Op type: Unsqueeze node name: /model/layers.7/self_attn/Unsqueeze_9 ebaee2e1-06be-42c6-a7b1-de29475cc753:92:232
2026-10-04 18:53:49.146998 [I:onnxruntime:, webgpu_execution_provider.cc:666 GetCapability] webgpu kernel not found in registries for Op type: Gather node name: /model/layers.7/self_attn/Gather_7 ebaee2e1-06be-42c6-a7b1-de29475cc753:92:232
2026-10-04 18:53:49.147999 [I:onnxruntime:, webgpu_execution_provider.cc:666 GetCapability] webgpu kernel not found in registries for Op type: Unsqueeze node name: /model/layers.7/self_attn/Unsqueeze_18 ebaee2e1-06be-42c6-a7b1-de29475cc753:92:232
2026-10-04 18:53:49.148999 [I:onnxruntime:, webgpu_execution_provider.cc:666 GetCapability] webgpu kernel not found in registries for Op type: Gather node name: /model/layers.7/self_attn/Gather_6 ebaee2e1-06be-42c6-a7b1-de29475cc753:92:232
2026-10-04 18:53:49.149998 [I:onnxruntime:, webgpu_execution_provider.cc:666 GetCapability] webgpu kernel not found in registries for Op type: Unsqueeze node name: /model/layers.7/self_attn/Unsqueeze_17 ebaee2e1-06be-42c6-a7b1-de29475cc753:92:232
2026-10-04 18:53:49.149998 [I:onnxruntime:, webgpu_execution_provider.cc:666 GetCapability] webgpu kernel not found in registries for Op type: Gather node name: /model/layers.7/self_attn/Gather_5 ebaee2e1-06be-42c6-a7b1-de29475cc753:92:232
2026-10-04 18:53:49.150999 [I:onnxruntime:, webgpu_execution_provider.cc:666 GetCapability] webgpu kernel not found in registries for Op type: Mul node name: /model/layers.7/self_attn/Mul_5 ebaee2e1-06be-42c6-a7b1-de29475cc753:92:232
2026-10-04 18:53:49.150999 [I:onnxruntime:, webgpu_execution_provider.cc:666 GetCapability] webgpu kernel not found in registries for Op type: Unsqueeze node name: /model/layers.7/self_attn/Unsqueeze_16 ebaee2e1-06be-42c6-a7b1-de29475cc753:92:232
2026-10-04 18:53:49.150999 [I:onnxruntime:, webgpu_execution_provider.cc:666 GetCapability] webgpu kernel not found in registries for Op type: Gather node name: /model/layers.7/self_attn/Gather_4 ebaee2e1-06be-42c6-a7b1-de29475cc753:92:232
2026-10-04 18:53:49.151999 [I:onnxruntime:, webgpu_execution_provider.cc:666 GetCapability] webgpu kernel not found in registries for Op type: Unsqueeze node name: /model/layers.7/self_attn/Unsqueeze_15 ebaee2e1-06be-42c6-a7b1-de29475cc753:92:232
2026-10-04 18:53:49.151999 [I:onnxruntime:, webgpu_execution_provider.cc:666 GetCapability] webgpu kernel not found in registries for Op type: Concat node name: /model/layers.7/self_attn/Concat_8 ebaee2e1-06be-42c6-a7b1-de29475cc753:92:232
2026-10-04 18:53:49.151999 [I:onnxruntime:, webgpu_execution_provider.cc:666 GetCapability] webgpu kernel not found in registries for Op type: Unsqueeze node name: /model/layers.7/self_attn/Unsqueeze_12 ebaee2e1-06be-42c6-a7b1-de29475cc753:92:232
2026-10-04 18:53:49.152999 [I:onnxruntime:, webgpu_execution_provider.cc:666 GetCapability] webgpu kernel not found in registries for Op type: Concat node name: /model/layers.7/self_attn/Concat_7 ebaee2e1-06be-42c6-a7b1-de29475cc753:92:232
2026-10-04 18:53:49.152999 [I:onnxruntime:, webgpu_execution_provider.cc:666 GetCapability] webgpu kernel not found in registries for Op type: Reshape node name: /model/layers.7/self_attn/Reshape_3 ebaee2e1-06be-42c6-a7b1-de29475cc753:92:232
2026-10-04 18:53:49.153998 [I:onnxruntime:, webgpu_execution_provider.cc:666 GetCapability] webgpu kernel not found in registries for Op type: Equal node name: /model/layers.7/self_attn/Equal ebaee2e1-06be-42c6-a7b1-de29475cc753:92:232
2026-10-04 18:53:49.153998 [I:onnxruntime:, webgpu_execution_provider.cc:666 GetCapability] webgpu kernel not found in registries for Op type: Where node name: /model/layers.7/self_attn/Where ebaee2e1-06be-42c6-a7b1-de29475cc753:92:232
2026-10-04 18:53:49.154998 [I:onnxruntime:, webgpu_execution_provider.cc:666 GetCapability] webgpu kernel not found in registries for Op type: Gather node name: /model/layers.7/self_attn/Gather_12 ebaee2e1-06be-42c6-a7b1-de29475cc753:92:232
2026-10-04 18:53:49.154998 [I:onnxruntime:, webgpu_execution_provider.cc:666 GetCapability] webgpu kernel not found in registries for Op type: Unsqueeze node name: /model/layers.7/self_attn/Unsqueeze_28 ebaee2e1-06be-42c6-a7b1-de29475cc753:92:232
2026-10-04 18:53:49.154998 [I:onnxruntime:, webgpu_execution_provider.cc:666 GetCapability] webgpu kernel not found in registries for Op type: Slice node name: /model/layers.7/self_attn/Slice_4 ebaee2e1-06be-42c6-a7b1-de29475cc753:92:232
2026-10-04 18:53:49.155999 [I:onnxruntime:, webgpu_execution_provider.cc:666 GetCapability] webgpu kernel not found in registries for Op type: Gather node name: Gather_token_29 ebaee2e1-06be-42c6-a7b1-de29475cc753:92:232
2026-10-04 18:53:49.155999 [I:onnxruntime:, webgpu_execution_provider.cc:666 GetCapability] webgpu kernel not found in registries for Op type: Gather node name: /model/layers.7/self_attn/Gather_2 ebaee2e1-06be-42c6-a7b1-de29475cc753:92:232
2026-10-04 18:53:49.155999 [I:onnxruntime:, webgpu_execution_provider.cc:666 GetCapability] webgpu kernel not found in registries for Op type: Div node name: /model/layers.7/self_attn/Div ebaee2e1-06be-42c6-a7b1-de29475cc753:92:232
2026-10-04 18:53:49.156999 [I:onnxruntime:, webgpu_execution_provider.cc:666 GetCapability] webgpu kernel not found in registries for Op type: Unsqueeze node name: /model/layers.7/self_attn/Unsqueeze_7 ebaee2e1-06be-42c6-a7b1-de29475cc753:92:232
2026-10-04 18:53:49.156999 [I:onnxruntime:, webgpu_execution_provider.cc:666 GetCapability] webgpu kernel not found in registries for Op type: IsNaN node name: /model/layers.7/self_attn/IsNaN ebaee2e1-06be-42c6-a7b1-de29475cc753:92:232
2026-10-04 18:53:49.156999 [I:onnxruntime:, webgpu_execution_provider.cc:666 GetCapability] webgpu kernel not found in registries for Op type: Gather node name: /model/layers.7/self_attn/Gather_11 ebaee2e1-06be-42c6-a7b1-de29475cc753:92:232
2026-10-04 18:53:49.156999 [I:onnxruntime:, webgpu_execution_provider.cc:666 GetCapability] webgpu kernel not found in registries for Op type: Unsqueeze node name: /model/layers.7/self_attn/Unsqueeze_27 ebaee2e1-06be-42c6-a7b1-de29475cc753:92:232
2026-10-04 18:53:49.157998 [I:onnxruntime:, webgpu_execution_provider.cc:666 GetCapability] webgpu kernel not found in registries for Op type: Gather node name: /model/layers.7/self_attn/Gather_10 ebaee2e1-06be-42c6-a7b1-de29475cc753:92:232
2026-10-04 18:53:49.157998 [I:onnxruntime:, webgpu_execution_provider.cc:666 GetCapability] webgpu kernel not found in registries for Op type: Unsqueeze node name: /model/layers.7/self_attn/Unsqueeze_26 ebaee2e1-06be-42c6-a7b1-de29475cc753:92:232
2026-10-04 18:53:49.157998 [I:onnxruntime:, webgpu_execution_provider.cc:666 GetCapability] webgpu kernel not found in registries for Op type: Gather node name: /model/layers.7/self_attn/Gather_9 ebaee2e1-06be-42c6-a7b1-de29475cc753:92:232
2026-10-04 18:53:49.158999 [I:onnxruntime:, webgpu_execution_provider.cc:666 GetCapability] webgpu kernel not found in registries for Op type: Mul node name: /model/layers.7/self_attn/Mul_7 ebaee2e1-06be-42c6-a7b1-de29475cc753:92:232
2026-10-04 18:53:49.158999 [I:onnxruntime:, webgpu_execution_provider.cc:666 GetCapability] webgpu kernel not found in registries for Op type: Unsqueeze node name: /model/layers.7/self_attn/Unsqueeze_25 ebaee2e1-06be-42c6-a7b1-de29475cc753:92:232
2026-10-04 18:53:49.159999 [I:onnxruntime:, webgpu_execution_provider.cc:666 GetCapability] webgpu kernel not found in registries for Op type: Gather node name: /model/layers.7/self_attn/Gather_8 ebaee2e1-06be-42c6-a7b1-de29475cc753:92:232
2026-10-04 18:53:49.159999 [I:onnxruntime:, webgpu_execution_provider.cc:666 GetCapability] webgpu kernel not found in registries for Op type: Unsqueeze node name: /model/layers.7/self_attn/Unsqueeze_24 ebaee2e1-06be-42c6-a7b1-de29475cc753:92:232
2026-10-04 18:53:49.159999 [I:onnxruntime:, webgpu_execution_provider.cc:666 GetCapability] webgpu kernel not found in registries for Op type: Concat node name: /model/layers.7/self_attn/Concat_10 ebaee2e1-06be-42c6-a7b1-de29475cc753:92:232
2026-10-04 18:53:49.160999 [I:onnxruntime:, webgpu_execution_provider.cc:666 GetCapability] webgpu kernel not found in registries for Op type: Unsqueeze node name: /model/layers.7/self_attn/Unsqueeze_21 ebaee2e1-06be-42c6-a7b1-de29475cc753:92:232
2026-10-04 18:53:49.160999 [I:onnxruntime:, webgpu_execution_provider.cc:666 GetCapability] webgpu kernel not found in registries for Op type: Concat node name: /model/layers.7/self_attn/Concat_9 ebaee2e1-06be-42c6-a7b1-de29475cc753:92:232
2026-10-04 18:53:49.160999 [I:onnxruntime:, webgpu_execution_provider.cc:666 GetCapability] webgpu kernel not found in registries for Op type: Reshape node name: /model/layers.7/self_attn/Reshape_5 ebaee2e1-06be-42c6-a7b1-de29475cc753:92:232
2026-10-04 18:53:49.161998 [I:onnxruntime:, webgpu_execution_provider.cc:666 GetCapability] webgpu kernel not found in registries for Op type: Equal node name: /model/layers.7/self_attn/Equal_1 ebaee2e1-06be-42c6-a7b1-de29475cc753:92:232
2026-10-04 18:53:49.161998 [I:onnxruntime:, webgpu_execution_provider.cc:666 GetCapability] webgpu kernel not found in registries for Op type: Where node name: /model/layers.7/self_attn/Where_1 ebaee2e1-06be-42c6-a7b1-de29475cc753:92:232
2026-10-04 18:53:49.161998 [I:onnxruntime:, webgpu_execution_provider.cc:666 GetCapability] webgpu kernel not found in registries for Op type: Gather node name: /model/layers.8/self_attn/Gather_1 ebaee2e1-06be-42c6-a7b1-de29475cc753:92:232
2026-10-04 18:53:49.162998 [I:onnxruntime:, webgpu_execution_provider.cc:666 GetCapability] webgpu kernel not found in registries for Op type: Unsqueeze node name: /model/layers.8/self_attn/Unsqueeze_30 ebaee2e1-06be-42c6-a7b1-de29475cc753:92:232
2026-10-04 18:53:49.163999 [I:onnxruntime:, webgpu_execution_provider.cc:666 GetCapability] webgpu kernel not found in registries for Op type: Gather node name: /model/layers.8/self_attn/Gather ebaee2e1-06be-42c6-a7b1-de29475cc753:92:232
2026-10-04 18:53:49.164999 [I:onnxruntime:, webgpu_execution_provider.cc:666 GetCapability] webgpu kernel not found in registries for Op type: Unsqueeze node name: /model/layers.8/self_attn/Unsqueeze_29 ebaee2e1-06be-42c6-a7b1-de29475cc753:92:232
2026-10-04 18:53:49.164999 [I:onnxruntime:, webgpu_execution_provider.cc:666 GetCapability] webgpu kernel not found in registries for Op type: Concat node name: /model/layers.8/self_attn/Concat_11 ebaee2e1-06be-42c6-a7b1-de29475cc753:92:232
2026-10-04 18:53:49.165998 [I:onnxruntime:, webgpu_execution_provider.cc:666 GetCapability] webgpu kernel not found in registries for Op type: Concat node name: /model/layers.8/self_attn/Concat_1 ebaee2e1-06be-42c6-a7b1-de29475cc753:92:232
2026-10-04 18:53:49.166999 [I:onnxruntime:, webgpu_execution_provider.cc:666 GetCapability] webgpu kernel not found in registries for Op type: Gather node name: Gather_token_31 ebaee2e1-06be-42c6-a7b1-de29475cc753:92:232
2026-10-04 18:53:49.166999 [I:onnxruntime:, webgpu_execution_provider.cc:666 GetCapability] webgpu kernel not found in registries for Op type: Gather node name: /model/layers.8/self_attn/Gather_3 ebaee2e1-06be-42c6-a7b1-de29475cc753:92:232
2026-10-04 18:53:49.166999 [I:onnxruntime:, webgpu_execution_provider.cc:666 GetCapability] webgpu kernel not found in registries for Op type: Div node name: /model/layers.8/self_attn/Div_1 ebaee2e1-06be-42c6-a7b1-de29475cc753:92:232
2026-10-04 18:53:49.166999 [I:onnxruntime:, webgpu_execution_provider.cc:666 GetCapability] webgpu kernel not found in registries for Op type: Unsqueeze node name: /model/layers.8/self_attn/Unsqueeze_9 ebaee2e1-06be-42c6-a7b1-de29475cc753:92:232
2026-10-04 18:53:49.167999 [I:onnxruntime:, webgpu_execution_provider.cc:666 GetCapability] webgpu kernel not found in registries for Op type: Gather node name: /model/layers.8/self_attn/Gather_7 ebaee2e1-06be-42c6-a7b1-de29475cc753:92:232
2026-10-04 18:53:49.167999 [I:onnxruntime:, webgpu_execution_provider.cc:666 GetCapability] webgpu kernel not found in registries for Op type: Unsqueeze node name: /model/layers.8/self_attn/Unsqueeze_18 ebaee2e1-06be-42c6-a7b1-de29475cc753:92:232
2026-10-04 18:53:49.167999 [I:onnxruntime:, webgpu_execution_provider.cc:666 GetCapability] webgpu kernel not found in registries for Op type: Gather node name: /model/layers.8/self_attn/Gather_6 ebaee2e1-06be-42c6-a7b1-de29475cc753:92:232
2026-10-04 18:53:49.168999 [I:onnxruntime:, webgpu_execution_provider.cc:666 GetCapability] webgpu kernel not found in registries for Op type: Unsqueeze node name: /model/layers.8/self_attn/Unsqueeze_17 ebaee2e1-06be-42c6-a7b1-de29475cc753:92:232
2026-10-04 18:53:49.168999 [I:onnxruntime:, webgpu_execution_provider.cc:666 GetCapability] webgpu kernel not found in registries for Op type: Gather node name: /model/layers.8/self_attn/Gather_5 ebaee2e1-06be-42c6-a7b1-de29475cc753:92:232
2026-10-04 18:53:49.168999 [I:onnxruntime:, webgpu_execution_provider.cc:666 GetCapability] webgpu kernel not found in registries for Op type: Mul node name: /model/layers.8/self_attn/Mul_5 ebaee2e1-06be-42c6-a7b1-de29475cc753:92:232
2026-10-04 18:53:49.169998 [I:onnxruntime:, webgpu_execution_provider.cc:666 GetCapability] webgpu kernel not found in registries for Op type: Unsqueeze node name: /model/layers.8/self_attn/Unsqueeze_16 ebaee2e1-06be-42c6-a7b1-de29475cc753:92:232
2026-10-04 18:53:49.169998 [I:onnxruntime:, webgpu_execution_provider.cc:666 GetCapability] webgpu kernel not found in registries for Op type: Gather node name: /model/layers.8/self_attn/Gather_4 ebaee2e1-06be-42c6-a7b1-de29475cc753:92:232
2026-10-04 18:53:49.170998 [I:onnxruntime:, webgpu_execution_provider.cc:666 GetCapability] webgpu kernel not found in registries for Op type: Unsqueeze node name: /model/layers.8/self_attn/Unsqueeze_15 ebaee2e1-06be-42c6-a7b1-de29475cc753:92:232
2026-10-04 18:53:49.170998 [I:onnxruntime:, webgpu_execution_provider.cc:666 GetCapability] webgpu kernel not found in registries for Op type: Concat node name: /model/layers.8/self_attn/Concat_8 ebaee2e1-06be-42c6-a7b1-de29475cc753:92:232
2026-10-04 18:53:49.170998 [I:onnxruntime:, webgpu_execution_provider.cc:666 GetCapability] webgpu kernel not found in registries for Op type: Unsqueeze node name: /model/layers.8/self_attn/Unsqueeze_12 ebaee2e1-06be-42c6-a7b1-de29475cc753:92:232
2026-10-04 18:53:49.171999 [I:onnxruntime:, webgpu_execution_provider.cc:666 GetCapability] webgpu kernel not found in registries for Op type: Concat node name: /model/layers.8/self_attn/Concat_7 ebaee2e1-06be-42c6-a7b1-de29475cc753:92:232
2026-10-04 18:53:49.171999 [I:onnxruntime:, webgpu_execution_provider.cc:666 GetCapability] webgpu kernel not found in registries for Op type: Reshape node name: /model/layers.8/self_attn/Reshape_3 ebaee2e1-06be-42c6-a7b1-de29475cc753:92:232
2026-10-04 18:53:49.171999 [I:onnxruntime:, webgpu_execution_provider.cc:666 GetCapability] webgpu kernel not found in registries for Op type: Equal node name: /model/layers.8/self_attn/Equal ebaee2e1-06be-42c6-a7b1-de29475cc753:92:232
2026-10-04 18:53:49.171999 [I:onnxruntime:, webgpu_execution_provider.cc:666 GetCapability] webgpu kernel not found in registries for Op type: Where node name: /model/layers.8/self_attn/Where ebaee2e1-06be-42c6-a7b1-de29475cc753:92:232
2026-10-04 18:53:49.172999 [I:onnxruntime:, webgpu_execution_provider.cc:666 GetCapability] webgpu kernel not found in registries for Op type: Gather node name: /model/layers.8/self_attn/Gather_12 ebaee2e1-06be-42c6-a7b1-de29475cc753:92:232
2026-10-04 18:53:49.172999 [I:onnxruntime:, webgpu_execution_provider.cc:666 GetCapability] webgpu kernel not found in registries for Op type: Unsqueeze node name: /model/layers.8/self_attn/Unsqueeze_28 ebaee2e1-06be-42c6-a7b1-de29475cc753:92:232
2026-10-04 18:53:49.172999 [I:onnxruntime:, webgpu_execution_provider.cc:666 GetCapability] webgpu kernel not found in registries for Op type: Slice node name: /model/layers.8/self_attn/Slice_4 ebaee2e1-06be-42c6-a7b1-de29475cc753:92:232
2026-10-04 18:53:49.173998 [I:onnxruntime:, webgpu_execution_provider.cc:666 GetCapability] webgpu kernel not found in registries for Op type: Gather node name: Gather_token_33 ebaee2e1-06be-42c6-a7b1-de29475cc753:92:232
2026-10-04 18:53:49.173998 [I:onnxruntime:, webgpu_execution_provider.cc:666 GetCapability] webgpu kernel not found in registries for Op type: Gather node name: /model/layers.8/self_attn/Gather_2 ebaee2e1-06be-42c6-a7b1-de29475cc753:92:232
2026-10-04 18:53:49.173998 [I:onnxruntime:, webgpu_execution_provider.cc:666 GetCapability] webgpu kernel not found in registries for Op type: Div node name: /model/layers.8/self_attn/Div ebaee2e1-06be-42c6-a7b1-de29475cc753:92:232
2026-10-04 18:53:49.180999 [I:onnxruntime:, webgpu_execution_provider.cc:666 GetCapability] webgpu kernel not found in registries for Op type: Unsqueeze node name: /model/layers.8/self_attn/Unsqueeze_7 ebaee2e1-06be-42c6-a7b1-de29475cc753:92:232
2026-10-04 18:53:49.181998 [I:onnxruntime:, webgpu_execution_provider.cc:666 GetCapability] webgpu kernel not found in registries for Op type: IsNaN node name: /model/layers.8/self_attn/IsNaN ebaee2e1-06be-42c6-a7b1-de29475cc753:92:232
2026-10-04 18:53:49.182999 [I:onnxruntime:, webgpu_execution_provider.cc:666 GetCapability] webgpu kernel not found in registries for Op type: Gather node name: /model/layers.8/self_attn/Gather_11 ebaee2e1-06be-42c6-a7b1-de29475cc753:92:232
2026-10-04 18:53:49.182999 [I:onnxruntime:, webgpu_execution_provider.cc:666 GetCapability] webgpu kernel not found in registries for Op type: Unsqueeze node name: /model/layers.8/self_attn/Unsqueeze_27 ebaee2e1-06be-42c6-a7b1-de29475cc753:92:232
2026-10-04 18:53:49.183999 [I:onnxruntime:, webgpu_execution_provider.cc:666 GetCapability] webgpu kernel not found in registries for Op type: Gather node name: /model/layers.8/self_attn/Gather_10 ebaee2e1-06be-42c6-a7b1-de29475cc753:92:232
2026-10-04 18:53:49.183999 [I:onnxruntime:, webgpu_execution_provider.cc:666 GetCapability] webgpu kernel not found in registries for Op type: Unsqueeze node name: /model/layers.8/self_attn/Unsqueeze_26 ebaee2e1-06be-42c6-a7b1-de29475cc753:92:232
2026-10-04 18:53:49.183999 [I:onnxruntime:, webgpu_execution_provider.cc:666 GetCapability] webgpu kernel not found in registries for Op type: Gather node name: /model/layers.8/self_attn/Gather_9 ebaee2e1-06be-42c6-a7b1-de29475cc753:92:232
2026-10-04 18:53:49.184999 [I:onnxruntime:, webgpu_execution_provider.cc:666 GetCapability] webgpu kernel not found in registries for Op type: Mul node name: /model/layers.8/self_attn/Mul_7 ebaee2e1-06be-42c6-a7b1-de29475cc753:92:232
2026-10-04 18:53:49.184999 [I:onnxruntime:, webgpu_execution_provider.cc:666 GetCapability] webgpu kernel not found in registries for Op type: Unsqueeze node name: /model/layers.8/self_attn/Unsqueeze_25 ebaee2e1-06be-42c6-a7b1-de29475cc753:92:232
2026-10-04 18:53:49.185998 [I:onnxruntime:, webgpu_execution_provider.cc:666 GetCapability] webgpu kernel not found in registries for Op type: Gather node name: /model/layers.8/self_attn/Gather_8 ebaee2e1-06be-42c6-a7b1-de29475cc753:92:232
2026-10-04 18:53:49.185998 [I:onnxruntime:, webgpu_execution_provider.cc:666 GetCapability] webgpu kernel not found in registries for Op type: Unsqueeze node name: /model/layers.8/self_attn/Unsqueeze_24 ebaee2e1-06be-42c6-a7b1-de29475cc753:92:232
2026-10-04 18:53:49.186998 [I:onnxruntime:, webgpu_execution_provider.cc:666 GetCapability] webgpu kernel not found in registries for Op type: Concat node name: /model/layers.8/self_attn/Concat_10 ebaee2e1-06be-42c6-a7b1-de29475cc753:92:232
2026-10-04 18:53:49.186998 [I:onnxruntime:, webgpu_execution_provider.cc:666 GetCapability] webgpu kernel not found in registries for Op type: Unsqueeze node name: /model/layers.8/self_attn/Unsqueeze_21 ebaee2e1-06be-42c6-a7b1-de29475cc753:92:232
2026-10-04 18:53:49.186998 [I:onnxruntime:, webgpu_execution_provider.cc:666 GetCapability] webgpu kernel not found in registries for Op type: Concat node name: /model/layers.8/self_attn/Concat_9 ebaee2e1-06be-42c6-a7b1-de29475cc753:92:232
2026-10-04 18:53:49.187999 [I:onnxruntime:, webgpu_execution_provider.cc:666 GetCapability] webgpu kernel not found in registries for Op type: Reshape node name: /model/layers.8/self_attn/Reshape_5 ebaee2e1-06be-42c6-a7b1-de29475cc753:92:232
2026-10-04 18:53:49.187999 [I:onnxruntime:, webgpu_execution_provider.cc:666 GetCapability] webgpu kernel not found in registries for Op type: Equal node name: /model/layers.8/self_attn/Equal_1 ebaee2e1-06be-42c6-a7b1-de29475cc753:92:232
2026-10-04 18:53:49.188999 [I:onnxruntime:, webgpu_execution_provider.cc:666 GetCapability] webgpu kernel not found in registries for Op type: Where node name: /model/layers.8/self_attn/Where_1 ebaee2e1-06be-42c6-a7b1-de29475cc753:92:232
2026-10-04 18:53:49.188999 [I:onnxruntime:, webgpu_execution_provider.cc:666 GetCapability] webgpu kernel not found in registries for Op type: Gather node name: /model/layers.9/self_attn/Gather_1 ebaee2e1-06be-42c6-a7b1-de29475cc753:92:232
2026-10-04 18:53:49.189998 [I:onnxruntime:, webgpu_execution_provider.cc:666 GetCapability] webgpu kernel not found in registries for Op type: Unsqueeze node name: /model/layers.9/self_attn/Unsqueeze_30 ebaee2e1-06be-42c6-a7b1-de29475cc753:92:232
2026-10-04 18:53:49.190999 [I:onnxruntime:, webgpu_execution_provider.cc:666 GetCapability] webgpu kernel not found in registries for Op type: Gather node name: /model/layers.9/self_attn/Gather ebaee2e1-06be-42c6-a7b1-de29475cc753:92:232
2026-10-04 18:53:49.191999 [I:onnxruntime:, webgpu_execution_provider.cc:666 GetCapability] webgpu kernel not found in registries for Op type: Unsqueeze node name: /model/layers.9/self_attn/Unsqueeze_29 ebaee2e1-06be-42c6-a7b1-de29475cc753:92:232
2026-10-04 18:53:49.192999 [I:onnxruntime:, webgpu_execution_provider.cc:666 GetCapability] webgpu kernel not found in registries for Op type: Concat node name: /model/layers.9/self_attn/Concat_11 ebaee2e1-06be-42c6-a7b1-de29475cc753:92:232
2026-10-04 18:53:49.194998 [I:onnxruntime:, webgpu_execution_provider.cc:666 GetCapability] webgpu kernel not found in registries for Op type: Concat node name: /model/layers.9/self_attn/Concat_1 ebaee2e1-06be-42c6-a7b1-de29475cc753:92:232
2026-10-04 18:53:49.195999 [I:onnxruntime:, webgpu_execution_provider.cc:666 GetCapability] webgpu kernel not found in registries for Op type: Gather node name: Gather_token_35 ebaee2e1-06be-42c6-a7b1-de29475cc753:92:232
2026-10-04 18:53:49.196999 [I:onnxruntime:, webgpu_execution_provider.cc:666 GetCapability] webgpu kernel not found in registries for Op type: Gather node name: /model/layers.9/self_attn/Gather_3 ebaee2e1-06be-42c6-a7b1-de29475cc753:92:232
2026-10-04 18:53:49.197998 [I:onnxruntime:, webgpu_execution_provider.cc:666 GetCapability] webgpu kernel not found in registries for Op type: Div node name: /model/layers.9/self_attn/Div_1 ebaee2e1-06be-42c6-a7b1-de29475cc753:92:232
2026-10-04 18:53:49.198999 [I:onnxruntime:, webgpu_execution_provider.cc:666 GetCapability] webgpu kernel not found in registries for Op type: Unsqueeze node name: /model/layers.9/self_attn/Unsqueeze_9 ebaee2e1-06be-42c6-a7b1-de29475cc753:92:232
2026-10-04 18:53:49.199999 [I:onnxruntime:, webgpu_execution_provider.cc:666 GetCapability] webgpu kernel not found in registries for Op type: Gather node name: /model/layers.9/self_attn/Gather_7 ebaee2e1-06be-42c6-a7b1-de29475cc753:92:232
2026-10-04 18:53:49.200999 [I:onnxruntime:, webgpu_execution_provider.cc:666 GetCapability] webgpu kernel not found in registries for Op type: Unsqueeze node name: /model/layers.9/self_attn/Unsqueeze_18 ebaee2e1-06be-42c6-a7b1-de29475cc753:92:232
2026-10-04 18:53:49.200999 [I:onnxruntime:, webgpu_execution_provider.cc:666 GetCapability] webgpu kernel not found in registries for Op type: Gather node name: /model/layers.9/self_attn/Gather_6 ebaee2e1-06be-42c6-a7b1-de29475cc753:92:232
2026-10-04 18:53:49.201998 [I:onnxruntime:, webgpu_execution_provider.cc:666 GetCapability] webgpu kernel not found in registries for Op type: Unsqueeze node name: /model/layers.9/self_attn/Unsqueeze_17 ebaee2e1-06be-42c6-a7b1-de29475cc753:92:232
2026-10-04 18:53:49.201998 [I:onnxruntime:, webgpu_execution_provider.cc:666 GetCapability] webgpu kernel not found in registries for Op type: Gather node name: /model/layers.9/self_attn/Gather_5 ebaee2e1-06be-42c6-a7b1-de29475cc753:92:232
2026-10-04 18:53:49.201998 [I:onnxruntime:, webgpu_execution_provider.cc:666 GetCapability] webgpu kernel not found in registries for Op type: Mul node name: /model/layers.9/self_attn/Mul_5 ebaee2e1-06be-42c6-a7b1-de29475cc753:92:232
2026-10-04 18:53:49.202998 [I:onnxruntime:, webgpu_execution_provider.cc:666 GetCapability] webgpu kernel not found in registries for Op type: Unsqueeze node name: /model/layers.9/self_attn/Unsqueeze_16 ebaee2e1-06be-42c6-a7b1-de29475cc753:92:232
2026-10-04 18:53:49.202998 [I:onnxruntime:, webgpu_execution_provider.cc:666 GetCapability] webgpu kernel not found in registries for Op type: Gather node name: /model/layers.9/self_attn/Gather_4 ebaee2e1-06be-42c6-a7b1-de29475cc753:92:232
2026-10-04 18:53:49.203999 [I:onnxruntime:, webgpu_execution_provider.cc:666 GetCapability] webgpu kernel not found in registries for Op type: Unsqueeze node name: /model/layers.9/self_attn/Unsqueeze_15 ebaee2e1-06be-42c6-a7b1-de29475cc753:92:232
2026-10-04 18:53:49.203999 [I:onnxruntime:, webgpu_execution_provider.cc:666 GetCapability] webgpu kernel not found in registries for Op type: Concat node name: /model/layers.9/self_attn/Concat_8 ebaee2e1-06be-42c6-a7b1-de29475cc753:92:232
2026-10-04 18:53:49.203999 [I:onnxruntime:, webgpu_execution_provider.cc:666 GetCapability] webgpu kernel not found in registries for Op type: Unsqueeze node name: /model/layers.9/self_attn/Unsqueeze_12 ebaee2e1-06be-42c6-a7b1-de29475cc753:92:232
2026-10-04 18:53:49.204999 [I:onnxruntime:, webgpu_execution_provider.cc:666 GetCapability] webgpu kernel not found in registries for Op type: Concat node name: /model/layers.9/self_attn/Concat_7 ebaee2e1-06be-42c6-a7b1-de29475cc753:92:232
2026-10-04 18:53:49.204999 [I:onnxruntime:, webgpu_execution_provider.cc:666 GetCapability] webgpu kernel not found in registries for Op type: Reshape node name: /model/layers.9/self_attn/Reshape_3 ebaee2e1-06be-42c6-a7b1-de29475cc753:92:232
2026-10-04 18:53:49.204999 [I:onnxruntime:, webgpu_execution_provider.cc:666 GetCapability] webgpu kernel not found in registries for Op type: Equal node name: /model/layers.9/self_attn/Equal ebaee2e1-06be-42c6-a7b1-de29475cc753:92:232
2026-10-04 18:53:49.205998 [I:onnxruntime:, webgpu_execution_provider.cc:666 GetCapability] webgpu kernel not found in registries for Op type: Where node name: /model/layers.9/self_attn/Where ebaee2e1-06be-42c6-a7b1-de29475cc753:92:232
2026-10-04 18:53:49.205998 [I:onnxruntime:, webgpu_execution_provider.cc:666 GetCapability] webgpu kernel not found in registries for Op type: Gather node name: /model/layers.9/self_attn/Gather_12 ebaee2e1-06be-42c6-a7b1-de29475cc753:92:232
2026-10-04 18:53:49.205998 [I:onnxruntime:, webgpu_execution_provider.cc:666 GetCapability] webgpu kernel not found in registries for Op type: Unsqueeze node name: /model/layers.9/self_attn/Unsqueeze_28 ebaee2e1-06be-42c6-a7b1-de29475cc753:92:232
2026-10-04 18:53:49.206999 [I:onnxruntime:, webgpu_execution_provider.cc:666 GetCapability] webgpu kernel not found in registries for Op type: Slice node name: /model/layers.9/self_attn/Slice_4 ebaee2e1-06be-42c6-a7b1-de29475cc753:92:232
2026-10-04 18:53:49.206999 [I:onnxruntime:, webgpu_execution_provider.cc:666 GetCapability] webgpu kernel not found in registries for Op type: Gather node name: Gather_token_37 ebaee2e1-06be-42c6-a7b1-de29475cc753:92:232
2026-10-04 18:53:49.206999 [I:onnxruntime:, webgpu_execution_provider.cc:666 GetCapability] webgpu kernel not found in registries for Op type: Gather node name: /model/layers.9/self_attn/Gather_2 ebaee2e1-06be-42c6-a7b1-de29475cc753:92:232
2026-10-04 18:53:49.207999 [I:onnxruntime:, webgpu_execution_provider.cc:666 GetCapability] webgpu kernel not found in registries for Op type: Div node name: /model/layers.9/self_attn/Div ebaee2e1-06be-42c6-a7b1-de29475cc753:92:232
2026-10-04 18:53:49.207999 [I:onnxruntime:, webgpu_execution_provider.cc:666 GetCapability] webgpu kernel not found in registries for Op type: Unsqueeze node name: /model/layers.9/self_attn/Unsqueeze_7 ebaee2e1-06be-42c6-a7b1-de29475cc753:92:232
2026-10-04 18:53:49.207999 [I:onnxruntime:, webgpu_execution_provider.cc:666 GetCapability] webgpu kernel not found in registries for Op type: IsNaN node name: /model/layers.9/self_attn/IsNaN ebaee2e1-06be-42c6-a7b1-de29475cc753:92:232
2026-10-04 18:53:49.208999 [I:onnxruntime:, webgpu_execution_provider.cc:666 GetCapability] webgpu kernel not found in registries for Op type: Gather node name: /model/layers.9/self_attn/Gather_11 ebaee2e1-06be-42c6-a7b1-de29475cc753:92:232
2026-10-04 18:53:49.208999 [I:onnxruntime:, webgpu_execution_provider.cc:666 GetCapability] webgpu kernel not found in registries for Op type: Unsqueeze node name: /model/layers.9/self_attn/Unsqueeze_27 ebaee2e1-06be-42c6-a7b1-de29475cc753:92:232
2026-10-04 18:53:49.208999 [I:onnxruntime:, webgpu_execution_provider.cc:666 GetCapability] webgpu kernel not found in registries for Op type: Gather node name: /model/layers.9/self_attn/Gather_10 ebaee2e1-06be-42c6-a7b1-de29475cc753:92:232
2026-10-04 18:53:49.209998 [I:onnxruntime:, webgpu_execution_provider.cc:666 GetCapability] webgpu kernel not found in registries for Op type: Unsqueeze node name: /model/layers.9/self_attn/Unsqueeze_26 ebaee2e1-06be-42c6-a7b1-de29475cc753:92:232
2026-10-04 18:53:49.210998 [I:onnxruntime:, webgpu_execution_provider.cc:666 GetCapability] webgpu kernel not found in registries for Op type: Gather node name: /model/layers.9/self_attn/Gather_9 ebaee2e1-06be-42c6-a7b1-de29475cc753:92:232
2026-10-04 18:53:49.210998 [I:onnxruntime:, webgpu_execution_provider.cc:666 GetCapability] webgpu kernel not found in registries for Op type: Mul node name: /model/layers.9/self_attn/Mul_7 ebaee2e1-06be-42c6-a7b1-de29475cc753:92:232
2026-10-04 18:53:49.212999 [I:onnxruntime:, webgpu_execution_provider.cc:666 GetCapability] webgpu kernel not found in registries for Op type: Unsqueeze node name: /model/layers.9/self_attn/Unsqueeze_25 ebaee2e1-06be-42c6-a7b1-de29475cc753:92:232
2026-10-04 18:53:49.213998 [I:onnxruntime:, webgpu_execution_provider.cc:666 GetCapability] webgpu kernel not found in registries for Op type: Gather node name: /model/layers.9/self_attn/Gather_8 ebaee2e1-06be-42c6-a7b1-de29475cc753:92:232
2026-10-04 18:53:49.214999 [I:onnxruntime:, webgpu_execution_provider.cc:666 GetCapability] webgpu kernel not found in registries for Op type: Unsqueeze node name: /model/layers.9/self_attn/Unsqueeze_24 ebaee2e1-06be-42c6-a7b1-de29475cc753:92:232
2026-10-04 18:53:49.215999 [I:onnxruntime:, webgpu_execution_provider.cc:666 GetCapability] webgpu kernel not found in registries for Op type: Concat node name: /model/layers.9/self_attn/Concat_10 ebaee2e1-06be-42c6-a7b1-de29475cc753:92:232
2026-10-04 18:53:49.216999 [I:onnxruntime:, webgpu_execution_provider.cc:666 GetCapability] webgpu kernel not found in registries for Op type: Unsqueeze node name: /model/layers.9/self_attn/Unsqueeze_21 ebaee2e1-06be-42c6-a7b1-de29475cc753:92:232
2026-10-04 18:53:49.217998 [I:onnxruntime:, webgpu_execution_provider.cc:666 GetCapability] webgpu kernel not found in registries for Op type: Concat node name: /model/layers.9/self_attn/Concat_9 ebaee2e1-06be-42c6-a7b1-de29475cc753:92:232
2026-10-04 18:53:49.218998 [I:onnxruntime:, webgpu_execution_provider.cc:666 GetCapability] webgpu kernel not found in registries for Op type: Reshape node name: /model/layers.9/self_attn/Reshape_5 ebaee2e1-06be-42c6-a7b1-de29475cc753:92:232
2026-10-04 18:53:49.219999 [I:onnxruntime:, webgpu_execution_provider.cc:666 GetCapability] webgpu kernel not found in registries for Op type: Equal node name: /model/layers.9/self_attn/Equal_1 ebaee2e1-06be-42c6-a7b1-de29475cc753:92:232
2026-10-04 18:53:49.220999 [I:onnxruntime:, webgpu_execution_provider.cc:666 GetCapability] webgpu kernel not found in registries for Op type: Where node name: /model/layers.9/self_attn/Where_1 ebaee2e1-06be-42c6-a7b1-de29475cc753:92:232
2026-10-04 18:53:49.220999 [I:onnxruntime:, webgpu_execution_provider.cc:666 GetCapability] webgpu kernel not found in registries for Op type: Gather node name: /model/layers.10/self_attn/Gather_1 ebaee2e1-06be-42c6-a7b1-de29475cc753:92:232
2026-10-04 18:53:49.220999 [I:onnxruntime:, webgpu_execution_provider.cc:666 GetCapability] webgpu kernel not found in registries for Op type: Unsqueeze node name: /model/layers.10/self_attn/Unsqueeze_30 ebaee2e1-06be-42c6-a7b1-de29475cc753:92:232
2026-10-04 18:53:49.221998 [I:onnxruntime:, webgpu_execution_provider.cc:666 GetCapability] webgpu kernel not found in registries for Op type: Gather node name: /model/layers.10/self_attn/Gather ebaee2e1-06be-42c6-a7b1-de29475cc753:92:232
2026-10-04 18:53:49.221998 [I:onnxruntime:, webgpu_execution_provider.cc:666 GetCapability] webgpu kernel not found in registries for Op type: Unsqueeze node name: /model/layers.10/self_attn/Unsqueeze_29 ebaee2e1-06be-42c6-a7b1-de29475cc753:92:232
2026-10-04 18:53:49.222999 [I:onnxruntime:, webgpu_execution_provider.cc:666 GetCapability] webgpu kernel not found in registries for Op type: Concat node name: /model/layers.10/self_attn/Concat_11 ebaee2e1-06be-42c6-a7b1-de29475cc753:92:232
2026-10-04 18:53:49.223999 [I:onnxruntime:, webgpu_execution_provider.cc:666 GetCapability] webgpu kernel not found in registries for Op type: Concat node name: /model/layers.10/self_attn/Concat_1 ebaee2e1-06be-42c6-a7b1-de29475cc753:92:232
2026-10-04 18:53:49.223999 [I:onnxruntime:, webgpu_execution_provider.cc:666 GetCapability] webgpu kernel not found in registries for Op type: Gather node name: Gather_token_39 ebaee2e1-06be-42c6-a7b1-de29475cc753:92:232
2026-10-04 18:53:49.223999 [I:onnxruntime:, webgpu_execution_provider.cc:666 GetCapability] webgpu kernel not found in registries for Op type: Gather node name: /model/layers.10/self_attn/Gather_3 ebaee2e1-06be-42c6-a7b1-de29475cc753:92:232
2026-10-04 18:53:49.223999 [I:onnxruntime:, webgpu_execution_provider.cc:666 GetCapability] webgpu kernel not found in registries for Op type: Div node name: /model/layers.10/self_attn/Div_1 ebaee2e1-06be-42c6-a7b1-de29475cc753:92:232
2026-10-04 18:53:49.224999 [I:onnxruntime:, webgpu_execution_provider.cc:666 GetCapability] webgpu kernel not found in registries for Op type: Unsqueeze node name: /model/layers.10/self_attn/Unsqueeze_9 ebaee2e1-06be-42c6-a7b1-de29475cc753:92:232
2026-10-04 18:53:49.224999 [I:onnxruntime:, webgpu_execution_provider.cc:666 GetCapability] webgpu kernel not found in registries for Op type: Gather node name: /model/layers.10/self_attn/Gather_7 ebaee2e1-06be-42c6-a7b1-de29475cc753:92:232
2026-10-04 18:53:49.225998 [I:onnxruntime:, webgpu_execution_provider.cc:666 GetCapability] webgpu kernel not found in registries for Op type: Unsqueeze node name: /model/layers.10/self_attn/Unsqueeze_18 ebaee2e1-06be-42c6-a7b1-de29475cc753:92:232
2026-10-04 18:53:49.234998 [I:onnxruntime:, webgpu_execution_provider.cc:666 GetCapability] webgpu kernel not found in registries for Op type: Gather node name: /model/layers.10/self_attn/Gather_6 ebaee2e1-06be-42c6-a7b1-de29475cc753:92:232
2026-10-04 18:53:49.235999 [I:onnxruntime:, webgpu_execution_provider.cc:666 GetCapability] webgpu kernel not found in registries for Op type: Unsqueeze node name: /model/layers.10/self_attn/Unsqueeze_17 ebaee2e1-06be-42c6-a7b1-de29475cc753:92:232
2026-10-04 18:53:49.235999 [I:onnxruntime:, webgpu_execution_provider.cc:666 GetCapability] webgpu kernel not found in registries for Op type: Gather node name: /model/layers.10/self_attn/Gather_5 ebaee2e1-06be-42c6-a7b1-de29475cc753:92:232
2026-10-04 18:53:49.235999 [I:onnxruntime:, webgpu_execution_provider.cc:666 GetCapability] webgpu kernel not found in registries for Op type: Mul node name: /model/layers.10/self_attn/Mul_5 ebaee2e1-06be-42c6-a7b1-de29475cc753:92:232
2026-10-04 18:53:49.236999 [I:onnxruntime:, webgpu_execution_provider.cc:666 GetCapability] webgpu kernel not found in registries for Op type: Unsqueeze node name: /model/layers.10/self_attn/Unsqueeze_16 ebaee2e1-06be-42c6-a7b1-de29475cc753:92:232
2026-10-04 18:53:49.236999 [I:onnxruntime:, webgpu_execution_provider.cc:666 GetCapability] webgpu kernel not found in registries for Op type: Gather node name: /model/layers.10/self_attn/Gather_4 ebaee2e1-06be-42c6-a7b1-de29475cc753:92:232
2026-10-04 18:53:49.236999 [I:onnxruntime:, webgpu_execution_provider.cc:666 GetCapability] webgpu kernel not found in registries for Op type: Unsqueeze node name: /model/layers.10/self_attn/Unsqueeze_15 ebaee2e1-06be-42c6-a7b1-de29475cc753:92:232
2026-10-04 18:53:49.237998 [I:onnxruntime:, webgpu_execution_provider.cc:666 GetCapability] webgpu kernel not found in registries for Op type: Concat node name: /model/layers.10/self_attn/Concat_8 ebaee2e1-06be-42c6-a7b1-de29475cc753:92:232
2026-10-04 18:53:49.237998 [I:onnxruntime:, webgpu_execution_provider.cc:666 GetCapability] webgpu kernel not found in registries for Op type: Unsqueeze node name: /model/layers.10/self_attn/Unsqueeze_12 ebaee2e1-06be-42c6-a7b1-de29475cc753:92:232
2026-10-04 18:53:49.237998 [I:onnxruntime:, webgpu_execution_provider.cc:666 GetCapability] webgpu kernel not found in registries for Op type: Concat node name: /model/layers.10/self_attn/Concat_7 ebaee2e1-06be-42c6-a7b1-de29475cc753:92:232
2026-10-04 18:53:49.238999 [I:onnxruntime:, webgpu_execution_provider.cc:666 GetCapability] webgpu kernel not found in registries for Op type: Reshape node name: /model/layers.10/self_attn/Reshape_3 ebaee2e1-06be-42c6-a7b1-de29475cc753:92:232
2026-10-04 18:53:49.238999 [I:onnxruntime:, webgpu_execution_provider.cc:666 GetCapability] webgpu kernel not found in registries for Op type: Equal node name: /model/layers.10/self_attn/Equal ebaee2e1-06be-42c6-a7b1-de29475cc753:92:232
2026-10-04 18:53:49.239999 [I:onnxruntime:, webgpu_execution_provider.cc:666 GetCapability] webgpu kernel not found in registries for Op type: Where node name: /model/layers.10/self_attn/Where ebaee2e1-06be-42c6-a7b1-de29475cc753:92:232
2026-10-04 18:53:49.239999 [I:onnxruntime:, webgpu_execution_provider.cc:666 GetCapability] webgpu kernel not found in registries for Op type: Gather node name: /model/layers.10/self_attn/Gather_12 ebaee2e1-06be-42c6-a7b1-de29475cc753:92:232
2026-10-04 18:53:49.239999 [I:onnxruntime:, webgpu_execution_provider.cc:666 GetCapability] webgpu kernel not found in registries for Op type: Unsqueeze node name: /model/layers.10/self_attn/Unsqueeze_28 ebaee2e1-06be-42c6-a7b1-de29475cc753:92:232
2026-10-04 18:53:49.239999 [I:onnxruntime:, webgpu_execution_provider.cc:666 GetCapability] webgpu kernel not found in registries for Op type: Slice node name: /model/layers.10/self_attn/Slice_4 ebaee2e1-06be-42c6-a7b1-de29475cc753:92:232
2026-10-04 18:53:49.240999 [I:onnxruntime:, webgpu_execution_provider.cc:666 GetCapability] webgpu kernel not found in registries for Op type: Gather node name: Gather_token_41 ebaee2e1-06be-42c6-a7b1-de29475cc753:92:232
2026-10-04 18:53:49.240999 [I:onnxruntime:, webgpu_execution_provider.cc:666 GetCapability] webgpu kernel not found in registries for Op type: Gather node name: /model/layers.10/self_attn/Gather_2 ebaee2e1-06be-42c6-a7b1-de29475cc753:92:232
2026-10-04 18:53:49.240999 [I:onnxruntime:, webgpu_execution_provider.cc:666 GetCapability] webgpu kernel not found in registries for Op type: Div node name: /model/layers.10/self_attn/Div ebaee2e1-06be-42c6-a7b1-de29475cc753:92:232
2026-10-04 18:53:49.241998 [I:onnxruntime:, webgpu_execution_provider.cc:666 GetCapability] webgpu kernel not found in registries for Op type: Unsqueeze node name: /model/layers.10/self_attn/Unsqueeze_7 ebaee2e1-06be-42c6-a7b1-de29475cc753:92:232
2026-10-04 18:53:49.241998 [I:onnxruntime:, webgpu_execution_provider.cc:666 GetCapability] webgpu kernel not found in registries for Op type: IsNaN node name: /model/layers.10/self_attn/IsNaN ebaee2e1-06be-42c6-a7b1-de29475cc753:92:232
2026-10-04 18:53:49.241998 [I:onnxruntime:, webgpu_execution_provider.cc:666 GetCapability] webgpu kernel not found in registries for Op type: Gather node name: /model/layers.10/self_attn/Gather_11 ebaee2e1-06be-42c6-a7b1-de29475cc753:92:232
2026-10-04 18:53:49.241998 [I:onnxruntime:, webgpu_execution_provider.cc:666 GetCapability] webgpu kernel not found in registries for Op type: Unsqueeze node name: /model/layers.10/self_attn/Unsqueeze_27 ebaee2e1-06be-42c6-a7b1-de29475cc753:92:232
2026-10-04 18:53:49.242998 [I:onnxruntime:, webgpu_execution_provider.cc:666 GetCapability] webgpu kernel not found in registries for Op type: Gather node name: /model/layers.10/self_attn/Gather_10 ebaee2e1-06be-42c6-a7b1-de29475cc753:92:232
2026-10-04 18:53:49.242998 [I:onnxruntime:, webgpu_execution_provider.cc:666 GetCapability] webgpu kernel not found in registries for Op type: Unsqueeze node name: /model/layers.10/self_attn/Unsqueeze_26 ebaee2e1-06be-42c6-a7b1-de29475cc753:92:232
2026-10-04 18:53:49.243999 [I:onnxruntime:, webgpu_execution_provider.cc:666 GetCapability] webgpu kernel not found in registries for Op type: Gather node name: /model/layers.10/self_attn/Gather_9 ebaee2e1-06be-42c6-a7b1-de29475cc753:92:232
2026-10-04 18:53:49.243999 [I:onnxruntime:, webgpu_execution_provider.cc:666 GetCapability] webgpu kernel not found in registries for Op type: Mul node name: /model/layers.10/self_attn/Mul_7 ebaee2e1-06be-42c6-a7b1-de29475cc753:92:232
2026-10-04 18:53:49.244999 [I:onnxruntime:, webgpu_execution_provider.cc:666 GetCapability] webgpu kernel not found in registries for Op type: Unsqueeze node name: /model/layers.10/self_attn/Unsqueeze_25 ebaee2e1-06be-42c6-a7b1-de29475cc753:92:232
2026-10-04 18:53:49.245998 [I:onnxruntime:, webgpu_execution_provider.cc:666 GetCapability] webgpu kernel not found in registries for Op type: Gather node name: /model/layers.10/self_attn/Gather_8 ebaee2e1-06be-42c6-a7b1-de29475cc753:92:232
2026-10-04 18:53:49.246999 [I:onnxruntime:, webgpu_execution_provider.cc:666 GetCapability] webgpu kernel not found in registries for Op type: Unsqueeze node name: /model/layers.10/self_attn/Unsqueeze_24 ebaee2e1-06be-42c6-a7b1-de29475cc753:92:232
2026-10-04 18:53:49.247999 [I:onnxruntime:, webgpu_execution_provider.cc:666 GetCapability] webgpu kernel not found in registries for Op type: Concat node name: /model/layers.10/self_attn/Concat_10 ebaee2e1-06be-42c6-a7b1-de29475cc753:92:232
2026-10-04 18:53:49.248999 [I:onnxruntime:, webgpu_execution_provider.cc:666 GetCapability] webgpu kernel not found in registries for Op type: Unsqueeze node name: /model/layers.10/self_attn/Unsqueeze_21 ebaee2e1-06be-42c6-a7b1-de29475cc753:92:232
2026-10-04 18:53:49.248999 [I:onnxruntime:, webgpu_execution_provider.cc:666 GetCapability] webgpu kernel not found in registries for Op type: Concat node name: /model/layers.10/self_attn/Concat_9 ebaee2e1-06be-42c6-a7b1-de29475cc753:92:232
2026-10-04 18:53:49.249998 [I:onnxruntime:, webgpu_execution_provider.cc:666 GetCapability] webgpu kernel not found in registries for Op type: Reshape node name: /model/layers.10/self_attn/Reshape_5 ebaee2e1-06be-42c6-a7b1-de29475cc753:92:232
2026-10-04 18:53:49.249998 [I:onnxruntime:, webgpu_execution_provider.cc:666 GetCapability] webgpu kernel not found in registries for Op type: Equal node name: /model/layers.10/self_attn/Equal_1 ebaee2e1-06be-42c6-a7b1-de29475cc753:92:232
2026-10-04 18:53:49.249998 [I:onnxruntime:, webgpu_execution_provider.cc:666 GetCapability] webgpu kernel not found in registries for Op type: Where node name: /model/layers.10/self_attn/Where_1 ebaee2e1-06be-42c6-a7b1-de29475cc753:92:232
2026-10-04 18:53:49.250998 [I:onnxruntime:, webgpu_execution_provider.cc:666 GetCapability] webgpu kernel not found in registries for Op type: Gather node name: /model/layers.11/self_attn/Gather_1 ebaee2e1-06be-42c6-a7b1-de29475cc753:92:232
2026-10-04 18:53:49.250998 [I:onnxruntime:, webgpu_execution_provider.cc:666 GetCapability] webgpu kernel not found in registries for Op type: Unsqueeze node name: /model/layers.11/self_attn/Unsqueeze_30 ebaee2e1-06be-42c6-a7b1-de29475cc753:92:232
2026-10-04 18:53:49.250998 [I:onnxruntime:, webgpu_execution_provider.cc:666 GetCapability] webgpu kernel not found in registries for Op type: Gather node name: /model/layers.11/self_attn/Gather ebaee2e1-06be-42c6-a7b1-de29475cc753:92:232
2026-10-04 18:53:49.251999 [I:onnxruntime:, webgpu_execution_provider.cc:666 GetCapability] webgpu kernel not found in registries for Op type: Unsqueeze node name: /model/layers.11/self_attn/Unsqueeze_29 ebaee2e1-06be-42c6-a7b1-de29475cc753:92:232
2026-10-04 18:53:49.251999 [I:onnxruntime:, webgpu_execution_provider.cc:666 GetCapability] webgpu kernel not found in registries for Op type: Concat node name: /model/layers.11/self_attn/Concat_11 ebaee2e1-06be-42c6-a7b1-de29475cc753:92:232
2026-10-04 18:53:49.251999 [I:onnxruntime:, webgpu_execution_provider.cc:666 GetCapability] webgpu kernel not found in registries for Op type: Concat node name: /model/layers.11/self_attn/Concat_1 ebaee2e1-06be-42c6-a7b1-de29475cc753:92:232
2026-10-04 18:53:49.252999 [I:onnxruntime:, webgpu_execution_provider.cc:666 GetCapability] webgpu kernel not found in registries for Op type: Gather node name: Gather_token_43 ebaee2e1-06be-42c6-a7b1-de29475cc753:92:232
2026-10-04 18:53:49.252999 [I:onnxruntime:, webgpu_execution_provider.cc:666 GetCapability] webgpu kernel not found in registries for Op type: Gather node name: /model/layers.11/self_attn/Gather_3 ebaee2e1-06be-42c6-a7b1-de29475cc753:92:232
2026-10-04 18:53:49.252999 [I:onnxruntime:, webgpu_execution_provider.cc:666 GetCapability] webgpu kernel not found in registries for Op type: Div node name: /model/layers.11/self_attn/Div_1 ebaee2e1-06be-42c6-a7b1-de29475cc753:92:232
2026-10-04 18:53:49.253998 [I:onnxruntime:, webgpu_execution_provider.cc:666 GetCapability] webgpu kernel not found in registries for Op type: Unsqueeze node name: /model/layers.11/self_attn/Unsqueeze_9 ebaee2e1-06be-42c6-a7b1-de29475cc753:92:232
2026-10-04 18:53:49.253998 [I:onnxruntime:, webgpu_execution_provider.cc:666 GetCapability] webgpu kernel not found in registries for Op type: Gather node name: /model/layers.11/self_attn/Gather_7 ebaee2e1-06be-42c6-a7b1-de29475cc753:92:232
2026-10-04 18:53:49.253998 [I:onnxruntime:, webgpu_execution_provider.cc:666 GetCapability] webgpu kernel not found in registries for Op type: Unsqueeze node name: /model/layers.11/self_attn/Unsqueeze_18 ebaee2e1-06be-42c6-a7b1-de29475cc753:92:232
2026-10-04 18:53:49.254999 [I:onnxruntime:, webgpu_execution_provider.cc:666 GetCapability] webgpu kernel not found in registries for Op type: Gather node name: /model/layers.11/self_attn/Gather_6 ebaee2e1-06be-42c6-a7b1-de29475cc753:92:232
2026-10-04 18:53:49.254999 [I:onnxruntime:, webgpu_execution_provider.cc:666 GetCapability] webgpu kernel not found in registries for Op type: Unsqueeze node name: /model/layers.11/self_attn/Unsqueeze_17 ebaee2e1-06be-42c6-a7b1-de29475cc753:92:232
2026-10-04 18:53:49.254999 [I:onnxruntime:, webgpu_execution_provider.cc:666 GetCapability] webgpu kernel not found in registries for Op type: Gather node name: /model/layers.11/self_attn/Gather_5 ebaee2e1-06be-42c6-a7b1-de29475cc753:92:232
2026-10-04 18:53:49.255999 [I:onnxruntime:, webgpu_execution_provider.cc:666 GetCapability] webgpu kernel not found in registries for Op type: Mul node name: /model/layers.11/self_attn/Mul_5 ebaee2e1-06be-42c6-a7b1-de29475cc753:92:232
2026-10-04 18:53:49.255999 [I:onnxruntime:, webgpu_execution_provider.cc:666 GetCapability] webgpu kernel not found in registries for Op type: Unsqueeze node name: /model/layers.11/self_attn/Unsqueeze_16 ebaee2e1-06be-42c6-a7b1-de29475cc753:92:232
2026-10-04 18:53:49.255999 [I:onnxruntime:, webgpu_execution_provider.cc:666 GetCapability] webgpu kernel not found in registries for Op type: Gather node name: /model/layers.11/self_attn/Gather_4 ebaee2e1-06be-42c6-a7b1-de29475cc753:92:232
2026-10-04 18:53:49.256999 [I:onnxruntime:, webgpu_execution_provider.cc:666 GetCapability] webgpu kernel not found in registries for Op type: Unsqueeze node name: /model/layers.11/self_attn/Unsqueeze_15 ebaee2e1-06be-42c6-a7b1-de29475cc753:92:232
2026-10-04 18:53:49.256999 [I:onnxruntime:, webgpu_execution_provider.cc:666 GetCapability] webgpu kernel not found in registries for Op type: Concat node name: /model/layers.11/self_attn/Concat_8 ebaee2e1-06be-42c6-a7b1-de29475cc753:92:232
2026-10-04 18:53:49.256999 [I:onnxruntime:, webgpu_execution_provider.cc:666 GetCapability] webgpu kernel not found in registries for Op type: Unsqueeze node name: /model/layers.11/self_attn/Unsqueeze_12 ebaee2e1-06be-42c6-a7b1-de29475cc753:92:232
2026-10-04 18:53:49.256999 [I:onnxruntime:, webgpu_execution_provider.cc:666 GetCapability] webgpu kernel not found in registries for Op type: Concat node name: /model/layers.11/self_attn/Concat_7 ebaee2e1-06be-42c6-a7b1-de29475cc753:92:232
2026-10-04 18:53:49.257998 [I:onnxruntime:, webgpu_execution_provider.cc:666 GetCapability] webgpu kernel not found in registries for Op type: Reshape node name: /model/layers.11/self_attn/Reshape_3 ebaee2e1-06be-42c6-a7b1-de29475cc753:92:232
2026-10-04 18:53:49.257998 [I:onnxruntime:, webgpu_execution_provider.cc:666 GetCapability] webgpu kernel not found in registries for Op type: Equal node name: /model/layers.11/self_attn/Equal ebaee2e1-06be-42c6-a7b1-de29475cc753:92:232
2026-10-04 18:53:49.257998 [I:onnxruntime:, webgpu_execution_provider.cc:666 GetCapability] webgpu kernel not found in registries for Op type: Where node name: /model/layers.11/self_attn/Where ebaee2e1-06be-42c6-a7b1-de29475cc753:92:232
2026-10-04 18:53:49.258998 [I:onnxruntime:, webgpu_execution_provider.cc:666 GetCapability] webgpu kernel not found in registries for Op type: Gather node name: /model/layers.11/self_attn/Gather_12 ebaee2e1-06be-42c6-a7b1-de29475cc753:92:232
2026-10-04 18:53:49.258998 [I:onnxruntime:, webgpu_execution_provider.cc:666 GetCapability] webgpu kernel not found in registries for Op type: Unsqueeze node name: /model/layers.11/self_attn/Unsqueeze_28 ebaee2e1-06be-42c6-a7b1-de29475cc753:92:232
2026-10-04 18:53:49.258998 [I:onnxruntime:, webgpu_execution_provider.cc:666 GetCapability] webgpu kernel not found in registries for Op type: Slice node name: /model/layers.11/self_attn/Slice_4 ebaee2e1-06be-42c6-a7b1-de29475cc753:92:232
2026-10-04 18:53:49.258998 [I:onnxruntime:, webgpu_execution_provider.cc:666 GetCapability] webgpu kernel not found in registries for Op type: Gather node name: Gather_token_45 ebaee2e1-06be-42c6-a7b1-de29475cc753:92:232
2026-10-04 18:53:49.259999 [I:onnxruntime:, webgpu_execution_provider.cc:666 GetCapability] webgpu kernel not found in registries for Op type: Gather node name: /model/layers.11/self_attn/Gather_2 ebaee2e1-06be-42c6-a7b1-de29475cc753:92:232
2026-10-04 18:53:49.259999 [I:onnxruntime:, webgpu_execution_provider.cc:666 GetCapability] webgpu kernel not found in registries for Op type: Div node name: /model/layers.11/self_attn/Div ebaee2e1-06be-42c6-a7b1-de29475cc753:92:232
2026-10-04 18:53:49.260999 [I:onnxruntime:, webgpu_execution_provider.cc:666 GetCapability] webgpu kernel not found in registries for Op type: Unsqueeze node name: /model/layers.11/self_attn/Unsqueeze_7 ebaee2e1-06be-42c6-a7b1-de29475cc753:92:232
2026-10-04 18:53:49.260999 [I:onnxruntime:, webgpu_execution_provider.cc:666 GetCapability] webgpu kernel not found in registries for Op type: IsNaN node name: /model/layers.11/self_attn/IsNaN ebaee2e1-06be-42c6-a7b1-de29475cc753:92:232
2026-10-04 18:53:49.261998 [I:onnxruntime:, webgpu_execution_provider.cc:666 GetCapability] webgpu kernel not found in registries for Op type: Gather node name: /model/layers.11/self_attn/Gather_11 ebaee2e1-06be-42c6-a7b1-de29475cc753:92:232
2026-10-04 18:53:49.262999 [I:onnxruntime:, webgpu_execution_provider.cc:666 GetCapability] webgpu kernel not found in registries for Op type: Unsqueeze node name: /model/layers.11/self_attn/Unsqueeze_27 ebaee2e1-06be-42c6-a7b1-de29475cc753:92:232
2026-10-04 18:53:49.263999 [I:onnxruntime:, webgpu_execution_provider.cc:666 GetCapability] webgpu kernel not found in registries for Op type: Gather node name: /model/layers.11/self_attn/Gather_10 ebaee2e1-06be-42c6-a7b1-de29475cc753:92:232
2026-10-04 18:53:49.264999 [I:onnxruntime:, webgpu_execution_provider.cc:666 GetCapability] webgpu kernel not found in registries for Op type: Unsqueeze node name: /model/layers.11/self_attn/Unsqueeze_26 ebaee2e1-06be-42c6-a7b1-de29475cc753:92:232
2026-10-04 18:53:49.265998 [I:onnxruntime:, webgpu_execution_provider.cc:666 GetCapability] webgpu kernel not found in registries for Op type: Gather node name: /model/layers.11/self_attn/Gather_9 ebaee2e1-06be-42c6-a7b1-de29475cc753:92:232
2026-10-04 18:53:49.265998 [I:onnxruntime:, webgpu_execution_provider.cc:666 GetCapability] webgpu kernel not found in registries for Op type: Mul node name: /model/layers.11/self_attn/Mul_7 ebaee2e1-06be-42c6-a7b1-de29475cc753:92:232
2026-10-04 18:53:49.266998 [I:onnxruntime:, webgpu_execution_provider.cc:666 GetCapability] webgpu kernel not found in registries for Op type: Unsqueeze node name: /model/layers.11/self_attn/Unsqueeze_25 ebaee2e1-06be-42c6-a7b1-de29475cc753:92:232
2026-10-04 18:53:49.266998 [I:onnxruntime:, webgpu_execution_provider.cc:666 GetCapability] webgpu kernel not found in registries for Op type: Gather node name: /model/layers.11/self_attn/Gather_8 ebaee2e1-06be-42c6-a7b1-de29475cc753:92:232
2026-10-04 18:53:49.266998 [I:onnxruntime:, webgpu_execution_provider.cc:666 GetCapability] webgpu kernel not found in registries for Op type: Unsqueeze node name: /model/layers.11/self_attn/Unsqueeze_24 ebaee2e1-06be-42c6-a7b1-de29475cc753:92:232
2026-10-04 18:53:49.267999 [I:onnxruntime:, webgpu_execution_provider.cc:666 GetCapability] webgpu kernel not found in registries for Op type: Concat node name: /model/layers.11/self_attn/Concat_10 ebaee2e1-06be-42c6-a7b1-de29475cc753:92:232
2026-10-04 18:53:49.267999 [I:onnxruntime:, webgpu_execution_provider.cc:666 GetCapability] webgpu kernel not found in registries for Op type: Unsqueeze node name: /model/layers.11/self_attn/Unsqueeze_21 ebaee2e1-06be-42c6-a7b1-de29475cc753:92:232
2026-10-04 18:53:49.267999 [I:onnxruntime:, webgpu_execution_provider.cc:666 GetCapability] webgpu kernel not found in registries for Op type: Concat node name: /model/layers.11/self_attn/Concat_9 ebaee2e1-06be-42c6-a7b1-de29475cc753:92:232
2026-10-04 18:53:49.268999 [I:onnxruntime:, webgpu_execution_provider.cc:666 GetCapability] webgpu kernel not found in registries for Op type: Reshape node name: /model/layers.11/self_attn/Reshape_5 ebaee2e1-06be-42c6-a7b1-de29475cc753:92:232
2026-10-04 18:53:49.268999 [I:onnxruntime:, webgpu_execution_provider.cc:666 GetCapability] webgpu kernel not found in registries for Op type: Equal node name: /model/layers.11/self_attn/Equal_1 ebaee2e1-06be-42c6-a7b1-de29475cc753:92:232
2026-10-04 18:53:49.268999 [I:onnxruntime:, webgpu_execution_provider.cc:666 GetCapability] webgpu kernel not found in registries for Op type: Where node name: /model/layers.11/self_attn/Where_1 ebaee2e1-06be-42c6-a7b1-de29475cc753:92:232
2026-10-04 18:53:49.306998 [I:onnxruntime:, graph.cc:5673 CleanUnusedInitializersAndNodeArgs] Removing NodeArg 'Transpose_token_49_out0'. It is no longer used by any node. ebaee2e1-06be-42c6-a7b1-de29475cc753:92:232
2026-10-04 18:53:49.306998 [I:onnxruntime:, graph.cc:5673 CleanUnusedInitializersAndNodeArgs] Removing NodeArg 'Transpose_token_48_out0'. It is no longer used by any node. ebaee2e1-06be-42c6-a7b1-de29475cc753:92:232
2026-10-04 18:53:49.307999 [I:onnxruntime:, graph.cc:5673 CleanUnusedInitializersAndNodeArgs] Removing NodeArg 'Transpose_token_47_out0'. It is no longer used by any node. ebaee2e1-06be-42c6-a7b1-de29475cc753:92:232
2026-10-04 18:53:49.309998 [I:onnxruntime:, graph.cc:5673 CleanUnusedInitializersAndNodeArgs] Removing NodeArg 'Transpose_token_46_out0'. It is no longer used by any node. ebaee2e1-06be-42c6-a7b1-de29475cc753:92:232
2026-10-04 18:53:49.352999 [I:onnxruntime:, inference_session.cc:1922 TransformGraph] Running graph optimizations in loop 1 time/s (Graph Optimizations Loop Level : 1) ebaee2e1-06be-42c6-a7b1-de29475cc753:92:232
2026-10-04 18:53:49.356999 [V:onnxruntime:, graph_transformer_mgr.cc:35 ApplyTransformers] Applying 32 graph transformer(s) for level 2 for up to 10 step(s). ebaee2e1-06be-42c6-a7b1-de29475cc753:92:232
2026-10-04 18:53:49.356999 [V:onnxruntime:, graph_transformer_mgr.cc:43 ApplyTransformers] Graph transformer step 1 of 10 for level 2 started. ebaee2e1-06be-42c6-a7b1-de29475cc753:92:232
2026-10-04 18:53:49.357998 [V:onnxruntime:, graph_transformer_mgr.cc:55 ApplyTransformers] Applying graph transformer Level2_RuleBasedTransformer on step 1. ebaee2e1-06be-42c6-a7b1-de29475cc753:92:232
2026-10-04 18:53:49.358999 [I:onnxruntime:, graph_transformer.cc:15 Apply] GraphTransformer Level2_RuleBasedTransformer modified: 0 with status: OK ebaee2e1-06be-42c6-a7b1-de29475cc753:92:232
2026-10-04 18:53:49.358999 [V:onnxruntime:, graph_transformer_mgr.cc:55 ApplyTransformers] Applying graph transformer TransposeOptimizer_CPUExecutionProvider on step 1. ebaee2e1-06be-42c6-a7b1-de29475cc753:92:232
2026-10-04 18:53:49.364999 [I:onnxruntime:, graph_transformer.cc:15 Apply] GraphTransformer TransposeOptimizer_CPUExecutionProvider modified: 0 with status: OK ebaee2e1-06be-42c6-a7b1-de29475cc753:92:232
2026-10-04 18:53:49.365998 [V:onnxruntime:, graph_transformer_mgr.cc:55 ApplyTransformers] Applying graph transformer QDQS8ToU8Transformer on step 1. ebaee2e1-06be-42c6-a7b1-de29475cc753:92:232
2026-10-04 18:53:49.366999 [I:onnxruntime:, graph_transformer.cc:15 Apply] GraphTransformer QDQS8ToU8Transformer modified: 0 with status: OK ebaee2e1-06be-42c6-a7b1-de29475cc753:92:232
2026-10-04 18:53:49.367999 [V:onnxruntime:, graph_transformer_mgr.cc:55 ApplyTransformers] Applying graph transformer QDQSelectorActionTransformer on step 1. ebaee2e1-06be-42c6-a7b1-de29475cc753:92:232
2026-10-04 18:53:49.368999 [I:onnxruntime:, graph_transformer.cc:15 Apply] GraphTransformer QDQSelectorActionTransformer modified: 0 with status: OK ebaee2e1-06be-42c6-a7b1-de29475cc753:92:232
2026-10-04 18:53:49.369998 [V:onnxruntime:, graph_transformer_mgr.cc:55 ApplyTransformers] Applying graph transformer GemmActivationFusion on step 1. ebaee2e1-06be-42c6-a7b1-de29475cc753:92:232
2026-10-04 18:53:49.370998 [I:onnxruntime:, graph_transformer.cc:15 Apply] GraphTransformer GemmActivationFusion modified: 0 with status: OK ebaee2e1-06be-42c6-a7b1-de29475cc753:92:232
2026-10-04 18:53:49.370998 [V:onnxruntime:, graph_transformer_mgr.cc:55 ApplyTransformers] Applying graph transformer MatMulIntegerToFloatFusion on step 1. ebaee2e1-06be-42c6-a7b1-de29475cc753:92:232
2026-10-04 18:53:49.371999 [I:onnxruntime:, graph_transformer.cc:15 Apply] GraphTransformer MatMulIntegerToFloatFusion modified: 0 with status: OK ebaee2e1-06be-42c6-a7b1-de29475cc753:92:232
2026-10-04 18:53:49.371999 [V:onnxruntime:, graph_transformer_mgr.cc:55 ApplyTransformers] Applying graph transformer DynamicQuantizeMatMulFusion on step 1. ebaee2e1-06be-42c6-a7b1-de29475cc753:92:232
2026-10-04 18:53:49.372999 [I:onnxruntime:, graph_transformer.cc:15 Apply] GraphTransformer DynamicQuantizeMatMulFusion modified: 0 with status: OK ebaee2e1-06be-42c6-a7b1-de29475cc753:92:232
2026-10-04 18:53:49.372999 [V:onnxruntime:, graph_transformer_mgr.cc:55 ApplyTransformers] Applying graph transformer ConvActivationFusion on step 1. ebaee2e1-06be-42c6-a7b1-de29475cc753:92:232
2026-10-04 18:53:49.374999 [I:onnxruntime:, graph_transformer.cc:15 Apply] GraphTransformer ConvActivationFusion modified: 0 with status: OK ebaee2e1-06be-42c6-a7b1-de29475cc753:92:232
2026-10-04 18:53:49.374999 [V:onnxruntime:, graph_transformer_mgr.cc:55 ApplyTransformers] Applying graph transformer GeluFusionL2 on step 1. ebaee2e1-06be-42c6-a7b1-de29475cc753:92:232
2026-10-04 18:53:49.375999 [I:onnxruntime:, graph_transformer.cc:15 Apply] GraphTransformer GeluFusionL2 modified: 0 with status: OK ebaee2e1-06be-42c6-a7b1-de29475cc753:92:232
2026-10-04 18:53:49.375999 [V:onnxruntime:, graph_transformer_mgr.cc:55 ApplyTransformers] Applying graph transformer LayerNormFusionL2 on step 1. ebaee2e1-06be-42c6-a7b1-de29475cc753:92:232
2026-10-04 18:53:49.376999 [I:onnxruntime:, graph_transformer.cc:15 Apply] GraphTransformer LayerNormFusionL2 modified: 0 with status: OK ebaee2e1-06be-42c6-a7b1-de29475cc753:92:232
2026-10-04 18:53:49.376999 [V:onnxruntime:, graph_transformer_mgr.cc:55 ApplyTransformers] Applying graph transformer SimplifiedLayerNormFusion on step 1. ebaee2e1-06be-42c6-a7b1-de29475cc753:92:232
2026-10-04 18:53:49.378998 [I:onnxruntime:, graph_transformer.cc:15 Apply] GraphTransformer SimplifiedLayerNormFusion modified: 0 with status: OK ebaee2e1-06be-42c6-a7b1-de29475cc753:92:232
2026-10-04 18:53:49.378998 [V:onnxruntime:, graph_transformer_mgr.cc:55 ApplyTransformers] Applying graph transformer AttentionFusion on step 1. ebaee2e1-06be-42c6-a7b1-de29475cc753:92:232
2026-10-04 18:53:49.381998 [I:onnxruntime:, graph_transformer.cc:15 Apply] GraphTransformer AttentionFusion modified: 0 with status: OK ebaee2e1-06be-42c6-a7b1-de29475cc753:92:232
2026-10-04 18:53:49.382999 [V:onnxruntime:, graph_transformer_mgr.cc:55 ApplyTransformers] Applying graph transformer EmbedLayerNormFusion on step 1. ebaee2e1-06be-42c6-a7b1-de29475cc753:92:232
2026-10-04 18:53:49.383999 [I:onnxruntime:, graph_transformer.cc:15 Apply] GraphTransformer EmbedLayerNormFusion modified: 0 with status: OK ebaee2e1-06be-42c6-a7b1-de29475cc753:92:232
2026-10-04 18:53:49.384999 [V:onnxruntime:, graph_transformer_mgr.cc:55 ApplyTransformers] Applying graph transformer GatherSliceToSplitFusion on step 1. ebaee2e1-06be-42c6-a7b1-de29475cc753:92:232
2026-10-04 18:53:49.385998 [I:onnxruntime:, graph_transformer.cc:15 Apply] GraphTransformer GatherSliceToSplitFusion modified: 0 with status: OK ebaee2e1-06be-42c6-a7b1-de29475cc753:92:232
2026-10-04 18:53:49.386998 [V:onnxruntime:, graph_transformer_mgr.cc:55 ApplyTransformers] Applying graph transformer GatherToSliceFusion on step 1. ebaee2e1-06be-42c6-a7b1-de29475cc753:92:232
2026-10-04 18:53:49.387999 [I:onnxruntime:, graph_transformer.cc:15 Apply] GraphTransformer GatherToSliceFusion modified: 0 with status: OK ebaee2e1-06be-42c6-a7b1-de29475cc753:92:232
2026-10-04 18:53:49.387999 [V:onnxruntime:, graph_transformer_mgr.cc:55 ApplyTransformers] Applying graph transformer MatmulTransposeFusion on step 1. ebaee2e1-06be-42c6-a7b1-de29475cc753:92:232
2026-10-04 18:53:49.388999 [I:onnxruntime:, graph_transformer.cc:15 Apply] GraphTransformer MatmulTransposeFusion modified: 0 with status: OK ebaee2e1-06be-42c6-a7b1-de29475cc753:92:232
2026-10-04 18:53:49.388999 [V:onnxruntime:, graph_transformer_mgr.cc:55 ApplyTransformers] Applying graph transformer BiasGeluFusion on step 1. ebaee2e1-06be-42c6-a7b1-de29475cc753:92:232
2026-10-04 18:53:49.389998 [I:onnxruntime:, graph_transformer.cc:15 Apply] GraphTransformer BiasGeluFusion modified: 0 with status: OK ebaee2e1-06be-42c6-a7b1-de29475cc753:92:232
2026-10-04 18:53:49.390999 [V:onnxruntime:, graph_transformer_mgr.cc:55 ApplyTransformers] Applying graph transformer GroupQueryAttentionFusion on step 1. ebaee2e1-06be-42c6-a7b1-de29475cc753:92:232
2026-10-04 18:53:49.390999 [I:onnxruntime:, graph_transformer.cc:15 Apply] GraphTransformer GroupQueryAttentionFusion modified: 0 with status: OK ebaee2e1-06be-42c6-a7b1-de29475cc753:92:232
2026-10-04 18:53:49.391999 [V:onnxruntime:, graph_transformer_mgr.cc:55 ApplyTransformers] Applying graph transformer MatMulAddFusion on step 1. ebaee2e1-06be-42c6-a7b1-de29475cc753:92:232
2026-10-04 18:53:49.391999 [I:onnxruntime:, graph_transformer.cc:15 Apply] GraphTransformer MatMulAddFusion modified: 0 with status: OK ebaee2e1-06be-42c6-a7b1-de29475cc753:92:232
2026-10-04 18:53:49.392999 [V:onnxruntime:, graph_transformer_mgr.cc:55 ApplyTransformers] Applying graph transformer SkipLayerNormFusion on step 1. ebaee2e1-06be-42c6-a7b1-de29475cc753:92:232
2026-10-04 18:53:49.393998 [I:onnxruntime:, graph_transformer.cc:15 Apply] GraphTransformer SkipLayerNormFusion modified: 0 with status: OK ebaee2e1-06be-42c6-a7b1-de29475cc753:92:232
2026-10-04 18:53:49.393998 [V:onnxruntime:, graph_transformer_mgr.cc:55 ApplyTransformers] Applying graph transformer BiasSkipLayerNormFusion on step 1. ebaee2e1-06be-42c6-a7b1-de29475cc753:92:232
2026-10-04 18:53:49.394998 [I:onnxruntime:, graph_transformer.cc:15 Apply] GraphTransformer BiasSkipLayerNormFusion modified: 0 with status: OK ebaee2e1-06be-42c6-a7b1-de29475cc753:92:232
2026-10-04 18:53:49.395999 [V:onnxruntime:, graph_transformer_mgr.cc:55 ApplyTransformers] Applying graph transformer FastGeluFusion on step 1. ebaee2e1-06be-42c6-a7b1-de29475cc753:92:232
2026-10-04 18:53:49.398999 [I:onnxruntime:, graph_transformer.cc:15 Apply] GraphTransformer FastGeluFusion modified: 0 with status: OK ebaee2e1-06be-42c6-a7b1-de29475cc753:92:232
2026-10-04 18:53:49.399999 [V:onnxruntime:, graph_transformer_mgr.cc:55 ApplyTransformers] Applying graph transformer QuickGeluFusion on step 1. ebaee2e1-06be-42c6-a7b1-de29475cc753:92:232
2026-10-04 18:53:49.401998 [I:onnxruntime:, graph_transformer.cc:15 Apply] GraphTransformer QuickGeluFusion modified: 1 with status: OK ebaee2e1-06be-42c6-a7b1-de29475cc753:92:232
2026-10-04 18:53:49.444999 [V:onnxruntime:, graph_transformer_mgr.cc:55 ApplyTransformers] Applying graph transformer BiasSoftmaxFusion on step 1. ebaee2e1-06be-42c6-a7b1-de29475cc753:92:232
2026-10-04 18:53:49.447999 [I:onnxruntime:, graph_transformer.cc:15 Apply] GraphTransformer BiasSoftmaxFusion modified: 0 with status: OK ebaee2e1-06be-42c6-a7b1-de29475cc753:92:232
2026-10-04 18:53:49.448999 [V:onnxruntime:, graph_transformer_mgr.cc:55 ApplyTransformers] Applying graph transformer BiasDropoutFusion on step 1. ebaee2e1-06be-42c6-a7b1-de29475cc753:92:232
2026-10-04 18:53:49.449998 [I:onnxruntime:, graph_transformer.cc:15 Apply] GraphTransformer BiasDropoutFusion modified: 0 with status: OK ebaee2e1-06be-42c6-a7b1-de29475cc753:92:232
2026-10-04 18:53:49.450998 [V:onnxruntime:, graph_transformer_mgr.cc:55 ApplyTransformers] Applying graph transformer MatMulScaleFusion on step 1. ebaee2e1-06be-42c6-a7b1-de29475cc753:92:232
2026-10-04 18:53:49.451999 [I:onnxruntime:, graph_transformer.cc:15 Apply] GraphTransformer MatMulScaleFusion modified: 0 with status: OK ebaee2e1-06be-42c6-a7b1-de29475cc753:92:232
2026-10-04 18:53:49.451999 [V:onnxruntime:, graph_transformer_mgr.cc:55 ApplyTransformers] Applying graph transformer MatMulActivationFusion on step 1. ebaee2e1-06be-42c6-a7b1-de29475cc753:92:232
2026-10-04 18:53:49.452999 [I:onnxruntime:, graph_transformer.cc:15 Apply] GraphTransformer MatMulActivationFusion modified: 0 with status: OK ebaee2e1-06be-42c6-a7b1-de29475cc753:92:232
2026-10-04 18:53:49.454999 [V:onnxruntime:, graph_transformer_mgr.cc:55 ApplyTransformers] Applying graph transformer MatMulNBitsFusion on step 1. ebaee2e1-06be-42c6-a7b1-de29475cc753:92:232
2026-10-04 18:53:49.456999 [I:onnxruntime:, graph_transformer.cc:15 Apply] GraphTransformer MatMulNBitsFusion modified: 0 with status: OK ebaee2e1-06be-42c6-a7b1-de29475cc753:92:232
2026-10-04 18:53:49.456999 [V:onnxruntime:, graph_transformer_mgr.cc:55 ApplyTransformers] Applying graph transformer GroupQueryAttentionPreNormFusion on step 1. ebaee2e1-06be-42c6-a7b1-de29475cc753:92:232
2026-10-04 18:53:49.457998 [I:onnxruntime:, graph_transformer.cc:15 Apply] GraphTransformer GroupQueryAttentionPreNormFusion modified: 0 with status: OK ebaee2e1-06be-42c6-a7b1-de29475cc753:92:232
2026-10-04 18:53:49.457998 [V:onnxruntime:, graph_transformer_mgr.cc:55 ApplyTransformers] Applying graph transformer MatMulNBitsMlpFusion on step 1. ebaee2e1-06be-42c6-a7b1-de29475cc753:92:232
2026-10-04 18:53:49.458998 [V:onnxruntime:, matmul_nbits_mlp_fusion.cc:339 ApplyImpl] MatMulNBitsMlpFusion: matched candidate shape='quick_gelu' output_mul='/model/layers.0/mlp/Mul' gate='/model/layers.0/mlp/gate_proj/MatMul_Q4' up='/model/layers.0/mlp/up_proj/MatMul_Q4' attrs={K=512, N=1920, bits=4, block_size=32, accuracy_level=0} ebaee2e1-06be-42c6-a7b1-de29475cc753:92:232
2026-10-04 18:53:49.459999 [V:onnxruntime:, matmul_nbits_mlp_fusion.cc:339 ApplyImpl] MatMulNBitsMlpFusion: matched candidate shape='quick_gelu' output_mul='/model/layers.1/mlp/Mul' gate='/model/layers.1/mlp/gate_proj/MatMul_Q4' up='/model/layers.1/mlp/up_proj/MatMul_Q4' attrs={K=512, N=1920, bits=4, block_size=32, accuracy_level=0} ebaee2e1-06be-42c6-a7b1-de29475cc753:92:232
2026-10-04 18:53:49.459999 [V:onnxruntime:, matmul_nbits_mlp_fusion.cc:339 ApplyImpl] MatMulNBitsMlpFusion: matched candidate shape='quick_gelu' output_mul='/model/layers.2/mlp/Mul' gate='/model/layers.2/mlp/gate_proj/MatMul_Q4' up='/model/layers.2/mlp/up_proj/MatMul_Q4' attrs={K=512, N=1920, bits=4, block_size=32, accuracy_level=0} ebaee2e1-06be-42c6-a7b1-de29475cc753:92:232
2026-10-04 18:53:49.460999 [V:onnxruntime:, matmul_nbits_mlp_fusion.cc:339 ApplyImpl] MatMulNBitsMlpFusion: matched candidate shape='quick_gelu' output_mul='/model/layers.3/mlp/Mul' gate='/model/layers.3/mlp/gate_proj/MatMul_Q4' up='/model/layers.3/mlp/up_proj/MatMul_Q4' attrs={K=512, N=1920, bits=4, block_size=32, accuracy_level=0} ebaee2e1-06be-42c6-a7b1-de29475cc753:92:232
2026-10-04 18:53:49.460999 [V:onnxruntime:, matmul_nbits_mlp_fusion.cc:339 ApplyImpl] MatMulNBitsMlpFusion: matched candidate shape='quick_gelu' output_mul='/model/layers.4/mlp/Mul' gate='/model/layers.4/mlp/gate_proj/MatMul_Q4' up='/model/layers.4/mlp/up_proj/MatMul_Q4' attrs={K=512, N=1920, bits=4, block_size=32, accuracy_level=0} ebaee2e1-06be-42c6-a7b1-de29475cc753:92:232
2026-10-04 18:53:49.460999 [V:onnxruntime:, matmul_nbits_mlp_fusion.cc:339 ApplyImpl] MatMulNBitsMlpFusion: matched candidate shape='quick_gelu' output_mul='/model/layers.5/mlp/Mul' gate='/model/layers.5/mlp/gate_proj/MatMul_Q4' up='/model/layers.5/mlp/up_proj/MatMul_Q4' attrs={K=512, N=1920, bits=4, block_size=32, accuracy_level=0} ebaee2e1-06be-42c6-a7b1-de29475cc753:92:232
2026-10-04 18:53:49.461998 [V:onnxruntime:, matmul_nbits_mlp_fusion.cc:339 ApplyImpl] MatMulNBitsMlpFusion: matched candidate shape='quick_gelu' output_mul='/model/layers.6/mlp/Mul' gate='/model/layers.6/mlp/gate_proj/MatMul_Q4' up='/model/layers.6/mlp/up_proj/MatMul_Q4' attrs={K=512, N=1920, bits=4, block_size=32, accuracy_level=0} ebaee2e1-06be-42c6-a7b1-de29475cc753:92:232
2026-10-04 18:53:49.461998 [V:onnxruntime:, matmul_nbits_mlp_fusion.cc:339 ApplyImpl] MatMulNBitsMlpFusion: matched candidate shape='quick_gelu' output_mul='/model/layers.7/mlp/Mul' gate='/model/layers.7/mlp/gate_proj/MatMul_Q4' up='/model/layers.7/mlp/up_proj/MatMul_Q4' attrs={K=512, N=1920, bits=4, block_size=32, accuracy_level=0} ebaee2e1-06be-42c6-a7b1-de29475cc753:92:232
2026-10-04 18:53:49.462999 [V:onnxruntime:, matmul_nbits_mlp_fusion.cc:339 ApplyImpl] MatMulNBitsMlpFusion: matched candidate shape='quick_gelu' output_mul='/model/layers.8/mlp/Mul' gate='/model/layers.8/mlp/gate_proj/MatMul_Q4' up='/model/layers.8/mlp/up_proj/MatMul_Q4' attrs={K=512, N=1920, bits=4, block_size=32, accuracy_level=0} ebaee2e1-06be-42c6-a7b1-de29475cc753:92:232
2026-10-04 18:53:49.462999 [V:onnxruntime:, matmul_nbits_mlp_fusion.cc:339 ApplyImpl] MatMulNBitsMlpFusion: matched candidate shape='quick_gelu' output_mul='/model/layers.9/mlp/Mul' gate='/model/layers.9/mlp/gate_proj/MatMul_Q4' up='/model/layers.9/mlp/up_proj/MatMul_Q4' attrs={K=512, N=1920, bits=4, block_size=32, accuracy_level=0} ebaee2e1-06be-42c6-a7b1-de29475cc753:92:232
2026-10-04 18:53:49.463999 [V:onnxruntime:, matmul_nbits_mlp_fusion.cc:339 ApplyImpl] MatMulNBitsMlpFusion: matched candidate shape='quick_gelu' output_mul='/model/layers.10/mlp/Mul' gate='/model/layers.10/mlp/gate_proj/MatMul_Q4' up='/model/layers.10/mlp/up_proj/MatMul_Q4' attrs={K=512, N=1920, bits=4, block_size=32, accuracy_level=0} ebaee2e1-06be-42c6-a7b1-de29475cc753:92:232
2026-10-04 18:53:49.463999 [V:onnxruntime:, matmul_nbits_mlp_fusion.cc:339 ApplyImpl] MatMulNBitsMlpFusion: matched candidate shape='quick_gelu' output_mul='/model/layers.11/mlp/Mul' gate='/model/layers.11/mlp/gate_proj/MatMul_Q4' up='/model/layers.11/mlp/up_proj/MatMul_Q4' attrs={K=512, N=1920, bits=4, block_size=32, accuracy_level=0} ebaee2e1-06be-42c6-a7b1-de29475cc753:92:232
2026-10-04 18:53:49.463999 [I:onnxruntime:, graph_transformer.cc:15 Apply] GraphTransformer MatMulNBitsMlpFusion modified: 0 with status: OK ebaee2e1-06be-42c6-a7b1-de29475cc753:92:232
2026-10-04 18:53:49.464999 [V:onnxruntime:, graph_transformer_mgr.cc:55 ApplyTransformers] Applying graph transformer MatMulNBitsQkvFusion on step 1. ebaee2e1-06be-42c6-a7b1-de29475cc753:92:232
2026-10-04 18:53:49.465998 [I:onnxruntime:, graph_transformer.cc:15 Apply] GraphTransformer MatMulNBitsQkvFusion modified: 0 with status: OK ebaee2e1-06be-42c6-a7b1-de29475cc753:92:232
2026-10-04 18:53:49.465998 [V:onnxruntime:, graph_transformer_mgr.cc:55 ApplyTransformers] Applying graph transformer QDQFinalCleanupTransformer on step 1. ebaee2e1-06be-42c6-a7b1-de29475cc753:92:232
2026-10-04 18:53:49.467999 [I:onnxruntime:, graph_transformer.cc:15 Apply] GraphTransformer QDQFinalCleanupTransformer modified: 0 with status: OK ebaee2e1-06be-42c6-a7b1-de29475cc753:92:232
2026-10-04 18:53:49.467999 [V:onnxruntime:, graph_transformer_mgr.cc:62 ApplyTransformers] Graph transformer step 1 of 10 for level 2 completed. graph_changed: 1. ebaee2e1-06be-42c6-a7b1-de29475cc753:92:232
2026-10-04 18:53:49.471999 [V:onnxruntime:, graph_transformer_mgr.cc:43 ApplyTransformers] Graph transformer step 2 of 10 for level 2 started. ebaee2e1-06be-42c6-a7b1-de29475cc753:92:232
2026-10-04 18:53:49.471999 [V:onnxruntime:, graph_transformer_mgr.cc:55 ApplyTransformers] Applying graph transformer Level2_RuleBasedTransformer on step 2. ebaee2e1-06be-42c6-a7b1-de29475cc753:92:232
2026-10-04 18:53:49.472999 [I:onnxruntime:, graph_transformer.cc:15 Apply] GraphTransformer Level2_RuleBasedTransformer modified: 0 with status: OK ebaee2e1-06be-42c6-a7b1-de29475cc753:92:232
2026-10-04 18:53:49.472999 [V:onnxruntime:, graph_transformer_mgr.cc:49 ApplyTransformers] Skipping graph transformer TransposeOptimizer_CPUExecutionProvider on step 2 because it should only apply once. ebaee2e1-06be-42c6-a7b1-de29475cc753:92:232
2026-10-04 18:53:49.472999 [V:onnxruntime:, graph_transformer_mgr.cc:55 ApplyTransformers] Applying graph transformer QDQS8ToU8Transformer on step 2. ebaee2e1-06be-42c6-a7b1-de29475cc753:92:232
2026-10-04 18:53:49.474998 [I:onnxruntime:, graph_transformer.cc:15 Apply] GraphTransformer QDQS8ToU8Transformer modified: 0 with status: OK ebaee2e1-06be-42c6-a7b1-de29475cc753:92:232
2026-10-04 18:53:49.474998 [V:onnxruntime:, graph_transformer_mgr.cc:55 ApplyTransformers] Applying graph transformer QDQSelectorActionTransformer on step 2. ebaee2e1-06be-42c6-a7b1-de29475cc753:92:232
2026-10-04 18:53:49.476999 [I:onnxruntime:, graph_transformer.cc:15 Apply] GraphTransformer QDQSelectorActionTransformer modified: 0 with status: OK ebaee2e1-06be-42c6-a7b1-de29475cc753:92:232
2026-10-04 18:53:49.476999 [V:onnxruntime:, graph_transformer_mgr.cc:55 ApplyTransformers] Applying graph transformer GemmActivationFusion on step 2. ebaee2e1-06be-42c6-a7b1-de29475cc753:92:232
2026-10-04 18:53:49.477998 [I:onnxruntime:, graph_transformer.cc:15 Apply] GraphTransformer GemmActivationFusion modified: 0 with status: OK ebaee2e1-06be-42c6-a7b1-de29475cc753:92:232
2026-10-04 18:53:49.478999 [V:onnxruntime:, graph_transformer_mgr.cc:55 ApplyTransformers] Applying graph transformer MatMulIntegerToFloatFusion on step 2. ebaee2e1-06be-42c6-a7b1-de29475cc753:92:232
2026-10-04 18:53:49.480999 [I:onnxruntime:, graph_transformer.cc:15 Apply] GraphTransformer MatMulIntegerToFloatFusion modified: 0 with status: OK ebaee2e1-06be-42c6-a7b1-de29475cc753:92:232
2026-10-04 18:53:49.480999 [V:onnxruntime:, graph_transformer_mgr.cc:55 ApplyTransformers] Applying graph transformer DynamicQuantizeMatMulFusion on step 2. ebaee2e1-06be-42c6-a7b1-de29475cc753:92:232
2026-10-04 18:53:49.481998 [I:onnxruntime:, graph_transformer.cc:15 Apply] GraphTransformer DynamicQuantizeMatMulFusion modified: 0 with status: OK ebaee2e1-06be-42c6-a7b1-de29475cc753:92:232
2026-10-04 18:53:49.482998 [V:onnxruntime:, graph_transformer_mgr.cc:55 ApplyTransformers] Applying graph transformer ConvActivationFusion on step 2. ebaee2e1-06be-42c6-a7b1-de29475cc753:92:232
2026-10-04 18:53:49.484999 [I:onnxruntime:, graph_transformer.cc:15 Apply] GraphTransformer ConvActivationFusion modified: 0 with status: OK ebaee2e1-06be-42c6-a7b1-de29475cc753:92:232
2026-10-04 18:53:49.484999 [V:onnxruntime:, graph_transformer_mgr.cc:55 ApplyTransformers] Applying graph transformer GeluFusionL2 on step 2. ebaee2e1-06be-42c6-a7b1-de29475cc753:92:232
2026-10-04 18:53:49.485998 [I:onnxruntime:, graph_transformer.cc:15 Apply] GraphTransformer GeluFusionL2 modified: 0 with status: OK ebaee2e1-06be-42c6-a7b1-de29475cc753:92:232
2026-10-04 18:53:49.485998 [V:onnxruntime:, graph_transformer_mgr.cc:55 ApplyTransformers] Applying graph transformer LayerNormFusionL2 on step 2. ebaee2e1-06be-42c6-a7b1-de29475cc753:92:232
2026-10-04 18:53:49.486999 [I:onnxruntime:, graph_transformer.cc:15 Apply] GraphTransformer LayerNormFusionL2 modified: 0 with status: OK ebaee2e1-06be-42c6-a7b1-de29475cc753:92:232
2026-10-04 18:53:49.486999 [V:onnxruntime:, graph_transformer_mgr.cc:55 ApplyTransformers] Applying graph transformer SimplifiedLayerNormFusion on step 2. ebaee2e1-06be-42c6-a7b1-de29475cc753:92:232
2026-10-04 18:53:49.487999 [I:onnxruntime:, graph_transformer.cc:15 Apply] GraphTransformer SimplifiedLayerNormFusion modified: 0 with status: OK ebaee2e1-06be-42c6-a7b1-de29475cc753:92:232
2026-10-04 18:53:49.487999 [V:onnxruntime:, graph_transformer_mgr.cc:55 ApplyTransformers] Applying graph transformer AttentionFusion on step 2. ebaee2e1-06be-42c6-a7b1-de29475cc753:92:232
2026-10-04 18:53:49.488999 [I:onnxruntime:, graph_transformer.cc:15 Apply] GraphTransformer AttentionFusion modified: 0 with status: OK ebaee2e1-06be-42c6-a7b1-de29475cc753:92:232
2026-10-04 18:53:49.488999 [V:onnxruntime:, graph_transformer_mgr.cc:55 ApplyTransformers] Applying graph transformer EmbedLayerNormFusion on step 2. ebaee2e1-06be-42c6-a7b1-de29475cc753:92:232
2026-10-04 18:53:49.489998 [I:onnxruntime:, graph_transformer.cc:15 Apply] GraphTransformer EmbedLayerNormFusion modified: 0 with status: OK ebaee2e1-06be-42c6-a7b1-de29475cc753:92:232
2026-10-04 18:53:49.489998 [V:onnxruntime:, graph_transformer_mgr.cc:55 ApplyTransformers] Applying graph transformer GatherSliceToSplitFusion on step 2. ebaee2e1-06be-42c6-a7b1-de29475cc753:92:232
2026-10-04 18:53:49.491999 [I:onnxruntime:, graph_transformer.cc:15 Apply] GraphTransformer GatherSliceToSplitFusion modified: 0 with status: OK ebaee2e1-06be-42c6-a7b1-de29475cc753:92:232
2026-10-04 18:53:49.491999 [V:onnxruntime:, graph_transformer_mgr.cc:55 ApplyTransformers] Applying graph transformer GatherToSliceFusion on step 2. ebaee2e1-06be-42c6-a7b1-de29475cc753:92:232
2026-10-04 18:53:49.492999 [I:onnxruntime:, graph_transformer.cc:15 Apply] GraphTransformer GatherToSliceFusion modified: 0 with status: OK ebaee2e1-06be-42c6-a7b1-de29475cc753:92:232
2026-10-04 18:53:49.492999 [V:onnxruntime:, graph_transformer_mgr.cc:55 ApplyTransformers] Applying graph transformer MatmulTransposeFusion on step 2. ebaee2e1-06be-42c6-a7b1-de29475cc753:92:232
2026-10-04 18:53:49.493998 [I:onnxruntime:, graph_transformer.cc:15 Apply] GraphTransformer MatmulTransposeFusion modified: 0 with status: OK ebaee2e1-06be-42c6-a7b1-de29475cc753:92:232
2026-10-04 18:53:49.494999 [V:onnxruntime:, graph_transformer_mgr.cc:55 ApplyTransformers] Applying graph transformer BiasGeluFusion on step 2. ebaee2e1-06be-42c6-a7b1-de29475cc753:92:232
2026-10-04 18:53:49.495999 [I:onnxruntime:, graph_transformer.cc:15 Apply] GraphTransformer BiasGeluFusion modified: 0 with status: OK ebaee2e1-06be-42c6-a7b1-de29475cc753:92:232
2026-10-04 18:53:49.496999 [V:onnxruntime:, graph_transformer_mgr.cc:55 ApplyTransformers] Applying graph transformer GroupQueryAttentionFusion on step 2. ebaee2e1-06be-42c6-a7b1-de29475cc753:92:232
2026-10-04 18:53:49.497998 [I:onnxruntime:, graph_transformer.cc:15 Apply] GraphTransformer GroupQueryAttentionFusion modified: 0 with status: OK ebaee2e1-06be-42c6-a7b1-de29475cc753:92:232
2026-10-04 18:53:49.497998 [V:onnxruntime:, graph_transformer_mgr.cc:55 ApplyTransformers] Applying graph transformer MatMulAddFusion on step 2. ebaee2e1-06be-42c6-a7b1-de29475cc753:92:232
2026-10-04 18:53:49.499999 [I:onnxruntime:, graph_transformer.cc:15 Apply] GraphTransformer MatMulAddFusion modified: 0 with status: OK ebaee2e1-06be-42c6-a7b1-de29475cc753:92:232
2026-10-04 18:53:49.499999 [V:onnxruntime:, graph_transformer_mgr.cc:55 ApplyTransformers] Applying graph transformer SkipLayerNormFusion on step 2. ebaee2e1-06be-42c6-a7b1-de29475cc753:92:232
2026-10-04 18:53:49.501998 [I:onnxruntime:, graph_transformer.cc:15 Apply] GraphTransformer SkipLayerNormFusion modified: 0 with status: OK ebaee2e1-06be-42c6-a7b1-de29475cc753:92:232
2026-10-04 18:53:49.501998 [V:onnxruntime:, graph_transformer_mgr.cc:55 ApplyTransformers] Applying graph transformer BiasSkipLayerNormFusion on step 2. ebaee2e1-06be-42c6-a7b1-de29475cc753:92:232
2026-10-04 18:53:49.502999 [I:onnxruntime:, graph_transformer.cc:15 Apply] GraphTransformer BiasSkipLayerNormFusion modified: 0 with status: OK ebaee2e1-06be-42c6-a7b1-de29475cc753:92:232
2026-10-04 18:53:49.503999 [V:onnxruntime:, graph_transformer_mgr.cc:55 ApplyTransformers] Applying graph transformer FastGeluFusion on step 2. ebaee2e1-06be-42c6-a7b1-de29475cc753:92:232
2026-10-04 18:53:49.504999 [I:onnxruntime:, graph_transformer.cc:15 Apply] GraphTransformer FastGeluFusion modified: 0 with status: OK ebaee2e1-06be-42c6-a7b1-de29475cc753:92:232
2026-10-04 18:53:49.504999 [V:onnxruntime:, graph_transformer_mgr.cc:55 ApplyTransformers] Applying graph transformer QuickGeluFusion on step 2. ebaee2e1-06be-42c6-a7b1-de29475cc753:92:232
2026-10-04 18:53:49.505998 [I:onnxruntime:, graph_transformer.cc:15 Apply] GraphTransformer QuickGeluFusion modified: 0 with status: OK ebaee2e1-06be-42c6-a7b1-de29475cc753:92:232
2026-10-04 18:53:49.506998 [V:onnxruntime:, graph_transformer_mgr.cc:55 ApplyTransformers] Applying graph transformer BiasSoftmaxFusion on step 2. ebaee2e1-06be-42c6-a7b1-de29475cc753:92:232
2026-10-04 18:53:49.507999 [I:onnxruntime:, graph_transformer.cc:15 Apply] GraphTransformer BiasSoftmaxFusion modified: 0 with status: OK ebaee2e1-06be-42c6-a7b1-de29475cc753:92:232
2026-10-04 18:53:49.507999 [V:onnxruntime:, graph_transformer_mgr.cc:55 ApplyTransformers] Applying graph transformer BiasDropoutFusion on step 2. ebaee2e1-06be-42c6-a7b1-de29475cc753:92:232
2026-10-04 18:53:49.508999 [I:onnxruntime:, graph_transformer.cc:15 Apply] GraphTransformer BiasDropoutFusion modified: 0 with status: OK ebaee2e1-06be-42c6-a7b1-de29475cc753:92:232
2026-10-04 18:53:49.508999 [V:onnxruntime:, graph_transformer_mgr.cc:55 ApplyTransformers] Applying graph transformer MatMulScaleFusion on step 2. ebaee2e1-06be-42c6-a7b1-de29475cc753:92:232
2026-10-04 18:53:49.509998 [I:onnxruntime:, graph_transformer.cc:15 Apply] GraphTransformer MatMulScaleFusion modified: 0 with status: OK ebaee2e1-06be-42c6-a7b1-de29475cc753:92:232
2026-10-04 18:53:49.510999 [V:onnxruntime:, graph_transformer_mgr.cc:55 ApplyTransformers] Applying graph transformer MatMulActivationFusion on step 2. ebaee2e1-06be-42c6-a7b1-de29475cc753:92:232
2026-10-04 18:53:49.511999 [I:onnxruntime:, graph_transformer.cc:15 Apply] GraphTransformer MatMulActivationFusion modified: 0 with status: OK ebaee2e1-06be-42c6-a7b1-de29475cc753:92:232
2026-10-04 18:53:49.511999 [V:onnxruntime:, graph_transformer_mgr.cc:55 ApplyTransformers] Applying graph transformer MatMulNBitsFusion on step 2. ebaee2e1-06be-42c6-a7b1-de29475cc753:92:232
2026-10-04 18:53:49.513998 [I:onnxruntime:, graph_transformer.cc:15 Apply] GraphTransformer MatMulNBitsFusion modified: 0 with status: OK ebaee2e1-06be-42c6-a7b1-de29475cc753:92:232
2026-10-04 18:53:49.514998 [V:onnxruntime:, graph_transformer_mgr.cc:55 ApplyTransformers] Applying graph transformer GroupQueryAttentionPreNormFusion on step 2. ebaee2e1-06be-42c6-a7b1-de29475cc753:92:232
2026-10-04 18:53:49.515999 [I:onnxruntime:, graph_transformer.cc:15 Apply] GraphTransformer GroupQueryAttentionPreNormFusion modified: 0 with status: OK ebaee2e1-06be-42c6-a7b1-de29475cc753:92:232
2026-10-04 18:53:49.515999 [V:onnxruntime:, graph_transformer_mgr.cc:55 ApplyTransformers] Applying graph transformer MatMulNBitsMlpFusion on step 2. ebaee2e1-06be-42c6-a7b1-de29475cc753:92:232
2026-10-04 18:53:49.516999 [V:onnxruntime:, matmul_nbits_mlp_fusion.cc:339 ApplyImpl] MatMulNBitsMlpFusion: matched candidate shape='quick_gelu' output_mul='/model/layers.0/mlp/Mul' gate='/model/layers.0/mlp/gate_proj/MatMul_Q4' up='/model/layers.0/mlp/up_proj/MatMul_Q4' attrs={K=512, N=1920, bits=4, block_size=32, accuracy_level=0} ebaee2e1-06be-42c6-a7b1-de29475cc753:92:232
2026-10-04 18:53:49.516999 [V:onnxruntime:, matmul_nbits_mlp_fusion.cc:339 ApplyImpl] MatMulNBitsMlpFusion: matched candidate shape='quick_gelu' output_mul='/model/layers.1/mlp/Mul' gate='/model/layers.1/mlp/gate_proj/MatMul_Q4' up='/model/layers.1/mlp/up_proj/MatMul_Q4' attrs={K=512, N=1920, bits=4, block_size=32, accuracy_level=0} ebaee2e1-06be-42c6-a7b1-de29475cc753:92:232
2026-10-04 18:53:49.517998 [V:onnxruntime:, matmul_nbits_mlp_fusion.cc:339 ApplyImpl] MatMulNBitsMlpFusion: matched candidate shape='quick_gelu' output_mul='/model/layers.2/mlp/Mul' gate='/model/layers.2/mlp/gate_proj/MatMul_Q4' up='/model/layers.2/mlp/up_proj/MatMul_Q4' attrs={K=512, N=1920, bits=4, block_size=32, accuracy_level=0} ebaee2e1-06be-42c6-a7b1-de29475cc753:92:232
2026-10-04 18:53:49.517998 [V:onnxruntime:, matmul_nbits_mlp_fusion.cc:339 ApplyImpl] MatMulNBitsMlpFusion: matched candidate shape='quick_gelu' output_mul='/model/layers.3/mlp/Mul' gate='/model/layers.3/mlp/gate_proj/MatMul_Q4' up='/model/layers.3/mlp/up_proj/MatMul_Q4' attrs={K=512, N=1920, bits=4, block_size=32, accuracy_level=0} ebaee2e1-06be-42c6-a7b1-de29475cc753:92:232
2026-10-04 18:53:49.517998 [V:onnxruntime:, matmul_nbits_mlp_fusion.cc:339 ApplyImpl] MatMulNBitsMlpFusion: matched candidate shape='quick_gelu' output_mul='/model/layers.4/mlp/Mul' gate='/model/layers.4/mlp/gate_proj/MatMul_Q4' up='/model/layers.4/mlp/up_proj/MatMul_Q4' attrs={K=512, N=1920, bits=4, block_size=32, accuracy_level=0} ebaee2e1-06be-42c6-a7b1-de29475cc753:92:232
2026-10-04 18:53:49.517998 [V:onnxruntime:, matmul_nbits_mlp_fusion.cc:339 ApplyImpl] MatMulNBitsMlpFusion: matched candidate shape='quick_gelu' output_mul='/model/layers.5/mlp/Mul' gate='/model/layers.5/mlp/gate_proj/MatMul_Q4' up='/model/layers.5/mlp/up_proj/MatMul_Q4' attrs={K=512, N=1920, bits=4, block_size=32, accuracy_level=0} ebaee2e1-06be-42c6-a7b1-de29475cc753:92:232
2026-10-04 18:53:49.518999 [V:onnxruntime:, matmul_nbits_mlp_fusion.cc:339 ApplyImpl] MatMulNBitsMlpFusion: matched candidate shape='quick_gelu' output_mul='/model/layers.6/mlp/Mul' gate='/model/layers.6/mlp/gate_proj/MatMul_Q4' up='/model/layers.6/mlp/up_proj/MatMul_Q4' attrs={K=512, N=1920, bits=4, block_size=32, accuracy_level=0} ebaee2e1-06be-42c6-a7b1-de29475cc753:92:232
2026-10-04 18:53:49.518999 [V:onnxruntime:, matmul_nbits_mlp_fusion.cc:339 ApplyImpl] MatMulNBitsMlpFusion: matched candidate shape='quick_gelu' output_mul='/model/layers.7/mlp/Mul' gate='/model/layers.7/mlp/gate_proj/MatMul_Q4' up='/model/layers.7/mlp/up_proj/MatMul_Q4' attrs={K=512, N=1920, bits=4, block_size=32, accuracy_level=0} ebaee2e1-06be-42c6-a7b1-de29475cc753:92:232
2026-10-04 18:53:49.518999 [V:onnxruntime:, matmul_nbits_mlp_fusion.cc:339 ApplyImpl] MatMulNBitsMlpFusion: matched candidate shape='quick_gelu' output_mul='/model/layers.8/mlp/Mul' gate='/model/layers.8/mlp/gate_proj/MatMul_Q4' up='/model/layers.8/mlp/up_proj/MatMul_Q4' attrs={K=512, N=1920, bits=4, block_size=32, accuracy_level=0} ebaee2e1-06be-42c6-a7b1-de29475cc753:92:232
2026-10-04 18:53:49.518999 [V:onnxruntime:, matmul_nbits_mlp_fusion.cc:339 ApplyImpl] MatMulNBitsMlpFusion: matched candidate shape='quick_gelu' output_mul='/model/layers.9/mlp/Mul' gate='/model/layers.9/mlp/gate_proj/MatMul_Q4' up='/model/layers.9/mlp/up_proj/MatMul_Q4' attrs={K=512, N=1920, bits=4, block_size=32, accuracy_level=0} ebaee2e1-06be-42c6-a7b1-de29475cc753:92:232
2026-10-04 18:53:49.519999 [V:onnxruntime:, matmul_nbits_mlp_fusion.cc:339 ApplyImpl] MatMulNBitsMlpFusion: matched candidate shape='quick_gelu' output_mul='/model/layers.10/mlp/Mul' gate='/model/layers.10/mlp/gate_proj/MatMul_Q4' up='/model/layers.10/mlp/up_proj/MatMul_Q4' attrs={K=512, N=1920, bits=4, block_size=32, accuracy_level=0} ebaee2e1-06be-42c6-a7b1-de29475cc753:92:232
2026-10-04 18:53:49.519999 [V:onnxruntime:, matmul_nbits_mlp_fusion.cc:339 ApplyImpl] MatMulNBitsMlpFusion: matched candidate shape='quick_gelu' output_mul='/model/layers.11/mlp/Mul' gate='/model/layers.11/mlp/gate_proj/MatMul_Q4' up='/model/layers.11/mlp/up_proj/MatMul_Q4' attrs={K=512, N=1920, bits=4, block_size=32, accuracy_level=0} ebaee2e1-06be-42c6-a7b1-de29475cc753:92:232
2026-10-04 18:53:49.519999 [I:onnxruntime:, graph_transformer.cc:15 Apply] GraphTransformer MatMulNBitsMlpFusion modified: 0 with status: OK ebaee2e1-06be-42c6-a7b1-de29475cc753:92:232
2026-10-04 18:53:49.519999 [V:onnxruntime:, graph_transformer_mgr.cc:55 ApplyTransformers] Applying graph transformer MatMulNBitsQkvFusion on step 2. ebaee2e1-06be-42c6-a7b1-de29475cc753:92:232
2026-10-04 18:53:49.520999 [I:onnxruntime:, graph_transformer.cc:15 Apply] GraphTransformer MatMulNBitsQkvFusion modified: 0 with status: OK ebaee2e1-06be-42c6-a7b1-de29475cc753:92:232
2026-10-04 18:53:49.521998 [V:onnxruntime:, graph_transformer_mgr.cc:55 ApplyTransformers] Applying graph transformer QDQFinalCleanupTransformer on step 2. ebaee2e1-06be-42c6-a7b1-de29475cc753:92:232
2026-10-04 18:53:49.522998 [I:onnxruntime:, graph_transformer.cc:15 Apply] GraphTransformer QDQFinalCleanupTransformer modified: 0 with status: OK ebaee2e1-06be-42c6-a7b1-de29475cc753:92:232
2026-10-04 18:53:49.522998 [V:onnxruntime:, graph_transformer_mgr.cc:62 ApplyTransformers] Graph transformer step 2 of 10 for level 2 completed. graph_changed: 0. ebaee2e1-06be-42c6-a7b1-de29475cc753:92:232
2026-10-04 18:53:49.523999 [V:onnxruntime:, graph_transformer_mgr.cc:67 ApplyTransformers] Stopping graph transformer iteration for level 2 after step 2 because the graph was not modified. ebaee2e1-06be-42c6-a7b1-de29475cc753:92:232
2026-10-04 18:53:49.523999 [V:onnxruntime:, graph_transformer_mgr.cc:35 ApplyTransformers] Applying 2 graph transformer(s) for level 3 for up to 10 step(s). ebaee2e1-06be-42c6-a7b1-de29475cc753:92:232
2026-10-04 18:53:49.523999 [V:onnxruntime:, graph_transformer_mgr.cc:43 ApplyTransformers] Graph transformer step 1 of 10 for level 3 started. ebaee2e1-06be-42c6-a7b1-de29475cc753:92:232
2026-10-04 18:53:49.523999 [V:onnxruntime:, graph_transformer_mgr.cc:55 ApplyTransformers] Applying graph transformer NhwcTransformer on step 1. ebaee2e1-06be-42c6-a7b1-de29475cc753:92:232
2026-10-04 18:53:49.527999 [I:onnxruntime:, graph_transformer.cc:15 Apply] GraphTransformer NhwcTransformer modified: 0 with status: OK ebaee2e1-06be-42c6-a7b1-de29475cc753:92:232
2026-10-04 18:53:49.528999 [V:onnxruntime:, graph_transformer_mgr.cc:55 ApplyTransformers] Applying graph transformer ConvAddActivationFusion on step 1. ebaee2e1-06be-42c6-a7b1-de29475cc753:92:232
2026-10-04 18:53:49.533998 [I:onnxruntime:, graph_transformer.cc:15 Apply] GraphTransformer ConvAddActivationFusion modified: 0 with status: OK ebaee2e1-06be-42c6-a7b1-de29475cc753:92:232
2026-10-04 18:53:49.533998 [V:onnxruntime:, graph_transformer_mgr.cc:62 ApplyTransformers] Graph transformer step 1 of 10 for level 3 completed. graph_changed: 0. ebaee2e1-06be-42c6-a7b1-de29475cc753:92:232
2026-10-04 18:53:49.534999 [V:onnxruntime:, graph_transformer_mgr.cc:67 ApplyTransformers] Stopping graph transformer iteration for level 3 after step 1 because the graph was not modified. ebaee2e1-06be-42c6-a7b1-de29475cc753:92:232
2026-10-04 18:53:49.539999 [I:onnxruntime:, graph_transformer.cc:15 Apply] GraphTransformer RemoveDuplicateCastTransformer modified: 0 with status: OK ebaee2e1-06be-42c6-a7b1-de29475cc753:92:232
2026-10-04 18:53:49.539999 [I:onnxruntime:, graph_transformer.cc:15 Apply] GraphTransformer CastFloat16Transformer modified: 0 with status: OK ebaee2e1-06be-42c6-a7b1-de29475cc753:92:232
2026-10-04 18:53:49.539999 [V:onnxruntime:, graph_transformer_mgr.cc:35 ApplyTransformers] Applying 1 graph transformer(s) for level 4 for up to 10 step(s). ebaee2e1-06be-42c6-a7b1-de29475cc753:92:232
2026-10-04 18:53:49.540999 [V:onnxruntime:, graph_transformer_mgr.cc:43 ApplyTransformers] Graph transformer step 1 of 10 for level 4 started. ebaee2e1-06be-42c6-a7b1-de29475cc753:92:232
2026-10-04 18:53:49.540999 [V:onnxruntime:, graph_transformer_mgr.cc:55 ApplyTransformers] Applying graph transformer FuseFp16InitializerToFp32NodeTransformer on step 1. ebaee2e1-06be-42c6-a7b1-de29475cc753:92:232
2026-10-04 18:53:49.541998 [I:onnxruntime:, graph_transformer.cc:15 Apply] GraphTransformer FuseFp16InitializerToFp32NodeTransformer modified: 0 with status: OK ebaee2e1-06be-42c6-a7b1-de29475cc753:92:232
2026-10-04 18:53:49.541998 [V:onnxruntime:, graph_transformer_mgr.cc:62 ApplyTransformers] Graph transformer step 1 of 10 for level 4 completed. graph_changed: 0. ebaee2e1-06be-42c6-a7b1-de29475cc753:92:232
2026-10-04 18:53:49.541998 [V:onnxruntime:, graph_transformer_mgr.cc:67 ApplyTransformers] Stopping graph transformer iteration for level 4 after step 1 because the graph was not modified. ebaee2e1-06be-42c6-a7b1-de29475cc753:92:232
2026-10-04 18:53:49.686999 [I:onnxruntime:, transformer_memcpy.cc:393 AddCopyNode] Add MemcpyFromHost after /model/Add_2_output_0 for WebGpuExecutionProvider ebaee2e1-06be-42c6-a7b1-de29475cc753:92:232
2026-10-04 18:53:49.690998 [I:onnxruntime:, transformer_memcpy.cc:393 AddCopyNode] Add MemcpyFromHost after /model/Cast_2_output_0 for WebGpuExecutionProvider ebaee2e1-06be-42c6-a7b1-de29475cc753:92:232
2026-10-04 18:53:49.691999 [I:onnxruntime:, transformer_memcpy.cc:393 AddCopyNode] Add MemcpyFromHost after /model/LessOrEqual_output_0 for WebGpuExecutionProvider ebaee2e1-06be-42c6-a7b1-de29475cc753:92:232
2026-10-04 18:53:49.691999 [I:onnxruntime:, transformer_memcpy.cc:393 AddCopyNode] Add MemcpyFromHost after /model/layers.0/self_attn/IsNaN_output_0 for WebGpuExecutionProvider ebaee2e1-06be-42c6-a7b1-de29475cc753:92:232
2026-10-04 18:53:49.691999 [I:onnxruntime:, transformer_memcpy.cc:393 AddCopyNode] Add MemcpyFromHost after /model/layers.0/self_attn/Slice_4_output_0 for WebGpuExecutionProvider ebaee2e1-06be-42c6-a7b1-de29475cc753:92:232
2026-10-04 18:53:49.691999 [I:onnxruntime:, transformer_memcpy.cc:393 AddCopyNode] Add MemcpyFromHost after /model/layers.1/self_attn/IsNaN_output_0 for WebGpuExecutionProvider ebaee2e1-06be-42c6-a7b1-de29475cc753:92:232
2026-10-04 18:53:49.692999 [I:onnxruntime:, transformer_memcpy.cc:393 AddCopyNode] Add MemcpyFromHost after /model/layers.1/self_attn/Slice_4_output_0 for WebGpuExecutionProvider ebaee2e1-06be-42c6-a7b1-de29475cc753:92:232
2026-10-04 18:53:49.692999 [I:onnxruntime:, transformer_memcpy.cc:393 AddCopyNode] Add MemcpyFromHost after /model/layers.10/self_attn/IsNaN_output_0 for WebGpuExecutionProvider ebaee2e1-06be-42c6-a7b1-de29475cc753:92:232
2026-10-04 18:53:49.692999 [I:onnxruntime:, transformer_memcpy.cc:393 AddCopyNode] Add MemcpyFromHost after /model/layers.10/self_attn/Slice_4_output_0 for WebGpuExecutionProvider ebaee2e1-06be-42c6-a7b1-de29475cc753:92:232
2026-10-04 18:53:49.693998 [I:onnxruntime:, transformer_memcpy.cc:393 AddCopyNode] Add MemcpyFromHost after /model/layers.11/self_attn/IsNaN_output_0 for WebGpuExecutionProvider ebaee2e1-06be-42c6-a7b1-de29475cc753:92:232
2026-10-04 18:53:49.693998 [I:onnxruntime:, transformer_memcpy.cc:393 AddCopyNode] Add MemcpyFromHost after /model/layers.11/self_attn/Slice_4_output_0 for WebGpuExecutionProvider ebaee2e1-06be-42c6-a7b1-de29475cc753:92:232
2026-10-04 18:53:49.693998 [I:onnxruntime:, transformer_memcpy.cc:393 AddCopyNode] Add MemcpyFromHost after /model/layers.2/self_attn/IsNaN_output_0 for WebGpuExecutionProvider ebaee2e1-06be-42c6-a7b1-de29475cc753:92:232
2026-10-04 18:53:49.694999 [I:onnxruntime:, transformer_memcpy.cc:393 AddCopyNode] Add MemcpyFromHost after /model/layers.2/self_attn/Slice_4_output_0 for WebGpuExecutionProvider ebaee2e1-06be-42c6-a7b1-de29475cc753:92:232
2026-10-04 18:53:49.694999 [I:onnxruntime:, transformer_memcpy.cc:393 AddCopyNode] Add MemcpyFromHost after /model/layers.3/self_attn/IsNaN_output_0 for WebGpuExecutionProvider ebaee2e1-06be-42c6-a7b1-de29475cc753:92:232
2026-10-04 18:53:49.694999 [I:onnxruntime:, transformer_memcpy.cc:393 AddCopyNode] Add MemcpyFromHost after /model/layers.3/self_attn/Slice_4_output_0 for WebGpuExecutionProvider ebaee2e1-06be-42c6-a7b1-de29475cc753:92:232
2026-10-04 18:53:49.695999 [I:onnxruntime:, transformer_memcpy.cc:393 AddCopyNode] Add MemcpyFromHost after /model/layers.4/self_attn/IsNaN_output_0 for WebGpuExecutionProvider ebaee2e1-06be-42c6-a7b1-de29475cc753:92:232
2026-10-04 18:53:49.695999 [I:onnxruntime:, transformer_memcpy.cc:393 AddCopyNode] Add MemcpyFromHost after /model/layers.4/self_attn/Slice_4_output_0 for WebGpuExecutionProvider ebaee2e1-06be-42c6-a7b1-de29475cc753:92:232
2026-10-04 18:53:49.695999 [I:onnxruntime:, transformer_memcpy.cc:393 AddCopyNode] Add MemcpyFromHost after /model/layers.5/self_attn/IsNaN_output_0 for WebGpuExecutionProvider ebaee2e1-06be-42c6-a7b1-de29475cc753:92:232
2026-10-04 18:53:49.696999 [I:onnxruntime:, transformer_memcpy.cc:393 AddCopyNode] Add MemcpyFromHost after /model/layers.5/self_attn/Slice_4_output_0 for WebGpuExecutionProvider ebaee2e1-06be-42c6-a7b1-de29475cc753:92:232
2026-10-04 18:53:49.696999 [I:onnxruntime:, transformer_memcpy.cc:393 AddCopyNode] Add MemcpyFromHost after /model/layers.6/self_attn/IsNaN_output_0 for WebGpuExecutionProvider ebaee2e1-06be-42c6-a7b1-de29475cc753:92:232
2026-10-04 18:53:49.696999 [I:onnxruntime:, transformer_memcpy.cc:393 AddCopyNode] Add MemcpyFromHost after /model/layers.6/self_attn/Slice_4_output_0 for WebGpuExecutionProvider ebaee2e1-06be-42c6-a7b1-de29475cc753:92:232
2026-10-04 18:53:49.697998 [I:onnxruntime:, transformer_memcpy.cc:393 AddCopyNode] Add MemcpyFromHost after /model/layers.7/self_attn/IsNaN_output_0 for WebGpuExecutionProvider ebaee2e1-06be-42c6-a7b1-de29475cc753:92:232
2026-10-04 18:53:49.697998 [I:onnxruntime:, transformer_memcpy.cc:393 AddCopyNode] Add MemcpyFromHost after /model/layers.7/self_attn/Slice_4_output_0 for WebGpuExecutionProvider ebaee2e1-06be-42c6-a7b1-de29475cc753:92:232
2026-10-04 18:53:49.697998 [I:onnxruntime:, transformer_memcpy.cc:393 AddCopyNode] Add MemcpyFromHost after /model/layers.8/self_attn/IsNaN_output_0 for WebGpuExecutionProvider ebaee2e1-06be-42c6-a7b1-de29475cc753:92:232
2026-10-04 18:53:49.698998 [I:onnxruntime:, transformer_memcpy.cc:393 AddCopyNode] Add MemcpyFromHost after /model/layers.8/self_attn/Slice_4_output_0 for WebGpuExecutionProvider ebaee2e1-06be-42c6-a7b1-de29475cc753:92:232
2026-10-04 18:53:49.698998 [I:onnxruntime:, transformer_memcpy.cc:393 AddCopyNode] Add MemcpyFromHost after /model/layers.9/self_attn/IsNaN_output_0 for WebGpuExecutionProvider ebaee2e1-06be-42c6-a7b1-de29475cc753:92:232
2026-10-04 18:53:49.698998 [I:onnxruntime:, transformer_memcpy.cc:393 AddCopyNode] Add MemcpyFromHost after /model/layers.9/self_attn/Slice_4_output_0 for WebGpuExecutionProvider ebaee2e1-06be-42c6-a7b1-de29475cc753:92:232
2026-10-04 18:53:49.698998 [I:onnxruntime:, transformer_memcpy.cc:393 AddCopyNode] Add MemcpyFromHost after /model/rotary_emb/Cast_1_output_0 for WebGpuExecutionProvider ebaee2e1-06be-42c6-a7b1-de29475cc753:92:232
2026-10-04 18:53:49.699999 [I:onnxruntime:, transformer_memcpy.cc:393 AddCopyNode] Add MemcpyToHost before /model/Expand_output_0 for WebGpuExecutionProvider ebaee2e1-06be-42c6-a7b1-de29475cc753:92:232
2026-10-04 18:53:49.699999 [I:onnxruntime:, transformer_memcpy.cc:393 AddCopyNode] Add MemcpyToHost before /model/layers.0/self_attn/Softmax_output_0 for WebGpuExecutionProvider ebaee2e1-06be-42c6-a7b1-de29475cc753:92:232
2026-10-04 18:53:49.699999 [I:onnxruntime:, transformer_memcpy.cc:393 AddCopyNode] Add MemcpyToHost before /model/layers.1/self_attn/Softmax_output_0 for WebGpuExecutionProvider ebaee2e1-06be-42c6-a7b1-de29475cc753:92:232
2026-10-04 18:53:49.700999 [I:onnxruntime:, transformer_memcpy.cc:393 AddCopyNode] Add MemcpyToHost before /model/layers.10/self_attn/Softmax_output_0 for WebGpuExecutionProvider ebaee2e1-06be-42c6-a7b1-de29475cc753:92:232
2026-10-04 18:53:49.700999 [I:onnxruntime:, transformer_memcpy.cc:393 AddCopyNode] Add MemcpyToHost before /model/layers.11/self_attn/Softmax_output_0 for WebGpuExecutionProvider ebaee2e1-06be-42c6-a7b1-de29475cc753:92:232
2026-10-04 18:53:49.700999 [I:onnxruntime:, transformer_memcpy.cc:393 AddCopyNode] Add MemcpyToHost before /model/layers.2/self_attn/Softmax_output_0 for WebGpuExecutionProvider ebaee2e1-06be-42c6-a7b1-de29475cc753:92:232
2026-10-04 18:53:49.700999 [I:onnxruntime:, transformer_memcpy.cc:393 AddCopyNode] Add MemcpyToHost before /model/layers.3/self_attn/Softmax_output_0 for WebGpuExecutionProvider ebaee2e1-06be-42c6-a7b1-de29475cc753:92:232
2026-10-04 18:53:49.701998 [I:onnxruntime:, transformer_memcpy.cc:393 AddCopyNode] Add MemcpyToHost before /model/layers.4/self_attn/Softmax_output_0 for WebGpuExecutionProvider ebaee2e1-06be-42c6-a7b1-de29475cc753:92:232
2026-10-04 18:53:49.701998 [I:onnxruntime:, transformer_memcpy.cc:393 AddCopyNode] Add MemcpyToHost before /model/layers.5/self_attn/Softmax_output_0 for WebGpuExecutionProvider ebaee2e1-06be-42c6-a7b1-de29475cc753:92:232
2026-10-04 18:53:49.701998 [I:onnxruntime:, transformer_memcpy.cc:393 AddCopyNode] Add MemcpyToHost before /model/layers.6/self_attn/Softmax_output_0 for WebGpuExecutionProvider ebaee2e1-06be-42c6-a7b1-de29475cc753:92:232
2026-10-04 18:53:49.701998 [I:onnxruntime:, transformer_memcpy.cc:393 AddCopyNode] Add MemcpyToHost before /model/layers.7/self_attn/Softmax_output_0 for WebGpuExecutionProvider ebaee2e1-06be-42c6-a7b1-de29475cc753:92:232
2026-10-04 18:53:49.702999 [I:onnxruntime:, transformer_memcpy.cc:393 AddCopyNode] Add MemcpyToHost before /model/layers.8/self_attn/Softmax_output_0 for WebGpuExecutionProvider ebaee2e1-06be-42c6-a7b1-de29475cc753:92:232
2026-10-04 18:53:49.702999 [I:onnxruntime:, transformer_memcpy.cc:393 AddCopyNode] Add MemcpyToHost before /model/layers.9/self_attn/Softmax_output_0 for WebGpuExecutionProvider ebaee2e1-06be-42c6-a7b1-de29475cc753:92:232
2026-10-04 18:53:49.703999 [I:onnxruntime:, graph_transformer.cc:15 Apply] GraphTransformer MemcpyTransformer modified: 1 with status: OK ebaee2e1-06be-42c6-a7b1-de29475cc753:92:232
2026-10-04 18:53:49.733998 [V:onnxruntime:, session_state.cc:1377 VerifyEachNodeIsAssignedToAnEp] Node placements ebaee2e1-06be-42c6-a7b1-de29475cc753:92:232
2026-10-04 18:53:49.733998 [V:onnxruntime:, session_state.cc:1383 VerifyEachNodeIsAssignedToAnEp]  Node(s) placed on [CPUExecutionProvider]. Number of nodes: 619 ebaee2e1-06be-42c6-a7b1-de29475cc753:92:232
2026-10-04 18:53:49.733998 [V:onnxruntime:, session_state.cc:1385 VerifyEachNodeIsAssignedToAnEp]   Gather (/model/Gather) ebaee2e1-06be-42c6-a7b1-de29475cc753:92:232
2026-10-04 18:53:49.734999 [V:onnxruntime:, session_state.cc:1385 VerifyEachNodeIsAssignedToAnEp]   Gather (/model/Gather_1) ebaee2e1-06be-42c6-a7b1-de29475cc753:92:232
2026-10-04 18:53:49.734999 [V:onnxruntime:, session_state.cc:1385 VerifyEachNodeIsAssignedToAnEp]   Add (/model/Add) ebaee2e1-06be-42c6-a7b1-de29475cc753:92:232
2026-10-04 18:53:49.734999 [V:onnxruntime:, session_state.cc:1385 VerifyEachNodeIsAssignedToAnEp]   Range (/model/Range) ebaee2e1-06be-42c6-a7b1-de29475cc753:92:232
2026-10-04 18:53:49.734999 [V:onnxruntime:, session_state.cc:1385 VerifyEachNodeIsAssignedToAnEp]   Cast (/model/Cast_2) ebaee2e1-06be-42c6-a7b1-de29475cc753:92:232
2026-10-04 18:53:49.734999 [V:onnxruntime:, session_state.cc:1385 VerifyEachNodeIsAssignedToAnEp]   Shape (/model/Shape_2) ebaee2e1-06be-42c6-a7b1-de29475cc753:92:232
2026-10-04 18:53:49.735999 [V:onnxruntime:, session_state.cc:1385 VerifyEachNodeIsAssignedToAnEp]   Gather (/model/Gather_2) ebaee2e1-06be-42c6-a7b1-de29475cc753:92:232
2026-10-04 18:53:49.735999 [V:onnxruntime:, session_state.cc:1385 VerifyEachNodeIsAssignedToAnEp]   Add (/model/Add_1) ebaee2e1-06be-42c6-a7b1-de29475cc753:92:232
2026-10-04 18:53:49.735999 [V:onnxruntime:, session_state.cc:1385 VerifyEachNodeIsAssignedToAnEp]   Gather (/model/Gather_3) ebaee2e1-06be-42c6-a7b1-de29475cc753:92:232
2026-10-04 18:53:49.735999 [V:onnxruntime:, session_state.cc:1385 VerifyEachNodeIsAssignedToAnEp]   Unsqueeze (/model/Unsqueeze) ebaee2e1-06be-42c6-a7b1-de29475cc753:92:232
2026-10-04 18:53:49.735999 [V:onnxruntime:, session_state.cc:1385 VerifyEachNodeIsAssignedToAnEp]   Unsqueeze (/model/Unsqueeze_1) ebaee2e1-06be-42c6-a7b1-de29475cc753:92:232
2026-10-04 18:53:49.735999 [V:onnxruntime:, session_state.cc:1385 VerifyEachNodeIsAssignedToAnEp]   Unsqueeze (/model/Unsqueeze_2) ebaee2e1-06be-42c6-a7b1-de29475cc753:92:232
2026-10-04 18:53:49.735999 [V:onnxruntime:, session_state.cc:1385 VerifyEachNodeIsAssignedToAnEp]   Range (/model/Range_1) ebaee2e1-06be-42c6-a7b1-de29475cc753:92:232
2026-10-04 18:53:49.736999 [V:onnxruntime:, session_state.cc:1385 VerifyEachNodeIsAssignedToAnEp]   Unsqueeze (/model/Unsqueeze_3) ebaee2e1-06be-42c6-a7b1-de29475cc753:92:232
2026-10-04 18:53:49.736999 [V:onnxruntime:, session_state.cc:1385 VerifyEachNodeIsAssignedToAnEp]   Unsqueeze (/model/Unsqueeze_4) ebaee2e1-06be-42c6-a7b1-de29475cc753:92:232
2026-10-04 18:53:49.736999 [V:onnxruntime:, session_state.cc:1385 VerifyEachNodeIsAssignedToAnEp]   Unsqueeze (/model/Unsqueeze_5) ebaee2e1-06be-42c6-a7b1-de29475cc753:92:232
2026-10-04 18:53:49.736999 [V:onnxruntime:, session_state.cc:1385 VerifyEachNodeIsAssignedToAnEp]   Range (/model/Range_2) ebaee2e1-06be-42c6-a7b1-de29475cc753:92:232
2026-10-04 18:53:49.736999 [V:onnxruntime:, session_state.cc:1385 VerifyEachNodeIsAssignedToAnEp]   Unsqueeze (/model/Unsqueeze_6) ebaee2e1-06be-42c6-a7b1-de29475cc753:92:232
2026-10-04 18:53:49.737998 [V:onnxruntime:, session_state.cc:1385 VerifyEachNodeIsAssignedToAnEp]   Unsqueeze (/model/Unsqueeze_7) ebaee2e1-06be-42c6-a7b1-de29475cc753:92:232
2026-10-04 18:53:49.737998 [V:onnxruntime:, session_state.cc:1385 VerifyEachNodeIsAssignedToAnEp]   Unsqueeze (/model/Unsqueeze_8) ebaee2e1-06be-42c6-a7b1-de29475cc753:92:232
2026-10-04 18:53:49.737998 [V:onnxruntime:, session_state.cc:1385 VerifyEachNodeIsAssignedToAnEp]   LessOrEqual (/model/LessOrEqual) ebaee2e1-06be-42c6-a7b1-de29475cc753:92:232
2026-10-04 18:53:49.737998 [V:onnxruntime:, session_state.cc:1385 VerifyEachNodeIsAssignedToAnEp]   Shape (/model/Shape_4) ebaee2e1-06be-42c6-a7b1-de29475cc753:92:232
2026-10-04 18:53:49.737998 [V:onnxruntime:, session_state.cc:1385 VerifyEachNodeIsAssignedToAnEp]   Gather (/model/Gather_4) ebaee2e1-06be-42c6-a7b1-de29475cc753:92:232
2026-10-04 18:53:49.737998 [V:onnxruntime:, session_state.cc:1385 VerifyEachNodeIsAssignedToAnEp]   Mul (/model/Mul) ebaee2e1-06be-42c6-a7b1-de29475cc753:92:232
2026-10-04 18:53:49.737998 [V:onnxruntime:, session_state.cc:1385 VerifyEachNodeIsAssignedToAnEp]   Add (/model/Add_2) ebaee2e1-06be-42c6-a7b1-de29475cc753:92:232
2026-10-04 18:53:49.738998 [V:onnxruntime:, session_state.cc:1385 VerifyEachNodeIsAssignedToAnEp]   Shape (/model/Shape_5) ebaee2e1-06be-42c6-a7b1-de29475cc753:92:232
2026-10-04 18:53:49.738998 [V:onnxruntime:, session_state.cc:1385 VerifyEachNodeIsAssignedToAnEp]   Concat (/model/Concat) ebaee2e1-06be-42c6-a7b1-de29475cc753:92:232
2026-10-04 18:53:49.738998 [V:onnxruntime:, session_state.cc:1385 VerifyEachNodeIsAssignedToAnEp]   Unsqueeze (/model/Unsqueeze_9) ebaee2e1-06be-42c6-a7b1-de29475cc753:92:232
2026-10-04 18:53:49.738998 [V:onnxruntime:, session_state.cc:1385 VerifyEachNodeIsAssignedToAnEp]   Unsqueeze (/model/Unsqueeze_10) ebaee2e1-06be-42c6-a7b1-de29475cc753:92:232
2026-10-04 18:53:49.738998 [V:onnxruntime:, session_state.cc:1385 VerifyEachNodeIsAssignedToAnEp]   Unsqueeze (/model/Unsqueeze_11) ebaee2e1-06be-42c6-a7b1-de29475cc753:92:232
2026-10-04 18:53:49.738998 [V:onnxruntime:, session_state.cc:1385 VerifyEachNodeIsAssignedToAnEp]   Concat (/model/Concat_1) ebaee2e1-06be-42c6-a7b1-de29475cc753:92:232
2026-10-04 18:53:49.738998 [V:onnxruntime:, session_state.cc:1385 VerifyEachNodeIsAssignedToAnEp]   Reshape (/model/Reshape_2) ebaee2e1-06be-42c6-a7b1-de29475cc753:92:232
2026-10-04 18:53:49.739999 [V:onnxruntime:, session_state.cc:1385 VerifyEachNodeIsAssignedToAnEp]   Equal (/model/Equal) ebaee2e1-06be-42c6-a7b1-de29475cc753:92:232
2026-10-04 18:53:49.739999 [V:onnxruntime:, session_state.cc:1385 VerifyEachNodeIsAssignedToAnEp]   Where (/model/Where) ebaee2e1-06be-42c6-a7b1-de29475cc753:92:232
2026-10-04 18:53:49.739999 [V:onnxruntime:, session_state.cc:1385 VerifyEachNodeIsAssignedToAnEp]   Shape (/model/rotary_emb/Shape) ebaee2e1-06be-42c6-a7b1-de29475cc753:92:232
2026-10-04 18:53:49.739999 [V:onnxruntime:, session_state.cc:1385 VerifyEachNodeIsAssignedToAnEp]   Gather (/model/rotary_emb/Gather) ebaee2e1-06be-42c6-a7b1-de29475cc753:92:232
2026-10-04 18:53:49.739999 [V:onnxruntime:, session_state.cc:1385 VerifyEachNodeIsAssignedToAnEp]   Unsqueeze (/model/rotary_emb/Unsqueeze) ebaee2e1-06be-42c6-a7b1-de29475cc753:92:232
2026-10-04 18:53:49.739999 [V:onnxruntime:, session_state.cc:1385 VerifyEachNodeIsAssignedToAnEp]   Concat (/model/rotary_emb/Concat) ebaee2e1-06be-42c6-a7b1-de29475cc753:92:232
2026-10-04 18:53:49.740999 [V:onnxruntime:, session_state.cc:1385 VerifyEachNodeIsAssignedToAnEp]   Reshape (/model/rotary_emb/Reshape) ebaee2e1-06be-42c6-a7b1-de29475cc753:92:232
2026-10-04 18:53:49.740999 [V:onnxruntime:, session_state.cc:1385 VerifyEachNodeIsAssignedToAnEp]   Equal (/model/rotary_emb/Equal) ebaee2e1-06be-42c6-a7b1-de29475cc753:92:232
2026-10-04 18:53:49.740999 [V:onnxruntime:, session_state.cc:1385 VerifyEachNodeIsAssignedToAnEp]   Where (/model/rotary_emb/Where) ebaee2e1-06be-42c6-a7b1-de29475cc753:92:232
2026-10-04 18:53:49.740999 [V:onnxruntime:, session_state.cc:1385 VerifyEachNodeIsAssignedToAnEp]   Unsqueeze (/model/rotary_emb/Unsqueeze_1) ebaee2e1-06be-42c6-a7b1-de29475cc753:92:232
2026-10-04 18:53:49.740999 [V:onnxruntime:, session_state.cc:1385 VerifyEachNodeIsAssignedToAnEp]   Cast (/model/rotary_emb/Cast_1) ebaee2e1-06be-42c6-a7b1-de29475cc753:92:232
2026-10-04 18:53:49.741998 [V:onnxruntime:, session_state.cc:1385 VerifyEachNodeIsAssignedToAnEp]   Gather (/model/layers.0/self_attn/Gather) ebaee2e1-06be-42c6-a7b1-de29475cc753:92:232
2026-10-04 18:53:49.741998 [V:onnxruntime:, session_state.cc:1385 VerifyEachNodeIsAssignedToAnEp]   Gather (/model/layers.0/self_attn/Gather_1) ebaee2e1-06be-42c6-a7b1-de29475cc753:92:232
2026-10-04 18:53:49.741998 [V:onnxruntime:, session_state.cc:1385 VerifyEachNodeIsAssignedToAnEp]   Concat (/model/layers.0/self_attn/Concat_1) ebaee2e1-06be-42c6-a7b1-de29475cc753:92:232
2026-10-04 18:53:49.741998 [V:onnxruntime:, session_state.cc:1385 VerifyEachNodeIsAssignedToAnEp]   Gather (/model/layers.0/self_attn/Gather_2) ebaee2e1-06be-42c6-a7b1-de29475cc753:92:232
2026-10-04 18:53:49.741998 [V:onnxruntime:, session_state.cc:1385 VerifyEachNodeIsAssignedToAnEp]   Div (/model/layers.0/self_attn/Div) ebaee2e1-06be-42c6-a7b1-de29475cc753:92:232
2026-10-04 18:53:49.741998 [V:onnxruntime:, session_state.cc:1385 VerifyEachNodeIsAssignedToAnEp]   Unsqueeze (/model/layers.0/self_attn/Unsqueeze_9) ebaee2e1-06be-42c6-a7b1-de29475cc753:92:232
2026-10-04 18:53:49.741998 [V:onnxruntime:, session_state.cc:1385 VerifyEachNodeIsAssignedToAnEp]   Gather (/model/layers.0/self_attn/Gather_3) ebaee2e1-06be-42c6-a7b1-de29475cc753:92:232
2026-10-04 18:53:49.742999 [V:onnxruntime:, session_state.cc:1385 VerifyEachNodeIsAssignedToAnEp]   Div (/model/layers.0/self_attn/Div_1) ebaee2e1-06be-42c6-a7b1-de29475cc753:92:232
2026-10-04 18:53:49.742999 [V:onnxruntime:, session_state.cc:1385 VerifyEachNodeIsAssignedToAnEp]   Unsqueeze (/model/layers.0/self_attn/Unsqueeze_11) ebaee2e1-06be-42c6-a7b1-de29475cc753:92:232
2026-10-04 18:53:49.742999 [V:onnxruntime:, session_state.cc:1385 VerifyEachNodeIsAssignedToAnEp]   Gather (/model/layers.0/self_attn/Gather_4) ebaee2e1-06be-42c6-a7b1-de29475cc753:92:232
2026-10-04 18:53:49.742999 [V:onnxruntime:, session_state.cc:1385 VerifyEachNodeIsAssignedToAnEp]   Gather (/model/layers.0/self_attn/Gather_5) ebaee2e1-06be-42c6-a7b1-de29475cc753:92:232
2026-10-04 18:53:49.743999 [V:onnxruntime:, session_state.cc:1385 VerifyEachNodeIsAssignedToAnEp]   Gather (/model/layers.0/self_attn/Gather_6) ebaee2e1-06be-42c6-a7b1-de29475cc753:92:232
2026-10-04 18:53:49.743999 [V:onnxruntime:, session_state.cc:1385 VerifyEachNodeIsAssignedToAnEp]   Gather (/model/layers.0/self_attn/Gather_7) ebaee2e1-06be-42c6-a7b1-de29475cc753:92:232
2026-10-04 18:53:49.743999 [V:onnxruntime:, session_state.cc:1385 VerifyEachNodeIsAssignedToAnEp]   Unsqueeze (/model/layers.0/self_attn/Unsqueeze_14) ebaee2e1-06be-42c6-a7b1-de29475cc753:92:232
2026-10-04 18:53:49.743999 [V:onnxruntime:, session_state.cc:1385 VerifyEachNodeIsAssignedToAnEp]   Concat (/model/layers.0/self_attn/Concat_7) ebaee2e1-06be-42c6-a7b1-de29475cc753:92:232
2026-10-04 18:53:49.743999 [V:onnxruntime:, session_state.cc:1385 VerifyEachNodeIsAssignedToAnEp]   Reshape (/model/layers.0/self_attn/Reshape_3) ebaee2e1-06be-42c6-a7b1-de29475cc753:92:232
2026-10-04 18:53:49.743999 [V:onnxruntime:, session_state.cc:1385 VerifyEachNodeIsAssignedToAnEp]   Equal (/model/layers.0/self_attn/Equal) ebaee2e1-06be-42c6-a7b1-de29475cc753:92:232
2026-10-04 18:53:49.744999 [V:onnxruntime:, session_state.cc:1385 VerifyEachNodeIsAssignedToAnEp]   Where (/model/layers.0/self_attn/Where) ebaee2e1-06be-42c6-a7b1-de29475cc753:92:232
2026-10-04 18:53:49.744999 [V:onnxruntime:, session_state.cc:1385 VerifyEachNodeIsAssignedToAnEp]   Mul (/model/layers.0/self_attn/Mul_5) ebaee2e1-06be-42c6-a7b1-de29475cc753:92:232
2026-10-04 18:53:49.744999 [V:onnxruntime:, session_state.cc:1385 VerifyEachNodeIsAssignedToAnEp]   Unsqueeze (/model/layers.0/self_attn/Unsqueeze_17) ebaee2e1-06be-42c6-a7b1-de29475cc753:92:232
2026-10-04 18:53:49.744999 [V:onnxruntime:, session_state.cc:1385 VerifyEachNodeIsAssignedToAnEp]   Unsqueeze (/model/layers.0/self_attn/Unsqueeze_18) ebaee2e1-06be-42c6-a7b1-de29475cc753:92:232
2026-10-04 18:53:49.744999 [V:onnxruntime:, session_state.cc:1385 VerifyEachNodeIsAssignedToAnEp]   Unsqueeze (/model/layers.0/self_attn/Unsqueeze_19) ebaee2e1-06be-42c6-a7b1-de29475cc753:92:232
2026-10-04 18:53:49.745998 [V:onnxruntime:, session_state.cc:1385 VerifyEachNodeIsAssignedToAnEp]   Unsqueeze (/model/layers.0/self_attn/Unsqueeze_20) ebaee2e1-06be-42c6-a7b1-de29475cc753:92:232
2026-10-04 18:53:49.745998 [V:onnxruntime:, session_state.cc:1385 VerifyEachNodeIsAssignedToAnEp]   Concat (/model/layers.0/self_attn/Concat_8) ebaee2e1-06be-42c6-a7b1-de29475cc753:92:232
2026-10-04 18:53:49.745998 [V:onnxruntime:, session_state.cc:1385 VerifyEachNodeIsAssignedToAnEp]   Gather (/model/layers.0/self_attn/Gather_8) ebaee2e1-06be-42c6-a7b1-de29475cc753:92:232
2026-10-04 18:53:49.745998 [V:onnxruntime:, session_state.cc:1385 VerifyEachNodeIsAssignedToAnEp]   Gather (/model/layers.0/self_attn/Gather_9) ebaee2e1-06be-42c6-a7b1-de29475cc753:92:232
2026-10-04 18:53:49.746998 [V:onnxruntime:, session_state.cc:1385 VerifyEachNodeIsAssignedToAnEp]   Gather (/model/layers.0/self_attn/Gather_10) ebaee2e1-06be-42c6-a7b1-de29475cc753:92:232
2026-10-04 18:53:49.746998 [V:onnxruntime:, session_state.cc:1385 VerifyEachNodeIsAssignedToAnEp]   Gather (/model/layers.0/self_attn/Gather_11) ebaee2e1-06be-42c6-a7b1-de29475cc753:92:232
2026-10-04 18:53:49.746998 [V:onnxruntime:, session_state.cc:1385 VerifyEachNodeIsAssignedToAnEp]   Unsqueeze (/model/layers.0/self_attn/Unsqueeze_23) ebaee2e1-06be-42c6-a7b1-de29475cc753:92:232
2026-10-04 18:53:49.746998 [V:onnxruntime:, session_state.cc:1385 VerifyEachNodeIsAssignedToAnEp]   Concat (/model/layers.0/self_attn/Concat_9) ebaee2e1-06be-42c6-a7b1-de29475cc753:92:232
2026-10-04 18:53:49.746998 [V:onnxruntime:, session_state.cc:1385 VerifyEachNodeIsAssignedToAnEp]   Reshape (/model/layers.0/self_attn/Reshape_5) ebaee2e1-06be-42c6-a7b1-de29475cc753:92:232
2026-10-04 18:53:49.747999 [V:onnxruntime:, session_state.cc:1385 VerifyEachNodeIsAssignedToAnEp]   Equal (/model/layers.0/self_attn/Equal_1) ebaee2e1-06be-42c6-a7b1-de29475cc753:92:232
2026-10-04 18:53:49.747999 [V:onnxruntime:, session_state.cc:1385 VerifyEachNodeIsAssignedToAnEp]   Where (/model/layers.0/self_attn/Where_1) ebaee2e1-06be-42c6-a7b1-de29475cc753:92:232
2026-10-04 18:53:49.747999 [V:onnxruntime:, session_state.cc:1385 VerifyEachNodeIsAssignedToAnEp]   Mul (/model/layers.0/self_attn/Mul_7) ebaee2e1-06be-42c6-a7b1-de29475cc753:92:232
2026-10-04 18:53:49.747999 [V:onnxruntime:, session_state.cc:1385 VerifyEachNodeIsAssignedToAnEp]   Unsqueeze (/model/layers.0/self_attn/Unsqueeze_26) ebaee2e1-06be-42c6-a7b1-de29475cc753:92:232
2026-10-04 18:53:49.747999 [V:onnxruntime:, session_state.cc:1385 VerifyEachNodeIsAssignedToAnEp]   Unsqueeze (/model/layers.0/self_attn/Unsqueeze_27) ebaee2e1-06be-42c6-a7b1-de29475cc753:92:232
2026-10-04 18:53:49.747999 [V:onnxruntime:, session_state.cc:1385 VerifyEachNodeIsAssignedToAnEp]   Unsqueeze (/model/layers.0/self_attn/Unsqueeze_28) ebaee2e1-06be-42c6-a7b1-de29475cc753:92:232
2026-10-04 18:53:49.748999 [V:onnxruntime:, session_state.cc:1385 VerifyEachNodeIsAssignedToAnEp]   Unsqueeze (/model/layers.0/self_attn/Unsqueeze_29) ebaee2e1-06be-42c6-a7b1-de29475cc753:92:232
2026-10-04 18:53:49.748999 [V:onnxruntime:, session_state.cc:1385 VerifyEachNodeIsAssignedToAnEp]   Concat (/model/layers.0/self_attn/Concat_10) ebaee2e1-06be-42c6-a7b1-de29475cc753:92:232
2026-10-04 18:53:49.748999 [V:onnxruntime:, session_state.cc:1385 VerifyEachNodeIsAssignedToAnEp]   Gather (/model/layers.0/self_attn/Gather_12) ebaee2e1-06be-42c6-a7b1-de29475cc753:92:232
2026-10-04 18:53:49.748999 [V:onnxruntime:, session_state.cc:1385 VerifyEachNodeIsAssignedToAnEp]   Unsqueeze (/model/layers.0/self_attn/Unsqueeze_30) ebaee2e1-06be-42c6-a7b1-de29475cc753:92:232
2026-10-04 18:53:49.748999 [V:onnxruntime:, session_state.cc:1385 VerifyEachNodeIsAssignedToAnEp]   Slice (/model/layers.0/self_attn/Slice_4) ebaee2e1-06be-42c6-a7b1-de29475cc753:92:232
2026-10-04 18:53:49.748999 [V:onnxruntime:, session_state.cc:1385 VerifyEachNodeIsAssignedToAnEp]   IsNaN (/model/layers.0/self_attn/IsNaN) ebaee2e1-06be-42c6-a7b1-de29475cc753:92:232
2026-10-04 18:53:49.748999 [V:onnxruntime:, session_state.cc:1385 VerifyEachNodeIsAssignedToAnEp]   Unsqueeze (/model/layers.0/self_attn/Unsqueeze_31) ebaee2e1-06be-42c6-a7b1-de29475cc753:92:232
2026-10-04 18:53:49.749998 [V:onnxruntime:, session_state.cc:1385 VerifyEachNodeIsAssignedToAnEp]   Unsqueeze (/model/layers.0/self_attn/Unsqueeze_32) ebaee2e1-06be-42c6-a7b1-de29475cc753:92:232
2026-10-04 18:53:49.749998 [V:onnxruntime:, session_state.cc:1385 VerifyEachNodeIsAssignedToAnEp]   Concat (/model/layers.0/self_attn/Concat_11) ebaee2e1-06be-42c6-a7b1-de29475cc753:92:232
2026-10-04 18:53:49.749998 [V:onnxruntime:, session_state.cc:1385 VerifyEachNodeIsAssignedToAnEp]   Gather (/model/layers.1/self_attn/Gather) ebaee2e1-06be-42c6-a7b1-de29475cc753:92:232
2026-10-04 18:53:49.749998 [V:onnxruntime:, session_state.cc:1385 VerifyEachNodeIsAssignedToAnEp]   Gather (/model/layers.1/self_attn/Gather_1) ebaee2e1-06be-42c6-a7b1-de29475cc753:92:232
2026-10-04 18:53:49.749998 [V:onnxruntime:, session_state.cc:1385 VerifyEachNodeIsAssignedToAnEp]   Concat (/model/layers.1/self_attn/Concat_1) ebaee2e1-06be-42c6-a7b1-de29475cc753:92:232
2026-10-04 18:53:49.749998 [V:onnxruntime:, session_state.cc:1385 VerifyEachNodeIsAssignedToAnEp]   Gather (/model/layers.1/self_attn/Gather_2) ebaee2e1-06be-42c6-a7b1-de29475cc753:92:232
2026-10-04 18:53:49.750999 [V:onnxruntime:, session_state.cc:1385 VerifyEachNodeIsAssignedToAnEp]   Div (/model/layers.1/self_attn/Div) ebaee2e1-06be-42c6-a7b1-de29475cc753:92:232
2026-10-04 18:53:49.750999 [V:onnxruntime:, session_state.cc:1385 VerifyEachNodeIsAssignedToAnEp]   Unsqueeze (/model/layers.1/self_attn/Unsqueeze_7) ebaee2e1-06be-42c6-a7b1-de29475cc753:92:232
2026-10-04 18:53:49.750999 [V:onnxruntime:, session_state.cc:1385 VerifyEachNodeIsAssignedToAnEp]   Gather (/model/layers.1/self_attn/Gather_3) ebaee2e1-06be-42c6-a7b1-de29475cc753:92:232
2026-10-04 18:53:49.750999 [V:onnxruntime:, session_state.cc:1385 VerifyEachNodeIsAssignedToAnEp]   Div (/model/layers.1/self_attn/Div_1) ebaee2e1-06be-42c6-a7b1-de29475cc753:92:232
2026-10-04 18:53:49.751999 [V:onnxruntime:, session_state.cc:1385 VerifyEachNodeIsAssignedToAnEp]   Unsqueeze (/model/layers.1/self_attn/Unsqueeze_9) ebaee2e1-06be-42c6-a7b1-de29475cc753:92:232
2026-10-04 18:53:49.751999 [V:onnxruntime:, session_state.cc:1385 VerifyEachNodeIsAssignedToAnEp]   Gather (/model/layers.1/self_attn/Gather_4) ebaee2e1-06be-42c6-a7b1-de29475cc753:92:232
2026-10-04 18:53:49.751999 [V:onnxruntime:, session_state.cc:1385 VerifyEachNodeIsAssignedToAnEp]   Gather (/model/layers.1/self_attn/Gather_5) ebaee2e1-06be-42c6-a7b1-de29475cc753:92:232
2026-10-04 18:53:49.751999 [V:onnxruntime:, session_state.cc:1385 VerifyEachNodeIsAssignedToAnEp]   Gather (/model/layers.1/self_attn/Gather_6) ebaee2e1-06be-42c6-a7b1-de29475cc753:92:232
2026-10-04 18:53:49.751999 [V:onnxruntime:, session_state.cc:1385 VerifyEachNodeIsAssignedToAnEp]   Gather (/model/layers.1/self_attn/Gather_7) ebaee2e1-06be-42c6-a7b1-de29475cc753:92:232
2026-10-04 18:53:49.751999 [V:onnxruntime:, session_state.cc:1385 VerifyEachNodeIsAssignedToAnEp]   Unsqueeze (/model/layers.1/self_attn/Unsqueeze_12) ebaee2e1-06be-42c6-a7b1-de29475cc753:92:232
2026-10-04 18:53:49.751999 [V:onnxruntime:, session_state.cc:1385 VerifyEachNodeIsAssignedToAnEp]   Concat (/model/layers.1/self_attn/Concat_7) ebaee2e1-06be-42c6-a7b1-de29475cc753:92:232
2026-10-04 18:53:49.752999 [V:onnxruntime:, session_state.cc:1385 VerifyEachNodeIsAssignedToAnEp]   Reshape (/model/layers.1/self_attn/Reshape_3) ebaee2e1-06be-42c6-a7b1-de29475cc753:92:232
2026-10-04 18:53:49.752999 [V:onnxruntime:, session_state.cc:1385 VerifyEachNodeIsAssignedToAnEp]   Equal (/model/layers.1/self_attn/Equal) ebaee2e1-06be-42c6-a7b1-de29475cc753:92:232
2026-10-04 18:53:49.752999 [V:onnxruntime:, session_state.cc:1385 VerifyEachNodeIsAssignedToAnEp]   Where (/model/layers.1/self_attn/Where) ebaee2e1-06be-42c6-a7b1-de29475cc753:92:232
2026-10-04 18:53:49.752999 [V:onnxruntime:, session_state.cc:1385 VerifyEachNodeIsAssignedToAnEp]   Mul (/model/layers.1/self_attn/Mul_5) ebaee2e1-06be-42c6-a7b1-de29475cc753:92:232
2026-10-04 18:53:49.752999 [V:onnxruntime:, session_state.cc:1385 VerifyEachNodeIsAssignedToAnEp]   Unsqueeze (/model/layers.1/self_attn/Unsqueeze_15) ebaee2e1-06be-42c6-a7b1-de29475cc753:92:232
2026-10-04 18:53:49.752999 [V:onnxruntime:, session_state.cc:1385 VerifyEachNodeIsAssignedToAnEp]   Unsqueeze (/model/layers.1/self_attn/Unsqueeze_16) ebaee2e1-06be-42c6-a7b1-de29475cc753:92:232
2026-10-04 18:53:49.753998 [V:onnxruntime:, session_state.cc:1385 VerifyEachNodeIsAssignedToAnEp]   Unsqueeze (/model/layers.1/self_attn/Unsqueeze_17) ebaee2e1-06be-42c6-a7b1-de29475cc753:92:232
2026-10-04 18:53:49.753998 [V:onnxruntime:, session_state.cc:1385 VerifyEachNodeIsAssignedToAnEp]   Unsqueeze (/model/layers.1/self_attn/Unsqueeze_18) ebaee2e1-06be-42c6-a7b1-de29475cc753:92:232
2026-10-04 18:53:49.753998 [V:onnxruntime:, session_state.cc:1385 VerifyEachNodeIsAssignedToAnEp]   Concat (/model/layers.1/self_attn/Concat_8) ebaee2e1-06be-42c6-a7b1-de29475cc753:92:232
2026-10-04 18:53:49.753998 [V:onnxruntime:, session_state.cc:1385 VerifyEachNodeIsAssignedToAnEp]   Gather (/model/layers.1/self_attn/Gather_8) ebaee2e1-06be-42c6-a7b1-de29475cc753:92:232
2026-10-04 18:53:49.753998 [V:onnxruntime:, session_state.cc:1385 VerifyEachNodeIsAssignedToAnEp]   Gather (/model/layers.1/self_attn/Gather_9) ebaee2e1-06be-42c6-a7b1-de29475cc753:92:232
2026-10-04 18:53:49.753998 [V:onnxruntime:, session_state.cc:1385 VerifyEachNodeIsAssignedToAnEp]   Gather (/model/layers.1/self_attn/Gather_10) ebaee2e1-06be-42c6-a7b1-de29475cc753:92:232
2026-10-04 18:53:49.753998 [V:onnxruntime:, session_state.cc:1385 VerifyEachNodeIsAssignedToAnEp]   Gather (/model/layers.1/self_attn/Gather_11) ebaee2e1-06be-42c6-a7b1-de29475cc753:92:232
2026-10-04 18:53:49.754998 [V:onnxruntime:, session_state.cc:1385 VerifyEachNodeIsAssignedToAnEp]   Unsqueeze (/model/layers.1/self_attn/Unsqueeze_21) ebaee2e1-06be-42c6-a7b1-de29475cc753:92:232
2026-10-04 18:53:49.754998 [V:onnxruntime:, session_state.cc:1385 VerifyEachNodeIsAssignedToAnEp]   Concat (/model/layers.1/self_attn/Concat_9) ebaee2e1-06be-42c6-a7b1-de29475cc753:92:232
2026-10-04 18:53:49.754998 [V:onnxruntime:, session_state.cc:1385 VerifyEachNodeIsAssignedToAnEp]   Reshape (/model/layers.1/self_attn/Reshape_5) ebaee2e1-06be-42c6-a7b1-de29475cc753:92:232
2026-10-04 18:53:49.754998 [V:onnxruntime:, session_state.cc:1385 VerifyEachNodeIsAssignedToAnEp]   Equal (/model/layers.1/self_attn/Equal_1) ebaee2e1-06be-42c6-a7b1-de29475cc753:92:232
2026-10-04 18:53:49.754998 [V:onnxruntime:, session_state.cc:1385 VerifyEachNodeIsAssignedToAnEp]   Where (/model/layers.1/self_attn/Where_1) ebaee2e1-06be-42c6-a7b1-de29475cc753:92:232
2026-10-04 18:53:49.754998 [V:onnxruntime:, session_state.cc:1385 VerifyEachNodeIsAssignedToAnEp]   Mul (/model/layers.1/self_attn/Mul_7) ebaee2e1-06be-42c6-a7b1-de29475cc753:92:232
2026-10-04 18:53:49.755999 [V:onnxruntime:, session_state.cc:1385 VerifyEachNodeIsAssignedToAnEp]   Unsqueeze (/model/layers.1/self_attn/Unsqueeze_24) ebaee2e1-06be-42c6-a7b1-de29475cc753:92:232
2026-10-04 18:53:49.755999 [V:onnxruntime:, session_state.cc:1385 VerifyEachNodeIsAssignedToAnEp]   Unsqueeze (/model/layers.1/self_attn/Unsqueeze_25) ebaee2e1-06be-42c6-a7b1-de29475cc753:92:232
2026-10-04 18:53:49.755999 [V:onnxruntime:, session_state.cc:1385 VerifyEachNodeIsAssignedToAnEp]   Unsqueeze (/model/layers.1/self_attn/Unsqueeze_26) ebaee2e1-06be-42c6-a7b1-de29475cc753:92:232
2026-10-04 18:53:49.755999 [V:onnxruntime:, session_state.cc:1385 VerifyEachNodeIsAssignedToAnEp]   Unsqueeze (/model/layers.1/self_attn/Unsqueeze_27) ebaee2e1-06be-42c6-a7b1-de29475cc753:92:232
2026-10-04 18:53:49.755999 [V:onnxruntime:, session_state.cc:1385 VerifyEachNodeIsAssignedToAnEp]   Concat (/model/layers.1/self_attn/Concat_10) ebaee2e1-06be-42c6-a7b1-de29475cc753:92:232
2026-10-04 18:53:49.755999 [V:onnxruntime:, session_state.cc:1385 VerifyEachNodeIsAssignedToAnEp]   Gather (/model/layers.1/self_attn/Gather_12) ebaee2e1-06be-42c6-a7b1-de29475cc753:92:232
2026-10-04 18:53:49.755999 [V:onnxruntime:, session_state.cc:1385 VerifyEachNodeIsAssignedToAnEp]   Unsqueeze (/model/layers.1/self_attn/Unsqueeze_28) ebaee2e1-06be-42c6-a7b1-de29475cc753:92:232
2026-10-04 18:53:49.756999 [V:onnxruntime:, session_state.cc:1385 VerifyEachNodeIsAssignedToAnEp]   Slice (/model/layers.1/self_attn/Slice_4) ebaee2e1-06be-42c6-a7b1-de29475cc753:92:232
2026-10-04 18:53:49.756999 [V:onnxruntime:, session_state.cc:1385 VerifyEachNodeIsAssignedToAnEp]   IsNaN (/model/layers.1/self_attn/IsNaN) ebaee2e1-06be-42c6-a7b1-de29475cc753:92:232
2026-10-04 18:53:49.756999 [V:onnxruntime:, session_state.cc:1385 VerifyEachNodeIsAssignedToAnEp]   Unsqueeze (/model/layers.1/self_attn/Unsqueeze_29) ebaee2e1-06be-42c6-a7b1-de29475cc753:92:232
2026-10-04 18:53:49.756999 [V:onnxruntime:, session_state.cc:1385 VerifyEachNodeIsAssignedToAnEp]   Unsqueeze (/model/layers.1/self_attn/Unsqueeze_30) ebaee2e1-06be-42c6-a7b1-de29475cc753:92:232
2026-10-04 18:53:49.760999 [V:onnxruntime:, session_state.cc:1385 VerifyEachNodeIsAssignedToAnEp]   Concat (/model/layers.1/self_attn/Concat_11) ebaee2e1-06be-42c6-a7b1-de29475cc753:92:232
2026-10-04 18:53:49.761998 [V:onnxruntime:, session_state.cc:1385 VerifyEachNodeIsAssignedToAnEp]   Gather (/model/layers.2/self_attn/Gather) ebaee2e1-06be-42c6-a7b1-de29475cc753:92:232
2026-10-04 18:53:49.761998 [V:onnxruntime:, session_state.cc:1385 VerifyEachNodeIsAssignedToAnEp]   Gather (/model/layers.2/self_attn/Gather_1) ebaee2e1-06be-42c6-a7b1-de29475cc753:92:232
2026-10-04 18:53:49.761998 [V:onnxruntime:, session_state.cc:1385 VerifyEachNodeIsAssignedToAnEp]   Concat (/model/layers.2/self_attn/Concat_1) ebaee2e1-06be-42c6-a7b1-de29475cc753:92:232
2026-10-04 18:53:49.761998 [V:onnxruntime:, session_state.cc:1385 VerifyEachNodeIsAssignedToAnEp]   Gather (/model/layers.2/self_attn/Gather_2) ebaee2e1-06be-42c6-a7b1-de29475cc753:92:232
2026-10-04 18:53:49.762998 [V:onnxruntime:, session_state.cc:1385 VerifyEachNodeIsAssignedToAnEp]   Div (/model/layers.2/self_attn/Div) ebaee2e1-06be-42c6-a7b1-de29475cc753:92:232
2026-10-04 18:53:49.762998 [V:onnxruntime:, session_state.cc:1385 VerifyEachNodeIsAssignedToAnEp]   Unsqueeze (/model/layers.2/self_attn/Unsqueeze_7) ebaee2e1-06be-42c6-a7b1-de29475cc753:92:232
2026-10-04 18:53:49.762998 [V:onnxruntime:, session_state.cc:1385 VerifyEachNodeIsAssignedToAnEp]   Gather (/model/layers.2/self_attn/Gather_3) ebaee2e1-06be-42c6-a7b1-de29475cc753:92:232
2026-10-04 18:53:49.762998 [V:onnxruntime:, session_state.cc:1385 VerifyEachNodeIsAssignedToAnEp]   Div (/model/layers.2/self_attn/Div_1) ebaee2e1-06be-42c6-a7b1-de29475cc753:92:232
2026-10-04 18:53:49.762998 [V:onnxruntime:, session_state.cc:1385 VerifyEachNodeIsAssignedToAnEp]   Unsqueeze (/model/layers.2/self_attn/Unsqueeze_9) ebaee2e1-06be-42c6-a7b1-de29475cc753:92:232
2026-10-04 18:53:49.763999 [V:onnxruntime:, session_state.cc:1385 VerifyEachNodeIsAssignedToAnEp]   Gather (/model/layers.2/self_attn/Gather_4) ebaee2e1-06be-42c6-a7b1-de29475cc753:92:232
2026-10-04 18:53:49.763999 [V:onnxruntime:, session_state.cc:1385 VerifyEachNodeIsAssignedToAnEp]   Gather (/model/layers.2/self_attn/Gather_5) ebaee2e1-06be-42c6-a7b1-de29475cc753:92:232
2026-10-04 18:53:49.763999 [V:onnxruntime:, session_state.cc:1385 VerifyEachNodeIsAssignedToAnEp]   Gather (/model/layers.2/self_attn/Gather_6) ebaee2e1-06be-42c6-a7b1-de29475cc753:92:232
2026-10-04 18:53:49.763999 [V:onnxruntime:, session_state.cc:1385 VerifyEachNodeIsAssignedToAnEp]   Gather (/model/layers.2/self_attn/Gather_7) ebaee2e1-06be-42c6-a7b1-de29475cc753:92:232
2026-10-04 18:53:49.763999 [V:onnxruntime:, session_state.cc:1385 VerifyEachNodeIsAssignedToAnEp]   Unsqueeze (/model/layers.2/self_attn/Unsqueeze_12) ebaee2e1-06be-42c6-a7b1-de29475cc753:92:232
2026-10-04 18:53:49.763999 [V:onnxruntime:, session_state.cc:1385 VerifyEachNodeIsAssignedToAnEp]   Concat (/model/layers.2/self_attn/Concat_7) ebaee2e1-06be-42c6-a7b1-de29475cc753:92:232
2026-10-04 18:53:49.764999 [V:onnxruntime:, session_state.cc:1385 VerifyEachNodeIsAssignedToAnEp]   Reshape (/model/layers.2/self_attn/Reshape_3) ebaee2e1-06be-42c6-a7b1-de29475cc753:92:232
2026-10-04 18:53:49.764999 [V:onnxruntime:, session_state.cc:1385 VerifyEachNodeIsAssignedToAnEp]   Equal (/model/layers.2/self_attn/Equal) ebaee2e1-06be-42c6-a7b1-de29475cc753:92:232
2026-10-04 18:53:49.764999 [V:onnxruntime:, session_state.cc:1385 VerifyEachNodeIsAssignedToAnEp]   Where (/model/layers.2/self_attn/Where) ebaee2e1-06be-42c6-a7b1-de29475cc753:92:232
2026-10-04 18:53:49.764999 [V:onnxruntime:, session_state.cc:1385 VerifyEachNodeIsAssignedToAnEp]   Mul (/model/layers.2/self_attn/Mul_5) ebaee2e1-06be-42c6-a7b1-de29475cc753:92:232
2026-10-04 18:53:49.764999 [V:onnxruntime:, session_state.cc:1385 VerifyEachNodeIsAssignedToAnEp]   Unsqueeze (/model/layers.2/self_attn/Unsqueeze_15) ebaee2e1-06be-42c6-a7b1-de29475cc753:92:232
2026-10-04 18:53:49.764999 [V:onnxruntime:, session_state.cc:1385 VerifyEachNodeIsAssignedToAnEp]   Unsqueeze (/model/layers.2/self_attn/Unsqueeze_16) ebaee2e1-06be-42c6-a7b1-de29475cc753:92:232
2026-10-04 18:53:49.765998 [V:onnxruntime:, session_state.cc:1385 VerifyEachNodeIsAssignedToAnEp]   Unsqueeze (/model/layers.2/self_attn/Unsqueeze_17) ebaee2e1-06be-42c6-a7b1-de29475cc753:92:232
2026-10-04 18:53:49.765998 [V:onnxruntime:, session_state.cc:1385 VerifyEachNodeIsAssignedToAnEp]   Unsqueeze (/model/layers.2/self_attn/Unsqueeze_18) ebaee2e1-06be-42c6-a7b1-de29475cc753:92:232
2026-10-04 18:53:49.765998 [V:onnxruntime:, session_state.cc:1385 VerifyEachNodeIsAssignedToAnEp]   Concat (/model/layers.2/self_attn/Concat_8) ebaee2e1-06be-42c6-a7b1-de29475cc753:92:232
2026-10-04 18:53:49.765998 [V:onnxruntime:, session_state.cc:1385 VerifyEachNodeIsAssignedToAnEp]   Gather (/model/layers.2/self_attn/Gather_8) ebaee2e1-06be-42c6-a7b1-de29475cc753:92:232
2026-10-04 18:53:49.765998 [V:onnxruntime:, session_state.cc:1385 VerifyEachNodeIsAssignedToAnEp]   Gather (/model/layers.2/self_attn/Gather_9) ebaee2e1-06be-42c6-a7b1-de29475cc753:92:232
2026-10-04 18:53:49.765998 [V:onnxruntime:, session_state.cc:1385 VerifyEachNodeIsAssignedToAnEp]   Gather (/model/layers.2/self_attn/Gather_10) ebaee2e1-06be-42c6-a7b1-de29475cc753:92:232
2026-10-04 18:53:49.766999 [V:onnxruntime:, session_state.cc:1385 VerifyEachNodeIsAssignedToAnEp]   Gather (/model/layers.2/self_attn/Gather_11) ebaee2e1-06be-42c6-a7b1-de29475cc753:92:232
2026-10-04 18:53:49.766999 [V:onnxruntime:, session_state.cc:1385 VerifyEachNodeIsAssignedToAnEp]   Unsqueeze (/model/layers.2/self_attn/Unsqueeze_21) ebaee2e1-06be-42c6-a7b1-de29475cc753:92:232
2026-10-04 18:53:49.766999 [V:onnxruntime:, session_state.cc:1385 VerifyEachNodeIsAssignedToAnEp]   Concat (/model/layers.2/self_attn/Concat_9) ebaee2e1-06be-42c6-a7b1-de29475cc753:92:232
2026-10-04 18:53:49.766999 [V:onnxruntime:, session_state.cc:1385 VerifyEachNodeIsAssignedToAnEp]   Reshape (/model/layers.2/self_attn/Reshape_5) ebaee2e1-06be-42c6-a7b1-de29475cc753:92:232
2026-10-04 18:53:49.767999 [V:onnxruntime:, session_state.cc:1385 VerifyEachNodeIsAssignedToAnEp]   Equal (/model/layers.2/self_attn/Equal_1) ebaee2e1-06be-42c6-a7b1-de29475cc753:92:232
2026-10-04 18:53:49.767999 [V:onnxruntime:, session_state.cc:1385 VerifyEachNodeIsAssignedToAnEp]   Where (/model/layers.2/self_attn/Where_1) ebaee2e1-06be-42c6-a7b1-de29475cc753:92:232
2026-10-04 18:53:49.767999 [V:onnxruntime:, session_state.cc:1385 VerifyEachNodeIsAssignedToAnEp]   Mul (/model/layers.2/self_attn/Mul_7) ebaee2e1-06be-42c6-a7b1-de29475cc753:92:232
2026-10-04 18:53:49.767999 [V:onnxruntime:, session_state.cc:1385 VerifyEachNodeIsAssignedToAnEp]   Unsqueeze (/model/layers.2/self_attn/Unsqueeze_24) ebaee2e1-06be-42c6-a7b1-de29475cc753:92:232
2026-10-04 18:53:49.767999 [V:onnxruntime:, session_state.cc:1385 VerifyEachNodeIsAssignedToAnEp]   Unsqueeze (/model/layers.2/self_attn/Unsqueeze_25) ebaee2e1-06be-42c6-a7b1-de29475cc753:92:232
2026-10-04 18:53:49.767999 [V:onnxruntime:, session_state.cc:1385 VerifyEachNodeIsAssignedToAnEp]   Unsqueeze (/model/layers.2/self_attn/Unsqueeze_26) ebaee2e1-06be-42c6-a7b1-de29475cc753:92:232
2026-10-04 18:53:49.768999 [V:onnxruntime:, session_state.cc:1385 VerifyEachNodeIsAssignedToAnEp]   Unsqueeze (/model/layers.2/self_attn/Unsqueeze_27) ebaee2e1-06be-42c6-a7b1-de29475cc753:92:232
2026-10-04 18:53:49.768999 [V:onnxruntime:, session_state.cc:1385 VerifyEachNodeIsAssignedToAnEp]   Concat (/model/layers.2/self_attn/Concat_10) ebaee2e1-06be-42c6-a7b1-de29475cc753:92:232
2026-10-04 18:53:49.768999 [V:onnxruntime:, session_state.cc:1385 VerifyEachNodeIsAssignedToAnEp]   Gather (/model/layers.2/self_attn/Gather_12) ebaee2e1-06be-42c6-a7b1-de29475cc753:92:232
2026-10-04 18:53:49.768999 [V:onnxruntime:, session_state.cc:1385 VerifyEachNodeIsAssignedToAnEp]   Unsqueeze (/model/layers.2/self_attn/Unsqueeze_28) ebaee2e1-06be-42c6-a7b1-de29475cc753:92:232
2026-10-04 18:53:49.768999 [V:onnxruntime:, session_state.cc:1385 VerifyEachNodeIsAssignedToAnEp]   Slice (/model/layers.2/self_attn/Slice_4) ebaee2e1-06be-42c6-a7b1-de29475cc753:92:232
2026-10-04 18:53:49.768999 [V:onnxruntime:, session_state.cc:1385 VerifyEachNodeIsAssignedToAnEp]   IsNaN (/model/layers.2/self_attn/IsNaN) ebaee2e1-06be-42c6-a7b1-de29475cc753:92:232
2026-10-04 18:53:49.769998 [V:onnxruntime:, session_state.cc:1385 VerifyEachNodeIsAssignedToAnEp]   Unsqueeze (/model/layers.2/self_attn/Unsqueeze_29) ebaee2e1-06be-42c6-a7b1-de29475cc753:92:232
2026-10-04 18:53:49.769998 [V:onnxruntime:, session_state.cc:1385 VerifyEachNodeIsAssignedToAnEp]   Unsqueeze (/model/layers.2/self_attn/Unsqueeze_30) ebaee2e1-06be-42c6-a7b1-de29475cc753:92:232
2026-10-04 18:53:49.769998 [V:onnxruntime:, session_state.cc:1385 VerifyEachNodeIsAssignedToAnEp]   Concat (/model/layers.2/self_attn/Concat_11) ebaee2e1-06be-42c6-a7b1-de29475cc753:92:232
2026-10-04 18:53:49.769998 [V:onnxruntime:, session_state.cc:1385 VerifyEachNodeIsAssignedToAnEp]   Gather (/model/layers.3/self_attn/Gather) ebaee2e1-06be-42c6-a7b1-de29475cc753:92:232
2026-10-04 18:53:49.769998 [V:onnxruntime:, session_state.cc:1385 VerifyEachNodeIsAssignedToAnEp]   Gather (/model/layers.3/self_attn/Gather_1) ebaee2e1-06be-42c6-a7b1-de29475cc753:92:232
2026-10-04 18:53:49.769998 [V:onnxruntime:, session_state.cc:1385 VerifyEachNodeIsAssignedToAnEp]   Concat (/model/layers.3/self_attn/Concat_1) ebaee2e1-06be-42c6-a7b1-de29475cc753:92:232
2026-10-04 18:53:49.769998 [V:onnxruntime:, session_state.cc:1385 VerifyEachNodeIsAssignedToAnEp]   Gather (/model/layers.3/self_attn/Gather_2) ebaee2e1-06be-42c6-a7b1-de29475cc753:92:232
2026-10-04 18:53:49.770998 [V:onnxruntime:, session_state.cc:1385 VerifyEachNodeIsAssignedToAnEp]   Div (/model/layers.3/self_attn/Div) ebaee2e1-06be-42c6-a7b1-de29475cc753:92:232
2026-10-04 18:53:49.770998 [V:onnxruntime:, session_state.cc:1385 VerifyEachNodeIsAssignedToAnEp]   Unsqueeze (/model/layers.3/self_attn/Unsqueeze_7) ebaee2e1-06be-42c6-a7b1-de29475cc753:92:232
2026-10-04 18:53:49.770998 [V:onnxruntime:, session_state.cc:1385 VerifyEachNodeIsAssignedToAnEp]   Gather (/model/layers.3/self_attn/Gather_3) ebaee2e1-06be-42c6-a7b1-de29475cc753:92:232
2026-10-04 18:53:49.770998 [V:onnxruntime:, session_state.cc:1385 VerifyEachNodeIsAssignedToAnEp]   Div (/model/layers.3/self_attn/Div_1) ebaee2e1-06be-42c6-a7b1-de29475cc753:92:232
2026-10-04 18:53:49.770998 [V:onnxruntime:, session_state.cc:1385 VerifyEachNodeIsAssignedToAnEp]   Unsqueeze (/model/layers.3/self_attn/Unsqueeze_9) ebaee2e1-06be-42c6-a7b1-de29475cc753:92:232
2026-10-04 18:53:49.770998 [V:onnxruntime:, session_state.cc:1385 VerifyEachNodeIsAssignedToAnEp]   Gather (/model/layers.3/self_attn/Gather_4) ebaee2e1-06be-42c6-a7b1-de29475cc753:92:232
2026-10-04 18:53:49.771999 [V:onnxruntime:, session_state.cc:1385 VerifyEachNodeIsAssignedToAnEp]   Gather (/model/layers.3/self_attn/Gather_5) ebaee2e1-06be-42c6-a7b1-de29475cc753:92:232
2026-10-04 18:53:49.771999 [V:onnxruntime:, session_state.cc:1385 VerifyEachNodeIsAssignedToAnEp]   Gather (/model/layers.3/self_attn/Gather_6) ebaee2e1-06be-42c6-a7b1-de29475cc753:92:232
2026-10-04 18:53:49.771999 [V:onnxruntime:, session_state.cc:1385 VerifyEachNodeIsAssignedToAnEp]   Gather (/model/layers.3/self_attn/Gather_7) ebaee2e1-06be-42c6-a7b1-de29475cc753:92:232
2026-10-04 18:53:49.771999 [V:onnxruntime:, session_state.cc:1385 VerifyEachNodeIsAssignedToAnEp]   Unsqueeze (/model/layers.3/self_attn/Unsqueeze_12) ebaee2e1-06be-42c6-a7b1-de29475cc753:92:232
2026-10-04 18:53:49.771999 [V:onnxruntime:, session_state.cc:1385 VerifyEachNodeIsAssignedToAnEp]   Concat (/model/layers.3/self_attn/Concat_7) ebaee2e1-06be-42c6-a7b1-de29475cc753:92:232
2026-10-04 18:53:49.771999 [V:onnxruntime:, session_state.cc:1385 VerifyEachNodeIsAssignedToAnEp]   Reshape (/model/layers.3/self_attn/Reshape_3) ebaee2e1-06be-42c6-a7b1-de29475cc753:92:232
2026-10-04 18:53:49.772999 [V:onnxruntime:, session_state.cc:1385 VerifyEachNodeIsAssignedToAnEp]   Equal (/model/layers.3/self_attn/Equal) ebaee2e1-06be-42c6-a7b1-de29475cc753:92:232
2026-10-04 18:53:49.772999 [V:onnxruntime:, session_state.cc:1385 VerifyEachNodeIsAssignedToAnEp]   Where (/model/layers.3/self_attn/Where) ebaee2e1-06be-42c6-a7b1-de29475cc753:92:232
2026-10-04 18:53:49.772999 [V:onnxruntime:, session_state.cc:1385 VerifyEachNodeIsAssignedToAnEp]   Mul (/model/layers.3/self_attn/Mul_5) ebaee2e1-06be-42c6-a7b1-de29475cc753:92:232
2026-10-04 18:53:49.772999 [V:onnxruntime:, session_state.cc:1385 VerifyEachNodeIsAssignedToAnEp]   Unsqueeze (/model/layers.3/self_attn/Unsqueeze_15) ebaee2e1-06be-42c6-a7b1-de29475cc753:92:232
2026-10-04 18:53:49.772999 [V:onnxruntime:, session_state.cc:1385 VerifyEachNodeIsAssignedToAnEp]   Unsqueeze (/model/layers.3/self_attn/Unsqueeze_16) ebaee2e1-06be-42c6-a7b1-de29475cc753:92:232
2026-10-04 18:53:49.773998 [V:onnxruntime:, session_state.cc:1385 VerifyEachNodeIsAssignedToAnEp]   Unsqueeze (/model/layers.3/self_attn/Unsqueeze_17) ebaee2e1-06be-42c6-a7b1-de29475cc753:92:232
2026-10-04 18:53:49.773998 [V:onnxruntime:, session_state.cc:1385 VerifyEachNodeIsAssignedToAnEp]   Unsqueeze (/model/layers.3/self_attn/Unsqueeze_18) ebaee2e1-06be-42c6-a7b1-de29475cc753:92:232
2026-10-04 18:53:49.773998 [V:onnxruntime:, session_state.cc:1385 VerifyEachNodeIsAssignedToAnEp]   Concat (/model/layers.3/self_attn/Concat_8) ebaee2e1-06be-42c6-a7b1-de29475cc753:92:232
2026-10-04 18:53:49.773998 [V:onnxruntime:, session_state.cc:1385 VerifyEachNodeIsAssignedToAnEp]   Gather (/model/layers.3/self_attn/Gather_8) ebaee2e1-06be-42c6-a7b1-de29475cc753:92:232
2026-10-04 18:53:49.773998 [V:onnxruntime:, session_state.cc:1385 VerifyEachNodeIsAssignedToAnEp]   Gather (/model/layers.3/self_attn/Gather_9) ebaee2e1-06be-42c6-a7b1-de29475cc753:92:232
2026-10-04 18:53:49.773998 [V:onnxruntime:, session_state.cc:1385 VerifyEachNodeIsAssignedToAnEp]   Gather (/model/layers.3/self_attn/Gather_10) ebaee2e1-06be-42c6-a7b1-de29475cc753:92:232
2026-10-04 18:53:49.773998 [V:onnxruntime:, session_state.cc:1385 VerifyEachNodeIsAssignedToAnEp]   Gather (/model/layers.3/self_attn/Gather_11) ebaee2e1-06be-42c6-a7b1-de29475cc753:92:232
2026-10-04 18:53:49.774999 [V:onnxruntime:, session_state.cc:1385 VerifyEachNodeIsAssignedToAnEp]   Unsqueeze (/model/layers.3/self_attn/Unsqueeze_21) ebaee2e1-06be-42c6-a7b1-de29475cc753:92:232
2026-10-04 18:53:49.774999 [V:onnxruntime:, session_state.cc:1385 VerifyEachNodeIsAssignedToAnEp]   Concat (/model/layers.3/self_attn/Concat_9) ebaee2e1-06be-42c6-a7b1-de29475cc753:92:232
2026-10-04 18:53:49.774999 [V:onnxruntime:, session_state.cc:1385 VerifyEachNodeIsAssignedToAnEp]   Reshape (/model/layers.3/self_attn/Reshape_5) ebaee2e1-06be-42c6-a7b1-de29475cc753:92:232
2026-10-04 18:53:49.774999 [V:onnxruntime:, session_state.cc:1385 VerifyEachNodeIsAssignedToAnEp]   Equal (/model/layers.3/self_attn/Equal_1) ebaee2e1-06be-42c6-a7b1-de29475cc753:92:232
2026-10-04 18:53:49.774999 [V:onnxruntime:, session_state.cc:1385 VerifyEachNodeIsAssignedToAnEp]   Where (/model/layers.3/self_attn/Where_1) ebaee2e1-06be-42c6-a7b1-de29475cc753:92:232
2026-10-04 18:53:49.775999 [V:onnxruntime:, session_state.cc:1385 VerifyEachNodeIsAssignedToAnEp]   Mul (/model/layers.3/self_attn/Mul_7) ebaee2e1-06be-42c6-a7b1-de29475cc753:92:232
2026-10-04 18:53:49.775999 [V:onnxruntime:, session_state.cc:1385 VerifyEachNodeIsAssignedToAnEp]   Unsqueeze (/model/layers.3/self_attn/Unsqueeze_24) ebaee2e1-06be-42c6-a7b1-de29475cc753:92:232
2026-10-04 18:53:49.775999 [V:onnxruntime:, session_state.cc:1385 VerifyEachNodeIsAssignedToAnEp]   Unsqueeze (/model/layers.3/self_attn/Unsqueeze_25) ebaee2e1-06be-42c6-a7b1-de29475cc753:92:232
2026-10-04 18:53:49.776999 [V:onnxruntime:, session_state.cc:1385 VerifyEachNodeIsAssignedToAnEp]   Unsqueeze (/model/layers.3/self_attn/Unsqueeze_26) ebaee2e1-06be-42c6-a7b1-de29475cc753:92:232
2026-10-04 18:53:49.776999 [V:onnxruntime:, session_state.cc:1385 VerifyEachNodeIsAssignedToAnEp]   Unsqueeze (/model/layers.3/self_attn/Unsqueeze_27) ebaee2e1-06be-42c6-a7b1-de29475cc753:92:232
2026-10-04 18:53:49.776999 [V:onnxruntime:, session_state.cc:1385 VerifyEachNodeIsAssignedToAnEp]   Concat (/model/layers.3/self_attn/Concat_10) ebaee2e1-06be-42c6-a7b1-de29475cc753:92:232
2026-10-04 18:53:49.776999 [V:onnxruntime:, session_state.cc:1385 VerifyEachNodeIsAssignedToAnEp]   Gather (/model/layers.3/self_attn/Gather_12) ebaee2e1-06be-42c6-a7b1-de29475cc753:92:232
2026-10-04 18:53:49.776999 [V:onnxruntime:, session_state.cc:1385 VerifyEachNodeIsAssignedToAnEp]   Unsqueeze (/model/layers.3/self_attn/Unsqueeze_28) ebaee2e1-06be-42c6-a7b1-de29475cc753:92:232
2026-10-04 18:53:49.777998 [V:onnxruntime:, session_state.cc:1385 VerifyEachNodeIsAssignedToAnEp]   Slice (/model/layers.3/self_attn/Slice_4) ebaee2e1-06be-42c6-a7b1-de29475cc753:92:232
2026-10-04 18:53:49.777998 [V:onnxruntime:, session_state.cc:1385 VerifyEachNodeIsAssignedToAnEp]   IsNaN (/model/layers.3/self_attn/IsNaN) ebaee2e1-06be-42c6-a7b1-de29475cc753:92:232
2026-10-04 18:53:49.777998 [V:onnxruntime:, session_state.cc:1385 VerifyEachNodeIsAssignedToAnEp]   Unsqueeze (/model/layers.3/self_attn/Unsqueeze_29) ebaee2e1-06be-42c6-a7b1-de29475cc753:92:232
2026-10-04 18:53:49.778998 [V:onnxruntime:, session_state.cc:1385 VerifyEachNodeIsAssignedToAnEp]   Unsqueeze (/model/layers.3/self_attn/Unsqueeze_30) ebaee2e1-06be-42c6-a7b1-de29475cc753:92:232
2026-10-04 18:53:49.778998 [V:onnxruntime:, session_state.cc:1385 VerifyEachNodeIsAssignedToAnEp]   Concat (/model/layers.3/self_attn/Concat_11) ebaee2e1-06be-42c6-a7b1-de29475cc753:92:232
2026-10-04 18:53:49.778998 [V:onnxruntime:, session_state.cc:1385 VerifyEachNodeIsAssignedToAnEp]   Gather (/model/layers.4/self_attn/Gather) ebaee2e1-06be-42c6-a7b1-de29475cc753:92:232
2026-10-04 18:53:49.778998 [V:onnxruntime:, session_state.cc:1385 VerifyEachNodeIsAssignedToAnEp]   Gather (/model/layers.4/self_attn/Gather_1) ebaee2e1-06be-42c6-a7b1-de29475cc753:92:232
2026-10-04 18:53:49.778998 [V:onnxruntime:, session_state.cc:1385 VerifyEachNodeIsAssignedToAnEp]   Concat (/model/layers.4/self_attn/Concat_1) ebaee2e1-06be-42c6-a7b1-de29475cc753:92:232
2026-10-04 18:53:49.778998 [V:onnxruntime:, session_state.cc:1385 VerifyEachNodeIsAssignedToAnEp]   Gather (/model/layers.4/self_attn/Gather_2) ebaee2e1-06be-42c6-a7b1-de29475cc753:92:232
2026-10-04 18:53:49.779999 [V:onnxruntime:, session_state.cc:1385 VerifyEachNodeIsAssignedToAnEp]   Div (/model/layers.4/self_attn/Div) ebaee2e1-06be-42c6-a7b1-de29475cc753:92:232
2026-10-04 18:53:49.779999 [V:onnxruntime:, session_state.cc:1385 VerifyEachNodeIsAssignedToAnEp]   Unsqueeze (/model/layers.4/self_attn/Unsqueeze_7) ebaee2e1-06be-42c6-a7b1-de29475cc753:92:232
2026-10-04 18:53:49.779999 [V:onnxruntime:, session_state.cc:1385 VerifyEachNodeIsAssignedToAnEp]   Gather (/model/layers.4/self_attn/Gather_3) ebaee2e1-06be-42c6-a7b1-de29475cc753:92:232
2026-10-04 18:53:49.779999 [V:onnxruntime:, session_state.cc:1385 VerifyEachNodeIsAssignedToAnEp]   Div (/model/layers.4/self_attn/Div_1) ebaee2e1-06be-42c6-a7b1-de29475cc753:92:232
2026-10-04 18:53:49.779999 [V:onnxruntime:, session_state.cc:1385 VerifyEachNodeIsAssignedToAnEp]   Unsqueeze (/model/layers.4/self_attn/Unsqueeze_9) ebaee2e1-06be-42c6-a7b1-de29475cc753:92:232
2026-10-04 18:53:49.780999 [V:onnxruntime:, session_state.cc:1385 VerifyEachNodeIsAssignedToAnEp]   Gather (/model/layers.4/self_attn/Gather_4) ebaee2e1-06be-42c6-a7b1-de29475cc753:92:232
2026-10-04 18:53:49.780999 [V:onnxruntime:, session_state.cc:1385 VerifyEachNodeIsAssignedToAnEp]   Gather (/model/layers.4/self_attn/Gather_5) ebaee2e1-06be-42c6-a7b1-de29475cc753:92:232
2026-10-04 18:53:49.780999 [V:onnxruntime:, session_state.cc:1385 VerifyEachNodeIsAssignedToAnEp]   Gather (/model/layers.4/self_attn/Gather_6) ebaee2e1-06be-42c6-a7b1-de29475cc753:92:232
2026-10-04 18:53:49.780999 [V:onnxruntime:, session_state.cc:1385 VerifyEachNodeIsAssignedToAnEp]   Gather (/model/layers.4/self_attn/Gather_7) ebaee2e1-06be-42c6-a7b1-de29475cc753:92:232
2026-10-04 18:53:49.780999 [V:onnxruntime:, session_state.cc:1385 VerifyEachNodeIsAssignedToAnEp]   Unsqueeze (/model/layers.4/self_attn/Unsqueeze_12) ebaee2e1-06be-42c6-a7b1-de29475cc753:92:232
2026-10-04 18:53:49.780999 [V:onnxruntime:, session_state.cc:1385 VerifyEachNodeIsAssignedToAnEp]   Concat (/model/layers.4/self_attn/Concat_7) ebaee2e1-06be-42c6-a7b1-de29475cc753:92:232
2026-10-04 18:53:49.781998 [V:onnxruntime:, session_state.cc:1385 VerifyEachNodeIsAssignedToAnEp]   Reshape (/model/layers.4/self_attn/Reshape_3) ebaee2e1-06be-42c6-a7b1-de29475cc753:92:232
2026-10-04 18:53:49.781998 [V:onnxruntime:, session_state.cc:1385 VerifyEachNodeIsAssignedToAnEp]   Equal (/model/layers.4/self_attn/Equal) ebaee2e1-06be-42c6-a7b1-de29475cc753:92:232
2026-10-04 18:53:49.781998 [V:onnxruntime:, session_state.cc:1385 VerifyEachNodeIsAssignedToAnEp]   Where (/model/layers.4/self_attn/Where) ebaee2e1-06be-42c6-a7b1-de29475cc753:92:232
2026-10-04 18:53:49.782999 [V:onnxruntime:, session_state.cc:1385 VerifyEachNodeIsAssignedToAnEp]   Mul (/model/layers.4/self_attn/Mul_5) ebaee2e1-06be-42c6-a7b1-de29475cc753:92:232
2026-10-04 18:53:49.782999 [V:onnxruntime:, session_state.cc:1385 VerifyEachNodeIsAssignedToAnEp]   Unsqueeze (/model/layers.4/self_attn/Unsqueeze_15) ebaee2e1-06be-42c6-a7b1-de29475cc753:92:232
2026-10-04 18:53:49.782999 [V:onnxruntime:, session_state.cc:1385 VerifyEachNodeIsAssignedToAnEp]   Unsqueeze (/model/layers.4/self_attn/Unsqueeze_16) ebaee2e1-06be-42c6-a7b1-de29475cc753:92:232
2026-10-04 18:53:49.782999 [V:onnxruntime:, session_state.cc:1385 VerifyEachNodeIsAssignedToAnEp]   Unsqueeze (/model/layers.4/self_attn/Unsqueeze_17) ebaee2e1-06be-42c6-a7b1-de29475cc753:92:232
2026-10-04 18:53:49.782999 [V:onnxruntime:, session_state.cc:1385 VerifyEachNodeIsAssignedToAnEp]   Unsqueeze (/model/layers.4/self_attn/Unsqueeze_18) ebaee2e1-06be-42c6-a7b1-de29475cc753:92:232
2026-10-04 18:53:49.783999 [V:onnxruntime:, session_state.cc:1385 VerifyEachNodeIsAssignedToAnEp]   Concat (/model/layers.4/self_attn/Concat_8) ebaee2e1-06be-42c6-a7b1-de29475cc753:92:232
2026-10-04 18:53:49.783999 [V:onnxruntime:, session_state.cc:1385 VerifyEachNodeIsAssignedToAnEp]   Gather (/model/layers.4/self_attn/Gather_8) ebaee2e1-06be-42c6-a7b1-de29475cc753:92:232
2026-10-04 18:53:49.783999 [V:onnxruntime:, session_state.cc:1385 VerifyEachNodeIsAssignedToAnEp]   Gather (/model/layers.4/self_attn/Gather_9) ebaee2e1-06be-42c6-a7b1-de29475cc753:92:232
2026-10-04 18:53:49.783999 [V:onnxruntime:, session_state.cc:1385 VerifyEachNodeIsAssignedToAnEp]   Gather (/model/layers.4/self_attn/Gather_10) ebaee2e1-06be-42c6-a7b1-de29475cc753:92:232
2026-10-04 18:53:49.783999 [V:onnxruntime:, session_state.cc:1385 VerifyEachNodeIsAssignedToAnEp]   Gather (/model/layers.4/self_attn/Gather_11) ebaee2e1-06be-42c6-a7b1-de29475cc753:92:232
2026-10-04 18:53:49.784999 [V:onnxruntime:, session_state.cc:1385 VerifyEachNodeIsAssignedToAnEp]   Unsqueeze (/model/layers.4/self_attn/Unsqueeze_21) ebaee2e1-06be-42c6-a7b1-de29475cc753:92:232
2026-10-04 18:53:49.784999 [V:onnxruntime:, session_state.cc:1385 VerifyEachNodeIsAssignedToAnEp]   Concat (/model/layers.4/self_attn/Concat_9) ebaee2e1-06be-42c6-a7b1-de29475cc753:92:232
2026-10-04 18:53:49.784999 [V:onnxruntime:, session_state.cc:1385 VerifyEachNodeIsAssignedToAnEp]   Reshape (/model/layers.4/self_attn/Reshape_5) ebaee2e1-06be-42c6-a7b1-de29475cc753:92:232
2026-10-04 18:53:49.784999 [V:onnxruntime:, session_state.cc:1385 VerifyEachNodeIsAssignedToAnEp]   Equal (/model/layers.4/self_attn/Equal_1) ebaee2e1-06be-42c6-a7b1-de29475cc753:92:232
2026-10-04 18:53:49.784999 [V:onnxruntime:, session_state.cc:1385 VerifyEachNodeIsAssignedToAnEp]   Where (/model/layers.4/self_attn/Where_1) ebaee2e1-06be-42c6-a7b1-de29475cc753:92:232
2026-10-04 18:53:49.784999 [V:onnxruntime:, session_state.cc:1385 VerifyEachNodeIsAssignedToAnEp]   Mul (/model/layers.4/self_attn/Mul_7) ebaee2e1-06be-42c6-a7b1-de29475cc753:92:232
2026-10-04 18:53:49.785998 [V:onnxruntime:, session_state.cc:1385 VerifyEachNodeIsAssignedToAnEp]   Unsqueeze (/model/layers.4/self_attn/Unsqueeze_24) ebaee2e1-06be-42c6-a7b1-de29475cc753:92:232
2026-10-04 18:53:49.785998 [V:onnxruntime:, session_state.cc:1385 VerifyEachNodeIsAssignedToAnEp]   Unsqueeze (/model/layers.4/self_attn/Unsqueeze_25) ebaee2e1-06be-42c6-a7b1-de29475cc753:92:232
2026-10-04 18:53:49.785998 [V:onnxruntime:, session_state.cc:1385 VerifyEachNodeIsAssignedToAnEp]   Unsqueeze (/model/layers.4/self_attn/Unsqueeze_26) ebaee2e1-06be-42c6-a7b1-de29475cc753:92:232
2026-10-04 18:53:49.785998 [V:onnxruntime:, session_state.cc:1385 VerifyEachNodeIsAssignedToAnEp]   Unsqueeze (/model/layers.4/self_attn/Unsqueeze_27) ebaee2e1-06be-42c6-a7b1-de29475cc753:92:232
2026-10-04 18:53:49.785998 [V:onnxruntime:, session_state.cc:1385 VerifyEachNodeIsAssignedToAnEp]   Concat (/model/layers.4/self_attn/Concat_10) ebaee2e1-06be-42c6-a7b1-de29475cc753:92:232
2026-10-04 18:53:49.785998 [V:onnxruntime:, session_state.cc:1385 VerifyEachNodeIsAssignedToAnEp]   Gather (/model/layers.4/self_attn/Gather_12) ebaee2e1-06be-42c6-a7b1-de29475cc753:92:232
2026-10-04 18:53:49.795999 [V:onnxruntime:, session_state.cc:1385 VerifyEachNodeIsAssignedToAnEp]   Unsqueeze (/model/layers.4/self_attn/Unsqueeze_28) ebaee2e1-06be-42c6-a7b1-de29475cc753:92:232
2026-10-04 18:53:49.796999 [V:onnxruntime:, session_state.cc:1385 VerifyEachNodeIsAssignedToAnEp]   Slice (/model/layers.4/self_attn/Slice_4) ebaee2e1-06be-42c6-a7b1-de29475cc753:92:232
2026-10-04 18:53:49.796999 [V:onnxruntime:, session_state.cc:1385 VerifyEachNodeIsAssignedToAnEp]   IsNaN (/model/layers.4/self_attn/IsNaN) ebaee2e1-06be-42c6-a7b1-de29475cc753:92:232
2026-10-04 18:53:49.796999 [V:onnxruntime:, session_state.cc:1385 VerifyEachNodeIsAssignedToAnEp]   Unsqueeze (/model/layers.4/self_attn/Unsqueeze_29) ebaee2e1-06be-42c6-a7b1-de29475cc753:92:232
2026-10-04 18:53:49.796999 [V:onnxruntime:, session_state.cc:1385 VerifyEachNodeIsAssignedToAnEp]   Unsqueeze (/model/layers.4/self_attn/Unsqueeze_30) ebaee2e1-06be-42c6-a7b1-de29475cc753:92:232
2026-10-04 18:53:49.796999 [V:onnxruntime:, session_state.cc:1385 VerifyEachNodeIsAssignedToAnEp]   Concat (/model/layers.4/self_attn/Concat_11) ebaee2e1-06be-42c6-a7b1-de29475cc753:92:232
2026-10-04 18:53:49.796999 [V:onnxruntime:, session_state.cc:1385 VerifyEachNodeIsAssignedToAnEp]   Gather (/model/layers.5/self_attn/Gather) ebaee2e1-06be-42c6-a7b1-de29475cc753:92:232
2026-10-04 18:53:49.797998 [V:onnxruntime:, session_state.cc:1385 VerifyEachNodeIsAssignedToAnEp]   Gather (/model/layers.5/self_attn/Gather_1) ebaee2e1-06be-42c6-a7b1-de29475cc753:92:232
2026-10-04 18:53:49.797998 [V:onnxruntime:, session_state.cc:1385 VerifyEachNodeIsAssignedToAnEp]   Concat (/model/layers.5/self_attn/Concat_1) ebaee2e1-06be-42c6-a7b1-de29475cc753:92:232
2026-10-04 18:53:49.797998 [V:onnxruntime:, session_state.cc:1385 VerifyEachNodeIsAssignedToAnEp]   Gather (/model/layers.5/self_attn/Gather_2) ebaee2e1-06be-42c6-a7b1-de29475cc753:92:232
2026-10-04 18:53:49.797998 [V:onnxruntime:, session_state.cc:1385 VerifyEachNodeIsAssignedToAnEp]   Div (/model/layers.5/self_attn/Div) ebaee2e1-06be-42c6-a7b1-de29475cc753:92:232
2026-10-04 18:53:49.798999 [V:onnxruntime:, session_state.cc:1385 VerifyEachNodeIsAssignedToAnEp]   Unsqueeze (/model/layers.5/self_attn/Unsqueeze_7) ebaee2e1-06be-42c6-a7b1-de29475cc753:92:232
2026-10-04 18:53:49.798999 [V:onnxruntime:, session_state.cc:1385 VerifyEachNodeIsAssignedToAnEp]   Gather (/model/layers.5/self_attn/Gather_3) ebaee2e1-06be-42c6-a7b1-de29475cc753:92:232
2026-10-04 18:53:49.798999 [V:onnxruntime:, session_state.cc:1385 VerifyEachNodeIsAssignedToAnEp]   Div (/model/layers.5/self_attn/Div_1) ebaee2e1-06be-42c6-a7b1-de29475cc753:92:232
2026-10-04 18:53:49.798999 [V:onnxruntime:, session_state.cc:1385 VerifyEachNodeIsAssignedToAnEp]   Unsqueeze (/model/layers.5/self_attn/Unsqueeze_9) ebaee2e1-06be-42c6-a7b1-de29475cc753:92:232
2026-10-04 18:53:49.798999 [V:onnxruntime:, session_state.cc:1385 VerifyEachNodeIsAssignedToAnEp]   Gather (/model/layers.5/self_attn/Gather_4) ebaee2e1-06be-42c6-a7b1-de29475cc753:92:232
2026-10-04 18:53:49.799999 [V:onnxruntime:, session_state.cc:1385 VerifyEachNodeIsAssignedToAnEp]   Gather (/model/layers.5/self_attn/Gather_5) ebaee2e1-06be-42c6-a7b1-de29475cc753:92:232
2026-10-04 18:53:49.799999 [V:onnxruntime:, session_state.cc:1385 VerifyEachNodeIsAssignedToAnEp]   Gather (/model/layers.5/self_attn/Gather_6) ebaee2e1-06be-42c6-a7b1-de29475cc753:92:232
2026-10-04 18:53:49.799999 [V:onnxruntime:, session_state.cc:1385 VerifyEachNodeIsAssignedToAnEp]   Gather (/model/layers.5/self_attn/Gather_7) ebaee2e1-06be-42c6-a7b1-de29475cc753:92:232
2026-10-04 18:53:49.799999 [V:onnxruntime:, session_state.cc:1385 VerifyEachNodeIsAssignedToAnEp]   Unsqueeze (/model/layers.5/self_attn/Unsqueeze_12) ebaee2e1-06be-42c6-a7b1-de29475cc753:92:232
2026-10-04 18:53:49.800999 [V:onnxruntime:, session_state.cc:1385 VerifyEachNodeIsAssignedToAnEp]   Concat (/model/layers.5/self_attn/Concat_7) ebaee2e1-06be-42c6-a7b1-de29475cc753:92:232
2026-10-04 18:53:49.800999 [V:onnxruntime:, session_state.cc:1385 VerifyEachNodeIsAssignedToAnEp]   Reshape (/model/layers.5/self_attn/Reshape_3) ebaee2e1-06be-42c6-a7b1-de29475cc753:92:232
2026-10-04 18:53:49.800999 [V:onnxruntime:, session_state.cc:1385 VerifyEachNodeIsAssignedToAnEp]   Equal (/model/layers.5/self_attn/Equal) ebaee2e1-06be-42c6-a7b1-de29475cc753:92:232
2026-10-04 18:53:49.800999 [V:onnxruntime:, session_state.cc:1385 VerifyEachNodeIsAssignedToAnEp]   Where (/model/layers.5/self_attn/Where) ebaee2e1-06be-42c6-a7b1-de29475cc753:92:232
2026-10-04 18:53:49.800999 [V:onnxruntime:, session_state.cc:1385 VerifyEachNodeIsAssignedToAnEp]   Mul (/model/layers.5/self_attn/Mul_5) ebaee2e1-06be-42c6-a7b1-de29475cc753:92:232
2026-10-04 18:53:49.800999 [V:onnxruntime:, session_state.cc:1385 VerifyEachNodeIsAssignedToAnEp]   Unsqueeze (/model/layers.5/self_attn/Unsqueeze_15) ebaee2e1-06be-42c6-a7b1-de29475cc753:92:232
2026-10-04 18:53:49.800999 [V:onnxruntime:, session_state.cc:1385 VerifyEachNodeIsAssignedToAnEp]   Unsqueeze (/model/layers.5/self_attn/Unsqueeze_16) ebaee2e1-06be-42c6-a7b1-de29475cc753:92:232
2026-10-04 18:53:49.801998 [V:onnxruntime:, session_state.cc:1385 VerifyEachNodeIsAssignedToAnEp]   Unsqueeze (/model/layers.5/self_attn/Unsqueeze_17) ebaee2e1-06be-42c6-a7b1-de29475cc753:92:232
2026-10-04 18:53:49.801998 [V:onnxruntime:, session_state.cc:1385 VerifyEachNodeIsAssignedToAnEp]   Unsqueeze (/model/layers.5/self_attn/Unsqueeze_18) ebaee2e1-06be-42c6-a7b1-de29475cc753:92:232
2026-10-04 18:53:49.801998 [V:onnxruntime:, session_state.cc:1385 VerifyEachNodeIsAssignedToAnEp]   Concat (/model/layers.5/self_attn/Concat_8) ebaee2e1-06be-42c6-a7b1-de29475cc753:92:232
2026-10-04 18:53:49.801998 [V:onnxruntime:, session_state.cc:1385 VerifyEachNodeIsAssignedToAnEp]   Gather (/model/layers.5/self_attn/Gather_8) ebaee2e1-06be-42c6-a7b1-de29475cc753:92:232
2026-10-04 18:53:49.801998 [V:onnxruntime:, session_state.cc:1385 VerifyEachNodeIsAssignedToAnEp]   Gather (/model/layers.5/self_attn/Gather_9) ebaee2e1-06be-42c6-a7b1-de29475cc753:92:232
2026-10-04 18:53:49.801998 [V:onnxruntime:, session_state.cc:1385 VerifyEachNodeIsAssignedToAnEp]   Gather (/model/layers.5/self_attn/Gather_10) ebaee2e1-06be-42c6-a7b1-de29475cc753:92:232
2026-10-04 18:53:49.802998 [V:onnxruntime:, session_state.cc:1385 VerifyEachNodeIsAssignedToAnEp]   Gather (/model/layers.5/self_attn/Gather_11) ebaee2e1-06be-42c6-a7b1-de29475cc753:92:232
2026-10-04 18:53:49.802998 [V:onnxruntime:, session_state.cc:1385 VerifyEachNodeIsAssignedToAnEp]   Unsqueeze (/model/layers.5/self_attn/Unsqueeze_21) ebaee2e1-06be-42c6-a7b1-de29475cc753:92:232
2026-10-04 18:53:49.802998 [V:onnxruntime:, session_state.cc:1385 VerifyEachNodeIsAssignedToAnEp]   Concat (/model/layers.5/self_attn/Concat_9) ebaee2e1-06be-42c6-a7b1-de29475cc753:92:232
2026-10-04 18:53:49.802998 [V:onnxruntime:, session_state.cc:1385 VerifyEachNodeIsAssignedToAnEp]   Reshape (/model/layers.5/self_attn/Reshape_5) ebaee2e1-06be-42c6-a7b1-de29475cc753:92:232
2026-10-04 18:53:49.802998 [V:onnxruntime:, session_state.cc:1385 VerifyEachNodeIsAssignedToAnEp]   Equal (/model/layers.5/self_attn/Equal_1) ebaee2e1-06be-42c6-a7b1-de29475cc753:92:232
2026-10-04 18:53:49.802998 [V:onnxruntime:, session_state.cc:1385 VerifyEachNodeIsAssignedToAnEp]   Where (/model/layers.5/self_attn/Where_1) ebaee2e1-06be-42c6-a7b1-de29475cc753:92:232
2026-10-04 18:53:49.803999 [V:onnxruntime:, session_state.cc:1385 VerifyEachNodeIsAssignedToAnEp]   Mul (/model/layers.5/self_attn/Mul_7) ebaee2e1-06be-42c6-a7b1-de29475cc753:92:232
2026-10-04 18:53:49.803999 [V:onnxruntime:, session_state.cc:1385 VerifyEachNodeIsAssignedToAnEp]   Unsqueeze (/model/layers.5/self_attn/Unsqueeze_24) ebaee2e1-06be-42c6-a7b1-de29475cc753:92:232
2026-10-04 18:53:49.803999 [V:onnxruntime:, session_state.cc:1385 VerifyEachNodeIsAssignedToAnEp]   Unsqueeze (/model/layers.5/self_attn/Unsqueeze_25) ebaee2e1-06be-42c6-a7b1-de29475cc753:92:232
2026-10-04 18:53:49.803999 [V:onnxruntime:, session_state.cc:1385 VerifyEachNodeIsAssignedToAnEp]   Unsqueeze (/model/layers.5/self_attn/Unsqueeze_26) ebaee2e1-06be-42c6-a7b1-de29475cc753:92:232
2026-10-04 18:53:49.803999 [V:onnxruntime:, session_state.cc:1385 VerifyEachNodeIsAssignedToAnEp]   Unsqueeze (/model/layers.5/self_attn/Unsqueeze_27) ebaee2e1-06be-42c6-a7b1-de29475cc753:92:232
2026-10-04 18:53:49.804999 [V:onnxruntime:, session_state.cc:1385 VerifyEachNodeIsAssignedToAnEp]   Concat (/model/layers.5/self_attn/Concat_10) ebaee2e1-06be-42c6-a7b1-de29475cc753:92:232
2026-10-04 18:53:49.804999 [V:onnxruntime:, session_state.cc:1385 VerifyEachNodeIsAssignedToAnEp]   Gather (/model/layers.5/self_attn/Gather_12) ebaee2e1-06be-42c6-a7b1-de29475cc753:92:232
2026-10-04 18:53:49.804999 [V:onnxruntime:, session_state.cc:1385 VerifyEachNodeIsAssignedToAnEp]   Unsqueeze (/model/layers.5/self_attn/Unsqueeze_28) ebaee2e1-06be-42c6-a7b1-de29475cc753:92:232
2026-10-04 18:53:49.804999 [V:onnxruntime:, session_state.cc:1385 VerifyEachNodeIsAssignedToAnEp]   Slice (/model/layers.5/self_attn/Slice_4) ebaee2e1-06be-42c6-a7b1-de29475cc753:92:232
2026-10-04 18:53:49.804999 [V:onnxruntime:, session_state.cc:1385 VerifyEachNodeIsAssignedToAnEp]   IsNaN (/model/layers.5/self_attn/IsNaN) ebaee2e1-06be-42c6-a7b1-de29475cc753:92:232
2026-10-04 18:53:49.805998 [V:onnxruntime:, session_state.cc:1385 VerifyEachNodeIsAssignedToAnEp]   Unsqueeze (/model/layers.5/self_attn/Unsqueeze_29) ebaee2e1-06be-42c6-a7b1-de29475cc753:92:232
2026-10-04 18:53:49.805998 [V:onnxruntime:, session_state.cc:1385 VerifyEachNodeIsAssignedToAnEp]   Unsqueeze (/model/layers.5/self_attn/Unsqueeze_30) ebaee2e1-06be-42c6-a7b1-de29475cc753:92:232
2026-10-04 18:53:49.805998 [V:onnxruntime:, session_state.cc:1385 VerifyEachNodeIsAssignedToAnEp]   Concat (/model/layers.5/self_attn/Concat_11) ebaee2e1-06be-42c6-a7b1-de29475cc753:92:232
2026-10-04 18:53:49.805998 [V:onnxruntime:, session_state.cc:1385 VerifyEachNodeIsAssignedToAnEp]   Gather (/model/layers.6/self_attn/Gather) ebaee2e1-06be-42c6-a7b1-de29475cc753:92:232
2026-10-04 18:53:49.805998 [V:onnxruntime:, session_state.cc:1385 VerifyEachNodeIsAssignedToAnEp]   Gather (/model/layers.6/self_attn/Gather_1) ebaee2e1-06be-42c6-a7b1-de29475cc753:92:232
2026-10-04 18:53:49.805998 [V:onnxruntime:, session_state.cc:1385 VerifyEachNodeIsAssignedToAnEp]   Concat (/model/layers.6/self_attn/Concat_1) ebaee2e1-06be-42c6-a7b1-de29475cc753:92:232
2026-10-04 18:53:49.806999 [V:onnxruntime:, session_state.cc:1385 VerifyEachNodeIsAssignedToAnEp]   Gather (/model/layers.6/self_attn/Gather_2) ebaee2e1-06be-42c6-a7b1-de29475cc753:92:232
2026-10-04 18:53:49.806999 [V:onnxruntime:, session_state.cc:1385 VerifyEachNodeIsAssignedToAnEp]   Div (/model/layers.6/self_attn/Div) ebaee2e1-06be-42c6-a7b1-de29475cc753:92:232
2026-10-04 18:53:49.806999 [V:onnxruntime:, session_state.cc:1385 VerifyEachNodeIsAssignedToAnEp]   Unsqueeze (/model/layers.6/self_attn/Unsqueeze_7) ebaee2e1-06be-42c6-a7b1-de29475cc753:92:232
2026-10-04 18:53:49.806999 [V:onnxruntime:, session_state.cc:1385 VerifyEachNodeIsAssignedToAnEp]   Gather (/model/layers.6/self_attn/Gather_3) ebaee2e1-06be-42c6-a7b1-de29475cc753:92:232
2026-10-04 18:53:49.806999 [V:onnxruntime:, session_state.cc:1385 VerifyEachNodeIsAssignedToAnEp]   Div (/model/layers.6/self_attn/Div_1) ebaee2e1-06be-42c6-a7b1-de29475cc753:92:232
2026-10-04 18:53:49.806999 [V:onnxruntime:, session_state.cc:1385 VerifyEachNodeIsAssignedToAnEp]   Unsqueeze (/model/layers.6/self_attn/Unsqueeze_9) ebaee2e1-06be-42c6-a7b1-de29475cc753:92:232
2026-10-04 18:53:49.806999 [V:onnxruntime:, session_state.cc:1385 VerifyEachNodeIsAssignedToAnEp]   Gather (/model/layers.6/self_attn/Gather_4) ebaee2e1-06be-42c6-a7b1-de29475cc753:92:232
2026-10-04 18:53:49.807999 [V:onnxruntime:, session_state.cc:1385 VerifyEachNodeIsAssignedToAnEp]   Gather (/model/layers.6/self_attn/Gather_5) ebaee2e1-06be-42c6-a7b1-de29475cc753:92:232
2026-10-04 18:53:49.807999 [V:onnxruntime:, session_state.cc:1385 VerifyEachNodeIsAssignedToAnEp]   Gather (/model/layers.6/self_attn/Gather_6) ebaee2e1-06be-42c6-a7b1-de29475cc753:92:232
2026-10-04 18:53:49.807999 [V:onnxruntime:, session_state.cc:1385 VerifyEachNodeIsAssignedToAnEp]   Gather (/model/layers.6/self_attn/Gather_7) ebaee2e1-06be-42c6-a7b1-de29475cc753:92:232
2026-10-04 18:53:49.807999 [V:onnxruntime:, session_state.cc:1385 VerifyEachNodeIsAssignedToAnEp]   Unsqueeze (/model/layers.6/self_attn/Unsqueeze_12) ebaee2e1-06be-42c6-a7b1-de29475cc753:92:232
2026-10-04 18:53:49.807999 [V:onnxruntime:, session_state.cc:1385 VerifyEachNodeIsAssignedToAnEp]   Concat (/model/layers.6/self_attn/Concat_7) ebaee2e1-06be-42c6-a7b1-de29475cc753:92:232
2026-10-04 18:53:49.808999 [V:onnxruntime:, session_state.cc:1385 VerifyEachNodeIsAssignedToAnEp]   Reshape (/model/layers.6/self_attn/Reshape_3) ebaee2e1-06be-42c6-a7b1-de29475cc753:92:232
2026-10-04 18:53:49.808999 [V:onnxruntime:, session_state.cc:1385 VerifyEachNodeIsAssignedToAnEp]   Equal (/model/layers.6/self_attn/Equal) ebaee2e1-06be-42c6-a7b1-de29475cc753:92:232
2026-10-04 18:53:49.808999 [V:onnxruntime:, session_state.cc:1385 VerifyEachNodeIsAssignedToAnEp]   Where (/model/layers.6/self_attn/Where) ebaee2e1-06be-42c6-a7b1-de29475cc753:92:232
2026-10-04 18:53:49.808999 [V:onnxruntime:, session_state.cc:1385 VerifyEachNodeIsAssignedToAnEp]   Mul (/model/layers.6/self_attn/Mul_5) ebaee2e1-06be-42c6-a7b1-de29475cc753:92:232
2026-10-04 18:53:49.808999 [V:onnxruntime:, session_state.cc:1385 VerifyEachNodeIsAssignedToAnEp]   Unsqueeze (/model/layers.6/self_attn/Unsqueeze_15) ebaee2e1-06be-42c6-a7b1-de29475cc753:92:232
2026-10-04 18:53:49.808999 [V:onnxruntime:, session_state.cc:1385 VerifyEachNodeIsAssignedToAnEp]   Unsqueeze (/model/layers.6/self_attn/Unsqueeze_16) ebaee2e1-06be-42c6-a7b1-de29475cc753:92:232
2026-10-04 18:53:49.809998 [V:onnxruntime:, session_state.cc:1385 VerifyEachNodeIsAssignedToAnEp]   Unsqueeze (/model/layers.6/self_attn/Unsqueeze_17) ebaee2e1-06be-42c6-a7b1-de29475cc753:92:232
2026-10-04 18:53:49.809998 [V:onnxruntime:, session_state.cc:1385 VerifyEachNodeIsAssignedToAnEp]   Unsqueeze (/model/layers.6/self_attn/Unsqueeze_18) ebaee2e1-06be-42c6-a7b1-de29475cc753:92:232
2026-10-04 18:53:49.809998 [V:onnxruntime:, session_state.cc:1385 VerifyEachNodeIsAssignedToAnEp]   Concat (/model/layers.6/self_attn/Concat_8) ebaee2e1-06be-42c6-a7b1-de29475cc753:92:232
2026-10-04 18:53:49.810998 [V:onnxruntime:, session_state.cc:1385 VerifyEachNodeIsAssignedToAnEp]   Gather (/model/layers.6/self_attn/Gather_8) ebaee2e1-06be-42c6-a7b1-de29475cc753:92:232
2026-10-04 18:53:49.810998 [V:onnxruntime:, session_state.cc:1385 VerifyEachNodeIsAssignedToAnEp]   Gather (/model/layers.6/self_attn/Gather_9) ebaee2e1-06be-42c6-a7b1-de29475cc753:92:232
2026-10-04 18:53:49.810998 [V:onnxruntime:, session_state.cc:1385 VerifyEachNodeIsAssignedToAnEp]   Gather (/model/layers.6/self_attn/Gather_10) ebaee2e1-06be-42c6-a7b1-de29475cc753:92:232
2026-10-04 18:53:49.810998 [V:onnxruntime:, session_state.cc:1385 VerifyEachNodeIsAssignedToAnEp]   Gather (/model/layers.6/self_attn/Gather_11) ebaee2e1-06be-42c6-a7b1-de29475cc753:92:232
2026-10-04 18:53:49.811999 [V:onnxruntime:, session_state.cc:1385 VerifyEachNodeIsAssignedToAnEp]   Unsqueeze (/model/layers.6/self_attn/Unsqueeze_21) ebaee2e1-06be-42c6-a7b1-de29475cc753:92:232
2026-10-04 18:53:49.811999 [V:onnxruntime:, session_state.cc:1385 VerifyEachNodeIsAssignedToAnEp]   Concat (/model/layers.6/self_attn/Concat_9) ebaee2e1-06be-42c6-a7b1-de29475cc753:92:232
2026-10-04 18:53:49.811999 [V:onnxruntime:, session_state.cc:1385 VerifyEachNodeIsAssignedToAnEp]   Reshape (/model/layers.6/self_attn/Reshape_5) ebaee2e1-06be-42c6-a7b1-de29475cc753:92:232
2026-10-04 18:53:49.811999 [V:onnxruntime:, session_state.cc:1385 VerifyEachNodeIsAssignedToAnEp]   Equal (/model/layers.6/self_attn/Equal_1) ebaee2e1-06be-42c6-a7b1-de29475cc753:92:232
2026-10-04 18:53:49.811999 [V:onnxruntime:, session_state.cc:1385 VerifyEachNodeIsAssignedToAnEp]   Where (/model/layers.6/self_attn/Where_1) ebaee2e1-06be-42c6-a7b1-de29475cc753:92:232
2026-10-04 18:53:49.812999 [V:onnxruntime:, session_state.cc:1385 VerifyEachNodeIsAssignedToAnEp]   Mul (/model/layers.6/self_attn/Mul_7) ebaee2e1-06be-42c6-a7b1-de29475cc753:92:232
2026-10-04 18:53:49.812999 [V:onnxruntime:, session_state.cc:1385 VerifyEachNodeIsAssignedToAnEp]   Unsqueeze (/model/layers.6/self_attn/Unsqueeze_24) ebaee2e1-06be-42c6-a7b1-de29475cc753:92:232
2026-10-04 18:53:49.812999 [V:onnxruntime:, session_state.cc:1385 VerifyEachNodeIsAssignedToAnEp]   Unsqueeze (/model/layers.6/self_attn/Unsqueeze_25) ebaee2e1-06be-42c6-a7b1-de29475cc753:92:232
2026-10-04 18:53:49.812999 [V:onnxruntime:, session_state.cc:1385 VerifyEachNodeIsAssignedToAnEp]   Unsqueeze (/model/layers.6/self_attn/Unsqueeze_26) ebaee2e1-06be-42c6-a7b1-de29475cc753:92:232
2026-10-04 18:53:49.812999 [V:onnxruntime:, session_state.cc:1385 VerifyEachNodeIsAssignedToAnEp]   Unsqueeze (/model/layers.6/self_attn/Unsqueeze_27) ebaee2e1-06be-42c6-a7b1-de29475cc753:92:232
2026-10-04 18:53:49.812999 [V:onnxruntime:, session_state.cc:1385 VerifyEachNodeIsAssignedToAnEp]   Concat (/model/layers.6/self_attn/Concat_10) ebaee2e1-06be-42c6-a7b1-de29475cc753:92:232
2026-10-04 18:53:49.813998 [V:onnxruntime:, session_state.cc:1385 VerifyEachNodeIsAssignedToAnEp]   Gather (/model/layers.6/self_attn/Gather_12) ebaee2e1-06be-42c6-a7b1-de29475cc753:92:232
2026-10-04 18:53:49.813998 [V:onnxruntime:, session_state.cc:1385 VerifyEachNodeIsAssignedToAnEp]   Unsqueeze (/model/layers.6/self_attn/Unsqueeze_28) ebaee2e1-06be-42c6-a7b1-de29475cc753:92:232
2026-10-04 18:53:49.813998 [V:onnxruntime:, session_state.cc:1385 VerifyEachNodeIsAssignedToAnEp]   Slice (/model/layers.6/self_attn/Slice_4) ebaee2e1-06be-42c6-a7b1-de29475cc753:92:232
2026-10-04 18:53:49.813998 [V:onnxruntime:, session_state.cc:1385 VerifyEachNodeIsAssignedToAnEp]   IsNaN (/model/layers.6/self_attn/IsNaN) ebaee2e1-06be-42c6-a7b1-de29475cc753:92:232
2026-10-04 18:53:49.813998 [V:onnxruntime:, session_state.cc:1385 VerifyEachNodeIsAssignedToAnEp]   Unsqueeze (/model/layers.6/self_attn/Unsqueeze_29) ebaee2e1-06be-42c6-a7b1-de29475cc753:92:232
2026-10-04 18:53:49.813998 [V:onnxruntime:, session_state.cc:1385 VerifyEachNodeIsAssignedToAnEp]   Unsqueeze (/model/layers.6/self_attn/Unsqueeze_30) ebaee2e1-06be-42c6-a7b1-de29475cc753:92:232
2026-10-04 18:53:49.814999 [V:onnxruntime:, session_state.cc:1385 VerifyEachNodeIsAssignedToAnEp]   Concat (/model/layers.6/self_attn/Concat_11) ebaee2e1-06be-42c6-a7b1-de29475cc753:92:232
2026-10-04 18:53:49.814999 [V:onnxruntime:, session_state.cc:1385 VerifyEachNodeIsAssignedToAnEp]   Gather (/model/layers.7/self_attn/Gather) ebaee2e1-06be-42c6-a7b1-de29475cc753:92:232
2026-10-04 18:53:49.814999 [V:onnxruntime:, session_state.cc:1385 VerifyEachNodeIsAssignedToAnEp]   Gather (/model/layers.7/self_attn/Gather_1) ebaee2e1-06be-42c6-a7b1-de29475cc753:92:232
2026-10-04 18:53:49.814999 [V:onnxruntime:, session_state.cc:1385 VerifyEachNodeIsAssignedToAnEp]   Concat (/model/layers.7/self_attn/Concat_1) ebaee2e1-06be-42c6-a7b1-de29475cc753:92:232
2026-10-04 18:53:49.814999 [V:onnxruntime:, session_state.cc:1385 VerifyEachNodeIsAssignedToAnEp]   Gather (/model/layers.7/self_attn/Gather_2) ebaee2e1-06be-42c6-a7b1-de29475cc753:92:232
2026-10-04 18:53:49.815999 [V:onnxruntime:, session_state.cc:1385 VerifyEachNodeIsAssignedToAnEp]   Div (/model/layers.7/self_attn/Div) ebaee2e1-06be-42c6-a7b1-de29475cc753:92:232
2026-10-04 18:53:49.815999 [V:onnxruntime:, session_state.cc:1385 VerifyEachNodeIsAssignedToAnEp]   Unsqueeze (/model/layers.7/self_attn/Unsqueeze_7) ebaee2e1-06be-42c6-a7b1-de29475cc753:92:232
2026-10-04 18:53:49.815999 [V:onnxruntime:, session_state.cc:1385 VerifyEachNodeIsAssignedToAnEp]   Gather (/model/layers.7/self_attn/Gather_3) ebaee2e1-06be-42c6-a7b1-de29475cc753:92:232
2026-10-04 18:53:49.815999 [V:onnxruntime:, session_state.cc:1385 VerifyEachNodeIsAssignedToAnEp]   Div (/model/layers.7/self_attn/Div_1) ebaee2e1-06be-42c6-a7b1-de29475cc753:92:232
2026-10-04 18:53:49.815999 [V:onnxruntime:, session_state.cc:1385 VerifyEachNodeIsAssignedToAnEp]   Unsqueeze (/model/layers.7/self_attn/Unsqueeze_9) ebaee2e1-06be-42c6-a7b1-de29475cc753:92:232
2026-10-04 18:53:49.816999 [V:onnxruntime:, session_state.cc:1385 VerifyEachNodeIsAssignedToAnEp]   Gather (/model/layers.7/self_attn/Gather_4) ebaee2e1-06be-42c6-a7b1-de29475cc753:92:232
2026-10-04 18:53:49.816999 [V:onnxruntime:, session_state.cc:1385 VerifyEachNodeIsAssignedToAnEp]   Gather (/model/layers.7/self_attn/Gather_5) ebaee2e1-06be-42c6-a7b1-de29475cc753:92:232
2026-10-04 18:53:49.816999 [V:onnxruntime:, session_state.cc:1385 VerifyEachNodeIsAssignedToAnEp]   Gather (/model/layers.7/self_attn/Gather_6) ebaee2e1-06be-42c6-a7b1-de29475cc753:92:232
2026-10-04 18:53:49.817998 [V:onnxruntime:, session_state.cc:1385 VerifyEachNodeIsAssignedToAnEp]   Gather (/model/layers.7/self_attn/Gather_7) ebaee2e1-06be-42c6-a7b1-de29475cc753:92:232
2026-10-04 18:53:49.817998 [V:onnxruntime:, session_state.cc:1385 VerifyEachNodeIsAssignedToAnEp]   Unsqueeze (/model/layers.7/self_attn/Unsqueeze_12) ebaee2e1-06be-42c6-a7b1-de29475cc753:92:232
2026-10-04 18:53:49.817998 [V:onnxruntime:, session_state.cc:1385 VerifyEachNodeIsAssignedToAnEp]   Concat (/model/layers.7/self_attn/Concat_7) ebaee2e1-06be-42c6-a7b1-de29475cc753:92:232
2026-10-04 18:53:49.817998 [V:onnxruntime:, session_state.cc:1385 VerifyEachNodeIsAssignedToAnEp]   Reshape (/model/layers.7/self_attn/Reshape_3) ebaee2e1-06be-42c6-a7b1-de29475cc753:92:232
2026-10-04 18:53:49.817998 [V:onnxruntime:, session_state.cc:1385 VerifyEachNodeIsAssignedToAnEp]   Equal (/model/layers.7/self_attn/Equal) ebaee2e1-06be-42c6-a7b1-de29475cc753:92:232
2026-10-04 18:53:49.817998 [V:onnxruntime:, session_state.cc:1385 VerifyEachNodeIsAssignedToAnEp]   Where (/model/layers.7/self_attn/Where) ebaee2e1-06be-42c6-a7b1-de29475cc753:92:232
2026-10-04 18:53:49.818998 [V:onnxruntime:, session_state.cc:1385 VerifyEachNodeIsAssignedToAnEp]   Mul (/model/layers.7/self_attn/Mul_5) ebaee2e1-06be-42c6-a7b1-de29475cc753:92:232
2026-10-04 18:53:49.818998 [V:onnxruntime:, session_state.cc:1385 VerifyEachNodeIsAssignedToAnEp]   Unsqueeze (/model/layers.7/self_attn/Unsqueeze_15) ebaee2e1-06be-42c6-a7b1-de29475cc753:92:232
2026-10-04 18:53:49.818998 [V:onnxruntime:, session_state.cc:1385 VerifyEachNodeIsAssignedToAnEp]   Unsqueeze (/model/layers.7/self_attn/Unsqueeze_16) ebaee2e1-06be-42c6-a7b1-de29475cc753:92:232
2026-10-04 18:53:49.818998 [V:onnxruntime:, session_state.cc:1385 VerifyEachNodeIsAssignedToAnEp]   Unsqueeze (/model/layers.7/self_attn/Unsqueeze_17) ebaee2e1-06be-42c6-a7b1-de29475cc753:92:232
2026-10-04 18:53:49.818998 [V:onnxruntime:, session_state.cc:1385 VerifyEachNodeIsAssignedToAnEp]   Unsqueeze (/model/layers.7/self_attn/Unsqueeze_18) ebaee2e1-06be-42c6-a7b1-de29475cc753:92:232
2026-10-04 18:53:49.819999 [V:onnxruntime:, session_state.cc:1385 VerifyEachNodeIsAssignedToAnEp]   Concat (/model/layers.7/self_attn/Concat_8) ebaee2e1-06be-42c6-a7b1-de29475cc753:92:232
2026-10-04 18:53:49.819999 [V:onnxruntime:, session_state.cc:1385 VerifyEachNodeIsAssignedToAnEp]   Gather (/model/layers.7/self_attn/Gather_8) ebaee2e1-06be-42c6-a7b1-de29475cc753:92:232
2026-10-04 18:53:49.819999 [V:onnxruntime:, session_state.cc:1385 VerifyEachNodeIsAssignedToAnEp]   Gather (/model/layers.7/self_attn/Gather_9) ebaee2e1-06be-42c6-a7b1-de29475cc753:92:232
2026-10-04 18:53:49.819999 [V:onnxruntime:, session_state.cc:1385 VerifyEachNodeIsAssignedToAnEp]   Gather (/model/layers.7/self_attn/Gather_10) ebaee2e1-06be-42c6-a7b1-de29475cc753:92:232
2026-10-04 18:53:49.819999 [V:onnxruntime:, session_state.cc:1385 VerifyEachNodeIsAssignedToAnEp]   Gather (/model/layers.7/self_attn/Gather_11) ebaee2e1-06be-42c6-a7b1-de29475cc753:92:232
2026-10-04 18:53:49.819999 [V:onnxruntime:, session_state.cc:1385 VerifyEachNodeIsAssignedToAnEp]   Unsqueeze (/model/layers.7/self_attn/Unsqueeze_21) ebaee2e1-06be-42c6-a7b1-de29475cc753:92:232
2026-10-04 18:53:49.820999 [V:onnxruntime:, session_state.cc:1385 VerifyEachNodeIsAssignedToAnEp]   Concat (/model/layers.7/self_attn/Concat_9) ebaee2e1-06be-42c6-a7b1-de29475cc753:92:232
2026-10-04 18:53:49.820999 [V:onnxruntime:, session_state.cc:1385 VerifyEachNodeIsAssignedToAnEp]   Reshape (/model/layers.7/self_attn/Reshape_5) ebaee2e1-06be-42c6-a7b1-de29475cc753:92:232
2026-10-04 18:53:49.820999 [V:onnxruntime:, session_state.cc:1385 VerifyEachNodeIsAssignedToAnEp]   Equal (/model/layers.7/self_attn/Equal_1) ebaee2e1-06be-42c6-a7b1-de29475cc753:92:232
2026-10-04 18:53:49.821998 [V:onnxruntime:, session_state.cc:1385 VerifyEachNodeIsAssignedToAnEp]   Where (/model/layers.7/self_attn/Where_1) ebaee2e1-06be-42c6-a7b1-de29475cc753:92:232
2026-10-04 18:53:49.821998 [V:onnxruntime:, session_state.cc:1385 VerifyEachNodeIsAssignedToAnEp]   Mul (/model/layers.7/self_attn/Mul_7) ebaee2e1-06be-42c6-a7b1-de29475cc753:92:232
2026-10-04 18:53:49.821998 [V:onnxruntime:, session_state.cc:1385 VerifyEachNodeIsAssignedToAnEp]   Unsqueeze (/model/layers.7/self_attn/Unsqueeze_24) ebaee2e1-06be-42c6-a7b1-de29475cc753:92:232
2026-10-04 18:53:49.821998 [V:onnxruntime:, session_state.cc:1385 VerifyEachNodeIsAssignedToAnEp]   Unsqueeze (/model/layers.7/self_attn/Unsqueeze_25) ebaee2e1-06be-42c6-a7b1-de29475cc753:92:232
2026-10-04 18:53:49.821998 [V:onnxruntime:, session_state.cc:1385 VerifyEachNodeIsAssignedToAnEp]   Unsqueeze (/model/layers.7/self_attn/Unsqueeze_26) ebaee2e1-06be-42c6-a7b1-de29475cc753:92:232
2026-10-04 18:53:49.822999 [V:onnxruntime:, session_state.cc:1385 VerifyEachNodeIsAssignedToAnEp]   Unsqueeze (/model/layers.7/self_attn/Unsqueeze_27) ebaee2e1-06be-42c6-a7b1-de29475cc753:92:232
2026-10-04 18:53:49.822999 [V:onnxruntime:, session_state.cc:1385 VerifyEachNodeIsAssignedToAnEp]   Concat (/model/layers.7/self_attn/Concat_10) ebaee2e1-06be-42c6-a7b1-de29475cc753:92:232
2026-10-04 18:53:49.822999 [V:onnxruntime:, session_state.cc:1385 VerifyEachNodeIsAssignedToAnEp]   Gather (/model/layers.7/self_attn/Gather_12) ebaee2e1-06be-42c6-a7b1-de29475cc753:92:232
2026-10-04 18:53:49.822999 [V:onnxruntime:, session_state.cc:1385 VerifyEachNodeIsAssignedToAnEp]   Unsqueeze (/model/layers.7/self_attn/Unsqueeze_28) ebaee2e1-06be-42c6-a7b1-de29475cc753:92:232
2026-10-04 18:53:49.822999 [V:onnxruntime:, session_state.cc:1385 VerifyEachNodeIsAssignedToAnEp]   Slice (/model/layers.7/self_attn/Slice_4) ebaee2e1-06be-42c6-a7b1-de29475cc753:92:232
2026-10-04 18:53:49.823999 [V:onnxruntime:, session_state.cc:1385 VerifyEachNodeIsAssignedToAnEp]   IsNaN (/model/layers.7/self_attn/IsNaN) ebaee2e1-06be-42c6-a7b1-de29475cc753:92:232
2026-10-04 18:53:49.823999 [V:onnxruntime:, session_state.cc:1385 VerifyEachNodeIsAssignedToAnEp]   Unsqueeze (/model/layers.7/self_attn/Unsqueeze_29) ebaee2e1-06be-42c6-a7b1-de29475cc753:92:232
2026-10-04 18:53:49.823999 [V:onnxruntime:, session_state.cc:1385 VerifyEachNodeIsAssignedToAnEp]   Unsqueeze (/model/layers.7/self_attn/Unsqueeze_30) ebaee2e1-06be-42c6-a7b1-de29475cc753:92:232
2026-10-04 18:53:49.823999 [V:onnxruntime:, session_state.cc:1385 VerifyEachNodeIsAssignedToAnEp]   Concat (/model/layers.7/self_attn/Concat_11) ebaee2e1-06be-42c6-a7b1-de29475cc753:92:232
2026-10-04 18:53:49.824999 [V:onnxruntime:, session_state.cc:1385 VerifyEachNodeIsAssignedToAnEp]   Gather (/model/layers.8/self_attn/Gather) ebaee2e1-06be-42c6-a7b1-de29475cc753:92:232
2026-10-04 18:53:49.824999 [V:onnxruntime:, session_state.cc:1385 VerifyEachNodeIsAssignedToAnEp]   Gather (/model/layers.8/self_attn/Gather_1) ebaee2e1-06be-42c6-a7b1-de29475cc753:92:232
2026-10-04 18:53:49.824999 [V:onnxruntime:, session_state.cc:1385 VerifyEachNodeIsAssignedToAnEp]   Concat (/model/layers.8/self_attn/Concat_1) ebaee2e1-06be-42c6-a7b1-de29475cc753:92:232
2026-10-04 18:53:49.824999 [V:onnxruntime:, session_state.cc:1385 VerifyEachNodeIsAssignedToAnEp]   Gather (/model/layers.8/self_attn/Gather_2) ebaee2e1-06be-42c6-a7b1-de29475cc753:92:232
2026-10-04 18:53:49.825998 [V:onnxruntime:, session_state.cc:1385 VerifyEachNodeIsAssignedToAnEp]   Div (/model/layers.8/self_attn/Div) ebaee2e1-06be-42c6-a7b1-de29475cc753:92:232
2026-10-04 18:53:49.825998 [V:onnxruntime:, session_state.cc:1385 VerifyEachNodeIsAssignedToAnEp]   Unsqueeze (/model/layers.8/self_attn/Unsqueeze_7) ebaee2e1-06be-42c6-a7b1-de29475cc753:92:232
2026-10-04 18:53:49.837998 [V:onnxruntime:, session_state.cc:1385 VerifyEachNodeIsAssignedToAnEp]   Gather (/model/layers.8/self_attn/Gather_3) ebaee2e1-06be-42c6-a7b1-de29475cc753:92:232
2026-10-04 18:53:49.837998 [V:onnxruntime:, session_state.cc:1385 VerifyEachNodeIsAssignedToAnEp]   Div (/model/layers.8/self_attn/Div_1) ebaee2e1-06be-42c6-a7b1-de29475cc753:92:232
2026-10-04 18:53:49.838999 [V:onnxruntime:, session_state.cc:1385 VerifyEachNodeIsAssignedToAnEp]   Unsqueeze (/model/layers.8/self_attn/Unsqueeze_9) ebaee2e1-06be-42c6-a7b1-de29475cc753:92:232
2026-10-04 18:53:49.838999 [V:onnxruntime:, session_state.cc:1385 VerifyEachNodeIsAssignedToAnEp]   Gather (/model/layers.8/self_attn/Gather_4) ebaee2e1-06be-42c6-a7b1-de29475cc753:92:232
2026-10-04 18:53:49.839999 [V:onnxruntime:, session_state.cc:1385 VerifyEachNodeIsAssignedToAnEp]   Gather (/model/layers.8/self_attn/Gather_5) ebaee2e1-06be-42c6-a7b1-de29475cc753:92:232
2026-10-04 18:53:49.839999 [V:onnxruntime:, session_state.cc:1385 VerifyEachNodeIsAssignedToAnEp]   Gather (/model/layers.8/self_attn/Gather_6) ebaee2e1-06be-42c6-a7b1-de29475cc753:92:232
2026-10-04 18:53:49.839999 [V:onnxruntime:, session_state.cc:1385 VerifyEachNodeIsAssignedToAnEp]   Gather (/model/layers.8/self_attn/Gather_7) ebaee2e1-06be-42c6-a7b1-de29475cc753:92:232
2026-10-04 18:53:49.840999 [V:onnxruntime:, session_state.cc:1385 VerifyEachNodeIsAssignedToAnEp]   Unsqueeze (/model/layers.8/self_attn/Unsqueeze_12) ebaee2e1-06be-42c6-a7b1-de29475cc753:92:232
2026-10-04 18:53:49.840999 [V:onnxruntime:, session_state.cc:1385 VerifyEachNodeIsAssignedToAnEp]   Concat (/model/layers.8/self_attn/Concat_7) ebaee2e1-06be-42c6-a7b1-de29475cc753:92:232
2026-10-04 18:53:49.841998 [V:onnxruntime:, session_state.cc:1385 VerifyEachNodeIsAssignedToAnEp]   Reshape (/model/layers.8/self_attn/Reshape_3) ebaee2e1-06be-42c6-a7b1-de29475cc753:92:232
2026-10-04 18:53:49.841998 [V:onnxruntime:, session_state.cc:1385 VerifyEachNodeIsAssignedToAnEp]   Equal (/model/layers.8/self_attn/Equal) ebaee2e1-06be-42c6-a7b1-de29475cc753:92:232
2026-10-04 18:53:49.841998 [V:onnxruntime:, session_state.cc:1385 VerifyEachNodeIsAssignedToAnEp]   Where (/model/layers.8/self_attn/Where) ebaee2e1-06be-42c6-a7b1-de29475cc753:92:232
2026-10-04 18:53:49.842998 [V:onnxruntime:, session_state.cc:1385 VerifyEachNodeIsAssignedToAnEp]   Mul (/model/layers.8/self_attn/Mul_5) ebaee2e1-06be-42c6-a7b1-de29475cc753:92:232
2026-10-04 18:53:49.842998 [V:onnxruntime:, session_state.cc:1385 VerifyEachNodeIsAssignedToAnEp]   Unsqueeze (/model/layers.8/self_attn/Unsqueeze_15) ebaee2e1-06be-42c6-a7b1-de29475cc753:92:232
2026-10-04 18:53:49.842998 [V:onnxruntime:, session_state.cc:1385 VerifyEachNodeIsAssignedToAnEp]   Unsqueeze (/model/layers.8/self_attn/Unsqueeze_16) ebaee2e1-06be-42c6-a7b1-de29475cc753:92:232
2026-10-04 18:53:49.842998 [V:onnxruntime:, session_state.cc:1385 VerifyEachNodeIsAssignedToAnEp]   Unsqueeze (/model/layers.8/self_attn/Unsqueeze_17) ebaee2e1-06be-42c6-a7b1-de29475cc753:92:232
2026-10-04 18:53:49.842998 [V:onnxruntime:, session_state.cc:1385 VerifyEachNodeIsAssignedToAnEp]   Unsqueeze (/model/layers.8/self_attn/Unsqueeze_18) ebaee2e1-06be-42c6-a7b1-de29475cc753:92:232
2026-10-04 18:53:49.843999 [V:onnxruntime:, session_state.cc:1385 VerifyEachNodeIsAssignedToAnEp]   Concat (/model/layers.8/self_attn/Concat_8) ebaee2e1-06be-42c6-a7b1-de29475cc753:92:232
2026-10-04 18:53:49.843999 [V:onnxruntime:, session_state.cc:1385 VerifyEachNodeIsAssignedToAnEp]   Gather (/model/layers.8/self_attn/Gather_8) ebaee2e1-06be-42c6-a7b1-de29475cc753:92:232
2026-10-04 18:53:49.843999 [V:onnxruntime:, session_state.cc:1385 VerifyEachNodeIsAssignedToAnEp]   Gather (/model/layers.8/self_attn/Gather_9) ebaee2e1-06be-42c6-a7b1-de29475cc753:92:232
2026-10-04 18:53:49.844999 [V:onnxruntime:, session_state.cc:1385 VerifyEachNodeIsAssignedToAnEp]   Gather (/model/layers.8/self_attn/Gather_10) ebaee2e1-06be-42c6-a7b1-de29475cc753:92:232
2026-10-04 18:53:49.844999 [V:onnxruntime:, session_state.cc:1385 VerifyEachNodeIsAssignedToAnEp]   Gather (/model/layers.8/self_attn/Gather_11) ebaee2e1-06be-42c6-a7b1-de29475cc753:92:232
2026-10-04 18:53:49.844999 [V:onnxruntime:, session_state.cc:1385 VerifyEachNodeIsAssignedToAnEp]   Unsqueeze (/model/layers.8/self_attn/Unsqueeze_21) ebaee2e1-06be-42c6-a7b1-de29475cc753:92:232
2026-10-04 18:53:49.845998 [V:onnxruntime:, session_state.cc:1385 VerifyEachNodeIsAssignedToAnEp]   Concat (/model/layers.8/self_attn/Concat_9) ebaee2e1-06be-42c6-a7b1-de29475cc753:92:232
2026-10-04 18:53:49.845998 [V:onnxruntime:, session_state.cc:1385 VerifyEachNodeIsAssignedToAnEp]   Reshape (/model/layers.8/self_attn/Reshape_5) ebaee2e1-06be-42c6-a7b1-de29475cc753:92:232
2026-10-04 18:53:49.846999 [V:onnxruntime:, session_state.cc:1385 VerifyEachNodeIsAssignedToAnEp]   Equal (/model/layers.8/self_attn/Equal_1) ebaee2e1-06be-42c6-a7b1-de29475cc753:92:232
2026-10-04 18:53:49.847999 [V:onnxruntime:, session_state.cc:1385 VerifyEachNodeIsAssignedToAnEp]   Where (/model/layers.8/self_attn/Where_1) ebaee2e1-06be-42c6-a7b1-de29475cc753:92:232
2026-10-04 18:53:49.847999 [V:onnxruntime:, session_state.cc:1385 VerifyEachNodeIsAssignedToAnEp]   Mul (/model/layers.8/self_attn/Mul_7) ebaee2e1-06be-42c6-a7b1-de29475cc753:92:232
2026-10-04 18:53:49.848999 [V:onnxruntime:, session_state.cc:1385 VerifyEachNodeIsAssignedToAnEp]   Unsqueeze (/model/layers.8/self_attn/Unsqueeze_24) ebaee2e1-06be-42c6-a7b1-de29475cc753:92:232
2026-10-04 18:53:49.848999 [V:onnxruntime:, session_state.cc:1385 VerifyEachNodeIsAssignedToAnEp]   Unsqueeze (/model/layers.8/self_attn/Unsqueeze_25) ebaee2e1-06be-42c6-a7b1-de29475cc753:92:232
2026-10-04 18:53:49.848999 [V:onnxruntime:, session_state.cc:1385 VerifyEachNodeIsAssignedToAnEp]   Unsqueeze (/model/layers.8/self_attn/Unsqueeze_26) ebaee2e1-06be-42c6-a7b1-de29475cc753:92:232
2026-10-04 18:53:49.848999 [V:onnxruntime:, session_state.cc:1385 VerifyEachNodeIsAssignedToAnEp]   Unsqueeze (/model/layers.8/self_attn/Unsqueeze_27) ebaee2e1-06be-42c6-a7b1-de29475cc753:92:232
2026-10-04 18:53:49.849998 [V:onnxruntime:, session_state.cc:1385 VerifyEachNodeIsAssignedToAnEp]   Concat (/model/layers.8/self_attn/Concat_10) ebaee2e1-06be-42c6-a7b1-de29475cc753:92:232
2026-10-04 18:53:49.849998 [V:onnxruntime:, session_state.cc:1385 VerifyEachNodeIsAssignedToAnEp]   Gather (/model/layers.8/self_attn/Gather_12) ebaee2e1-06be-42c6-a7b1-de29475cc753:92:232
2026-10-04 18:53:49.849998 [V:onnxruntime:, session_state.cc:1385 VerifyEachNodeIsAssignedToAnEp]   Unsqueeze (/model/layers.8/self_attn/Unsqueeze_28) ebaee2e1-06be-42c6-a7b1-de29475cc753:92:232
2026-10-04 18:53:49.849998 [V:onnxruntime:, session_state.cc:1385 VerifyEachNodeIsAssignedToAnEp]   Slice (/model/layers.8/self_attn/Slice_4) ebaee2e1-06be-42c6-a7b1-de29475cc753:92:232
2026-10-04 18:53:49.849998 [V:onnxruntime:, session_state.cc:1385 VerifyEachNodeIsAssignedToAnEp]   IsNaN (/model/layers.8/self_attn/IsNaN) ebaee2e1-06be-42c6-a7b1-de29475cc753:92:232
2026-10-04 18:53:49.850998 [V:onnxruntime:, session_state.cc:1385 VerifyEachNodeIsAssignedToAnEp]   Unsqueeze (/model/layers.8/self_attn/Unsqueeze_29) ebaee2e1-06be-42c6-a7b1-de29475cc753:92:232
2026-10-04 18:53:49.850998 [V:onnxruntime:, session_state.cc:1385 VerifyEachNodeIsAssignedToAnEp]   Unsqueeze (/model/layers.8/self_attn/Unsqueeze_30) ebaee2e1-06be-42c6-a7b1-de29475cc753:92:232
2026-10-04 18:53:49.850998 [V:onnxruntime:, session_state.cc:1385 VerifyEachNodeIsAssignedToAnEp]   Concat (/model/layers.8/self_attn/Concat_11) ebaee2e1-06be-42c6-a7b1-de29475cc753:92:232
2026-10-04 18:53:49.850998 [V:onnxruntime:, session_state.cc:1385 VerifyEachNodeIsAssignedToAnEp]   Gather (/model/layers.9/self_attn/Gather) ebaee2e1-06be-42c6-a7b1-de29475cc753:92:232
2026-10-04 18:53:49.851999 [V:onnxruntime:, session_state.cc:1385 VerifyEachNodeIsAssignedToAnEp]   Gather (/model/layers.9/self_attn/Gather_1) ebaee2e1-06be-42c6-a7b1-de29475cc753:92:232
2026-10-04 18:53:49.851999 [V:onnxruntime:, session_state.cc:1385 VerifyEachNodeIsAssignedToAnEp]   Concat (/model/layers.9/self_attn/Concat_1) ebaee2e1-06be-42c6-a7b1-de29475cc753:92:232
2026-10-04 18:53:49.851999 [V:onnxruntime:, session_state.cc:1385 VerifyEachNodeIsAssignedToAnEp]   Gather (/model/layers.9/self_attn/Gather_2) ebaee2e1-06be-42c6-a7b1-de29475cc753:92:232
2026-10-04 18:53:49.851999 [V:onnxruntime:, session_state.cc:1385 VerifyEachNodeIsAssignedToAnEp]   Div (/model/layers.9/self_attn/Div) ebaee2e1-06be-42c6-a7b1-de29475cc753:92:232
2026-10-04 18:53:49.851999 [V:onnxruntime:, session_state.cc:1385 VerifyEachNodeIsAssignedToAnEp]   Unsqueeze (/model/layers.9/self_attn/Unsqueeze_7) ebaee2e1-06be-42c6-a7b1-de29475cc753:92:232
2026-10-04 18:53:49.852999 [V:onnxruntime:, session_state.cc:1385 VerifyEachNodeIsAssignedToAnEp]   Gather (/model/layers.9/self_attn/Gather_3) ebaee2e1-06be-42c6-a7b1-de29475cc753:92:232
2026-10-04 18:53:49.852999 [V:onnxruntime:, session_state.cc:1385 VerifyEachNodeIsAssignedToAnEp]   Div (/model/layers.9/self_attn/Div_1) ebaee2e1-06be-42c6-a7b1-de29475cc753:92:232
2026-10-04 18:53:49.852999 [V:onnxruntime:, session_state.cc:1385 VerifyEachNodeIsAssignedToAnEp]   Unsqueeze (/model/layers.9/self_attn/Unsqueeze_9) ebaee2e1-06be-42c6-a7b1-de29475cc753:92:232
2026-10-04 18:53:49.852999 [V:onnxruntime:, session_state.cc:1385 VerifyEachNodeIsAssignedToAnEp]   Gather (/model/layers.9/self_attn/Gather_4) ebaee2e1-06be-42c6-a7b1-de29475cc753:92:232
2026-10-04 18:53:49.853998 [V:onnxruntime:, session_state.cc:1385 VerifyEachNodeIsAssignedToAnEp]   Gather (/model/layers.9/self_attn/Gather_5) ebaee2e1-06be-42c6-a7b1-de29475cc753:92:232
2026-10-04 18:53:49.853998 [V:onnxruntime:, session_state.cc:1385 VerifyEachNodeIsAssignedToAnEp]   Gather (/model/layers.9/self_attn/Gather_6) ebaee2e1-06be-42c6-a7b1-de29475cc753:92:232
2026-10-04 18:53:49.853998 [V:onnxruntime:, session_state.cc:1385 VerifyEachNodeIsAssignedToAnEp]   Gather (/model/layers.9/self_attn/Gather_7) ebaee2e1-06be-42c6-a7b1-de29475cc753:92:232
2026-10-04 18:53:49.853998 [V:onnxruntime:, session_state.cc:1385 VerifyEachNodeIsAssignedToAnEp]   Unsqueeze (/model/layers.9/self_attn/Unsqueeze_12) ebaee2e1-06be-42c6-a7b1-de29475cc753:92:232
2026-10-04 18:53:49.853998 [V:onnxruntime:, session_state.cc:1385 VerifyEachNodeIsAssignedToAnEp]   Concat (/model/layers.9/self_attn/Concat_7) ebaee2e1-06be-42c6-a7b1-de29475cc753:92:232
2026-10-04 18:53:49.854999 [V:onnxruntime:, session_state.cc:1385 VerifyEachNodeIsAssignedToAnEp]   Reshape (/model/layers.9/self_attn/Reshape_3) ebaee2e1-06be-42c6-a7b1-de29475cc753:92:232
2026-10-04 18:53:49.854999 [V:onnxruntime:, session_state.cc:1385 VerifyEachNodeIsAssignedToAnEp]   Equal (/model/layers.9/self_attn/Equal) ebaee2e1-06be-42c6-a7b1-de29475cc753:92:232
2026-10-04 18:53:49.854999 [V:onnxruntime:, session_state.cc:1385 VerifyEachNodeIsAssignedToAnEp]   Where (/model/layers.9/self_attn/Where) ebaee2e1-06be-42c6-a7b1-de29475cc753:92:232
2026-10-04 18:53:49.854999 [V:onnxruntime:, session_state.cc:1385 VerifyEachNodeIsAssignedToAnEp]   Mul (/model/layers.9/self_attn/Mul_5) ebaee2e1-06be-42c6-a7b1-de29475cc753:92:232
2026-10-04 18:53:49.854999 [V:onnxruntime:, session_state.cc:1385 VerifyEachNodeIsAssignedToAnEp]   Unsqueeze (/model/layers.9/self_attn/Unsqueeze_15) ebaee2e1-06be-42c6-a7b1-de29475cc753:92:232
2026-10-04 18:53:49.855999 [V:onnxruntime:, session_state.cc:1385 VerifyEachNodeIsAssignedToAnEp]   Unsqueeze (/model/layers.9/self_attn/Unsqueeze_16) ebaee2e1-06be-42c6-a7b1-de29475cc753:92:232
2026-10-04 18:53:49.855999 [V:onnxruntime:, session_state.cc:1385 VerifyEachNodeIsAssignedToAnEp]   Unsqueeze (/model/layers.9/self_attn/Unsqueeze_17) ebaee2e1-06be-42c6-a7b1-de29475cc753:92:232
2026-10-04 18:53:49.855999 [V:onnxruntime:, session_state.cc:1385 VerifyEachNodeIsAssignedToAnEp]   Unsqueeze (/model/layers.9/self_attn/Unsqueeze_18) ebaee2e1-06be-42c6-a7b1-de29475cc753:92:232
2026-10-04 18:53:49.855999 [V:onnxruntime:, session_state.cc:1385 VerifyEachNodeIsAssignedToAnEp]   Concat (/model/layers.9/self_attn/Concat_8) ebaee2e1-06be-42c6-a7b1-de29475cc753:92:232
2026-10-04 18:53:49.855999 [V:onnxruntime:, session_state.cc:1385 VerifyEachNodeIsAssignedToAnEp]   Gather (/model/layers.9/self_attn/Gather_8) ebaee2e1-06be-42c6-a7b1-de29475cc753:92:232
2026-10-04 18:53:49.856999 [V:onnxruntime:, session_state.cc:1385 VerifyEachNodeIsAssignedToAnEp]   Gather (/model/layers.9/self_attn/Gather_9) ebaee2e1-06be-42c6-a7b1-de29475cc753:92:232
2026-10-04 18:53:49.856999 [V:onnxruntime:, session_state.cc:1385 VerifyEachNodeIsAssignedToAnEp]   Gather (/model/layers.9/self_attn/Gather_10) ebaee2e1-06be-42c6-a7b1-de29475cc753:92:232
2026-10-04 18:53:49.856999 [V:onnxruntime:, session_state.cc:1385 VerifyEachNodeIsAssignedToAnEp]   Gather (/model/layers.9/self_attn/Gather_11) ebaee2e1-06be-42c6-a7b1-de29475cc753:92:232
2026-10-04 18:53:49.856999 [V:onnxruntime:, session_state.cc:1385 VerifyEachNodeIsAssignedToAnEp]   Unsqueeze (/model/layers.9/self_attn/Unsqueeze_21) ebaee2e1-06be-42c6-a7b1-de29475cc753:92:232
2026-10-04 18:53:49.856999 [V:onnxruntime:, session_state.cc:1385 VerifyEachNodeIsAssignedToAnEp]   Concat (/model/layers.9/self_attn/Concat_9) ebaee2e1-06be-42c6-a7b1-de29475cc753:92:232
2026-10-04 18:53:49.857998 [V:onnxruntime:, session_state.cc:1385 VerifyEachNodeIsAssignedToAnEp]   Reshape (/model/layers.9/self_attn/Reshape_5) ebaee2e1-06be-42c6-a7b1-de29475cc753:92:232
2026-10-04 18:53:49.857998 [V:onnxruntime:, session_state.cc:1385 VerifyEachNodeIsAssignedToAnEp]   Equal (/model/layers.9/self_attn/Equal_1) ebaee2e1-06be-42c6-a7b1-de29475cc753:92:232
2026-10-04 18:53:49.857998 [V:onnxruntime:, session_state.cc:1385 VerifyEachNodeIsAssignedToAnEp]   Where (/model/layers.9/self_attn/Where_1) ebaee2e1-06be-42c6-a7b1-de29475cc753:92:232
2026-10-04 18:53:49.857998 [V:onnxruntime:, session_state.cc:1385 VerifyEachNodeIsAssignedToAnEp]   Mul (/model/layers.9/self_attn/Mul_7) ebaee2e1-06be-42c6-a7b1-de29475cc753:92:232
2026-10-04 18:53:49.857998 [V:onnxruntime:, session_state.cc:1385 VerifyEachNodeIsAssignedToAnEp]   Unsqueeze (/model/layers.9/self_attn/Unsqueeze_24) ebaee2e1-06be-42c6-a7b1-de29475cc753:92:232
2026-10-04 18:53:49.858998 [V:onnxruntime:, session_state.cc:1385 VerifyEachNodeIsAssignedToAnEp]   Unsqueeze (/model/layers.9/self_attn/Unsqueeze_25) ebaee2e1-06be-42c6-a7b1-de29475cc753:92:232
2026-10-04 18:53:49.858998 [V:onnxruntime:, session_state.cc:1385 VerifyEachNodeIsAssignedToAnEp]   Unsqueeze (/model/layers.9/self_attn/Unsqueeze_26) ebaee2e1-06be-42c6-a7b1-de29475cc753:92:232
2026-10-04 18:53:49.858998 [V:onnxruntime:, session_state.cc:1385 VerifyEachNodeIsAssignedToAnEp]   Unsqueeze (/model/layers.9/self_attn/Unsqueeze_27) ebaee2e1-06be-42c6-a7b1-de29475cc753:92:232
2026-10-04 18:53:49.858998 [V:onnxruntime:, session_state.cc:1385 VerifyEachNodeIsAssignedToAnEp]   Concat (/model/layers.9/self_attn/Concat_10) ebaee2e1-06be-42c6-a7b1-de29475cc753:92:232
2026-10-04 18:53:49.858998 [V:onnxruntime:, session_state.cc:1385 VerifyEachNodeIsAssignedToAnEp]   Gather (/model/layers.9/self_attn/Gather_12) ebaee2e1-06be-42c6-a7b1-de29475cc753:92:232
2026-10-04 18:53:49.859999 [V:onnxruntime:, session_state.cc:1385 VerifyEachNodeIsAssignedToAnEp]   Unsqueeze (/model/layers.9/self_attn/Unsqueeze_28) ebaee2e1-06be-42c6-a7b1-de29475cc753:92:232
2026-10-04 18:53:49.859999 [V:onnxruntime:, session_state.cc:1385 VerifyEachNodeIsAssignedToAnEp]   Slice (/model/layers.9/self_attn/Slice_4) ebaee2e1-06be-42c6-a7b1-de29475cc753:92:232
2026-10-04 18:53:49.859999 [V:onnxruntime:, session_state.cc:1385 VerifyEachNodeIsAssignedToAnEp]   IsNaN (/model/layers.9/self_attn/IsNaN) ebaee2e1-06be-42c6-a7b1-de29475cc753:92:232
2026-10-04 18:53:49.859999 [V:onnxruntime:, session_state.cc:1385 VerifyEachNodeIsAssignedToAnEp]   Unsqueeze (/model/layers.9/self_attn/Unsqueeze_29) ebaee2e1-06be-42c6-a7b1-de29475cc753:92:232
2026-10-04 18:53:49.859999 [V:onnxruntime:, session_state.cc:1385 VerifyEachNodeIsAssignedToAnEp]   Unsqueeze (/model/layers.9/self_attn/Unsqueeze_30) ebaee2e1-06be-42c6-a7b1-de29475cc753:92:232
2026-10-04 18:53:49.860999 [V:onnxruntime:, session_state.cc:1385 VerifyEachNodeIsAssignedToAnEp]   Concat (/model/layers.9/self_attn/Concat_11) ebaee2e1-06be-42c6-a7b1-de29475cc753:92:232
2026-10-04 18:53:49.860999 [V:onnxruntime:, session_state.cc:1385 VerifyEachNodeIsAssignedToAnEp]   Gather (/model/layers.10/self_attn/Gather) ebaee2e1-06be-42c6-a7b1-de29475cc753:92:232
2026-10-04 18:53:49.860999 [V:onnxruntime:, session_state.cc:1385 VerifyEachNodeIsAssignedToAnEp]   Gather (/model/layers.10/self_attn/Gather_1) ebaee2e1-06be-42c6-a7b1-de29475cc753:92:232
2026-10-04 18:53:49.860999 [V:onnxruntime:, session_state.cc:1385 VerifyEachNodeIsAssignedToAnEp]   Concat (/model/layers.10/self_attn/Concat_1) ebaee2e1-06be-42c6-a7b1-de29475cc753:92:232
2026-10-04 18:53:49.861998 [V:onnxruntime:, session_state.cc:1385 VerifyEachNodeIsAssignedToAnEp]   Gather (/model/layers.10/self_attn/Gather_2) ebaee2e1-06be-42c6-a7b1-de29475cc753:92:232
2026-10-04 18:53:49.861998 [V:onnxruntime:, session_state.cc:1385 VerifyEachNodeIsAssignedToAnEp]   Div (/model/layers.10/self_attn/Div) ebaee2e1-06be-42c6-a7b1-de29475cc753:92:232
2026-10-04 18:53:49.861998 [V:onnxruntime:, session_state.cc:1385 VerifyEachNodeIsAssignedToAnEp]   Unsqueeze (/model/layers.10/self_attn/Unsqueeze_7) ebaee2e1-06be-42c6-a7b1-de29475cc753:92:232
2026-10-04 18:53:49.862999 [V:onnxruntime:, session_state.cc:1385 VerifyEachNodeIsAssignedToAnEp]   Gather (/model/layers.10/self_attn/Gather_3) ebaee2e1-06be-42c6-a7b1-de29475cc753:92:232
2026-10-04 18:53:49.862999 [V:onnxruntime:, session_state.cc:1385 VerifyEachNodeIsAssignedToAnEp]   Div (/model/layers.10/self_attn/Div_1) ebaee2e1-06be-42c6-a7b1-de29475cc753:92:232
2026-10-04 18:53:49.863999 [V:onnxruntime:, session_state.cc:1385 VerifyEachNodeIsAssignedToAnEp]   Unsqueeze (/model/layers.10/self_attn/Unsqueeze_9) ebaee2e1-06be-42c6-a7b1-de29475cc753:92:232
2026-10-04 18:53:49.863999 [V:onnxruntime:, session_state.cc:1385 VerifyEachNodeIsAssignedToAnEp]   Gather (/model/layers.10/self_attn/Gather_4) ebaee2e1-06be-42c6-a7b1-de29475cc753:92:232
2026-10-04 18:53:49.864999 [V:onnxruntime:, session_state.cc:1385 VerifyEachNodeIsAssignedToAnEp]   Gather (/model/layers.10/self_attn/Gather_5) ebaee2e1-06be-42c6-a7b1-de29475cc753:92:232
2026-10-04 18:53:49.864999 [V:onnxruntime:, session_state.cc:1385 VerifyEachNodeIsAssignedToAnEp]   Gather (/model/layers.10/self_attn/Gather_6) ebaee2e1-06be-42c6-a7b1-de29475cc753:92:232
2026-10-04 18:53:49.864999 [V:onnxruntime:, session_state.cc:1385 VerifyEachNodeIsAssignedToAnEp]   Gather (/model/layers.10/self_attn/Gather_7) ebaee2e1-06be-42c6-a7b1-de29475cc753:92:232
2026-10-04 18:53:49.864999 [V:onnxruntime:, session_state.cc:1385 VerifyEachNodeIsAssignedToAnEp]   Unsqueeze (/model/layers.10/self_attn/Unsqueeze_12) ebaee2e1-06be-42c6-a7b1-de29475cc753:92:232
2026-10-04 18:53:49.865998 [V:onnxruntime:, session_state.cc:1385 VerifyEachNodeIsAssignedToAnEp]   Concat (/model/layers.10/self_attn/Concat_7) ebaee2e1-06be-42c6-a7b1-de29475cc753:92:232
2026-10-04 18:53:49.865998 [V:onnxruntime:, session_state.cc:1385 VerifyEachNodeIsAssignedToAnEp]   Reshape (/model/layers.10/self_attn/Reshape_3) ebaee2e1-06be-42c6-a7b1-de29475cc753:92:232
2026-10-04 18:53:49.865998 [V:onnxruntime:, session_state.cc:1385 VerifyEachNodeIsAssignedToAnEp]   Equal (/model/layers.10/self_attn/Equal) ebaee2e1-06be-42c6-a7b1-de29475cc753:92:232
2026-10-04 18:53:49.866998 [V:onnxruntime:, session_state.cc:1385 VerifyEachNodeIsAssignedToAnEp]   Where (/model/layers.10/self_attn/Where) ebaee2e1-06be-42c6-a7b1-de29475cc753:92:232
2026-10-04 18:53:49.866998 [V:onnxruntime:, session_state.cc:1385 VerifyEachNodeIsAssignedToAnEp]   Mul (/model/layers.10/self_attn/Mul_5) ebaee2e1-06be-42c6-a7b1-de29475cc753:92:232
2026-10-04 18:53:49.866998 [V:onnxruntime:, session_state.cc:1385 VerifyEachNodeIsAssignedToAnEp]   Unsqueeze (/model/layers.10/self_attn/Unsqueeze_15) ebaee2e1-06be-42c6-a7b1-de29475cc753:92:232
2026-10-04 18:53:49.866998 [V:onnxruntime:, session_state.cc:1385 VerifyEachNodeIsAssignedToAnEp]   Unsqueeze (/model/layers.10/self_attn/Unsqueeze_16) ebaee2e1-06be-42c6-a7b1-de29475cc753:92:232
2026-10-04 18:53:49.866998 [V:onnxruntime:, session_state.cc:1385 VerifyEachNodeIsAssignedToAnEp]   Unsqueeze (/model/layers.10/self_attn/Unsqueeze_17) ebaee2e1-06be-42c6-a7b1-de29475cc753:92:232
2026-10-04 18:53:49.867999 [V:onnxruntime:, session_state.cc:1385 VerifyEachNodeIsAssignedToAnEp]   Unsqueeze (/model/layers.10/self_attn/Unsqueeze_18) ebaee2e1-06be-42c6-a7b1-de29475cc753:92:232
2026-10-04 18:53:49.867999 [V:onnxruntime:, session_state.cc:1385 VerifyEachNodeIsAssignedToAnEp]   Concat (/model/layers.10/self_attn/Concat_8) ebaee2e1-06be-42c6-a7b1-de29475cc753:92:232
2026-10-04 18:53:49.867999 [V:onnxruntime:, session_state.cc:1385 VerifyEachNodeIsAssignedToAnEp]   Gather (/model/layers.10/self_attn/Gather_8) ebaee2e1-06be-42c6-a7b1-de29475cc753:92:232
2026-10-04 18:53:49.867999 [V:onnxruntime:, session_state.cc:1385 VerifyEachNodeIsAssignedToAnEp]   Gather (/model/layers.10/self_attn/Gather_9) ebaee2e1-06be-42c6-a7b1-de29475cc753:92:232
2026-10-04 18:53:49.867999 [V:onnxruntime:, session_state.cc:1385 VerifyEachNodeIsAssignedToAnEp]   Gather (/model/layers.10/self_attn/Gather_10) ebaee2e1-06be-42c6-a7b1-de29475cc753:92:232
2026-10-04 18:53:49.868999 [V:onnxruntime:, session_state.cc:1385 VerifyEachNodeIsAssignedToAnEp]   Gather (/model/layers.10/self_attn/Gather_11) ebaee2e1-06be-42c6-a7b1-de29475cc753:92:232
2026-10-04 18:53:49.868999 [V:onnxruntime:, session_state.cc:1385 VerifyEachNodeIsAssignedToAnEp]   Unsqueeze (/model/layers.10/self_attn/Unsqueeze_21) ebaee2e1-06be-42c6-a7b1-de29475cc753:92:232
2026-10-04 18:53:49.868999 [V:onnxruntime:, session_state.cc:1385 VerifyEachNodeIsAssignedToAnEp]   Concat (/model/layers.10/self_attn/Concat_9) ebaee2e1-06be-42c6-a7b1-de29475cc753:92:232
2026-10-04 18:53:49.868999 [V:onnxruntime:, session_state.cc:1385 VerifyEachNodeIsAssignedToAnEp]   Reshape (/model/layers.10/self_attn/Reshape_5) ebaee2e1-06be-42c6-a7b1-de29475cc753:92:232
2026-10-04 18:53:49.869998 [V:onnxruntime:, session_state.cc:1385 VerifyEachNodeIsAssignedToAnEp]   Equal (/model/layers.10/self_attn/Equal_1) ebaee2e1-06be-42c6-a7b1-de29475cc753:92:232
2026-10-04 18:53:49.869998 [V:onnxruntime:, session_state.cc:1385 VerifyEachNodeIsAssignedToAnEp]   Where (/model/layers.10/self_attn/Where_1) ebaee2e1-06be-42c6-a7b1-de29475cc753:92:232
2026-10-04 18:53:49.869998 [V:onnxruntime:, session_state.cc:1385 VerifyEachNodeIsAssignedToAnEp]   Mul (/model/layers.10/self_attn/Mul_7) ebaee2e1-06be-42c6-a7b1-de29475cc753:92:232
2026-10-04 18:53:49.869998 [V:onnxruntime:, session_state.cc:1385 VerifyEachNodeIsAssignedToAnEp]   Unsqueeze (/model/layers.10/self_attn/Unsqueeze_24) ebaee2e1-06be-42c6-a7b1-de29475cc753:92:232
2026-10-04 18:53:49.869998 [V:onnxruntime:, session_state.cc:1385 VerifyEachNodeIsAssignedToAnEp]   Unsqueeze (/model/layers.10/self_attn/Unsqueeze_25) ebaee2e1-06be-42c6-a7b1-de29475cc753:92:232
2026-10-04 18:53:49.870999 [V:onnxruntime:, session_state.cc:1385 VerifyEachNodeIsAssignedToAnEp]   Unsqueeze (/model/layers.10/self_attn/Unsqueeze_26) ebaee2e1-06be-42c6-a7b1-de29475cc753:92:232
2026-10-04 18:53:49.870999 [V:onnxruntime:, session_state.cc:1385 VerifyEachNodeIsAssignedToAnEp]   Unsqueeze (/model/layers.10/self_attn/Unsqueeze_27) ebaee2e1-06be-42c6-a7b1-de29475cc753:92:232
2026-10-04 18:53:49.870999 [V:onnxruntime:, session_state.cc:1385 VerifyEachNodeIsAssignedToAnEp]   Concat (/model/layers.10/self_attn/Concat_10) ebaee2e1-06be-42c6-a7b1-de29475cc753:92:232
2026-10-04 18:53:49.870999 [V:onnxruntime:, session_state.cc:1385 VerifyEachNodeIsAssignedToAnEp]   Gather (/model/layers.10/self_attn/Gather_12) ebaee2e1-06be-42c6-a7b1-de29475cc753:92:232
2026-10-04 18:53:49.870999 [V:onnxruntime:, session_state.cc:1385 VerifyEachNodeIsAssignedToAnEp]   Unsqueeze (/model/layers.10/self_attn/Unsqueeze_28) ebaee2e1-06be-42c6-a7b1-de29475cc753:92:232
2026-10-04 18:53:49.870999 [V:onnxruntime:, session_state.cc:1385 VerifyEachNodeIsAssignedToAnEp]   Slice (/model/layers.10/self_attn/Slice_4) ebaee2e1-06be-42c6-a7b1-de29475cc753:92:232
2026-10-04 18:53:49.871999 [V:onnxruntime:, session_state.cc:1385 VerifyEachNodeIsAssignedToAnEp]   IsNaN (/model/layers.10/self_attn/IsNaN) ebaee2e1-06be-42c6-a7b1-de29475cc753:92:232
2026-10-04 18:53:49.871999 [V:onnxruntime:, session_state.cc:1385 VerifyEachNodeIsAssignedToAnEp]   Unsqueeze (/model/layers.10/self_attn/Unsqueeze_29) ebaee2e1-06be-42c6-a7b1-de29475cc753:92:232
2026-10-04 18:53:49.871999 [V:onnxruntime:, session_state.cc:1385 VerifyEachNodeIsAssignedToAnEp]   Unsqueeze (/model/layers.10/self_attn/Unsqueeze_30) ebaee2e1-06be-42c6-a7b1-de29475cc753:92:232
2026-10-04 18:53:49.871999 [V:onnxruntime:, session_state.cc:1385 VerifyEachNodeIsAssignedToAnEp]   Concat (/model/layers.10/self_attn/Concat_11) ebaee2e1-06be-42c6-a7b1-de29475cc753:92:232
2026-10-04 18:53:49.872999 [V:onnxruntime:, session_state.cc:1385 VerifyEachNodeIsAssignedToAnEp]   Gather (/model/layers.11/self_attn/Gather) ebaee2e1-06be-42c6-a7b1-de29475cc753:92:232
2026-10-04 18:53:49.872999 [V:onnxruntime:, session_state.cc:1385 VerifyEachNodeIsAssignedToAnEp]   Gather (/model/layers.11/self_attn/Gather_1) ebaee2e1-06be-42c6-a7b1-de29475cc753:92:232
2026-10-04 18:53:49.872999 [V:onnxruntime:, session_state.cc:1385 VerifyEachNodeIsAssignedToAnEp]   Concat (/model/layers.11/self_attn/Concat_1) ebaee2e1-06be-42c6-a7b1-de29475cc753:92:232
2026-10-04 18:53:49.872999 [V:onnxruntime:, session_state.cc:1385 VerifyEachNodeIsAssignedToAnEp]   Gather (/model/layers.11/self_attn/Gather_2) ebaee2e1-06be-42c6-a7b1-de29475cc753:92:232
2026-10-04 18:53:49.872999 [V:onnxruntime:, session_state.cc:1385 VerifyEachNodeIsAssignedToAnEp]   Div (/model/layers.11/self_attn/Div) ebaee2e1-06be-42c6-a7b1-de29475cc753:92:232
2026-10-04 18:53:49.873998 [V:onnxruntime:, session_state.cc:1385 VerifyEachNodeIsAssignedToAnEp]   Unsqueeze (/model/layers.11/self_attn/Unsqueeze_7) ebaee2e1-06be-42c6-a7b1-de29475cc753:92:232
2026-10-04 18:53:49.873998 [V:onnxruntime:, session_state.cc:1385 VerifyEachNodeIsAssignedToAnEp]   Gather (/model/layers.11/self_attn/Gather_3) ebaee2e1-06be-42c6-a7b1-de29475cc753:92:232
2026-10-04 18:53:49.873998 [V:onnxruntime:, session_state.cc:1385 VerifyEachNodeIsAssignedToAnEp]   Div (/model/layers.11/self_attn/Div_1) ebaee2e1-06be-42c6-a7b1-de29475cc753:92:232
2026-10-04 18:53:49.873998 [V:onnxruntime:, session_state.cc:1385 VerifyEachNodeIsAssignedToAnEp]   Unsqueeze (/model/layers.11/self_attn/Unsqueeze_9) ebaee2e1-06be-42c6-a7b1-de29475cc753:92:232
2026-10-04 18:53:49.874998 [V:onnxruntime:, session_state.cc:1385 VerifyEachNodeIsAssignedToAnEp]   Gather (/model/layers.11/self_attn/Gather_4) ebaee2e1-06be-42c6-a7b1-de29475cc753:92:232
2026-10-04 18:53:49.874998 [V:onnxruntime:, session_state.cc:1385 VerifyEachNodeIsAssignedToAnEp]   Gather (/model/layers.11/self_attn/Gather_5) ebaee2e1-06be-42c6-a7b1-de29475cc753:92:232
2026-10-04 18:53:49.874998 [V:onnxruntime:, session_state.cc:1385 VerifyEachNodeIsAssignedToAnEp]   Gather (/model/layers.11/self_attn/Gather_6) ebaee2e1-06be-42c6-a7b1-de29475cc753:92:232
2026-10-04 18:53:49.874998 [V:onnxruntime:, session_state.cc:1385 VerifyEachNodeIsAssignedToAnEp]   Gather (/model/layers.11/self_attn/Gather_7) ebaee2e1-06be-42c6-a7b1-de29475cc753:92:232
2026-10-04 18:53:49.874998 [V:onnxruntime:, session_state.cc:1385 VerifyEachNodeIsAssignedToAnEp]   Unsqueeze (/model/layers.11/self_attn/Unsqueeze_12) ebaee2e1-06be-42c6-a7b1-de29475cc753:92:232
2026-10-04 18:53:49.874998 [V:onnxruntime:, session_state.cc:1385 VerifyEachNodeIsAssignedToAnEp]   Concat (/model/layers.11/self_attn/Concat_7) ebaee2e1-06be-42c6-a7b1-de29475cc753:92:232
2026-10-04 18:53:49.875999 [V:onnxruntime:, session_state.cc:1385 VerifyEachNodeIsAssignedToAnEp]   Reshape (/model/layers.11/self_attn/Reshape_3) ebaee2e1-06be-42c6-a7b1-de29475cc753:92:232
2026-10-04 18:53:49.875999 [V:onnxruntime:, session_state.cc:1385 VerifyEachNodeIsAssignedToAnEp]   Equal (/model/layers.11/self_attn/Equal) ebaee2e1-06be-42c6-a7b1-de29475cc753:92:232
2026-10-04 18:53:49.875999 [V:onnxruntime:, session_state.cc:1385 VerifyEachNodeIsAssignedToAnEp]   Where (/model/layers.11/self_attn/Where) ebaee2e1-06be-42c6-a7b1-de29475cc753:92:232
2026-10-04 18:53:49.875999 [V:onnxruntime:, session_state.cc:1385 VerifyEachNodeIsAssignedToAnEp]   Mul (/model/layers.11/self_attn/Mul_5) ebaee2e1-06be-42c6-a7b1-de29475cc753:92:232
2026-10-04 18:53:49.875999 [V:onnxruntime:, session_state.cc:1385 VerifyEachNodeIsAssignedToAnEp]   Unsqueeze (/model/layers.11/self_attn/Unsqueeze_15) ebaee2e1-06be-42c6-a7b1-de29475cc753:92:232
2026-10-04 18:53:49.876999 [V:onnxruntime:, session_state.cc:1385 VerifyEachNodeIsAssignedToAnEp]   Unsqueeze (/model/layers.11/self_attn/Unsqueeze_16) ebaee2e1-06be-42c6-a7b1-de29475cc753:92:232
2026-10-04 18:53:49.876999 [V:onnxruntime:, session_state.cc:1385 VerifyEachNodeIsAssignedToAnEp]   Unsqueeze (/model/layers.11/self_attn/Unsqueeze_17) ebaee2e1-06be-42c6-a7b1-de29475cc753:92:232
2026-10-04 18:53:49.876999 [V:onnxruntime:, session_state.cc:1385 VerifyEachNodeIsAssignedToAnEp]   Unsqueeze (/model/layers.11/self_attn/Unsqueeze_18) ebaee2e1-06be-42c6-a7b1-de29475cc753:92:232
2026-10-04 18:53:49.876999 [V:onnxruntime:, session_state.cc:1385 VerifyEachNodeIsAssignedToAnEp]   Concat (/model/layers.11/self_attn/Concat_8) ebaee2e1-06be-42c6-a7b1-de29475cc753:92:232
2026-10-04 18:53:49.876999 [V:onnxruntime:, session_state.cc:1385 VerifyEachNodeIsAssignedToAnEp]   Gather (/model/layers.11/self_attn/Gather_8) ebaee2e1-06be-42c6-a7b1-de29475cc753:92:232
2026-10-04 18:53:49.877998 [V:onnxruntime:, session_state.cc:1385 VerifyEachNodeIsAssignedToAnEp]   Gather (/model/layers.11/self_attn/Gather_9) ebaee2e1-06be-42c6-a7b1-de29475cc753:92:232
2026-10-04 18:53:49.877998 [V:onnxruntime:, session_state.cc:1385 VerifyEachNodeIsAssignedToAnEp]   Gather (/model/layers.11/self_attn/Gather_10) ebaee2e1-06be-42c6-a7b1-de29475cc753:92:232
2026-10-04 18:53:49.877998 [V:onnxruntime:, session_state.cc:1385 VerifyEachNodeIsAssignedToAnEp]   Gather (/model/layers.11/self_attn/Gather_11) ebaee2e1-06be-42c6-a7b1-de29475cc753:92:232
2026-10-04 18:53:49.877998 [V:onnxruntime:, session_state.cc:1385 VerifyEachNodeIsAssignedToAnEp]   Unsqueeze (/model/layers.11/self_attn/Unsqueeze_21) ebaee2e1-06be-42c6-a7b1-de29475cc753:92:232
2026-10-04 18:53:49.878999 [V:onnxruntime:, session_state.cc:1385 VerifyEachNodeIsAssignedToAnEp]   Concat (/model/layers.11/self_attn/Concat_9) ebaee2e1-06be-42c6-a7b1-de29475cc753:92:232
2026-10-04 18:53:49.879999 [V:onnxruntime:, session_state.cc:1385 VerifyEachNodeIsAssignedToAnEp]   Reshape (/model/layers.11/self_attn/Reshape_5) ebaee2e1-06be-42c6-a7b1-de29475cc753:92:232
2026-10-04 18:53:49.879999 [V:onnxruntime:, session_state.cc:1385 VerifyEachNodeIsAssignedToAnEp]   Equal (/model/layers.11/self_attn/Equal_1) ebaee2e1-06be-42c6-a7b1-de29475cc753:92:232
2026-10-04 18:53:49.880999 [V:onnxruntime:, session_state.cc:1385 VerifyEachNodeIsAssignedToAnEp]   Where (/model/layers.11/self_attn/Where_1) ebaee2e1-06be-42c6-a7b1-de29475cc753:92:232
2026-10-04 18:53:49.880999 [V:onnxruntime:, session_state.cc:1385 VerifyEachNodeIsAssignedToAnEp]   Mul (/model/layers.11/self_attn/Mul_7) ebaee2e1-06be-42c6-a7b1-de29475cc753:92:232
2026-10-04 18:53:49.880999 [V:onnxruntime:, session_state.cc:1385 VerifyEachNodeIsAssignedToAnEp]   Unsqueeze (/model/layers.11/self_attn/Unsqueeze_24) ebaee2e1-06be-42c6-a7b1-de29475cc753:92:232
2026-10-04 18:53:49.881998 [V:onnxruntime:, session_state.cc:1385 VerifyEachNodeIsAssignedToAnEp]   Unsqueeze (/model/layers.11/self_attn/Unsqueeze_25) ebaee2e1-06be-42c6-a7b1-de29475cc753:92:232
2026-10-04 18:53:49.881998 [V:onnxruntime:, session_state.cc:1385 VerifyEachNodeIsAssignedToAnEp]   Unsqueeze (/model/layers.11/self_attn/Unsqueeze_26) ebaee2e1-06be-42c6-a7b1-de29475cc753:92:232
2026-10-04 18:53:49.881998 [V:onnxruntime:, session_state.cc:1385 VerifyEachNodeIsAssignedToAnEp]   Unsqueeze (/model/layers.11/self_attn/Unsqueeze_27) ebaee2e1-06be-42c6-a7b1-de29475cc753:92:232
2026-10-04 18:53:49.881998 [V:onnxruntime:, session_state.cc:1385 VerifyEachNodeIsAssignedToAnEp]   Concat (/model/layers.11/self_attn/Concat_10) ebaee2e1-06be-42c6-a7b1-de29475cc753:92:232
2026-10-04 18:53:49.882998 [V:onnxruntime:, session_state.cc:1385 VerifyEachNodeIsAssignedToAnEp]   Gather (/model/layers.11/self_attn/Gather_12) ebaee2e1-06be-42c6-a7b1-de29475cc753:92:232
2026-10-04 18:53:49.882998 [V:onnxruntime:, session_state.cc:1385 VerifyEachNodeIsAssignedToAnEp]   Unsqueeze (/model/layers.11/self_attn/Unsqueeze_28) ebaee2e1-06be-42c6-a7b1-de29475cc753:92:232
2026-10-04 18:53:49.882998 [V:onnxruntime:, session_state.cc:1385 VerifyEachNodeIsAssignedToAnEp]   Slice (/model/layers.11/self_attn/Slice_4) ebaee2e1-06be-42c6-a7b1-de29475cc753:92:232
2026-10-04 18:53:49.882998 [V:onnxruntime:, session_state.cc:1385 VerifyEachNodeIsAssignedToAnEp]   IsNaN (/model/layers.11/self_attn/IsNaN) ebaee2e1-06be-42c6-a7b1-de29475cc753:92:232
2026-10-04 18:53:49.883999 [V:onnxruntime:, session_state.cc:1385 VerifyEachNodeIsAssignedToAnEp]   Unsqueeze (/model/layers.11/self_attn/Unsqueeze_29) ebaee2e1-06be-42c6-a7b1-de29475cc753:92:232
2026-10-04 18:53:49.883999 [V:onnxruntime:, session_state.cc:1385 VerifyEachNodeIsAssignedToAnEp]   Unsqueeze (/model/layers.11/self_attn/Unsqueeze_30) ebaee2e1-06be-42c6-a7b1-de29475cc753:92:232
2026-10-04 18:53:49.883999 [V:onnxruntime:, session_state.cc:1385 VerifyEachNodeIsAssignedToAnEp]   Concat (/model/layers.11/self_attn/Concat_11) ebaee2e1-06be-42c6-a7b1-de29475cc753:92:232
2026-10-04 18:53:49.883999 [V:onnxruntime:, session_state.cc:1385 VerifyEachNodeIsAssignedToAnEp]   Gather (Gather) ebaee2e1-06be-42c6-a7b1-de29475cc753:92:232
2026-10-04 18:53:49.883999 [V:onnxruntime:, session_state.cc:1385 VerifyEachNodeIsAssignedToAnEp]   Gather (Gather_token_1) ebaee2e1-06be-42c6-a7b1-de29475cc753:92:232
2026-10-04 18:53:49.884999 [V:onnxruntime:, session_state.cc:1385 VerifyEachNodeIsAssignedToAnEp]   Gather (Gather_token_3) ebaee2e1-06be-42c6-a7b1-de29475cc753:92:232
2026-10-04 18:53:49.884999 [V:onnxruntime:, session_state.cc:1385 VerifyEachNodeIsAssignedToAnEp]   Gather (Gather_token_5) ebaee2e1-06be-42c6-a7b1-de29475cc753:92:232
2026-10-04 18:53:49.884999 [V:onnxruntime:, session_state.cc:1385 VerifyEachNodeIsAssignedToAnEp]   Gather (Gather_token_7) ebaee2e1-06be-42c6-a7b1-de29475cc753:92:232
2026-10-04 18:53:49.885998 [V:onnxruntime:, session_state.cc:1385 VerifyEachNodeIsAssignedToAnEp]   Gather (Gather_token_9) ebaee2e1-06be-42c6-a7b1-de29475cc753:92:232
2026-10-04 18:53:49.885998 [V:onnxruntime:, session_state.cc:1385 VerifyEachNodeIsAssignedToAnEp]   Gather (Gather_token_11) ebaee2e1-06be-42c6-a7b1-de29475cc753:92:232
2026-10-04 18:53:49.885998 [V:onnxruntime:, session_state.cc:1385 VerifyEachNodeIsAssignedToAnEp]   Gather (Gather_token_13) ebaee2e1-06be-42c6-a7b1-de29475cc753:92:232
2026-10-04 18:53:49.885998 [V:onnxruntime:, session_state.cc:1385 VerifyEachNodeIsAssignedToAnEp]   Gather (Gather_token_15) ebaee2e1-06be-42c6-a7b1-de29475cc753:92:232
2026-10-04 18:53:49.885998 [V:onnxruntime:, session_state.cc:1385 VerifyEachNodeIsAssignedToAnEp]   Gather (Gather_token_17) ebaee2e1-06be-42c6-a7b1-de29475cc753:92:232
2026-10-04 18:53:49.886999 [V:onnxruntime:, session_state.cc:1385 VerifyEachNodeIsAssignedToAnEp]   Gather (Gather_token_19) ebaee2e1-06be-42c6-a7b1-de29475cc753:92:232
2026-10-04 18:53:49.899999 [V:onnxruntime:, session_state.cc:1385 VerifyEachNodeIsAssignedToAnEp]   Gather (Gather_token_21) ebaee2e1-06be-42c6-a7b1-de29475cc753:92:232
2026-10-04 18:53:49.899999 [V:onnxruntime:, session_state.cc:1385 VerifyEachNodeIsAssignedToAnEp]   Gather (Gather_token_23) ebaee2e1-06be-42c6-a7b1-de29475cc753:92:232
2026-10-04 18:53:49.899999 [V:onnxruntime:, session_state.cc:1385 VerifyEachNodeIsAssignedToAnEp]   Gather (Gather_token_25) ebaee2e1-06be-42c6-a7b1-de29475cc753:92:232
2026-10-04 18:53:49.900999 [V:onnxruntime:, session_state.cc:1385 VerifyEachNodeIsAssignedToAnEp]   Gather (Gather_token_27) ebaee2e1-06be-42c6-a7b1-de29475cc753:92:232
2026-10-04 18:53:49.900999 [V:onnxruntime:, session_state.cc:1385 VerifyEachNodeIsAssignedToAnEp]   Gather (Gather_token_29) ebaee2e1-06be-42c6-a7b1-de29475cc753:92:232
2026-10-04 18:53:49.900999 [V:onnxruntime:, session_state.cc:1385 VerifyEachNodeIsAssignedToAnEp]   Gather (Gather_token_31) ebaee2e1-06be-42c6-a7b1-de29475cc753:92:232
2026-10-04 18:53:49.900999 [V:onnxruntime:, session_state.cc:1385 VerifyEachNodeIsAssignedToAnEp]   Gather (Gather_token_33) ebaee2e1-06be-42c6-a7b1-de29475cc753:92:232
2026-10-04 18:53:49.901998 [V:onnxruntime:, session_state.cc:1385 VerifyEachNodeIsAssignedToAnEp]   Gather (Gather_token_35) ebaee2e1-06be-42c6-a7b1-de29475cc753:92:232
2026-10-04 18:53:49.901998 [V:onnxruntime:, session_state.cc:1385 VerifyEachNodeIsAssignedToAnEp]   Gather (Gather_token_37) ebaee2e1-06be-42c6-a7b1-de29475cc753:92:232
2026-10-04 18:53:49.901998 [V:onnxruntime:, session_state.cc:1385 VerifyEachNodeIsAssignedToAnEp]   Gather (Gather_token_39) ebaee2e1-06be-42c6-a7b1-de29475cc753:92:232
2026-10-04 18:53:49.901998 [V:onnxruntime:, session_state.cc:1385 VerifyEachNodeIsAssignedToAnEp]   Gather (Gather_token_41) ebaee2e1-06be-42c6-a7b1-de29475cc753:92:232
2026-10-04 18:53:49.901998 [V:onnxruntime:, session_state.cc:1385 VerifyEachNodeIsAssignedToAnEp]   Gather (Gather_token_43) ebaee2e1-06be-42c6-a7b1-de29475cc753:92:232
2026-10-04 18:53:49.902999 [V:onnxruntime:, session_state.cc:1385 VerifyEachNodeIsAssignedToAnEp]   Gather (Gather_token_45) ebaee2e1-06be-42c6-a7b1-de29475cc753:92:232
2026-10-04 18:53:49.902999 [V:onnxruntime:, session_state.cc:1383 VerifyEachNodeIsAssignedToAnEp]  Node(s) placed on [WebGpuExecutionProvider]. Number of nodes: 1027 ebaee2e1-06be-42c6-a7b1-de29475cc753:92:232
2026-10-04 18:53:49.902999 [V:onnxruntime:, session_state.cc:1385 VerifyEachNodeIsAssignedToAnEp]   Gather (/model/embed_tokens/Gather) ebaee2e1-06be-42c6-a7b1-de29475cc753:92:232
2026-10-04 18:53:49.902999 [V:onnxruntime:, session_state.cc:1385 VerifyEachNodeIsAssignedToAnEp]   Shape (/model/Shape) ebaee2e1-06be-42c6-a7b1-de29475cc753:92:232
2026-10-04 18:53:49.902999 [V:onnxruntime:, session_state.cc:1385 VerifyEachNodeIsAssignedToAnEp]   Shape (/model/Shape_1) ebaee2e1-06be-42c6-a7b1-de29475cc753:92:232
2026-10-04 18:53:49.902999 [V:onnxruntime:, session_state.cc:1385 VerifyEachNodeIsAssignedToAnEp]   And (/model/And) ebaee2e1-06be-42c6-a7b1-de29475cc753:92:232
2026-10-04 18:53:49.903999 [V:onnxruntime:, session_state.cc:1385 VerifyEachNodeIsAssignedToAnEp]   Flatten (/model/Flatten) ebaee2e1-06be-42c6-a7b1-de29475cc753:92:232
2026-10-04 18:53:49.903999 [V:onnxruntime:, session_state.cc:1385 VerifyEachNodeIsAssignedToAnEp]   Gather (/model/Gather_5) ebaee2e1-06be-42c6-a7b1-de29475cc753:92:232
2026-10-04 18:53:49.903999 [V:onnxruntime:, session_state.cc:1385 VerifyEachNodeIsAssignedToAnEp]   Reshape (/model/Reshape) ebaee2e1-06be-42c6-a7b1-de29475cc753:92:232
2026-10-04 18:53:49.903999 [V:onnxruntime:, session_state.cc:1385 VerifyEachNodeIsAssignedToAnEp]   Reshape (/model/Reshape_1) ebaee2e1-06be-42c6-a7b1-de29475cc753:92:232
2026-10-04 18:53:49.903999 [V:onnxruntime:, session_state.cc:1385 VerifyEachNodeIsAssignedToAnEp]   And (/model/And_1) ebaee2e1-06be-42c6-a7b1-de29475cc753:92:232
2026-10-04 18:53:49.903999 [V:onnxruntime:, session_state.cc:1385 VerifyEachNodeIsAssignedToAnEp]   Expand (/model/Expand) ebaee2e1-06be-42c6-a7b1-de29475cc753:92:232
2026-10-04 18:53:49.904999 [V:onnxruntime:, session_state.cc:1385 VerifyEachNodeIsAssignedToAnEp]   Expand (/model/rotary_emb/Expand) ebaee2e1-06be-42c6-a7b1-de29475cc753:92:232
2026-10-04 18:53:49.904999 [V:onnxruntime:, session_state.cc:1385 VerifyEachNodeIsAssignedToAnEp]   MatMul (/model/rotary_emb/MatMul) ebaee2e1-06be-42c6-a7b1-de29475cc753:92:232
2026-10-04 18:53:49.904999 [V:onnxruntime:, session_state.cc:1385 VerifyEachNodeIsAssignedToAnEp]   Concat (/model/rotary_emb/Concat_1) ebaee2e1-06be-42c6-a7b1-de29475cc753:92:232
2026-10-04 18:53:49.904999 [V:onnxruntime:, session_state.cc:1385 VerifyEachNodeIsAssignedToAnEp]   Cos (/model/rotary_emb/Cos) ebaee2e1-06be-42c6-a7b1-de29475cc753:92:232
2026-10-04 18:53:49.904999 [V:onnxruntime:, session_state.cc:1385 VerifyEachNodeIsAssignedToAnEp]   Sin (/model/rotary_emb/Sin) ebaee2e1-06be-42c6-a7b1-de29475cc753:92:232
2026-10-04 18:53:49.905998 [V:onnxruntime:, session_state.cc:1385 VerifyEachNodeIsAssignedToAnEp]   Pow (/model/layers.0/input_layernorm/Pow) ebaee2e1-06be-42c6-a7b1-de29475cc753:92:232
2026-10-04 18:53:49.905998 [V:onnxruntime:, session_state.cc:1385 VerifyEachNodeIsAssignedToAnEp]   ReduceMean (/model/layers.0/input_layernorm/ReduceMean) ebaee2e1-06be-42c6-a7b1-de29475cc753:92:232
2026-10-04 18:53:49.905998 [V:onnxruntime:, session_state.cc:1385 VerifyEachNodeIsAssignedToAnEp]   Add (/model/layers.0/input_layernorm/Add) ebaee2e1-06be-42c6-a7b1-de29475cc753:92:232
2026-10-04 18:53:49.905998 [V:onnxruntime:, session_state.cc:1385 VerifyEachNodeIsAssignedToAnEp]   Sqrt (/model/layers.0/input_layernorm/Sqrt) ebaee2e1-06be-42c6-a7b1-de29475cc753:92:232
2026-10-04 18:53:49.905998 [V:onnxruntime:, session_state.cc:1385 VerifyEachNodeIsAssignedToAnEp]   Div (/model/layers.0/input_layernorm/Div) ebaee2e1-06be-42c6-a7b1-de29475cc753:92:232
2026-10-04 18:53:49.906998 [V:onnxruntime:, session_state.cc:1385 VerifyEachNodeIsAssignedToAnEp]   Mul (/model/layers.0/input_layernorm/Mul_1) ebaee2e1-06be-42c6-a7b1-de29475cc753:92:232
2026-10-04 18:53:49.906998 [V:onnxruntime:, session_state.cc:1385 VerifyEachNodeIsAssignedToAnEp]   Shape (/model/layers.0/self_attn/Shape_1) ebaee2e1-06be-42c6-a7b1-de29475cc753:92:232
2026-10-04 18:53:49.906998 [V:onnxruntime:, session_state.cc:1385 VerifyEachNodeIsAssignedToAnEp]   MatMulNBits (/model/layers.0/self_attn/q_proj/MatMul_Q4) ebaee2e1-06be-42c6-a7b1-de29475cc753:92:232
2026-10-04 18:53:49.906998 [V:onnxruntime:, session_state.cc:1385 VerifyEachNodeIsAssignedToAnEp]   Reshape (/model/layers.0/self_attn/Reshape) ebaee2e1-06be-42c6-a7b1-de29475cc753:92:232
2026-10-04 18:53:49.906998 [V:onnxruntime:, session_state.cc:1385 VerifyEachNodeIsAssignedToAnEp]   Pow (/model/layers.0/self_attn/q_norm/Pow) ebaee2e1-06be-42c6-a7b1-de29475cc753:92:232
2026-10-04 18:53:49.907999 [V:onnxruntime:, session_state.cc:1385 VerifyEachNodeIsAssignedToAnEp]   ReduceMean (/model/layers.0/self_attn/q_norm/ReduceMean) ebaee2e1-06be-42c6-a7b1-de29475cc753:92:232
2026-10-04 18:53:49.907999 [V:onnxruntime:, session_state.cc:1385 VerifyEachNodeIsAssignedToAnEp]   Add (/model/layers.0/self_attn/q_norm/Add) ebaee2e1-06be-42c6-a7b1-de29475cc753:92:232
2026-10-04 18:53:49.907999 [V:onnxruntime:, session_state.cc:1385 VerifyEachNodeIsAssignedToAnEp]   Sqrt (/model/layers.0/self_attn/q_norm/Sqrt) ebaee2e1-06be-42c6-a7b1-de29475cc753:92:232
2026-10-04 18:53:49.907999 [V:onnxruntime:, session_state.cc:1385 VerifyEachNodeIsAssignedToAnEp]   Div (/model/layers.0/self_attn/q_norm/Div) ebaee2e1-06be-42c6-a7b1-de29475cc753:92:232
2026-10-04 18:53:49.907999 [V:onnxruntime:, session_state.cc:1385 VerifyEachNodeIsAssignedToAnEp]   Mul (/model/layers.0/self_attn/q_norm/Mul_1) ebaee2e1-06be-42c6-a7b1-de29475cc753:92:232
2026-10-04 18:53:49.907999 [V:onnxruntime:, session_state.cc:1385 VerifyEachNodeIsAssignedToAnEp]   Transpose (/model/layers.0/self_attn/Transpose) ebaee2e1-06be-42c6-a7b1-de29475cc753:92:232
2026-10-04 18:53:49.908999 [V:onnxruntime:, session_state.cc:1385 VerifyEachNodeIsAssignedToAnEp]   MatMulNBits (/model/layers.0/self_attn/k_proj/MatMul_Q4) ebaee2e1-06be-42c6-a7b1-de29475cc753:92:232
2026-10-04 18:53:49.908999 [V:onnxruntime:, session_state.cc:1385 VerifyEachNodeIsAssignedToAnEp]   Reshape (/model/layers.0/self_attn/Reshape_1) ebaee2e1-06be-42c6-a7b1-de29475cc753:92:232
2026-10-04 18:53:49.908999 [V:onnxruntime:, session_state.cc:1385 VerifyEachNodeIsAssignedToAnEp]   Pow (/model/layers.0/self_attn/k_norm/Pow) ebaee2e1-06be-42c6-a7b1-de29475cc753:92:232
2026-10-04 18:53:49.908999 [V:onnxruntime:, session_state.cc:1385 VerifyEachNodeIsAssignedToAnEp]   ReduceMean (/model/layers.0/self_attn/k_norm/ReduceMean) ebaee2e1-06be-42c6-a7b1-de29475cc753:92:232
2026-10-04 18:53:49.908999 [V:onnxruntime:, session_state.cc:1385 VerifyEachNodeIsAssignedToAnEp]   Add (/model/layers.0/self_attn/k_norm/Add) ebaee2e1-06be-42c6-a7b1-de29475cc753:92:232
2026-10-04 18:53:49.908999 [V:onnxruntime:, session_state.cc:1385 VerifyEachNodeIsAssignedToAnEp]   Sqrt (/model/layers.0/self_attn/k_norm/Sqrt) ebaee2e1-06be-42c6-a7b1-de29475cc753:92:232
2026-10-04 18:53:49.909998 [V:onnxruntime:, session_state.cc:1385 VerifyEachNodeIsAssignedToAnEp]   Div (/model/layers.0/self_attn/k_norm/Div) ebaee2e1-06be-42c6-a7b1-de29475cc753:92:232
2026-10-04 18:53:49.909998 [V:onnxruntime:, session_state.cc:1385 VerifyEachNodeIsAssignedToAnEp]   Mul (/model/layers.0/self_attn/k_norm/Mul_1) ebaee2e1-06be-42c6-a7b1-de29475cc753:92:232
2026-10-04 18:53:49.909998 [V:onnxruntime:, session_state.cc:1385 VerifyEachNodeIsAssignedToAnEp]   Transpose (/model/layers.0/self_attn/Transpose_1) ebaee2e1-06be-42c6-a7b1-de29475cc753:92:232
2026-10-04 18:53:49.909998 [V:onnxruntime:, session_state.cc:1385 VerifyEachNodeIsAssignedToAnEp]   MatMulNBits (/model/layers.0/self_attn/v_proj/MatMul_Q4) ebaee2e1-06be-42c6-a7b1-de29475cc753:92:232
2026-10-04 18:53:49.909998 [V:onnxruntime:, session_state.cc:1385 VerifyEachNodeIsAssignedToAnEp]   Reshape (/model/layers.0/self_attn/Reshape_2) ebaee2e1-06be-42c6-a7b1-de29475cc753:92:232
2026-10-04 18:53:49.910999 [V:onnxruntime:, session_state.cc:1385 VerifyEachNodeIsAssignedToAnEp]   Transpose (/model/layers.0/self_attn/Transpose_2) ebaee2e1-06be-42c6-a7b1-de29475cc753:92:232
2026-10-04 18:53:49.910999 [V:onnxruntime:, session_state.cc:1385 VerifyEachNodeIsAssignedToAnEp]   Unsqueeze (/model/layers.0/self_attn/Unsqueeze_6) ebaee2e1-06be-42c6-a7b1-de29475cc753:92:232
2026-10-04 18:53:49.910999 [V:onnxruntime:, session_state.cc:1385 VerifyEachNodeIsAssignedToAnEp]   Unsqueeze (/model/layers.0/self_attn/Unsqueeze_7) ebaee2e1-06be-42c6-a7b1-de29475cc753:92:232
2026-10-04 18:53:49.910999 [V:onnxruntime:, session_state.cc:1385 VerifyEachNodeIsAssignedToAnEp]   Mul (/model/layers.0/self_attn/Mul) ebaee2e1-06be-42c6-a7b1-de29475cc753:92:232
2026-10-04 18:53:49.911999 [V:onnxruntime:, session_state.cc:1385 VerifyEachNodeIsAssignedToAnEp]   Shape (/model/layers.0/self_attn/Shape_2) ebaee2e1-06be-42c6-a7b1-de29475cc753:92:232
2026-10-04 18:53:49.911999 [V:onnxruntime:, session_state.cc:1385 VerifyEachNodeIsAssignedToAnEp]   Slice (/model/layers.0/self_attn/Slice) ebaee2e1-06be-42c6-a7b1-de29475cc753:92:232
2026-10-04 18:53:49.911999 [V:onnxruntime:, session_state.cc:1385 VerifyEachNodeIsAssignedToAnEp]   Slice (/model/layers.0/self_attn/Slice_1) ebaee2e1-06be-42c6-a7b1-de29475cc753:92:232
2026-10-04 18:53:49.912999 [V:onnxruntime:, session_state.cc:1385 VerifyEachNodeIsAssignedToAnEp]   Neg (/model/layers.0/self_attn/Neg) ebaee2e1-06be-42c6-a7b1-de29475cc753:92:232
2026-10-04 18:53:49.912999 [V:onnxruntime:, session_state.cc:1385 VerifyEachNodeIsAssignedToAnEp]   Concat (/model/layers.0/self_attn/Concat_3) ebaee2e1-06be-42c6-a7b1-de29475cc753:92:232
2026-10-04 18:53:49.912999 [V:onnxruntime:, session_state.cc:1385 VerifyEachNodeIsAssignedToAnEp]   Mul (/model/layers.0/self_attn/Mul_1) ebaee2e1-06be-42c6-a7b1-de29475cc753:92:232
2026-10-04 18:53:49.913998 [V:onnxruntime:, session_state.cc:1385 VerifyEachNodeIsAssignedToAnEp]   Add (/model/layers.0/self_attn/Add) ebaee2e1-06be-42c6-a7b1-de29475cc753:92:232
2026-10-04 18:53:49.913998 [V:onnxruntime:, session_state.cc:1385 VerifyEachNodeIsAssignedToAnEp]   Mul (/model/layers.0/self_attn/Mul_2) ebaee2e1-06be-42c6-a7b1-de29475cc753:92:232
2026-10-04 18:53:49.913998 [V:onnxruntime:, session_state.cc:1385 VerifyEachNodeIsAssignedToAnEp]   Shape (/model/layers.0/self_attn/Shape_3) ebaee2e1-06be-42c6-a7b1-de29475cc753:92:232
2026-10-04 18:53:49.913998 [V:onnxruntime:, session_state.cc:1385 VerifyEachNodeIsAssignedToAnEp]   Slice (/model/layers.0/self_attn/Slice_2) ebaee2e1-06be-42c6-a7b1-de29475cc753:92:232
2026-10-04 18:53:49.913998 [V:onnxruntime:, session_state.cc:1385 VerifyEachNodeIsAssignedToAnEp]   Slice (/model/layers.0/self_attn/Slice_3) ebaee2e1-06be-42c6-a7b1-de29475cc753:92:232
2026-10-04 18:53:49.914998 [V:onnxruntime:, session_state.cc:1385 VerifyEachNodeIsAssignedToAnEp]   Neg (/model/layers.0/self_attn/Neg_1) ebaee2e1-06be-42c6-a7b1-de29475cc753:92:232
2026-10-04 18:53:49.914998 [V:onnxruntime:, session_state.cc:1385 VerifyEachNodeIsAssignedToAnEp]   Concat (/model/layers.0/self_attn/Concat_4) ebaee2e1-06be-42c6-a7b1-de29475cc753:92:232
2026-10-04 18:53:49.915999 [V:onnxruntime:, session_state.cc:1385 VerifyEachNodeIsAssignedToAnEp]   Mul (/model/layers.0/self_attn/Mul_3) ebaee2e1-06be-42c6-a7b1-de29475cc753:92:232
2026-10-04 18:53:49.915999 [V:onnxruntime:, session_state.cc:1385 VerifyEachNodeIsAssignedToAnEp]   Add (/model/layers.0/self_attn/Add_1) ebaee2e1-06be-42c6-a7b1-de29475cc753:92:232
2026-10-04 18:53:49.915999 [V:onnxruntime:, session_state.cc:1385 VerifyEachNodeIsAssignedToAnEp]   Concat (/model/layers.0/self_attn/Concat_5) ebaee2e1-06be-42c6-a7b1-de29475cc753:92:232
2026-10-04 18:53:49.915999 [V:onnxruntime:, session_state.cc:1385 VerifyEachNodeIsAssignedToAnEp]   Concat (/model/layers.0/self_attn/Concat_6) ebaee2e1-06be-42c6-a7b1-de29475cc753:92:232
2026-10-04 18:53:49.915999 [V:onnxruntime:, session_state.cc:1385 VerifyEachNodeIsAssignedToAnEp]   Shape (/model/layers.0/self_attn/Shape_7) ebaee2e1-06be-42c6-a7b1-de29475cc753:92:232
2026-10-04 18:53:49.916999 [V:onnxruntime:, session_state.cc:1385 VerifyEachNodeIsAssignedToAnEp]   Unsqueeze (/model/layers.0/self_attn/Unsqueeze_12) ebaee2e1-06be-42c6-a7b1-de29475cc753:92:232
2026-10-04 18:53:49.916999 [V:onnxruntime:, session_state.cc:1385 VerifyEachNodeIsAssignedToAnEp]   Expand (/model/layers.0/self_attn/Expand) ebaee2e1-06be-42c6-a7b1-de29475cc753:92:232
2026-10-04 18:53:49.916999 [V:onnxruntime:, session_state.cc:1385 VerifyEachNodeIsAssignedToAnEp]   Reshape (/model/layers.0/self_attn/Reshape_4) ebaee2e1-06be-42c6-a7b1-de29475cc753:92:232
2026-10-04 18:53:49.916999 [V:onnxruntime:, session_state.cc:1385 VerifyEachNodeIsAssignedToAnEp]   Shape (/model/layers.0/self_attn/Shape_12) ebaee2e1-06be-42c6-a7b1-de29475cc753:92:232
2026-10-04 18:53:49.917998 [V:onnxruntime:, session_state.cc:1385 VerifyEachNodeIsAssignedToAnEp]   Unsqueeze (/model/layers.0/self_attn/Unsqueeze_21) ebaee2e1-06be-42c6-a7b1-de29475cc753:92:232
2026-10-04 18:53:49.917998 [V:onnxruntime:, session_state.cc:1385 VerifyEachNodeIsAssignedToAnEp]   Expand (/model/layers.0/self_attn/Expand_1) ebaee2e1-06be-42c6-a7b1-de29475cc753:92:232
2026-10-04 18:53:49.917998 [V:onnxruntime:, session_state.cc:1385 VerifyEachNodeIsAssignedToAnEp]   Reshape (/model/layers.0/self_attn/Reshape_6) ebaee2e1-06be-42c6-a7b1-de29475cc753:92:232
2026-10-04 18:53:49.917998 [V:onnxruntime:, session_state.cc:1385 VerifyEachNodeIsAssignedToAnEp]   Shape (/model/layers.0/self_attn/Shape_14) ebaee2e1-06be-42c6-a7b1-de29475cc753:92:232
2026-10-04 18:53:49.917998 [V:onnxruntime:, session_state.cc:1385 VerifyEachNodeIsAssignedToAnEp]   Transpose (/model/layers.0/self_attn/Transpose_3) ebaee2e1-06be-42c6-a7b1-de29475cc753:92:232
2026-10-04 18:53:49.918999 [V:onnxruntime:, session_state.cc:1385 VerifyEachNodeIsAssignedToAnEp]   Mul (/model/layers.0/self_attn/Mul_8) ebaee2e1-06be-42c6-a7b1-de29475cc753:92:232
2026-10-04 18:53:49.918999 [V:onnxruntime:, session_state.cc:1385 VerifyEachNodeIsAssignedToAnEp]   Mul (/model/layers.0/self_attn/Mul_9) ebaee2e1-06be-42c6-a7b1-de29475cc753:92:232
2026-10-04 18:53:49.918999 [V:onnxruntime:, session_state.cc:1385 VerifyEachNodeIsAssignedToAnEp]   MatMul (/model/layers.0/self_attn/MatMul) ebaee2e1-06be-42c6-a7b1-de29475cc753:92:232
2026-10-04 18:53:49.918999 [V:onnxruntime:, session_state.cc:1385 VerifyEachNodeIsAssignedToAnEp]   Where (/model/layers.0/self_attn/Where_2) ebaee2e1-06be-42c6-a7b1-de29475cc753:92:232
2026-10-04 18:53:49.918999 [V:onnxruntime:, session_state.cc:1385 VerifyEachNodeIsAssignedToAnEp]   Add (/model/layers.0/self_attn/Add_2) ebaee2e1-06be-42c6-a7b1-de29475cc753:92:232
2026-10-04 18:53:49.918999 [V:onnxruntime:, session_state.cc:1385 VerifyEachNodeIsAssignedToAnEp]   Softmax (/model/layers.0/self_attn/Softmax) ebaee2e1-06be-42c6-a7b1-de29475cc753:92:232
2026-10-04 18:53:49.919999 [V:onnxruntime:, session_state.cc:1385 VerifyEachNodeIsAssignedToAnEp]   Where (/model/layers.0/self_attn/Where_3) ebaee2e1-06be-42c6-a7b1-de29475cc753:92:232
2026-10-04 18:53:49.919999 [V:onnxruntime:, session_state.cc:1385 VerifyEachNodeIsAssignedToAnEp]   MatMul (/model/layers.0/self_attn/MatMul_1) ebaee2e1-06be-42c6-a7b1-de29475cc753:92:232
2026-10-04 18:53:49.923999 [V:onnxruntime:, session_state.cc:1385 VerifyEachNodeIsAssignedToAnEp]   Transpose (/model/layers.0/self_attn/Transpose_4) ebaee2e1-06be-42c6-a7b1-de29475cc753:92:232
2026-10-04 18:53:49.924999 [V:onnxruntime:, session_state.cc:1385 VerifyEachNodeIsAssignedToAnEp]   Reshape (/model/layers.0/self_attn/Reshape_7) ebaee2e1-06be-42c6-a7b1-de29475cc753:92:232
2026-10-04 18:53:49.924999 [V:onnxruntime:, session_state.cc:1385 VerifyEachNodeIsAssignedToAnEp]   MatMulNBits (/model/layers.0/self_attn/o_proj/MatMul_Q4) ebaee2e1-06be-42c6-a7b1-de29475cc753:92:232
2026-10-04 18:53:49.924999 [V:onnxruntime:, session_state.cc:1385 VerifyEachNodeIsAssignedToAnEp]   Add (/model/layers.0/Add) ebaee2e1-06be-42c6-a7b1-de29475cc753:92:232
2026-10-04 18:53:49.924999 [V:onnxruntime:, session_state.cc:1385 VerifyEachNodeIsAssignedToAnEp]   Pow (/model/layers.0/post_attention_layernorm/Pow) ebaee2e1-06be-42c6-a7b1-de29475cc753:92:232
2026-10-04 18:53:49.924999 [V:onnxruntime:, session_state.cc:1385 VerifyEachNodeIsAssignedToAnEp]   ReduceMean (/model/layers.0/post_attention_layernorm/ReduceMean) ebaee2e1-06be-42c6-a7b1-de29475cc753:92:232
2026-10-04 18:53:49.924999 [V:onnxruntime:, session_state.cc:1385 VerifyEachNodeIsAssignedToAnEp]   Add (/model/layers.0/post_attention_layernorm/Add) ebaee2e1-06be-42c6-a7b1-de29475cc753:92:232
2026-10-04 18:53:49.925998 [V:onnxruntime:, session_state.cc:1385 VerifyEachNodeIsAssignedToAnEp]   Sqrt (/model/layers.0/post_attention_layernorm/Sqrt) ebaee2e1-06be-42c6-a7b1-de29475cc753:92:232
2026-10-04 18:53:49.925998 [V:onnxruntime:, session_state.cc:1385 VerifyEachNodeIsAssignedToAnEp]   Div (/model/layers.0/post_attention_layernorm/Div) ebaee2e1-06be-42c6-a7b1-de29475cc753:92:232
2026-10-04 18:53:49.925998 [V:onnxruntime:, session_state.cc:1385 VerifyEachNodeIsAssignedToAnEp]   Mul (/model/layers.0/post_attention_layernorm/Mul_1) ebaee2e1-06be-42c6-a7b1-de29475cc753:92:232
2026-10-04 18:53:49.925998 [V:onnxruntime:, session_state.cc:1385 VerifyEachNodeIsAssignedToAnEp]   MatMulNBits (/model/layers.0/mlp/gate_proj/MatMul_Q4) ebaee2e1-06be-42c6-a7b1-de29475cc753:92:232
2026-10-04 18:53:49.925998 [V:onnxruntime:, session_state.cc:1385 VerifyEachNodeIsAssignedToAnEp]   MatMulNBits (/model/layers.0/mlp/up_proj/MatMul_Q4) ebaee2e1-06be-42c6-a7b1-de29475cc753:92:232
2026-10-04 18:53:49.926999 [V:onnxruntime:, session_state.cc:1385 VerifyEachNodeIsAssignedToAnEp]   Mul (/model/layers.0/mlp/Mul) ebaee2e1-06be-42c6-a7b1-de29475cc753:92:232
2026-10-04 18:53:49.926999 [V:onnxruntime:, session_state.cc:1385 VerifyEachNodeIsAssignedToAnEp]   MatMulNBits (/model/layers.0/mlp/down_proj/MatMul_Q4) ebaee2e1-06be-42c6-a7b1-de29475cc753:92:232
2026-10-04 18:53:49.927999 [V:onnxruntime:, session_state.cc:1385 VerifyEachNodeIsAssignedToAnEp]   Add (/model/layers.0/Add_1) ebaee2e1-06be-42c6-a7b1-de29475cc753:92:232
2026-10-04 18:53:49.927999 [V:onnxruntime:, session_state.cc:1385 VerifyEachNodeIsAssignedToAnEp]   Pow (/model/layers.1/input_layernorm/Pow) ebaee2e1-06be-42c6-a7b1-de29475cc753:92:232
2026-10-04 18:53:49.927999 [V:onnxruntime:, session_state.cc:1385 VerifyEachNodeIsAssignedToAnEp]   ReduceMean (/model/layers.1/input_layernorm/ReduceMean) ebaee2e1-06be-42c6-a7b1-de29475cc753:92:232
2026-10-04 18:53:49.927999 [V:onnxruntime:, session_state.cc:1385 VerifyEachNodeIsAssignedToAnEp]   Add (/model/layers.1/input_layernorm/Add) ebaee2e1-06be-42c6-a7b1-de29475cc753:92:232
2026-10-04 18:53:49.928999 [V:onnxruntime:, session_state.cc:1385 VerifyEachNodeIsAssignedToAnEp]   Sqrt (/model/layers.1/input_layernorm/Sqrt) ebaee2e1-06be-42c6-a7b1-de29475cc753:92:232
2026-10-04 18:53:49.928999 [V:onnxruntime:, session_state.cc:1385 VerifyEachNodeIsAssignedToAnEp]   Div (/model/layers.1/input_layernorm/Div) ebaee2e1-06be-42c6-a7b1-de29475cc753:92:232
2026-10-04 18:53:49.928999 [V:onnxruntime:, session_state.cc:1385 VerifyEachNodeIsAssignedToAnEp]   Mul (/model/layers.1/input_layernorm/Mul_1) ebaee2e1-06be-42c6-a7b1-de29475cc753:92:232
2026-10-04 18:53:49.929998 [V:onnxruntime:, session_state.cc:1385 VerifyEachNodeIsAssignedToAnEp]   Shape (/model/layers.1/self_attn/Shape_1) ebaee2e1-06be-42c6-a7b1-de29475cc753:92:232
2026-10-04 18:53:49.929998 [V:onnxruntime:, session_state.cc:1385 VerifyEachNodeIsAssignedToAnEp]   MatMulNBits (/model/layers.1/self_attn/q_proj/MatMul_Q4) ebaee2e1-06be-42c6-a7b1-de29475cc753:92:232
2026-10-04 18:53:49.929998 [V:onnxruntime:, session_state.cc:1385 VerifyEachNodeIsAssignedToAnEp]   Reshape (/model/layers.1/self_attn/Reshape) ebaee2e1-06be-42c6-a7b1-de29475cc753:92:232
2026-10-04 18:53:49.929998 [V:onnxruntime:, session_state.cc:1385 VerifyEachNodeIsAssignedToAnEp]   Pow (/model/layers.1/self_attn/q_norm/Pow) ebaee2e1-06be-42c6-a7b1-de29475cc753:92:232
2026-10-04 18:53:49.929998 [V:onnxruntime:, session_state.cc:1385 VerifyEachNodeIsAssignedToAnEp]   ReduceMean (/model/layers.1/self_attn/q_norm/ReduceMean) ebaee2e1-06be-42c6-a7b1-de29475cc753:92:232
2026-10-04 18:53:49.930998 [V:onnxruntime:, session_state.cc:1385 VerifyEachNodeIsAssignedToAnEp]   Add (/model/layers.1/self_attn/q_norm/Add) ebaee2e1-06be-42c6-a7b1-de29475cc753:92:232
2026-10-04 18:53:49.930998 [V:onnxruntime:, session_state.cc:1385 VerifyEachNodeIsAssignedToAnEp]   Sqrt (/model/layers.1/self_attn/q_norm/Sqrt) ebaee2e1-06be-42c6-a7b1-de29475cc753:92:232
2026-10-04 18:53:49.931999 [V:onnxruntime:, session_state.cc:1385 VerifyEachNodeIsAssignedToAnEp]   Div (/model/layers.1/self_attn/q_norm/Div) ebaee2e1-06be-42c6-a7b1-de29475cc753:92:232
2026-10-04 18:53:49.931999 [V:onnxruntime:, session_state.cc:1385 VerifyEachNodeIsAssignedToAnEp]   Mul (/model/layers.1/self_attn/q_norm/Mul_1) ebaee2e1-06be-42c6-a7b1-de29475cc753:92:232
2026-10-04 18:53:49.931999 [V:onnxruntime:, session_state.cc:1385 VerifyEachNodeIsAssignedToAnEp]   Transpose (/model/layers.1/self_attn/Transpose) ebaee2e1-06be-42c6-a7b1-de29475cc753:92:232
2026-10-04 18:53:49.931999 [V:onnxruntime:, session_state.cc:1385 VerifyEachNodeIsAssignedToAnEp]   MatMulNBits (/model/layers.1/self_attn/k_proj/MatMul_Q4) ebaee2e1-06be-42c6-a7b1-de29475cc753:92:232
2026-10-04 18:53:49.931999 [V:onnxruntime:, session_state.cc:1385 VerifyEachNodeIsAssignedToAnEp]   Reshape (/model/layers.1/self_attn/Reshape_1) ebaee2e1-06be-42c6-a7b1-de29475cc753:92:232
2026-10-04 18:53:49.932999 [V:onnxruntime:, session_state.cc:1385 VerifyEachNodeIsAssignedToAnEp]   Pow (/model/layers.1/self_attn/k_norm/Pow) ebaee2e1-06be-42c6-a7b1-de29475cc753:92:232
2026-10-04 18:53:49.932999 [V:onnxruntime:, session_state.cc:1385 VerifyEachNodeIsAssignedToAnEp]   ReduceMean (/model/layers.1/self_attn/k_norm/ReduceMean) ebaee2e1-06be-42c6-a7b1-de29475cc753:92:232
2026-10-04 18:53:49.932999 [V:onnxruntime:, session_state.cc:1385 VerifyEachNodeIsAssignedToAnEp]   Add (/model/layers.1/self_attn/k_norm/Add) ebaee2e1-06be-42c6-a7b1-de29475cc753:92:232
2026-10-04 18:53:49.932999 [V:onnxruntime:, session_state.cc:1385 VerifyEachNodeIsAssignedToAnEp]   Sqrt (/model/layers.1/self_attn/k_norm/Sqrt) ebaee2e1-06be-42c6-a7b1-de29475cc753:92:232
2026-10-04 18:53:49.933998 [V:onnxruntime:, session_state.cc:1385 VerifyEachNodeIsAssignedToAnEp]   Div (/model/layers.1/self_attn/k_norm/Div) ebaee2e1-06be-42c6-a7b1-de29475cc753:92:232
2026-10-04 18:53:49.933998 [V:onnxruntime:, session_state.cc:1385 VerifyEachNodeIsAssignedToAnEp]   Mul (/model/layers.1/self_attn/k_norm/Mul_1) ebaee2e1-06be-42c6-a7b1-de29475cc753:92:232
2026-10-04 18:53:49.933998 [V:onnxruntime:, session_state.cc:1385 VerifyEachNodeIsAssignedToAnEp]   Transpose (/model/layers.1/self_attn/Transpose_1) ebaee2e1-06be-42c6-a7b1-de29475cc753:92:232
2026-10-04 18:53:49.946998 [V:onnxruntime:, session_state.cc:1385 VerifyEachNodeIsAssignedToAnEp]   MatMulNBits (/model/layers.1/self_attn/v_proj/MatMul_Q4) ebaee2e1-06be-42c6-a7b1-de29475cc753:92:232
2026-10-04 18:53:49.947999 [V:onnxruntime:, session_state.cc:1385 VerifyEachNodeIsAssignedToAnEp]   Reshape (/model/layers.1/self_attn/Reshape_2) ebaee2e1-06be-42c6-a7b1-de29475cc753:92:232
2026-10-04 18:53:49.948999 [V:onnxruntime:, session_state.cc:1385 VerifyEachNodeIsAssignedToAnEp]   Transpose (/model/layers.1/self_attn/Transpose_2) ebaee2e1-06be-42c6-a7b1-de29475cc753:92:232
2026-10-04 18:53:49.948999 [V:onnxruntime:, session_state.cc:1385 VerifyEachNodeIsAssignedToAnEp]   Mul (/model/layers.1/self_attn/Mul) ebaee2e1-06be-42c6-a7b1-de29475cc753:92:232
2026-10-04 18:53:49.949998 [V:onnxruntime:, session_state.cc:1385 VerifyEachNodeIsAssignedToAnEp]   Shape (/model/layers.1/self_attn/Shape_2) ebaee2e1-06be-42c6-a7b1-de29475cc753:92:232
2026-10-04 18:53:49.949998 [V:onnxruntime:, session_state.cc:1385 VerifyEachNodeIsAssignedToAnEp]   Slice (/model/layers.1/self_attn/Slice) ebaee2e1-06be-42c6-a7b1-de29475cc753:92:232
2026-10-04 18:53:49.950999 [V:onnxruntime:, session_state.cc:1385 VerifyEachNodeIsAssignedToAnEp]   Slice (/model/layers.1/self_attn/Slice_1) ebaee2e1-06be-42c6-a7b1-de29475cc753:92:232
2026-10-04 18:53:49.950999 [V:onnxruntime:, session_state.cc:1385 VerifyEachNodeIsAssignedToAnEp]   Neg (/model/layers.1/self_attn/Neg) ebaee2e1-06be-42c6-a7b1-de29475cc753:92:232
2026-10-04 18:53:49.950999 [V:onnxruntime:, session_state.cc:1385 VerifyEachNodeIsAssignedToAnEp]   Concat (/model/layers.1/self_attn/Concat_3) ebaee2e1-06be-42c6-a7b1-de29475cc753:92:232
2026-10-04 18:53:49.955999 [V:onnxruntime:, session_state.cc:1385 VerifyEachNodeIsAssignedToAnEp]   Mul (/model/layers.1/self_attn/Mul_1) ebaee2e1-06be-42c6-a7b1-de29475cc753:92:232
2026-10-04 18:53:49.956999 [V:onnxruntime:, session_state.cc:1385 VerifyEachNodeIsAssignedToAnEp]   Add (/model/layers.1/self_attn/Add) ebaee2e1-06be-42c6-a7b1-de29475cc753:92:232
2026-10-04 18:53:49.956999 [V:onnxruntime:, session_state.cc:1385 VerifyEachNodeIsAssignedToAnEp]   Mul (/model/layers.1/self_attn/Mul_2) ebaee2e1-06be-42c6-a7b1-de29475cc753:92:232
2026-10-04 18:53:49.956999 [V:onnxruntime:, session_state.cc:1385 VerifyEachNodeIsAssignedToAnEp]   Shape (/model/layers.1/self_attn/Shape_3) ebaee2e1-06be-42c6-a7b1-de29475cc753:92:232
2026-10-04 18:53:49.956999 [V:onnxruntime:, session_state.cc:1385 VerifyEachNodeIsAssignedToAnEp]   Slice (/model/layers.1/self_attn/Slice_2) ebaee2e1-06be-42c6-a7b1-de29475cc753:92:232
2026-10-04 18:53:49.956999 [V:onnxruntime:, session_state.cc:1385 VerifyEachNodeIsAssignedToAnEp]   Slice (/model/layers.1/self_attn/Slice_3) ebaee2e1-06be-42c6-a7b1-de29475cc753:92:232
2026-10-04 18:53:49.957998 [V:onnxruntime:, session_state.cc:1385 VerifyEachNodeIsAssignedToAnEp]   Neg (/model/layers.1/self_attn/Neg_1) ebaee2e1-06be-42c6-a7b1-de29475cc753:92:232
2026-10-04 18:53:49.957998 [V:onnxruntime:, session_state.cc:1385 VerifyEachNodeIsAssignedToAnEp]   Concat (/model/layers.1/self_attn/Concat_4) ebaee2e1-06be-42c6-a7b1-de29475cc753:92:232
2026-10-04 18:53:49.957998 [V:onnxruntime:, session_state.cc:1385 VerifyEachNodeIsAssignedToAnEp]   Mul (/model/layers.1/self_attn/Mul_3) ebaee2e1-06be-42c6-a7b1-de29475cc753:92:232
2026-10-04 18:53:49.957998 [V:onnxruntime:, session_state.cc:1385 VerifyEachNodeIsAssignedToAnEp]   Add (/model/layers.1/self_attn/Add_1) ebaee2e1-06be-42c6-a7b1-de29475cc753:92:232
2026-10-04 18:53:49.957998 [V:onnxruntime:, session_state.cc:1385 VerifyEachNodeIsAssignedToAnEp]   Concat (/model/layers.1/self_attn/Concat_5) ebaee2e1-06be-42c6-a7b1-de29475cc753:92:232
2026-10-04 18:53:49.958999 [V:onnxruntime:, session_state.cc:1385 VerifyEachNodeIsAssignedToAnEp]   Concat (/model/layers.1/self_attn/Concat_6) ebaee2e1-06be-42c6-a7b1-de29475cc753:92:232
2026-10-04 18:53:49.958999 [V:onnxruntime:, session_state.cc:1385 VerifyEachNodeIsAssignedToAnEp]   Shape (/model/layers.1/self_attn/Shape_7) ebaee2e1-06be-42c6-a7b1-de29475cc753:92:232
2026-10-04 18:53:49.958999 [V:onnxruntime:, session_state.cc:1385 VerifyEachNodeIsAssignedToAnEp]   Unsqueeze (/model/layers.1/self_attn/Unsqueeze_10) ebaee2e1-06be-42c6-a7b1-de29475cc753:92:232
2026-10-04 18:53:49.958999 [V:onnxruntime:, session_state.cc:1385 VerifyEachNodeIsAssignedToAnEp]   Expand (/model/layers.1/self_attn/Expand) ebaee2e1-06be-42c6-a7b1-de29475cc753:92:232
2026-10-04 18:53:49.959999 [V:onnxruntime:, session_state.cc:1385 VerifyEachNodeIsAssignedToAnEp]   Reshape (/model/layers.1/self_attn/Reshape_4) ebaee2e1-06be-42c6-a7b1-de29475cc753:92:232
2026-10-04 18:53:49.959999 [V:onnxruntime:, session_state.cc:1385 VerifyEachNodeIsAssignedToAnEp]   Shape (/model/layers.1/self_attn/Shape_12) ebaee2e1-06be-42c6-a7b1-de29475cc753:92:232
2026-10-04 18:53:49.959999 [V:onnxruntime:, session_state.cc:1385 VerifyEachNodeIsAssignedToAnEp]   Unsqueeze (/model/layers.1/self_attn/Unsqueeze_19) ebaee2e1-06be-42c6-a7b1-de29475cc753:92:232
2026-10-04 18:53:49.960999 [V:onnxruntime:, session_state.cc:1385 VerifyEachNodeIsAssignedToAnEp]   Expand (/model/layers.1/self_attn/Expand_1) ebaee2e1-06be-42c6-a7b1-de29475cc753:92:232
2026-10-04 18:53:49.961998 [V:onnxruntime:, session_state.cc:1385 VerifyEachNodeIsAssignedToAnEp]   Reshape (/model/layers.1/self_attn/Reshape_6) ebaee2e1-06be-42c6-a7b1-de29475cc753:92:232
2026-10-04 18:53:49.962998 [V:onnxruntime:, session_state.cc:1385 VerifyEachNodeIsAssignedToAnEp]   Shape (/model/layers.1/self_attn/Shape_14) ebaee2e1-06be-42c6-a7b1-de29475cc753:92:232
2026-10-04 18:53:49.963999 [V:onnxruntime:, session_state.cc:1385 VerifyEachNodeIsAssignedToAnEp]   Transpose (/model/layers.1/self_attn/Transpose_3) ebaee2e1-06be-42c6-a7b1-de29475cc753:92:232
2026-10-04 18:53:49.964999 [V:onnxruntime:, session_state.cc:1385 VerifyEachNodeIsAssignedToAnEp]   Mul (/model/layers.1/self_attn/Mul_8) ebaee2e1-06be-42c6-a7b1-de29475cc753:92:232
2026-10-04 18:53:49.965998 [V:onnxruntime:, session_state.cc:1385 VerifyEachNodeIsAssignedToAnEp]   Mul (/model/layers.1/self_attn/Mul_9) ebaee2e1-06be-42c6-a7b1-de29475cc753:92:232
2026-10-04 18:53:49.965998 [V:onnxruntime:, session_state.cc:1385 VerifyEachNodeIsAssignedToAnEp]   MatMul (/model/layers.1/self_attn/MatMul) ebaee2e1-06be-42c6-a7b1-de29475cc753:92:232
2026-10-04 18:53:49.966999 [V:onnxruntime:, session_state.cc:1385 VerifyEachNodeIsAssignedToAnEp]   Where (/model/layers.1/self_attn/Where_2) ebaee2e1-06be-42c6-a7b1-de29475cc753:92:232
2026-10-04 18:53:49.966999 [V:onnxruntime:, session_state.cc:1385 VerifyEachNodeIsAssignedToAnEp]   Add (/model/layers.1/self_attn/Add_2) ebaee2e1-06be-42c6-a7b1-de29475cc753:92:232
2026-10-04 18:53:49.966999 [V:onnxruntime:, session_state.cc:1385 VerifyEachNodeIsAssignedToAnEp]   Softmax (/model/layers.1/self_attn/Softmax) ebaee2e1-06be-42c6-a7b1-de29475cc753:92:232
2026-10-04 18:53:49.967999 [V:onnxruntime:, session_state.cc:1385 VerifyEachNodeIsAssignedToAnEp]   Where (/model/layers.1/self_attn/Where_3) ebaee2e1-06be-42c6-a7b1-de29475cc753:92:232
2026-10-04 18:53:49.967999 [V:onnxruntime:, session_state.cc:1385 VerifyEachNodeIsAssignedToAnEp]   MatMul (/model/layers.1/self_attn/MatMul_1) ebaee2e1-06be-42c6-a7b1-de29475cc753:92:232
2026-10-04 18:53:49.968999 [V:onnxruntime:, session_state.cc:1385 VerifyEachNodeIsAssignedToAnEp]   Transpose (/model/layers.1/self_attn/Transpose_4) ebaee2e1-06be-42c6-a7b1-de29475cc753:92:232
2026-10-04 18:53:49.968999 [V:onnxruntime:, session_state.cc:1385 VerifyEachNodeIsAssignedToAnEp]   Reshape (/model/layers.1/self_attn/Reshape_7) ebaee2e1-06be-42c6-a7b1-de29475cc753:92:232
2026-10-04 18:53:49.968999 [V:onnxruntime:, session_state.cc:1385 VerifyEachNodeIsAssignedToAnEp]   MatMulNBits (/model/layers.1/self_attn/o_proj/MatMul_Q4) ebaee2e1-06be-42c6-a7b1-de29475cc753:92:232
2026-10-04 18:53:49.968999 [V:onnxruntime:, session_state.cc:1385 VerifyEachNodeIsAssignedToAnEp]   Add (/model/layers.1/Add) ebaee2e1-06be-42c6-a7b1-de29475cc753:92:232
2026-10-04 18:53:49.969998 [V:onnxruntime:, session_state.cc:1385 VerifyEachNodeIsAssignedToAnEp]   Pow (/model/layers.1/post_attention_layernorm/Pow) ebaee2e1-06be-42c6-a7b1-de29475cc753:92:232
2026-10-04 18:53:49.969998 [V:onnxruntime:, session_state.cc:1385 VerifyEachNodeIsAssignedToAnEp]   ReduceMean (/model/layers.1/post_attention_layernorm/ReduceMean) ebaee2e1-06be-42c6-a7b1-de29475cc753:92:232
2026-10-04 18:53:49.969998 [V:onnxruntime:, session_state.cc:1385 VerifyEachNodeIsAssignedToAnEp]   Add (/model/layers.1/post_attention_layernorm/Add) ebaee2e1-06be-42c6-a7b1-de29475cc753:92:232
2026-10-04 18:53:49.970998 [V:onnxruntime:, session_state.cc:1385 VerifyEachNodeIsAssignedToAnEp]   Sqrt (/model/layers.1/post_attention_layernorm/Sqrt) ebaee2e1-06be-42c6-a7b1-de29475cc753:92:232
2026-10-04 18:53:49.970998 [V:onnxruntime:, session_state.cc:1385 VerifyEachNodeIsAssignedToAnEp]   Div (/model/layers.1/post_attention_layernorm/Div) ebaee2e1-06be-42c6-a7b1-de29475cc753:92:232
2026-10-04 18:53:49.970998 [V:onnxruntime:, session_state.cc:1385 VerifyEachNodeIsAssignedToAnEp]   Mul (/model/layers.1/post_attention_layernorm/Mul_1) ebaee2e1-06be-42c6-a7b1-de29475cc753:92:232
2026-10-04 18:53:49.970998 [V:onnxruntime:, session_state.cc:1385 VerifyEachNodeIsAssignedToAnEp]   MatMulNBits (/model/layers.1/mlp/gate_proj/MatMul_Q4) ebaee2e1-06be-42c6-a7b1-de29475cc753:92:232
2026-10-04 18:53:49.970998 [V:onnxruntime:, session_state.cc:1385 VerifyEachNodeIsAssignedToAnEp]   MatMulNBits (/model/layers.1/mlp/up_proj/MatMul_Q4) ebaee2e1-06be-42c6-a7b1-de29475cc753:92:232
2026-10-04 18:53:49.971999 [V:onnxruntime:, session_state.cc:1385 VerifyEachNodeIsAssignedToAnEp]   Mul (/model/layers.1/mlp/Mul) ebaee2e1-06be-42c6-a7b1-de29475cc753:92:232
2026-10-04 18:53:49.971999 [V:onnxruntime:, session_state.cc:1385 VerifyEachNodeIsAssignedToAnEp]   MatMulNBits (/model/layers.1/mlp/down_proj/MatMul_Q4) ebaee2e1-06be-42c6-a7b1-de29475cc753:92:232
2026-10-04 18:53:49.971999 [V:onnxruntime:, session_state.cc:1385 VerifyEachNodeIsAssignedToAnEp]   Add (/model/layers.1/Add_1) ebaee2e1-06be-42c6-a7b1-de29475cc753:92:232
2026-10-04 18:53:49.971999 [V:onnxruntime:, session_state.cc:1385 VerifyEachNodeIsAssignedToAnEp]   Pow (/model/layers.2/input_layernorm/Pow) ebaee2e1-06be-42c6-a7b1-de29475cc753:92:232
2026-10-04 18:53:49.972999 [V:onnxruntime:, session_state.cc:1385 VerifyEachNodeIsAssignedToAnEp]   ReduceMean (/model/layers.2/input_layernorm/ReduceMean) ebaee2e1-06be-42c6-a7b1-de29475cc753:92:232
2026-10-04 18:53:49.972999 [V:onnxruntime:, session_state.cc:1385 VerifyEachNodeIsAssignedToAnEp]   Add (/model/layers.2/input_layernorm/Add) ebaee2e1-06be-42c6-a7b1-de29475cc753:92:232
2026-10-04 18:53:49.972999 [V:onnxruntime:, session_state.cc:1385 VerifyEachNodeIsAssignedToAnEp]   Sqrt (/model/layers.2/input_layernorm/Sqrt) ebaee2e1-06be-42c6-a7b1-de29475cc753:92:232
2026-10-04 18:53:49.972999 [V:onnxruntime:, session_state.cc:1385 VerifyEachNodeIsAssignedToAnEp]   Div (/model/layers.2/input_layernorm/Div) ebaee2e1-06be-42c6-a7b1-de29475cc753:92:232
2026-10-04 18:53:49.972999 [V:onnxruntime:, session_state.cc:1385 VerifyEachNodeIsAssignedToAnEp]   Mul (/model/layers.2/input_layernorm/Mul_1) ebaee2e1-06be-42c6-a7b1-de29475cc753:92:232
2026-10-04 18:53:49.973998 [V:onnxruntime:, session_state.cc:1385 VerifyEachNodeIsAssignedToAnEp]   Shape (/model/layers.2/self_attn/Shape_1) ebaee2e1-06be-42c6-a7b1-de29475cc753:92:232
2026-10-04 18:53:49.973998 [V:onnxruntime:, session_state.cc:1385 VerifyEachNodeIsAssignedToAnEp]   MatMulNBits (/model/layers.2/self_attn/q_proj/MatMul_Q4) ebaee2e1-06be-42c6-a7b1-de29475cc753:92:232
2026-10-04 18:53:49.973998 [V:onnxruntime:, session_state.cc:1385 VerifyEachNodeIsAssignedToAnEp]   Reshape (/model/layers.2/self_attn/Reshape) ebaee2e1-06be-42c6-a7b1-de29475cc753:92:232
2026-10-04 18:53:49.973998 [V:onnxruntime:, session_state.cc:1385 VerifyEachNodeIsAssignedToAnEp]   Pow (/model/layers.2/self_attn/q_norm/Pow) ebaee2e1-06be-42c6-a7b1-de29475cc753:92:232
2026-10-04 18:53:49.973998 [V:onnxruntime:, session_state.cc:1385 VerifyEachNodeIsAssignedToAnEp]   ReduceMean (/model/layers.2/self_attn/q_norm/ReduceMean) ebaee2e1-06be-42c6-a7b1-de29475cc753:92:232
2026-10-04 18:53:49.974999 [V:onnxruntime:, session_state.cc:1385 VerifyEachNodeIsAssignedToAnEp]   Add (/model/layers.2/self_attn/q_norm/Add) ebaee2e1-06be-42c6-a7b1-de29475cc753:92:232
2026-10-04 18:53:49.974999 [V:onnxruntime:, session_state.cc:1385 VerifyEachNodeIsAssignedToAnEp]   Sqrt (/model/layers.2/self_attn/q_norm/Sqrt) ebaee2e1-06be-42c6-a7b1-de29475cc753:92:232
2026-10-04 18:53:49.974999 [V:onnxruntime:, session_state.cc:1385 VerifyEachNodeIsAssignedToAnEp]   Div (/model/layers.2/self_attn/q_norm/Div) ebaee2e1-06be-42c6-a7b1-de29475cc753:92:232
2026-10-04 18:53:49.974999 [V:onnxruntime:, session_state.cc:1385 VerifyEachNodeIsAssignedToAnEp]   Mul (/model/layers.2/self_attn/q_norm/Mul_1) ebaee2e1-06be-42c6-a7b1-de29475cc753:92:232
2026-10-04 18:53:49.975999 [V:onnxruntime:, session_state.cc:1385 VerifyEachNodeIsAssignedToAnEp]   Transpose (/model/layers.2/self_attn/Transpose) ebaee2e1-06be-42c6-a7b1-de29475cc753:92:232
2026-10-04 18:53:49.975999 [V:onnxruntime:, session_state.cc:1385 VerifyEachNodeIsAssignedToAnEp]   MatMulNBits (/model/layers.2/self_attn/k_proj/MatMul_Q4) ebaee2e1-06be-42c6-a7b1-de29475cc753:92:232
2026-10-04 18:53:49.975999 [V:onnxruntime:, session_state.cc:1385 VerifyEachNodeIsAssignedToAnEp]   Reshape (/model/layers.2/self_attn/Reshape_1) ebaee2e1-06be-42c6-a7b1-de29475cc753:92:232
2026-10-04 18:53:49.975999 [V:onnxruntime:, session_state.cc:1385 VerifyEachNodeIsAssignedToAnEp]   Pow (/model/layers.2/self_attn/k_norm/Pow) ebaee2e1-06be-42c6-a7b1-de29475cc753:92:232
2026-10-04 18:53:49.975999 [V:onnxruntime:, session_state.cc:1385 VerifyEachNodeIsAssignedToAnEp]   ReduceMean (/model/layers.2/self_attn/k_norm/ReduceMean) ebaee2e1-06be-42c6-a7b1-de29475cc753:92:232
2026-10-04 18:53:49.976999 [V:onnxruntime:, session_state.cc:1385 VerifyEachNodeIsAssignedToAnEp]   Add (/model/layers.2/self_attn/k_norm/Add) ebaee2e1-06be-42c6-a7b1-de29475cc753:92:232
2026-10-04 18:53:49.976999 [V:onnxruntime:, session_state.cc:1385 VerifyEachNodeIsAssignedToAnEp]   Sqrt (/model/layers.2/self_attn/k_norm/Sqrt) ebaee2e1-06be-42c6-a7b1-de29475cc753:92:232
2026-10-04 18:53:49.976999 [V:onnxruntime:, session_state.cc:1385 VerifyEachNodeIsAssignedToAnEp]   Div (/model/layers.2/self_attn/k_norm/Div) ebaee2e1-06be-42c6-a7b1-de29475cc753:92:232
2026-10-04 18:53:49.976999 [V:onnxruntime:, session_state.cc:1385 VerifyEachNodeIsAssignedToAnEp]   Mul (/model/layers.2/self_attn/k_norm/Mul_1) ebaee2e1-06be-42c6-a7b1-de29475cc753:92:232
2026-10-04 18:53:49.977998 [V:onnxruntime:, session_state.cc:1385 VerifyEachNodeIsAssignedToAnEp]   Transpose (/model/layers.2/self_attn/Transpose_1) ebaee2e1-06be-42c6-a7b1-de29475cc753:92:232
2026-10-04 18:53:49.977998 [V:onnxruntime:, session_state.cc:1385 VerifyEachNodeIsAssignedToAnEp]   MatMulNBits (/model/layers.2/self_attn/v_proj/MatMul_Q4) ebaee2e1-06be-42c6-a7b1-de29475cc753:92:232
2026-10-04 18:53:49.977998 [V:onnxruntime:, session_state.cc:1385 VerifyEachNodeIsAssignedToAnEp]   Reshape (/model/layers.2/self_attn/Reshape_2) ebaee2e1-06be-42c6-a7b1-de29475cc753:92:232
2026-10-04 18:53:49.977998 [V:onnxruntime:, session_state.cc:1385 VerifyEachNodeIsAssignedToAnEp]   Transpose (/model/layers.2/self_attn/Transpose_2) ebaee2e1-06be-42c6-a7b1-de29475cc753:92:232
2026-10-04 18:53:49.978998 [V:onnxruntime:, session_state.cc:1385 VerifyEachNodeIsAssignedToAnEp]   Mul (/model/layers.2/self_attn/Mul) ebaee2e1-06be-42c6-a7b1-de29475cc753:92:232
2026-10-04 18:53:49.978998 [V:onnxruntime:, session_state.cc:1385 VerifyEachNodeIsAssignedToAnEp]   Shape (/model/layers.2/self_attn/Shape_2) ebaee2e1-06be-42c6-a7b1-de29475cc753:92:232
2026-10-04 18:53:49.979999 [V:onnxruntime:, session_state.cc:1385 VerifyEachNodeIsAssignedToAnEp]   Slice (/model/layers.2/self_attn/Slice) ebaee2e1-06be-42c6-a7b1-de29475cc753:92:232
2026-10-04 18:53:49.979999 [V:onnxruntime:, session_state.cc:1385 VerifyEachNodeIsAssignedToAnEp]   Slice (/model/layers.2/self_attn/Slice_1) ebaee2e1-06be-42c6-a7b1-de29475cc753:92:232
2026-10-04 18:53:49.980999 [V:onnxruntime:, session_state.cc:1385 VerifyEachNodeIsAssignedToAnEp]   Neg (/model/layers.2/self_attn/Neg) ebaee2e1-06be-42c6-a7b1-de29475cc753:92:232
2026-10-04 18:53:49.980999 [V:onnxruntime:, session_state.cc:1385 VerifyEachNodeIsAssignedToAnEp]   Concat (/model/layers.2/self_attn/Concat_3) ebaee2e1-06be-42c6-a7b1-de29475cc753:92:232
2026-10-04 18:53:49.980999 [V:onnxruntime:, session_state.cc:1385 VerifyEachNodeIsAssignedToAnEp]   Mul (/model/layers.2/self_attn/Mul_1) ebaee2e1-06be-42c6-a7b1-de29475cc753:92:232
2026-10-04 18:53:49.981998 [V:onnxruntime:, session_state.cc:1385 VerifyEachNodeIsAssignedToAnEp]   Add (/model/layers.2/self_attn/Add) ebaee2e1-06be-42c6-a7b1-de29475cc753:92:232
2026-10-04 18:53:49.981998 [V:onnxruntime:, session_state.cc:1385 VerifyEachNodeIsAssignedToAnEp]   Mul (/model/layers.2/self_attn/Mul_2) ebaee2e1-06be-42c6-a7b1-de29475cc753:92:232
2026-10-04 18:53:49.981998 [V:onnxruntime:, session_state.cc:1385 VerifyEachNodeIsAssignedToAnEp]   Shape (/model/layers.2/self_attn/Shape_3) ebaee2e1-06be-42c6-a7b1-de29475cc753:92:232
2026-10-04 18:53:49.982999 [V:onnxruntime:, session_state.cc:1385 VerifyEachNodeIsAssignedToAnEp]   Slice (/model/layers.2/self_attn/Slice_2) ebaee2e1-06be-42c6-a7b1-de29475cc753:92:232
2026-10-04 18:53:49.982999 [V:onnxruntime:, session_state.cc:1385 VerifyEachNodeIsAssignedToAnEp]   Slice (/model/layers.2/self_attn/Slice_3) ebaee2e1-06be-42c6-a7b1-de29475cc753:92:232
2026-10-04 18:53:49.982999 [V:onnxruntime:, session_state.cc:1385 VerifyEachNodeIsAssignedToAnEp]   Neg (/model/layers.2/self_attn/Neg_1) ebaee2e1-06be-42c6-a7b1-de29475cc753:92:232
2026-10-04 18:53:49.982999 [V:onnxruntime:, session_state.cc:1385 VerifyEachNodeIsAssignedToAnEp]   Concat (/model/layers.2/self_attn/Concat_4) ebaee2e1-06be-42c6-a7b1-de29475cc753:92:232
2026-10-04 18:53:49.982999 [V:onnxruntime:, session_state.cc:1385 VerifyEachNodeIsAssignedToAnEp]   Mul (/model/layers.2/self_attn/Mul_3) ebaee2e1-06be-42c6-a7b1-de29475cc753:92:232
2026-10-04 18:53:49.983999 [V:onnxruntime:, session_state.cc:1385 VerifyEachNodeIsAssignedToAnEp]   Add (/model/layers.2/self_attn/Add_1) ebaee2e1-06be-42c6-a7b1-de29475cc753:92:232
2026-10-04 18:53:49.983999 [V:onnxruntime:, session_state.cc:1385 VerifyEachNodeIsAssignedToAnEp]   Concat (/model/layers.2/self_attn/Concat_5) ebaee2e1-06be-42c6-a7b1-de29475cc753:92:232
2026-10-04 18:53:49.983999 [V:onnxruntime:, session_state.cc:1385 VerifyEachNodeIsAssignedToAnEp]   Concat (/model/layers.2/self_attn/Concat_6) ebaee2e1-06be-42c6-a7b1-de29475cc753:92:232
2026-10-04 18:53:49.983999 [V:onnxruntime:, session_state.cc:1385 VerifyEachNodeIsAssignedToAnEp]   Shape (/model/layers.2/self_attn/Shape_7) ebaee2e1-06be-42c6-a7b1-de29475cc753:92:232
2026-10-04 18:53:49.984999 [V:onnxruntime:, session_state.cc:1385 VerifyEachNodeIsAssignedToAnEp]   Unsqueeze (/model/layers.2/self_attn/Unsqueeze_10) ebaee2e1-06be-42c6-a7b1-de29475cc753:92:232
2026-10-04 18:53:49.984999 [V:onnxruntime:, session_state.cc:1385 VerifyEachNodeIsAssignedToAnEp]   Expand (/model/layers.2/self_attn/Expand) ebaee2e1-06be-42c6-a7b1-de29475cc753:92:232
2026-10-04 18:53:49.984999 [V:onnxruntime:, session_state.cc:1385 VerifyEachNodeIsAssignedToAnEp]   Reshape (/model/layers.2/self_attn/Reshape_4) ebaee2e1-06be-42c6-a7b1-de29475cc753:92:232
2026-10-04 18:53:49.984999 [V:onnxruntime:, session_state.cc:1385 VerifyEachNodeIsAssignedToAnEp]   Shape (/model/layers.2/self_attn/Shape_12) ebaee2e1-06be-42c6-a7b1-de29475cc753:92:232
2026-10-04 18:53:49.984999 [V:onnxruntime:, session_state.cc:1385 VerifyEachNodeIsAssignedToAnEp]   Unsqueeze (/model/layers.2/self_attn/Unsqueeze_19) ebaee2e1-06be-42c6-a7b1-de29475cc753:92:232
2026-10-04 18:53:49.985998 [V:onnxruntime:, session_state.cc:1385 VerifyEachNodeIsAssignedToAnEp]   Expand (/model/layers.2/self_attn/Expand_1) ebaee2e1-06be-42c6-a7b1-de29475cc753:92:232
2026-10-04 18:53:49.985998 [V:onnxruntime:, session_state.cc:1385 VerifyEachNodeIsAssignedToAnEp]   Reshape (/model/layers.2/self_attn/Reshape_6) ebaee2e1-06be-42c6-a7b1-de29475cc753:92:232
2026-10-04 18:53:49.985998 [V:onnxruntime:, session_state.cc:1385 VerifyEachNodeIsAssignedToAnEp]   Shape (/model/layers.2/self_attn/Shape_14) ebaee2e1-06be-42c6-a7b1-de29475cc753:92:232
2026-10-04 18:53:49.986998 [V:onnxruntime:, session_state.cc:1385 VerifyEachNodeIsAssignedToAnEp]   Transpose (/model/layers.2/self_attn/Transpose_3) ebaee2e1-06be-42c6-a7b1-de29475cc753:92:232
2026-10-04 18:53:49.986998 [V:onnxruntime:, session_state.cc:1385 VerifyEachNodeIsAssignedToAnEp]   Mul (/model/layers.2/self_attn/Mul_8) ebaee2e1-06be-42c6-a7b1-de29475cc753:92:232
2026-10-04 18:53:49.994998 [V:onnxruntime:, session_state.cc:1385 VerifyEachNodeIsAssignedToAnEp]   Mul (/model/layers.2/self_attn/Mul_9) ebaee2e1-06be-42c6-a7b1-de29475cc753:92:232
2026-10-04 18:53:49.995999 [V:onnxruntime:, session_state.cc:1385 VerifyEachNodeIsAssignedToAnEp]   MatMul (/model/layers.2/self_attn/MatMul) ebaee2e1-06be-42c6-a7b1-de29475cc753:92:232
2026-10-04 18:53:49.996999 [V:onnxruntime:, session_state.cc:1385 VerifyEachNodeIsAssignedToAnEp]   Where (/model/layers.2/self_attn/Where_2) ebaee2e1-06be-42c6-a7b1-de29475cc753:92:232
2026-10-04 18:53:49.996999 [V:onnxruntime:, session_state.cc:1385 VerifyEachNodeIsAssignedToAnEp]   Add (/model/layers.2/self_attn/Add_2) ebaee2e1-06be-42c6-a7b1-de29475cc753:92:232
2026-10-04 18:53:49.997998 [V:onnxruntime:, session_state.cc:1385 VerifyEachNodeIsAssignedToAnEp]   Softmax (/model/layers.2/self_attn/Softmax) ebaee2e1-06be-42c6-a7b1-de29475cc753:92:232
2026-10-04 18:53:49.997998 [V:onnxruntime:, session_state.cc:1385 VerifyEachNodeIsAssignedToAnEp]   Where (/model/layers.2/self_attn/Where_3) ebaee2e1-06be-42c6-a7b1-de29475cc753:92:232
2026-10-04 18:53:49.997998 [V:onnxruntime:, session_state.cc:1385 VerifyEachNodeIsAssignedToAnEp]   MatMul (/model/layers.2/self_attn/MatMul_1) ebaee2e1-06be-42c6-a7b1-de29475cc753:92:232
2026-10-04 18:53:49.998999 [V:onnxruntime:, session_state.cc:1385 VerifyEachNodeIsAssignedToAnEp]   Transpose (/model/layers.2/self_attn/Transpose_4) ebaee2e1-06be-42c6-a7b1-de29475cc753:92:232
2026-10-04 18:53:49.998999 [V:onnxruntime:, session_state.cc:1385 VerifyEachNodeIsAssignedToAnEp]   Reshape (/model/layers.2/self_attn/Reshape_7) ebaee2e1-06be-42c6-a7b1-de29475cc753:92:232
2026-10-04 18:53:49.998999 [V:onnxruntime:, session_state.cc:1385 VerifyEachNodeIsAssignedToAnEp]   MatMulNBits (/model/layers.2/self_attn/o_proj/MatMul_Q4) ebaee2e1-06be-42c6-a7b1-de29475cc753:92:232
2026-10-04 18:53:49.998999 [V:onnxruntime:, session_state.cc:1385 VerifyEachNodeIsAssignedToAnEp]   Add (/model/layers.2/Add) ebaee2e1-06be-42c6-a7b1-de29475cc753:92:232
2026-10-04 18:53:49.999999 [V:onnxruntime:, session_state.cc:1385 VerifyEachNodeIsAssignedToAnEp]   Pow (/model/layers.2/post_attention_layernorm/Pow) ebaee2e1-06be-42c6-a7b1-de29475cc753:92:232
2026-10-04 18:53:49.999999 [V:onnxruntime:, session_state.cc:1385 VerifyEachNodeIsAssignedToAnEp]   ReduceMean (/model/layers.2/post_attention_layernorm/ReduceMean) ebaee2e1-06be-42c6-a7b1-de29475cc753:92:232
2026-10-04 18:53:49.999999 [V:onnxruntime:, session_state.cc:1385 VerifyEachNodeIsAssignedToAnEp]   Add (/model/layers.2/post_attention_layernorm/Add) ebaee2e1-06be-42c6-a7b1-de29475cc753:92:232
2026-10-04 18:53:49.999999 [V:onnxruntime:, session_state.cc:1385 VerifyEachNodeIsAssignedToAnEp]   Sqrt (/model/layers.2/post_attention_layernorm/Sqrt) ebaee2e1-06be-42c6-a7b1-de29475cc753:92:232
2026-10-04 18:53:50.000999 [V:onnxruntime:, session_state.cc:1385 VerifyEachNodeIsAssignedToAnEp]   Div (/model/layers.2/post_attention_layernorm/Div) ebaee2e1-06be-42c6-a7b1-de29475cc753:92:232
2026-10-04 18:53:50.000999 [V:onnxruntime:, session_state.cc:1385 VerifyEachNodeIsAssignedToAnEp]   Mul (/model/layers.2/post_attention_layernorm/Mul_1) ebaee2e1-06be-42c6-a7b1-de29475cc753:92:232
2026-10-04 18:53:50.000999 [V:onnxruntime:, session_state.cc:1385 VerifyEachNodeIsAssignedToAnEp]   MatMulNBits (/model/layers.2/mlp/gate_proj/MatMul_Q4) ebaee2e1-06be-42c6-a7b1-de29475cc753:92:232
2026-10-04 18:53:50.001998 [V:onnxruntime:, session_state.cc:1385 VerifyEachNodeIsAssignedToAnEp]   MatMulNBits (/model/layers.2/mlp/up_proj/MatMul_Q4) ebaee2e1-06be-42c6-a7b1-de29475cc753:92:232
2026-10-04 18:53:50.001998 [V:onnxruntime:, session_state.cc:1385 VerifyEachNodeIsAssignedToAnEp]   Mul (/model/layers.2/mlp/Mul) ebaee2e1-06be-42c6-a7b1-de29475cc753:92:232
2026-10-04 18:53:50.001998 [V:onnxruntime:, session_state.cc:1385 VerifyEachNodeIsAssignedToAnEp]   MatMulNBits (/model/layers.2/mlp/down_proj/MatMul_Q4) ebaee2e1-06be-42c6-a7b1-de29475cc753:92:232
2026-10-04 18:53:50.002998 [V:onnxruntime:, session_state.cc:1385 VerifyEachNodeIsAssignedToAnEp]   Add (/model/layers.2/Add_1) ebaee2e1-06be-42c6-a7b1-de29475cc753:92:232
2026-10-04 18:53:50.002998 [V:onnxruntime:, session_state.cc:1385 VerifyEachNodeIsAssignedToAnEp]   Pow (/model/layers.3/input_layernorm/Pow) ebaee2e1-06be-42c6-a7b1-de29475cc753:92:232
2026-10-04 18:53:50.003999 [V:onnxruntime:, session_state.cc:1385 VerifyEachNodeIsAssignedToAnEp]   ReduceMean (/model/layers.3/input_layernorm/ReduceMean) ebaee2e1-06be-42c6-a7b1-de29475cc753:92:232
2026-10-04 18:53:50.003999 [V:onnxruntime:, session_state.cc:1385 VerifyEachNodeIsAssignedToAnEp]   Add (/model/layers.3/input_layernorm/Add) ebaee2e1-06be-42c6-a7b1-de29475cc753:92:232
2026-10-04 18:53:50.003999 [V:onnxruntime:, session_state.cc:1385 VerifyEachNodeIsAssignedToAnEp]   Sqrt (/model/layers.3/input_layernorm/Sqrt) ebaee2e1-06be-42c6-a7b1-de29475cc753:92:232
2026-10-04 18:53:50.004999 [V:onnxruntime:, session_state.cc:1385 VerifyEachNodeIsAssignedToAnEp]   Div (/model/layers.3/input_layernorm/Div) ebaee2e1-06be-42c6-a7b1-de29475cc753:92:232
2026-10-04 18:53:50.004999 [V:onnxruntime:, session_state.cc:1385 VerifyEachNodeIsAssignedToAnEp]   Mul (/model/layers.3/input_layernorm/Mul_1) ebaee2e1-06be-42c6-a7b1-de29475cc753:92:232
2026-10-04 18:53:50.004999 [V:onnxruntime:, session_state.cc:1385 VerifyEachNodeIsAssignedToAnEp]   Shape (/model/layers.3/self_attn/Shape_1) ebaee2e1-06be-42c6-a7b1-de29475cc753:92:232
2026-10-04 18:53:50.005998 [V:onnxruntime:, session_state.cc:1385 VerifyEachNodeIsAssignedToAnEp]   MatMulNBits (/model/layers.3/self_attn/q_proj/MatMul_Q4) ebaee2e1-06be-42c6-a7b1-de29475cc753:92:232
2026-10-04 18:53:50.005998 [V:onnxruntime:, session_state.cc:1385 VerifyEachNodeIsAssignedToAnEp]   Reshape (/model/layers.3/self_attn/Reshape) ebaee2e1-06be-42c6-a7b1-de29475cc753:92:232
2026-10-04 18:53:50.005998 [V:onnxruntime:, session_state.cc:1385 VerifyEachNodeIsAssignedToAnEp]   Pow (/model/layers.3/self_attn/q_norm/Pow) ebaee2e1-06be-42c6-a7b1-de29475cc753:92:232
2026-10-04 18:53:50.006999 [V:onnxruntime:, session_state.cc:1385 VerifyEachNodeIsAssignedToAnEp]   ReduceMean (/model/layers.3/self_attn/q_norm/ReduceMean) ebaee2e1-06be-42c6-a7b1-de29475cc753:92:232
2026-10-04 18:53:50.006999 [V:onnxruntime:, session_state.cc:1385 VerifyEachNodeIsAssignedToAnEp]   Add (/model/layers.3/self_attn/q_norm/Add) ebaee2e1-06be-42c6-a7b1-de29475cc753:92:232
2026-10-04 18:53:50.006999 [V:onnxruntime:, session_state.cc:1385 VerifyEachNodeIsAssignedToAnEp]   Sqrt (/model/layers.3/self_attn/q_norm/Sqrt) ebaee2e1-06be-42c6-a7b1-de29475cc753:92:232
2026-10-04 18:53:50.007999 [V:onnxruntime:, session_state.cc:1385 VerifyEachNodeIsAssignedToAnEp]   Div (/model/layers.3/self_attn/q_norm/Div) ebaee2e1-06be-42c6-a7b1-de29475cc753:92:232
2026-10-04 18:53:50.007999 [V:onnxruntime:, session_state.cc:1385 VerifyEachNodeIsAssignedToAnEp]   Mul (/model/layers.3/self_attn/q_norm/Mul_1) ebaee2e1-06be-42c6-a7b1-de29475cc753:92:232
2026-10-04 18:53:50.007999 [V:onnxruntime:, session_state.cc:1385 VerifyEachNodeIsAssignedToAnEp]   Transpose (/model/layers.3/self_attn/Transpose) ebaee2e1-06be-42c6-a7b1-de29475cc753:92:232
2026-10-04 18:53:50.007999 [V:onnxruntime:, session_state.cc:1385 VerifyEachNodeIsAssignedToAnEp]   MatMulNBits (/model/layers.3/self_attn/k_proj/MatMul_Q4) ebaee2e1-06be-42c6-a7b1-de29475cc753:92:232
2026-10-04 18:53:50.007999 [V:onnxruntime:, session_state.cc:1385 VerifyEachNodeIsAssignedToAnEp]   Reshape (/model/layers.3/self_attn/Reshape_1) ebaee2e1-06be-42c6-a7b1-de29475cc753:92:232
2026-10-04 18:53:50.008999 [V:onnxruntime:, session_state.cc:1385 VerifyEachNodeIsAssignedToAnEp]   Pow (/model/layers.3/self_attn/k_norm/Pow) ebaee2e1-06be-42c6-a7b1-de29475cc753:92:232
2026-10-04 18:53:50.008999 [V:onnxruntime:, session_state.cc:1385 VerifyEachNodeIsAssignedToAnEp]   ReduceMean (/model/layers.3/self_attn/k_norm/ReduceMean) ebaee2e1-06be-42c6-a7b1-de29475cc753:92:232
2026-10-04 18:53:50.008999 [V:onnxruntime:, session_state.cc:1385 VerifyEachNodeIsAssignedToAnEp]   Add (/model/layers.3/self_attn/k_norm/Add) ebaee2e1-06be-42c6-a7b1-de29475cc753:92:232
2026-10-04 18:53:50.008999 [V:onnxruntime:, session_state.cc:1385 VerifyEachNodeIsAssignedToAnEp]   Sqrt (/model/layers.3/self_attn/k_norm/Sqrt) ebaee2e1-06be-42c6-a7b1-de29475cc753:92:232
2026-10-04 18:53:50.008999 [V:onnxruntime:, session_state.cc:1385 VerifyEachNodeIsAssignedToAnEp]   Div (/model/layers.3/self_attn/k_norm/Div) ebaee2e1-06be-42c6-a7b1-de29475cc753:92:232
2026-10-04 18:53:50.009998 [V:onnxruntime:, session_state.cc:1385 VerifyEachNodeIsAssignedToAnEp]   Mul (/model/layers.3/self_attn/k_norm/Mul_1) ebaee2e1-06be-42c6-a7b1-de29475cc753:92:232
2026-10-04 18:53:50.009998 [V:onnxruntime:, session_state.cc:1385 VerifyEachNodeIsAssignedToAnEp]   Transpose (/model/layers.3/self_attn/Transpose_1) ebaee2e1-06be-42c6-a7b1-de29475cc753:92:232
2026-10-04 18:53:50.009998 [V:onnxruntime:, session_state.cc:1385 VerifyEachNodeIsAssignedToAnEp]   MatMulNBits (/model/layers.3/self_attn/v_proj/MatMul_Q4) ebaee2e1-06be-42c6-a7b1-de29475cc753:92:232
2026-10-04 18:53:50.009998 [V:onnxruntime:, session_state.cc:1385 VerifyEachNodeIsAssignedToAnEp]   Reshape (/model/layers.3/self_attn/Reshape_2) ebaee2e1-06be-42c6-a7b1-de29475cc753:92:232
2026-10-04 18:53:50.009998 [V:onnxruntime:, session_state.cc:1385 VerifyEachNodeIsAssignedToAnEp]   Transpose (/model/layers.3/self_attn/Transpose_2) ebaee2e1-06be-42c6-a7b1-de29475cc753:92:232
2026-10-04 18:53:50.010998 [V:onnxruntime:, session_state.cc:1385 VerifyEachNodeIsAssignedToAnEp]   Mul (/model/layers.3/self_attn/Mul) ebaee2e1-06be-42c6-a7b1-de29475cc753:92:232
2026-10-04 18:53:50.010998 [V:onnxruntime:, session_state.cc:1385 VerifyEachNodeIsAssignedToAnEp]   Shape (/model/layers.3/self_attn/Shape_2) ebaee2e1-06be-42c6-a7b1-de29475cc753:92:232
2026-10-04 18:53:50.010998 [V:onnxruntime:, session_state.cc:1385 VerifyEachNodeIsAssignedToAnEp]   Slice (/model/layers.3/self_attn/Slice) ebaee2e1-06be-42c6-a7b1-de29475cc753:92:232
2026-10-04 18:53:50.010998 [V:onnxruntime:, session_state.cc:1385 VerifyEachNodeIsAssignedToAnEp]   Slice (/model/layers.3/self_attn/Slice_1) ebaee2e1-06be-42c6-a7b1-de29475cc753:92:232
2026-10-04 18:53:50.011999 [V:onnxruntime:, session_state.cc:1385 VerifyEachNodeIsAssignedToAnEp]   Neg (/model/layers.3/self_attn/Neg) ebaee2e1-06be-42c6-a7b1-de29475cc753:92:232
2026-10-04 18:53:50.011999 [V:onnxruntime:, session_state.cc:1385 VerifyEachNodeIsAssignedToAnEp]   Concat (/model/layers.3/self_attn/Concat_3) ebaee2e1-06be-42c6-a7b1-de29475cc753:92:232
2026-10-04 18:53:50.012999 [V:onnxruntime:, session_state.cc:1385 VerifyEachNodeIsAssignedToAnEp]   Mul (/model/layers.3/self_attn/Mul_1) ebaee2e1-06be-42c6-a7b1-de29475cc753:92:232
2026-10-04 18:53:50.012999 [V:onnxruntime:, session_state.cc:1385 VerifyEachNodeIsAssignedToAnEp]   Add (/model/layers.3/self_attn/Add) ebaee2e1-06be-42c6-a7b1-de29475cc753:92:232
2026-10-04 18:53:50.012999 [V:onnxruntime:, session_state.cc:1385 VerifyEachNodeIsAssignedToAnEp]   Mul (/model/layers.3/self_attn/Mul_2) ebaee2e1-06be-42c6-a7b1-de29475cc753:92:232
2026-10-04 18:53:50.013998 [V:onnxruntime:, session_state.cc:1385 VerifyEachNodeIsAssignedToAnEp]   Shape (/model/layers.3/self_attn/Shape_3) ebaee2e1-06be-42c6-a7b1-de29475cc753:92:232
2026-10-04 18:53:50.013998 [V:onnxruntime:, session_state.cc:1385 VerifyEachNodeIsAssignedToAnEp]   Slice (/model/layers.3/self_attn/Slice_2) ebaee2e1-06be-42c6-a7b1-de29475cc753:92:232
2026-10-04 18:53:50.013998 [V:onnxruntime:, session_state.cc:1385 VerifyEachNodeIsAssignedToAnEp]   Slice (/model/layers.3/self_attn/Slice_3) ebaee2e1-06be-42c6-a7b1-de29475cc753:92:232
2026-10-04 18:53:50.014999 [V:onnxruntime:, session_state.cc:1385 VerifyEachNodeIsAssignedToAnEp]   Neg (/model/layers.3/self_attn/Neg_1) ebaee2e1-06be-42c6-a7b1-de29475cc753:92:232
2026-10-04 18:53:50.014999 [V:onnxruntime:, session_state.cc:1385 VerifyEachNodeIsAssignedToAnEp]   Concat (/model/layers.3/self_attn/Concat_4) ebaee2e1-06be-42c6-a7b1-de29475cc753:92:232
2026-10-04 18:53:50.014999 [V:onnxruntime:, session_state.cc:1385 VerifyEachNodeIsAssignedToAnEp]   Mul (/model/layers.3/self_attn/Mul_3) ebaee2e1-06be-42c6-a7b1-de29475cc753:92:232
2026-10-04 18:53:50.014999 [V:onnxruntime:, session_state.cc:1385 VerifyEachNodeIsAssignedToAnEp]   Add (/model/layers.3/self_attn/Add_1) ebaee2e1-06be-42c6-a7b1-de29475cc753:92:232
2026-10-04 18:53:50.015999 [V:onnxruntime:, session_state.cc:1385 VerifyEachNodeIsAssignedToAnEp]   Concat (/model/layers.3/self_attn/Concat_5) ebaee2e1-06be-42c6-a7b1-de29475cc753:92:232
2026-10-04 18:53:50.015999 [V:onnxruntime:, session_state.cc:1385 VerifyEachNodeIsAssignedToAnEp]   Concat (/model/layers.3/self_attn/Concat_6) ebaee2e1-06be-42c6-a7b1-de29475cc753:92:232
2026-10-04 18:53:50.015999 [V:onnxruntime:, session_state.cc:1385 VerifyEachNodeIsAssignedToAnEp]   Shape (/model/layers.3/self_attn/Shape_7) ebaee2e1-06be-42c6-a7b1-de29475cc753:92:232
2026-10-04 18:53:50.015999 [V:onnxruntime:, session_state.cc:1385 VerifyEachNodeIsAssignedToAnEp]   Unsqueeze (/model/layers.3/self_attn/Unsqueeze_10) ebaee2e1-06be-42c6-a7b1-de29475cc753:92:232
2026-10-04 18:53:50.016999 [V:onnxruntime:, session_state.cc:1385 VerifyEachNodeIsAssignedToAnEp]   Expand (/model/layers.3/self_attn/Expand) ebaee2e1-06be-42c6-a7b1-de29475cc753:92:232
2026-10-04 18:53:50.016999 [V:onnxruntime:, session_state.cc:1385 VerifyEachNodeIsAssignedToAnEp]   Reshape (/model/layers.3/self_attn/Reshape_4) ebaee2e1-06be-42c6-a7b1-de29475cc753:92:232
2026-10-04 18:53:50.016999 [V:onnxruntime:, session_state.cc:1385 VerifyEachNodeIsAssignedToAnEp]   Shape (/model/layers.3/self_attn/Shape_12) ebaee2e1-06be-42c6-a7b1-de29475cc753:92:232
2026-10-04 18:53:50.016999 [V:onnxruntime:, session_state.cc:1385 VerifyEachNodeIsAssignedToAnEp]   Unsqueeze (/model/layers.3/self_attn/Unsqueeze_19) ebaee2e1-06be-42c6-a7b1-de29475cc753:92:232
2026-10-04 18:53:50.017998 [V:onnxruntime:, session_state.cc:1385 VerifyEachNodeIsAssignedToAnEp]   Expand (/model/layers.3/self_attn/Expand_1) ebaee2e1-06be-42c6-a7b1-de29475cc753:92:232
2026-10-04 18:53:50.017998 [V:onnxruntime:, session_state.cc:1385 VerifyEachNodeIsAssignedToAnEp]   Reshape (/model/layers.3/self_attn/Reshape_6) ebaee2e1-06be-42c6-a7b1-de29475cc753:92:232
2026-10-04 18:53:50.017998 [V:onnxruntime:, session_state.cc:1385 VerifyEachNodeIsAssignedToAnEp]   Shape (/model/layers.3/self_attn/Shape_14) ebaee2e1-06be-42c6-a7b1-de29475cc753:92:232
2026-10-04 18:53:50.017998 [V:onnxruntime:, session_state.cc:1385 VerifyEachNodeIsAssignedToAnEp]   Transpose (/model/layers.3/self_attn/Transpose_3) ebaee2e1-06be-42c6-a7b1-de29475cc753:92:232
2026-10-04 18:53:50.017998 [V:onnxruntime:, session_state.cc:1385 VerifyEachNodeIsAssignedToAnEp]   Mul (/model/layers.3/self_attn/Mul_8) ebaee2e1-06be-42c6-a7b1-de29475cc753:92:232
2026-10-04 18:53:50.018998 [V:onnxruntime:, session_state.cc:1385 VerifyEachNodeIsAssignedToAnEp]   Mul (/model/layers.3/self_attn/Mul_9) ebaee2e1-06be-42c6-a7b1-de29475cc753:92:232
2026-10-04 18:53:50.018998 [V:onnxruntime:, session_state.cc:1385 VerifyEachNodeIsAssignedToAnEp]   MatMul (/model/layers.3/self_attn/MatMul) ebaee2e1-06be-42c6-a7b1-de29475cc753:92:232
2026-10-04 18:53:50.018998 [V:onnxruntime:, session_state.cc:1385 VerifyEachNodeIsAssignedToAnEp]   Where (/model/layers.3/self_attn/Where_2) ebaee2e1-06be-42c6-a7b1-de29475cc753:92:232
2026-10-04 18:53:50.018998 [V:onnxruntime:, session_state.cc:1385 VerifyEachNodeIsAssignedToAnEp]   Add (/model/layers.3/self_attn/Add_2) ebaee2e1-06be-42c6-a7b1-de29475cc753:92:232
2026-10-04 18:53:50.018998 [V:onnxruntime:, session_state.cc:1385 VerifyEachNodeIsAssignedToAnEp]   Softmax (/model/layers.3/self_attn/Softmax) ebaee2e1-06be-42c6-a7b1-de29475cc753:92:232
2026-10-04 18:53:50.019999 [V:onnxruntime:, session_state.cc:1385 VerifyEachNodeIsAssignedToAnEp]   Where (/model/layers.3/self_attn/Where_3) ebaee2e1-06be-42c6-a7b1-de29475cc753:92:232
2026-10-04 18:53:50.019999 [V:onnxruntime:, session_state.cc:1385 VerifyEachNodeIsAssignedToAnEp]   MatMul (/model/layers.3/self_attn/MatMul_1) ebaee2e1-06be-42c6-a7b1-de29475cc753:92:232
2026-10-04 18:53:50.019999 [V:onnxruntime:, session_state.cc:1385 VerifyEachNodeIsAssignedToAnEp]   Transpose (/model/layers.3/self_attn/Transpose_4) ebaee2e1-06be-42c6-a7b1-de29475cc753:92:232
2026-10-04 18:53:50.019999 [V:onnxruntime:, session_state.cc:1385 VerifyEachNodeIsAssignedToAnEp]   Reshape (/model/layers.3/self_attn/Reshape_7) ebaee2e1-06be-42c6-a7b1-de29475cc753:92:232
2026-10-04 18:53:50.019999 [V:onnxruntime:, session_state.cc:1385 VerifyEachNodeIsAssignedToAnEp]   MatMulNBits (/model/layers.3/self_attn/o_proj/MatMul_Q4) ebaee2e1-06be-42c6-a7b1-de29475cc753:92:232
2026-10-04 18:53:50.020999 [V:onnxruntime:, session_state.cc:1385 VerifyEachNodeIsAssignedToAnEp]   Add (/model/layers.3/Add) ebaee2e1-06be-42c6-a7b1-de29475cc753:92:232
2026-10-04 18:53:50.020999 [V:onnxruntime:, session_state.cc:1385 VerifyEachNodeIsAssignedToAnEp]   Pow (/model/layers.3/post_attention_layernorm/Pow) ebaee2e1-06be-42c6-a7b1-de29475cc753:92:232
2026-10-04 18:53:50.020999 [V:onnxruntime:, session_state.cc:1385 VerifyEachNodeIsAssignedToAnEp]   ReduceMean (/model/layers.3/post_attention_layernorm/ReduceMean) ebaee2e1-06be-42c6-a7b1-de29475cc753:92:232
2026-10-04 18:53:50.020999 [V:onnxruntime:, session_state.cc:1385 VerifyEachNodeIsAssignedToAnEp]   Add (/model/layers.3/post_attention_layernorm/Add) ebaee2e1-06be-42c6-a7b1-de29475cc753:92:232
2026-10-04 18:53:50.020999 [V:onnxruntime:, session_state.cc:1385 VerifyEachNodeIsAssignedToAnEp]   Sqrt (/model/layers.3/post_attention_layernorm/Sqrt) ebaee2e1-06be-42c6-a7b1-de29475cc753:92:232
2026-10-04 18:53:50.021998 [V:onnxruntime:, session_state.cc:1385 VerifyEachNodeIsAssignedToAnEp]   Div (/model/layers.3/post_attention_layernorm/Div) ebaee2e1-06be-42c6-a7b1-de29475cc753:92:232
2026-10-04 18:53:50.021998 [V:onnxruntime:, session_state.cc:1385 VerifyEachNodeIsAssignedToAnEp]   Mul (/model/layers.3/post_attention_layernorm/Mul_1) ebaee2e1-06be-42c6-a7b1-de29475cc753:92:232
2026-10-04 18:53:50.021998 [V:onnxruntime:, session_state.cc:1385 VerifyEachNodeIsAssignedToAnEp]   MatMulNBits (/model/layers.3/mlp/gate_proj/MatMul_Q4) ebaee2e1-06be-42c6-a7b1-de29475cc753:92:232
2026-10-04 18:53:50.022999 [V:onnxruntime:, session_state.cc:1385 VerifyEachNodeIsAssignedToAnEp]   MatMulNBits (/model/layers.3/mlp/up_proj/MatMul_Q4) ebaee2e1-06be-42c6-a7b1-de29475cc753:92:232
2026-10-04 18:53:50.022999 [V:onnxruntime:, session_state.cc:1385 VerifyEachNodeIsAssignedToAnEp]   Mul (/model/layers.3/mlp/Mul) ebaee2e1-06be-42c6-a7b1-de29475cc753:92:232
2026-10-04 18:53:50.022999 [V:onnxruntime:, session_state.cc:1385 VerifyEachNodeIsAssignedToAnEp]   MatMulNBits (/model/layers.3/mlp/down_proj/MatMul_Q4) ebaee2e1-06be-42c6-a7b1-de29475cc753:92:232
2026-10-04 18:53:50.022999 [V:onnxruntime:, session_state.cc:1385 VerifyEachNodeIsAssignedToAnEp]   Add (/model/layers.3/Add_1) ebaee2e1-06be-42c6-a7b1-de29475cc753:92:232
2026-10-04 18:53:50.023999 [V:onnxruntime:, session_state.cc:1385 VerifyEachNodeIsAssignedToAnEp]   Pow (/model/layers.4/input_layernorm/Pow) ebaee2e1-06be-42c6-a7b1-de29475cc753:92:232
2026-10-04 18:53:50.023999 [V:onnxruntime:, session_state.cc:1385 VerifyEachNodeIsAssignedToAnEp]   ReduceMean (/model/layers.4/input_layernorm/ReduceMean) ebaee2e1-06be-42c6-a7b1-de29475cc753:92:232
2026-10-04 18:53:50.023999 [V:onnxruntime:, session_state.cc:1385 VerifyEachNodeIsAssignedToAnEp]   Add (/model/layers.4/input_layernorm/Add) ebaee2e1-06be-42c6-a7b1-de29475cc753:92:232
2026-10-04 18:53:50.023999 [V:onnxruntime:, session_state.cc:1385 VerifyEachNodeIsAssignedToAnEp]   Sqrt (/model/layers.4/input_layernorm/Sqrt) ebaee2e1-06be-42c6-a7b1-de29475cc753:92:232
2026-10-04 18:53:50.023999 [V:onnxruntime:, session_state.cc:1385 VerifyEachNodeIsAssignedToAnEp]   Div (/model/layers.4/input_layernorm/Div) ebaee2e1-06be-42c6-a7b1-de29475cc753:92:232
2026-10-04 18:53:50.024999 [V:onnxruntime:, session_state.cc:1385 VerifyEachNodeIsAssignedToAnEp]   Mul (/model/layers.4/input_layernorm/Mul_1) ebaee2e1-06be-42c6-a7b1-de29475cc753:92:232
2026-10-04 18:53:50.024999 [V:onnxruntime:, session_state.cc:1385 VerifyEachNodeIsAssignedToAnEp]   Shape (/model/layers.4/self_attn/Shape_1) ebaee2e1-06be-42c6-a7b1-de29475cc753:92:232
2026-10-04 18:53:50.024999 [V:onnxruntime:, session_state.cc:1385 VerifyEachNodeIsAssignedToAnEp]   MatMulNBits (/model/layers.4/self_attn/q_proj/MatMul_Q4) ebaee2e1-06be-42c6-a7b1-de29475cc753:92:232
2026-10-04 18:53:50.024999 [V:onnxruntime:, session_state.cc:1385 VerifyEachNodeIsAssignedToAnEp]   Reshape (/model/layers.4/self_attn/Reshape) ebaee2e1-06be-42c6-a7b1-de29475cc753:92:232
2026-10-04 18:53:50.024999 [V:onnxruntime:, session_state.cc:1385 VerifyEachNodeIsAssignedToAnEp]   Pow (/model/layers.4/self_attn/q_norm/Pow) ebaee2e1-06be-42c6-a7b1-de29475cc753:92:232
2026-10-04 18:53:50.024999 [V:onnxruntime:, session_state.cc:1385 VerifyEachNodeIsAssignedToAnEp]   ReduceMean (/model/layers.4/self_attn/q_norm/ReduceMean) ebaee2e1-06be-42c6-a7b1-de29475cc753:92:232
2026-10-04 18:53:50.025998 [V:onnxruntime:, session_state.cc:1385 VerifyEachNodeIsAssignedToAnEp]   Add (/model/layers.4/self_attn/q_norm/Add) ebaee2e1-06be-42c6-a7b1-de29475cc753:92:232
2026-10-04 18:53:50.025998 [V:onnxruntime:, session_state.cc:1385 VerifyEachNodeIsAssignedToAnEp]   Sqrt (/model/layers.4/self_attn/q_norm/Sqrt) ebaee2e1-06be-42c6-a7b1-de29475cc753:92:232
2026-10-04 18:53:50.025998 [V:onnxruntime:, session_state.cc:1385 VerifyEachNodeIsAssignedToAnEp]   Div (/model/layers.4/self_attn/q_norm/Div) ebaee2e1-06be-42c6-a7b1-de29475cc753:92:232
2026-10-04 18:53:50.025998 [V:onnxruntime:, session_state.cc:1385 VerifyEachNodeIsAssignedToAnEp]   Mul (/model/layers.4/self_attn/q_norm/Mul_1) ebaee2e1-06be-42c6-a7b1-de29475cc753:92:232
2026-10-04 18:53:50.025998 [V:onnxruntime:, session_state.cc:1385 VerifyEachNodeIsAssignedToAnEp]   Transpose (/model/layers.4/self_attn/Transpose) ebaee2e1-06be-42c6-a7b1-de29475cc753:92:232
2026-10-04 18:53:50.026998 [V:onnxruntime:, session_state.cc:1385 VerifyEachNodeIsAssignedToAnEp]   MatMulNBits (/model/layers.4/self_attn/k_proj/MatMul_Q4) ebaee2e1-06be-42c6-a7b1-de29475cc753:92:232
2026-10-04 18:53:50.026998 [V:onnxruntime:, session_state.cc:1385 VerifyEachNodeIsAssignedToAnEp]   Reshape (/model/layers.4/self_attn/Reshape_1) ebaee2e1-06be-42c6-a7b1-de29475cc753:92:232
2026-10-04 18:53:50.026998 [V:onnxruntime:, session_state.cc:1385 VerifyEachNodeIsAssignedToAnEp]   Pow (/model/layers.4/self_attn/k_norm/Pow) ebaee2e1-06be-42c6-a7b1-de29475cc753:92:232
2026-10-04 18:53:50.026998 [V:onnxruntime:, session_state.cc:1385 VerifyEachNodeIsAssignedToAnEp]   ReduceMean (/model/layers.4/self_attn/k_norm/ReduceMean) ebaee2e1-06be-42c6-a7b1-de29475cc753:92:232
2026-10-04 18:53:50.027999 [V:onnxruntime:, session_state.cc:1385 VerifyEachNodeIsAssignedToAnEp]   Add (/model/layers.4/self_attn/k_norm/Add) ebaee2e1-06be-42c6-a7b1-de29475cc753:92:232
2026-10-04 18:53:50.027999 [V:onnxruntime:, session_state.cc:1385 VerifyEachNodeIsAssignedToAnEp]   Sqrt (/model/layers.4/self_attn/k_norm/Sqrt) ebaee2e1-06be-42c6-a7b1-de29475cc753:92:232
2026-10-04 18:53:50.027999 [V:onnxruntime:, session_state.cc:1385 VerifyEachNodeIsAssignedToAnEp]   Div (/model/layers.4/self_attn/k_norm/Div) ebaee2e1-06be-42c6-a7b1-de29475cc753:92:232
2026-10-04 18:53:50.027999 [V:onnxruntime:, session_state.cc:1385 VerifyEachNodeIsAssignedToAnEp]   Mul (/model/layers.4/self_attn/k_norm/Mul_1) ebaee2e1-06be-42c6-a7b1-de29475cc753:92:232
2026-10-04 18:53:50.028999 [V:onnxruntime:, session_state.cc:1385 VerifyEachNodeIsAssignedToAnEp]   Transpose (/model/layers.4/self_attn/Transpose_1) ebaee2e1-06be-42c6-a7b1-de29475cc753:92:232
2026-10-04 18:53:50.029998 [V:onnxruntime:, session_state.cc:1385 VerifyEachNodeIsAssignedToAnEp]   MatMulNBits (/model/layers.4/self_attn/v_proj/MatMul_Q4) ebaee2e1-06be-42c6-a7b1-de29475cc753:92:232
2026-10-04 18:53:50.029998 [V:onnxruntime:, session_state.cc:1385 VerifyEachNodeIsAssignedToAnEp]   Reshape (/model/layers.4/self_attn/Reshape_2) ebaee2e1-06be-42c6-a7b1-de29475cc753:92:232
2026-10-04 18:53:50.029998 [V:onnxruntime:, session_state.cc:1385 VerifyEachNodeIsAssignedToAnEp]   Transpose (/model/layers.4/self_attn/Transpose_2) ebaee2e1-06be-42c6-a7b1-de29475cc753:92:232
2026-10-04 18:53:50.029998 [V:onnxruntime:, session_state.cc:1385 VerifyEachNodeIsAssignedToAnEp]   Mul (/model/layers.4/self_attn/Mul) ebaee2e1-06be-42c6-a7b1-de29475cc753:92:232
2026-10-04 18:53:50.030999 [V:onnxruntime:, session_state.cc:1385 VerifyEachNodeIsAssignedToAnEp]   Shape (/model/layers.4/self_attn/Shape_2) ebaee2e1-06be-42c6-a7b1-de29475cc753:92:232
2026-10-04 18:53:50.030999 [V:onnxruntime:, session_state.cc:1385 VerifyEachNodeIsAssignedToAnEp]   Slice (/model/layers.4/self_attn/Slice) ebaee2e1-06be-42c6-a7b1-de29475cc753:92:232
2026-10-04 18:53:50.035999 [V:onnxruntime:, session_state.cc:1385 VerifyEachNodeIsAssignedToAnEp]   Slice (/model/layers.4/self_attn/Slice_1) ebaee2e1-06be-42c6-a7b1-de29475cc753:92:232
2026-10-04 18:53:50.035999 [V:onnxruntime:, session_state.cc:1385 VerifyEachNodeIsAssignedToAnEp]   Neg (/model/layers.4/self_attn/Neg) ebaee2e1-06be-42c6-a7b1-de29475cc753:92:232
2026-10-04 18:53:50.036999 [V:onnxruntime:, session_state.cc:1385 VerifyEachNodeIsAssignedToAnEp]   Concat (/model/layers.4/self_attn/Concat_3) ebaee2e1-06be-42c6-a7b1-de29475cc753:92:232
2026-10-04 18:53:50.036999 [V:onnxruntime:, session_state.cc:1385 VerifyEachNodeIsAssignedToAnEp]   Mul (/model/layers.4/self_attn/Mul_1) ebaee2e1-06be-42c6-a7b1-de29475cc753:92:232
2026-10-04 18:53:50.036999 [V:onnxruntime:, session_state.cc:1385 VerifyEachNodeIsAssignedToAnEp]   Add (/model/layers.4/self_attn/Add) ebaee2e1-06be-42c6-a7b1-de29475cc753:92:232
2026-10-04 18:53:50.036999 [V:onnxruntime:, session_state.cc:1385 VerifyEachNodeIsAssignedToAnEp]   Mul (/model/layers.4/self_attn/Mul_2) ebaee2e1-06be-42c6-a7b1-de29475cc753:92:232
2026-10-04 18:53:50.036999 [V:onnxruntime:, session_state.cc:1385 VerifyEachNodeIsAssignedToAnEp]   Shape (/model/layers.4/self_attn/Shape_3) ebaee2e1-06be-42c6-a7b1-de29475cc753:92:232
2026-10-04 18:53:50.036999 [V:onnxruntime:, session_state.cc:1385 VerifyEachNodeIsAssignedToAnEp]   Slice (/model/layers.4/self_attn/Slice_2) ebaee2e1-06be-42c6-a7b1-de29475cc753:92:232
2026-10-04 18:53:50.037998 [V:onnxruntime:, session_state.cc:1385 VerifyEachNodeIsAssignedToAnEp]   Slice (/model/layers.4/self_attn/Slice_3) ebaee2e1-06be-42c6-a7b1-de29475cc753:92:232
2026-10-04 18:53:50.037998 [V:onnxruntime:, session_state.cc:1385 VerifyEachNodeIsAssignedToAnEp]   Neg (/model/layers.4/self_attn/Neg_1) ebaee2e1-06be-42c6-a7b1-de29475cc753:92:232
2026-10-04 18:53:50.037998 [V:onnxruntime:, session_state.cc:1385 VerifyEachNodeIsAssignedToAnEp]   Concat (/model/layers.4/self_attn/Concat_4) ebaee2e1-06be-42c6-a7b1-de29475cc753:92:232
2026-10-04 18:53:50.037998 [V:onnxruntime:, session_state.cc:1385 VerifyEachNodeIsAssignedToAnEp]   Mul (/model/layers.4/self_attn/Mul_3) ebaee2e1-06be-42c6-a7b1-de29475cc753:92:232
2026-10-04 18:53:50.037998 [V:onnxruntime:, session_state.cc:1385 VerifyEachNodeIsAssignedToAnEp]   Add (/model/layers.4/self_attn/Add_1) ebaee2e1-06be-42c6-a7b1-de29475cc753:92:232
2026-10-04 18:53:50.038999 [V:onnxruntime:, session_state.cc:1385 VerifyEachNodeIsAssignedToAnEp]   Concat (/model/layers.4/self_attn/Concat_5) ebaee2e1-06be-42c6-a7b1-de29475cc753:92:232
2026-10-04 18:53:50.038999 [V:onnxruntime:, session_state.cc:1385 VerifyEachNodeIsAssignedToAnEp]   Concat (/model/layers.4/self_attn/Concat_6) ebaee2e1-06be-42c6-a7b1-de29475cc753:92:232
2026-10-04 18:53:50.038999 [V:onnxruntime:, session_state.cc:1385 VerifyEachNodeIsAssignedToAnEp]   Shape (/model/layers.4/self_attn/Shape_7) ebaee2e1-06be-42c6-a7b1-de29475cc753:92:232
2026-10-04 18:53:50.038999 [V:onnxruntime:, session_state.cc:1385 VerifyEachNodeIsAssignedToAnEp]   Unsqueeze (/model/layers.4/self_attn/Unsqueeze_10) ebaee2e1-06be-42c6-a7b1-de29475cc753:92:232
2026-10-04 18:53:50.039999 [V:onnxruntime:, session_state.cc:1385 VerifyEachNodeIsAssignedToAnEp]   Expand (/model/layers.4/self_attn/Expand) ebaee2e1-06be-42c6-a7b1-de29475cc753:92:232
2026-10-04 18:53:50.039999 [V:onnxruntime:, session_state.cc:1385 VerifyEachNodeIsAssignedToAnEp]   Reshape (/model/layers.4/self_attn/Reshape_4) ebaee2e1-06be-42c6-a7b1-de29475cc753:92:232
2026-10-04 18:53:50.039999 [V:onnxruntime:, session_state.cc:1385 VerifyEachNodeIsAssignedToAnEp]   Shape (/model/layers.4/self_attn/Shape_12) ebaee2e1-06be-42c6-a7b1-de29475cc753:92:232
2026-10-04 18:53:50.039999 [V:onnxruntime:, session_state.cc:1385 VerifyEachNodeIsAssignedToAnEp]   Unsqueeze (/model/layers.4/self_attn/Unsqueeze_19) ebaee2e1-06be-42c6-a7b1-de29475cc753:92:232
2026-10-04 18:53:50.039999 [V:onnxruntime:, session_state.cc:1385 VerifyEachNodeIsAssignedToAnEp]   Expand (/model/layers.4/self_attn/Expand_1) ebaee2e1-06be-42c6-a7b1-de29475cc753:92:232
2026-10-04 18:53:50.040999 [V:onnxruntime:, session_state.cc:1385 VerifyEachNodeIsAssignedToAnEp]   Reshape (/model/layers.4/self_attn/Reshape_6) ebaee2e1-06be-42c6-a7b1-de29475cc753:92:232
2026-10-04 18:53:50.040999 [V:onnxruntime:, session_state.cc:1385 VerifyEachNodeIsAssignedToAnEp]   Shape (/model/layers.4/self_attn/Shape_14) ebaee2e1-06be-42c6-a7b1-de29475cc753:92:232
2026-10-04 18:53:50.040999 [V:onnxruntime:, session_state.cc:1385 VerifyEachNodeIsAssignedToAnEp]   Transpose (/model/layers.4/self_attn/Transpose_3) ebaee2e1-06be-42c6-a7b1-de29475cc753:92:232
2026-10-04 18:53:50.040999 [V:onnxruntime:, session_state.cc:1385 VerifyEachNodeIsAssignedToAnEp]   Mul (/model/layers.4/self_attn/Mul_8) ebaee2e1-06be-42c6-a7b1-de29475cc753:92:232
2026-10-04 18:53:50.040999 [V:onnxruntime:, session_state.cc:1385 VerifyEachNodeIsAssignedToAnEp]   Mul (/model/layers.4/self_attn/Mul_9) ebaee2e1-06be-42c6-a7b1-de29475cc753:92:232
2026-10-04 18:53:50.040999 [V:onnxruntime:, session_state.cc:1385 VerifyEachNodeIsAssignedToAnEp]   MatMul (/model/layers.4/self_attn/MatMul) ebaee2e1-06be-42c6-a7b1-de29475cc753:92:232
2026-10-04 18:53:50.041998 [V:onnxruntime:, session_state.cc:1385 VerifyEachNodeIsAssignedToAnEp]   Where (/model/layers.4/self_attn/Where_2) ebaee2e1-06be-42c6-a7b1-de29475cc753:92:232
2026-10-04 18:53:50.041998 [V:onnxruntime:, session_state.cc:1385 VerifyEachNodeIsAssignedToAnEp]   Add (/model/layers.4/self_attn/Add_2) ebaee2e1-06be-42c6-a7b1-de29475cc753:92:232
2026-10-04 18:53:50.041998 [V:onnxruntime:, session_state.cc:1385 VerifyEachNodeIsAssignedToAnEp]   Softmax (/model/layers.4/self_attn/Softmax) ebaee2e1-06be-42c6-a7b1-de29475cc753:92:232
2026-10-04 18:53:50.041998 [V:onnxruntime:, session_state.cc:1385 VerifyEachNodeIsAssignedToAnEp]   Where (/model/layers.4/self_attn/Where_3) ebaee2e1-06be-42c6-a7b1-de29475cc753:92:232
2026-10-04 18:53:50.041998 [V:onnxruntime:, session_state.cc:1385 VerifyEachNodeIsAssignedToAnEp]   MatMul (/model/layers.4/self_attn/MatMul_1) ebaee2e1-06be-42c6-a7b1-de29475cc753:92:232
2026-10-04 18:53:50.042998 [V:onnxruntime:, session_state.cc:1385 VerifyEachNodeIsAssignedToAnEp]   Transpose (/model/layers.4/self_attn/Transpose_4) ebaee2e1-06be-42c6-a7b1-de29475cc753:92:232
2026-10-04 18:53:50.042998 [V:onnxruntime:, session_state.cc:1385 VerifyEachNodeIsAssignedToAnEp]   Reshape (/model/layers.4/self_attn/Reshape_7) ebaee2e1-06be-42c6-a7b1-de29475cc753:92:232
2026-10-04 18:53:50.042998 [V:onnxruntime:, session_state.cc:1385 VerifyEachNodeIsAssignedToAnEp]   MatMulNBits (/model/layers.4/self_attn/o_proj/MatMul_Q4) ebaee2e1-06be-42c6-a7b1-de29475cc753:92:232
2026-10-04 18:53:50.042998 [V:onnxruntime:, session_state.cc:1385 VerifyEachNodeIsAssignedToAnEp]   Add (/model/layers.4/Add) ebaee2e1-06be-42c6-a7b1-de29475cc753:92:232
2026-10-04 18:53:50.043999 [V:onnxruntime:, session_state.cc:1385 VerifyEachNodeIsAssignedToAnEp]   Pow (/model/layers.4/post_attention_layernorm/Pow) ebaee2e1-06be-42c6-a7b1-de29475cc753:92:232
2026-10-04 18:53:50.043999 [V:onnxruntime:, session_state.cc:1385 VerifyEachNodeIsAssignedToAnEp]   ReduceMean (/model/layers.4/post_attention_layernorm/ReduceMean) ebaee2e1-06be-42c6-a7b1-de29475cc753:92:232
2026-10-04 18:53:50.043999 [V:onnxruntime:, session_state.cc:1385 VerifyEachNodeIsAssignedToAnEp]   Add (/model/layers.4/post_attention_layernorm/Add) ebaee2e1-06be-42c6-a7b1-de29475cc753:92:232
2026-10-04 18:53:50.043999 [V:onnxruntime:, session_state.cc:1385 VerifyEachNodeIsAssignedToAnEp]   Sqrt (/model/layers.4/post_attention_layernorm/Sqrt) ebaee2e1-06be-42c6-a7b1-de29475cc753:92:232
2026-10-04 18:53:50.044999 [V:onnxruntime:, session_state.cc:1385 VerifyEachNodeIsAssignedToAnEp]   Div (/model/layers.4/post_attention_layernorm/Div) ebaee2e1-06be-42c6-a7b1-de29475cc753:92:232
2026-10-04 18:53:50.044999 [V:onnxruntime:, session_state.cc:1385 VerifyEachNodeIsAssignedToAnEp]   Mul (/model/layers.4/post_attention_layernorm/Mul_1) ebaee2e1-06be-42c6-a7b1-de29475cc753:92:232
2026-10-04 18:53:50.045998 [V:onnxruntime:, session_state.cc:1385 VerifyEachNodeIsAssignedToAnEp]   MatMulNBits (/model/layers.4/mlp/gate_proj/MatMul_Q4) ebaee2e1-06be-42c6-a7b1-de29475cc753:92:232
2026-10-04 18:53:50.045998 [V:onnxruntime:, session_state.cc:1385 VerifyEachNodeIsAssignedToAnEp]   MatMulNBits (/model/layers.4/mlp/up_proj/MatMul_Q4) ebaee2e1-06be-42c6-a7b1-de29475cc753:92:232
2026-10-04 18:53:50.046999 [V:onnxruntime:, session_state.cc:1385 VerifyEachNodeIsAssignedToAnEp]   Mul (/model/layers.4/mlp/Mul) ebaee2e1-06be-42c6-a7b1-de29475cc753:92:232
2026-10-04 18:53:50.046999 [V:onnxruntime:, session_state.cc:1385 VerifyEachNodeIsAssignedToAnEp]   MatMulNBits (/model/layers.4/mlp/down_proj/MatMul_Q4) ebaee2e1-06be-42c6-a7b1-de29475cc753:92:232
2026-10-04 18:53:50.046999 [V:onnxruntime:, session_state.cc:1385 VerifyEachNodeIsAssignedToAnEp]   Add (/model/layers.4/Add_1) ebaee2e1-06be-42c6-a7b1-de29475cc753:92:232
2026-10-04 18:53:50.046999 [V:onnxruntime:, session_state.cc:1385 VerifyEachNodeIsAssignedToAnEp]   Pow (/model/layers.5/input_layernorm/Pow) ebaee2e1-06be-42c6-a7b1-de29475cc753:92:232
2026-10-04 18:53:50.046999 [V:onnxruntime:, session_state.cc:1385 VerifyEachNodeIsAssignedToAnEp]   ReduceMean (/model/layers.5/input_layernorm/ReduceMean) ebaee2e1-06be-42c6-a7b1-de29475cc753:92:232
2026-10-04 18:53:50.047999 [V:onnxruntime:, session_state.cc:1385 VerifyEachNodeIsAssignedToAnEp]   Add (/model/layers.5/input_layernorm/Add) ebaee2e1-06be-42c6-a7b1-de29475cc753:92:232
2026-10-04 18:53:50.047999 [V:onnxruntime:, session_state.cc:1385 VerifyEachNodeIsAssignedToAnEp]   Sqrt (/model/layers.5/input_layernorm/Sqrt) ebaee2e1-06be-42c6-a7b1-de29475cc753:92:232
2026-10-04 18:53:50.047999 [V:onnxruntime:, session_state.cc:1385 VerifyEachNodeIsAssignedToAnEp]   Div (/model/layers.5/input_layernorm/Div) ebaee2e1-06be-42c6-a7b1-de29475cc753:92:232
2026-10-04 18:53:50.047999 [V:onnxruntime:, session_state.cc:1385 VerifyEachNodeIsAssignedToAnEp]   Mul (/model/layers.5/input_layernorm/Mul_1) ebaee2e1-06be-42c6-a7b1-de29475cc753:92:232
2026-10-04 18:53:50.048999 [V:onnxruntime:, session_state.cc:1385 VerifyEachNodeIsAssignedToAnEp]   Shape (/model/layers.5/self_attn/Shape_1) ebaee2e1-06be-42c6-a7b1-de29475cc753:92:232
2026-10-04 18:53:50.048999 [V:onnxruntime:, session_state.cc:1385 VerifyEachNodeIsAssignedToAnEp]   MatMulNBits (/model/layers.5/self_attn/q_proj/MatMul_Q4) ebaee2e1-06be-42c6-a7b1-de29475cc753:92:232
2026-10-04 18:53:50.048999 [V:onnxruntime:, session_state.cc:1385 VerifyEachNodeIsAssignedToAnEp]   Reshape (/model/layers.5/self_attn/Reshape) ebaee2e1-06be-42c6-a7b1-de29475cc753:92:232
2026-10-04 18:53:50.048999 [V:onnxruntime:, session_state.cc:1385 VerifyEachNodeIsAssignedToAnEp]   Pow (/model/layers.5/self_attn/q_norm/Pow) ebaee2e1-06be-42c6-a7b1-de29475cc753:92:232
2026-10-04 18:53:50.048999 [V:onnxruntime:, session_state.cc:1385 VerifyEachNodeIsAssignedToAnEp]   ReduceMean (/model/layers.5/self_attn/q_norm/ReduceMean) ebaee2e1-06be-42c6-a7b1-de29475cc753:92:232
2026-10-04 18:53:50.049998 [V:onnxruntime:, session_state.cc:1385 VerifyEachNodeIsAssignedToAnEp]   Add (/model/layers.5/self_attn/q_norm/Add) ebaee2e1-06be-42c6-a7b1-de29475cc753:92:232
2026-10-04 18:53:50.049998 [V:onnxruntime:, session_state.cc:1385 VerifyEachNodeIsAssignedToAnEp]   Sqrt (/model/layers.5/self_attn/q_norm/Sqrt) ebaee2e1-06be-42c6-a7b1-de29475cc753:92:232
2026-10-04 18:53:50.049998 [V:onnxruntime:, session_state.cc:1385 VerifyEachNodeIsAssignedToAnEp]   Div (/model/layers.5/self_attn/q_norm/Div) ebaee2e1-06be-42c6-a7b1-de29475cc753:92:232
2026-10-04 18:53:50.049998 [V:onnxruntime:, session_state.cc:1385 VerifyEachNodeIsAssignedToAnEp]   Mul (/model/layers.5/self_attn/q_norm/Mul_1) ebaee2e1-06be-42c6-a7b1-de29475cc753:92:232
2026-10-04 18:53:50.049998 [V:onnxruntime:, session_state.cc:1385 VerifyEachNodeIsAssignedToAnEp]   Transpose (/model/layers.5/self_attn/Transpose) ebaee2e1-06be-42c6-a7b1-de29475cc753:92:232
2026-10-04 18:53:50.050998 [V:onnxruntime:, session_state.cc:1385 VerifyEachNodeIsAssignedToAnEp]   MatMulNBits (/model/layers.5/self_attn/k_proj/MatMul_Q4) ebaee2e1-06be-42c6-a7b1-de29475cc753:92:232
2026-10-04 18:53:50.050998 [V:onnxruntime:, session_state.cc:1385 VerifyEachNodeIsAssignedToAnEp]   Reshape (/model/layers.5/self_attn/Reshape_1) ebaee2e1-06be-42c6-a7b1-de29475cc753:92:232
2026-10-04 18:53:50.050998 [V:onnxruntime:, session_state.cc:1385 VerifyEachNodeIsAssignedToAnEp]   Pow (/model/layers.5/self_attn/k_norm/Pow) ebaee2e1-06be-42c6-a7b1-de29475cc753:92:232
2026-10-04 18:53:50.050998 [V:onnxruntime:, session_state.cc:1385 VerifyEachNodeIsAssignedToAnEp]   ReduceMean (/model/layers.5/self_attn/k_norm/ReduceMean) ebaee2e1-06be-42c6-a7b1-de29475cc753:92:232
2026-10-04 18:53:50.051999 [V:onnxruntime:, session_state.cc:1385 VerifyEachNodeIsAssignedToAnEp]   Add (/model/layers.5/self_attn/k_norm/Add) ebaee2e1-06be-42c6-a7b1-de29475cc753:92:232
2026-10-04 18:53:50.051999 [V:onnxruntime:, session_state.cc:1385 VerifyEachNodeIsAssignedToAnEp]   Sqrt (/model/layers.5/self_attn/k_norm/Sqrt) ebaee2e1-06be-42c6-a7b1-de29475cc753:92:232
2026-10-04 18:53:50.051999 [V:onnxruntime:, session_state.cc:1385 VerifyEachNodeIsAssignedToAnEp]   Div (/model/layers.5/self_attn/k_norm/Div) ebaee2e1-06be-42c6-a7b1-de29475cc753:92:232
2026-10-04 18:53:50.051999 [V:onnxruntime:, session_state.cc:1385 VerifyEachNodeIsAssignedToAnEp]   Mul (/model/layers.5/self_attn/k_norm/Mul_1) ebaee2e1-06be-42c6-a7b1-de29475cc753:92:232
2026-10-04 18:53:50.052999 [V:onnxruntime:, session_state.cc:1385 VerifyEachNodeIsAssignedToAnEp]   Transpose (/model/layers.5/self_attn/Transpose_1) ebaee2e1-06be-42c6-a7b1-de29475cc753:92:232
2026-10-04 18:53:50.052999 [V:onnxruntime:, session_state.cc:1385 VerifyEachNodeIsAssignedToAnEp]   MatMulNBits (/model/layers.5/self_attn/v_proj/MatMul_Q4) ebaee2e1-06be-42c6-a7b1-de29475cc753:92:232
2026-10-04 18:53:50.052999 [V:onnxruntime:, session_state.cc:1385 VerifyEachNodeIsAssignedToAnEp]   Reshape (/model/layers.5/self_attn/Reshape_2) ebaee2e1-06be-42c6-a7b1-de29475cc753:92:232
2026-10-04 18:53:50.052999 [V:onnxruntime:, session_state.cc:1385 VerifyEachNodeIsAssignedToAnEp]   Transpose (/model/layers.5/self_attn/Transpose_2) ebaee2e1-06be-42c6-a7b1-de29475cc753:92:232
2026-10-04 18:53:50.052999 [V:onnxruntime:, session_state.cc:1385 VerifyEachNodeIsAssignedToAnEp]   Mul (/model/layers.5/self_attn/Mul) ebaee2e1-06be-42c6-a7b1-de29475cc753:92:232
2026-10-04 18:53:50.052999 [V:onnxruntime:, session_state.cc:1385 VerifyEachNodeIsAssignedToAnEp]   Shape (/model/layers.5/self_attn/Shape_2) ebaee2e1-06be-42c6-a7b1-de29475cc753:92:232
2026-10-04 18:53:50.053998 [V:onnxruntime:, session_state.cc:1385 VerifyEachNodeIsAssignedToAnEp]   Slice (/model/layers.5/self_attn/Slice) ebaee2e1-06be-42c6-a7b1-de29475cc753:92:232
2026-10-04 18:53:50.053998 [V:onnxruntime:, session_state.cc:1385 VerifyEachNodeIsAssignedToAnEp]   Slice (/model/layers.5/self_attn/Slice_1) ebaee2e1-06be-42c6-a7b1-de29475cc753:92:232
2026-10-04 18:53:50.053998 [V:onnxruntime:, session_state.cc:1385 VerifyEachNodeIsAssignedToAnEp]   Neg (/model/layers.5/self_attn/Neg) ebaee2e1-06be-42c6-a7b1-de29475cc753:92:232
2026-10-04 18:53:50.054999 [V:onnxruntime:, session_state.cc:1385 VerifyEachNodeIsAssignedToAnEp]   Concat (/model/layers.5/self_attn/Concat_3) ebaee2e1-06be-42c6-a7b1-de29475cc753:92:232
2026-10-04 18:53:50.054999 [V:onnxruntime:, session_state.cc:1385 VerifyEachNodeIsAssignedToAnEp]   Mul (/model/layers.5/self_attn/Mul_1) ebaee2e1-06be-42c6-a7b1-de29475cc753:92:232
2026-10-04 18:53:50.054999 [V:onnxruntime:, session_state.cc:1385 VerifyEachNodeIsAssignedToAnEp]   Add (/model/layers.5/self_attn/Add) ebaee2e1-06be-42c6-a7b1-de29475cc753:92:232
2026-10-04 18:53:50.054999 [V:onnxruntime:, session_state.cc:1385 VerifyEachNodeIsAssignedToAnEp]   Mul (/model/layers.5/self_attn/Mul_2) ebaee2e1-06be-42c6-a7b1-de29475cc753:92:232
2026-10-04 18:53:50.055999 [V:onnxruntime:, session_state.cc:1385 VerifyEachNodeIsAssignedToAnEp]   Shape (/model/layers.5/self_attn/Shape_3) ebaee2e1-06be-42c6-a7b1-de29475cc753:92:232
2026-10-04 18:53:50.055999 [V:onnxruntime:, session_state.cc:1385 VerifyEachNodeIsAssignedToAnEp]   Slice (/model/layers.5/self_attn/Slice_2) ebaee2e1-06be-42c6-a7b1-de29475cc753:92:232
2026-10-04 18:53:50.055999 [V:onnxruntime:, session_state.cc:1385 VerifyEachNodeIsAssignedToAnEp]   Slice (/model/layers.5/self_attn/Slice_3) ebaee2e1-06be-42c6-a7b1-de29475cc753:92:232
2026-10-04 18:53:50.055999 [V:onnxruntime:, session_state.cc:1385 VerifyEachNodeIsAssignedToAnEp]   Neg (/model/layers.5/self_attn/Neg_1) ebaee2e1-06be-42c6-a7b1-de29475cc753:92:232
2026-10-04 18:53:50.056999 [V:onnxruntime:, session_state.cc:1385 VerifyEachNodeIsAssignedToAnEp]   Concat (/model/layers.5/self_attn/Concat_4) ebaee2e1-06be-42c6-a7b1-de29475cc753:92:232
2026-10-04 18:53:50.056999 [V:onnxruntime:, session_state.cc:1385 VerifyEachNodeIsAssignedToAnEp]   Mul (/model/layers.5/self_attn/Mul_3) ebaee2e1-06be-42c6-a7b1-de29475cc753:92:232
2026-10-04 18:53:50.056999 [V:onnxruntime:, session_state.cc:1385 VerifyEachNodeIsAssignedToAnEp]   Add (/model/layers.5/self_attn/Add_1) ebaee2e1-06be-42c6-a7b1-de29475cc753:92:232
2026-10-04 18:53:50.056999 [V:onnxruntime:, session_state.cc:1385 VerifyEachNodeIsAssignedToAnEp]   Concat (/model/layers.5/self_attn/Concat_5) ebaee2e1-06be-42c6-a7b1-de29475cc753:92:232
2026-10-04 18:53:50.057998 [V:onnxruntime:, session_state.cc:1385 VerifyEachNodeIsAssignedToAnEp]   Concat (/model/layers.5/self_attn/Concat_6) ebaee2e1-06be-42c6-a7b1-de29475cc753:92:232
2026-10-04 18:53:50.057998 [V:onnxruntime:, session_state.cc:1385 VerifyEachNodeIsAssignedToAnEp]   Shape (/model/layers.5/self_attn/Shape_7) ebaee2e1-06be-42c6-a7b1-de29475cc753:92:232
2026-10-04 18:53:50.057998 [V:onnxruntime:, session_state.cc:1385 VerifyEachNodeIsAssignedToAnEp]   Unsqueeze (/model/layers.5/self_attn/Unsqueeze_10) ebaee2e1-06be-42c6-a7b1-de29475cc753:92:232
2026-10-04 18:53:50.058998 [V:onnxruntime:, session_state.cc:1385 VerifyEachNodeIsAssignedToAnEp]   Expand (/model/layers.5/self_attn/Expand) ebaee2e1-06be-42c6-a7b1-de29475cc753:92:232
2026-10-04 18:53:50.059999 [V:onnxruntime:, session_state.cc:1385 VerifyEachNodeIsAssignedToAnEp]   Reshape (/model/layers.5/self_attn/Reshape_4) ebaee2e1-06be-42c6-a7b1-de29475cc753:92:232
2026-10-04 18:53:50.061998 [V:onnxruntime:, session_state.cc:1385 VerifyEachNodeIsAssignedToAnEp]   Shape (/model/layers.5/self_attn/Shape_12) ebaee2e1-06be-42c6-a7b1-de29475cc753:92:232
2026-10-04 18:53:50.062999 [V:onnxruntime:, session_state.cc:1385 VerifyEachNodeIsAssignedToAnEp]   Unsqueeze (/model/layers.5/self_attn/Unsqueeze_19) ebaee2e1-06be-42c6-a7b1-de29475cc753:92:232
2026-10-04 18:53:50.062999 [V:onnxruntime:, session_state.cc:1385 VerifyEachNodeIsAssignedToAnEp]   Expand (/model/layers.5/self_attn/Expand_1) ebaee2e1-06be-42c6-a7b1-de29475cc753:92:232
2026-10-04 18:53:50.062999 [V:onnxruntime:, session_state.cc:1385 VerifyEachNodeIsAssignedToAnEp]   Reshape (/model/layers.5/self_attn/Reshape_6) ebaee2e1-06be-42c6-a7b1-de29475cc753:92:232
2026-10-04 18:53:50.063999 [V:onnxruntime:, session_state.cc:1385 VerifyEachNodeIsAssignedToAnEp]   Shape (/model/layers.5/self_attn/Shape_14) ebaee2e1-06be-42c6-a7b1-de29475cc753:92:232
2026-10-04 18:53:50.064999 [V:onnxruntime:, session_state.cc:1385 VerifyEachNodeIsAssignedToAnEp]   Transpose (/model/layers.5/self_attn/Transpose_3) ebaee2e1-06be-42c6-a7b1-de29475cc753:92:232
2026-10-04 18:53:50.064999 [V:onnxruntime:, session_state.cc:1385 VerifyEachNodeIsAssignedToAnEp]   Mul (/model/layers.5/self_attn/Mul_8) ebaee2e1-06be-42c6-a7b1-de29475cc753:92:232
2026-10-04 18:53:50.065998 [V:onnxruntime:, session_state.cc:1385 VerifyEachNodeIsAssignedToAnEp]   Mul (/model/layers.5/self_attn/Mul_9) ebaee2e1-06be-42c6-a7b1-de29475cc753:92:232
2026-10-04 18:53:50.066998 [V:onnxruntime:, session_state.cc:1385 VerifyEachNodeIsAssignedToAnEp]   MatMul (/model/layers.5/self_attn/MatMul) ebaee2e1-06be-42c6-a7b1-de29475cc753:92:232
2026-10-04 18:53:50.066998 [V:onnxruntime:, session_state.cc:1385 VerifyEachNodeIsAssignedToAnEp]   Where (/model/layers.5/self_attn/Where_2) ebaee2e1-06be-42c6-a7b1-de29475cc753:92:232
2026-10-04 18:53:50.066998 [V:onnxruntime:, session_state.cc:1385 VerifyEachNodeIsAssignedToAnEp]   Add (/model/layers.5/self_attn/Add_2) ebaee2e1-06be-42c6-a7b1-de29475cc753:92:232
2026-10-04 18:53:50.067999 [V:onnxruntime:, session_state.cc:1385 VerifyEachNodeIsAssignedToAnEp]   Softmax (/model/layers.5/self_attn/Softmax) ebaee2e1-06be-42c6-a7b1-de29475cc753:92:232
2026-10-04 18:53:50.067999 [V:onnxruntime:, session_state.cc:1385 VerifyEachNodeIsAssignedToAnEp]   Where (/model/layers.5/self_attn/Where_3) ebaee2e1-06be-42c6-a7b1-de29475cc753:92:232
2026-10-04 18:53:50.067999 [V:onnxruntime:, session_state.cc:1385 VerifyEachNodeIsAssignedToAnEp]   MatMul (/model/layers.5/self_attn/MatMul_1) ebaee2e1-06be-42c6-a7b1-de29475cc753:92:232
2026-10-04 18:53:50.068999 [V:onnxruntime:, session_state.cc:1385 VerifyEachNodeIsAssignedToAnEp]   Transpose (/model/layers.5/self_attn/Transpose_4) ebaee2e1-06be-42c6-a7b1-de29475cc753:92:232
2026-10-04 18:53:50.068999 [V:onnxruntime:, session_state.cc:1385 VerifyEachNodeIsAssignedToAnEp]   Reshape (/model/layers.5/self_attn/Reshape_7) ebaee2e1-06be-42c6-a7b1-de29475cc753:92:232
2026-10-04 18:53:50.068999 [V:onnxruntime:, session_state.cc:1385 VerifyEachNodeIsAssignedToAnEp]   MatMulNBits (/model/layers.5/self_attn/o_proj/MatMul_Q4) ebaee2e1-06be-42c6-a7b1-de29475cc753:92:232
2026-10-04 18:53:50.068999 [V:onnxruntime:, session_state.cc:1385 VerifyEachNodeIsAssignedToAnEp]   Add (/model/layers.5/Add) ebaee2e1-06be-42c6-a7b1-de29475cc753:92:232
2026-10-04 18:53:50.068999 [V:onnxruntime:, session_state.cc:1385 VerifyEachNodeIsAssignedToAnEp]   Pow (/model/layers.5/post_attention_layernorm/Pow) ebaee2e1-06be-42c6-a7b1-de29475cc753:92:232
2026-10-04 18:53:50.068999 [V:onnxruntime:, session_state.cc:1385 VerifyEachNodeIsAssignedToAnEp]   ReduceMean (/model/layers.5/post_attention_layernorm/ReduceMean) ebaee2e1-06be-42c6-a7b1-de29475cc753:92:232
2026-10-04 18:53:50.069998 [V:onnxruntime:, session_state.cc:1385 VerifyEachNodeIsAssignedToAnEp]   Add (/model/layers.5/post_attention_layernorm/Add) ebaee2e1-06be-42c6-a7b1-de29475cc753:92:232
2026-10-04 18:53:50.069998 [V:onnxruntime:, session_state.cc:1385 VerifyEachNodeIsAssignedToAnEp]   Sqrt (/model/layers.5/post_attention_layernorm/Sqrt) ebaee2e1-06be-42c6-a7b1-de29475cc753:92:232
2026-10-04 18:53:50.069998 [V:onnxruntime:, session_state.cc:1385 VerifyEachNodeIsAssignedToAnEp]   Div (/model/layers.5/post_attention_layernorm/Div) ebaee2e1-06be-42c6-a7b1-de29475cc753:92:232
2026-10-04 18:53:50.069998 [V:onnxruntime:, session_state.cc:1385 VerifyEachNodeIsAssignedToAnEp]   Mul (/model/layers.5/post_attention_layernorm/Mul_1) ebaee2e1-06be-42c6-a7b1-de29475cc753:92:232
2026-10-04 18:53:50.070999 [V:onnxruntime:, session_state.cc:1385 VerifyEachNodeIsAssignedToAnEp]   MatMulNBits (/model/layers.5/mlp/gate_proj/MatMul_Q4) ebaee2e1-06be-42c6-a7b1-de29475cc753:92:232
2026-10-04 18:53:50.070999 [V:onnxruntime:, session_state.cc:1385 VerifyEachNodeIsAssignedToAnEp]   MatMulNBits (/model/layers.5/mlp/up_proj/MatMul_Q4) ebaee2e1-06be-42c6-a7b1-de29475cc753:92:232
2026-10-04 18:53:50.070999 [V:onnxruntime:, session_state.cc:1385 VerifyEachNodeIsAssignedToAnEp]   Mul (/model/layers.5/mlp/Mul) ebaee2e1-06be-42c6-a7b1-de29475cc753:92:232
2026-10-04 18:53:50.070999 [V:onnxruntime:, session_state.cc:1385 VerifyEachNodeIsAssignedToAnEp]   MatMulNBits (/model/layers.5/mlp/down_proj/MatMul_Q4) ebaee2e1-06be-42c6-a7b1-de29475cc753:92:232
2026-10-04 18:53:50.071999 [V:onnxruntime:, session_state.cc:1385 VerifyEachNodeIsAssignedToAnEp]   Add (/model/layers.5/Add_1) ebaee2e1-06be-42c6-a7b1-de29475cc753:92:232
2026-10-04 18:53:50.071999 [V:onnxruntime:, session_state.cc:1385 VerifyEachNodeIsAssignedToAnEp]   Pow (/model/layers.6/input_layernorm/Pow) ebaee2e1-06be-42c6-a7b1-de29475cc753:92:232
2026-10-04 18:53:50.071999 [V:onnxruntime:, session_state.cc:1385 VerifyEachNodeIsAssignedToAnEp]   ReduceMean (/model/layers.6/input_layernorm/ReduceMean) ebaee2e1-06be-42c6-a7b1-de29475cc753:92:232
2026-10-04 18:53:50.071999 [V:onnxruntime:, session_state.cc:1385 VerifyEachNodeIsAssignedToAnEp]   Add (/model/layers.6/input_layernorm/Add) ebaee2e1-06be-42c6-a7b1-de29475cc753:92:232
2026-10-04 18:53:50.071999 [V:onnxruntime:, session_state.cc:1385 VerifyEachNodeIsAssignedToAnEp]   Sqrt (/model/layers.6/input_layernorm/Sqrt) ebaee2e1-06be-42c6-a7b1-de29475cc753:92:232
2026-10-04 18:53:50.072999 [V:onnxruntime:, session_state.cc:1385 VerifyEachNodeIsAssignedToAnEp]   Div (/model/layers.6/input_layernorm/Div) ebaee2e1-06be-42c6-a7b1-de29475cc753:92:232
2026-10-04 18:53:50.072999 [V:onnxruntime:, session_state.cc:1385 VerifyEachNodeIsAssignedToAnEp]   Mul (/model/layers.6/input_layernorm/Mul_1) ebaee2e1-06be-42c6-a7b1-de29475cc753:92:232
2026-10-04 18:53:50.072999 [V:onnxruntime:, session_state.cc:1385 VerifyEachNodeIsAssignedToAnEp]   Shape (/model/layers.6/self_attn/Shape_1) ebaee2e1-06be-42c6-a7b1-de29475cc753:92:232
2026-10-04 18:53:50.072999 [V:onnxruntime:, session_state.cc:1385 VerifyEachNodeIsAssignedToAnEp]   MatMulNBits (/model/layers.6/self_attn/q_proj/MatMul_Q4) ebaee2e1-06be-42c6-a7b1-de29475cc753:92:232
2026-10-04 18:53:50.072999 [V:onnxruntime:, session_state.cc:1385 VerifyEachNodeIsAssignedToAnEp]   Reshape (/model/layers.6/self_attn/Reshape) ebaee2e1-06be-42c6-a7b1-de29475cc753:92:232
2026-10-04 18:53:50.073998 [V:onnxruntime:, session_state.cc:1385 VerifyEachNodeIsAssignedToAnEp]   Pow (/model/layers.6/self_attn/q_norm/Pow) ebaee2e1-06be-42c6-a7b1-de29475cc753:92:232
2026-10-04 18:53:50.073998 [V:onnxruntime:, session_state.cc:1385 VerifyEachNodeIsAssignedToAnEp]   ReduceMean (/model/layers.6/self_attn/q_norm/ReduceMean) ebaee2e1-06be-42c6-a7b1-de29475cc753:92:232
2026-10-04 18:53:50.073998 [V:onnxruntime:, session_state.cc:1385 VerifyEachNodeIsAssignedToAnEp]   Add (/model/layers.6/self_attn/q_norm/Add) ebaee2e1-06be-42c6-a7b1-de29475cc753:92:232
2026-10-04 18:53:50.073998 [V:onnxruntime:, session_state.cc:1385 VerifyEachNodeIsAssignedToAnEp]   Sqrt (/model/layers.6/self_attn/q_norm/Sqrt) ebaee2e1-06be-42c6-a7b1-de29475cc753:92:232
2026-10-04 18:53:50.073998 [V:onnxruntime:, session_state.cc:1385 VerifyEachNodeIsAssignedToAnEp]   Div (/model/layers.6/self_attn/q_norm/Div) ebaee2e1-06be-42c6-a7b1-de29475cc753:92:232
2026-10-04 18:53:50.073998 [V:onnxruntime:, session_state.cc:1385 VerifyEachNodeIsAssignedToAnEp]   Mul (/model/layers.6/self_attn/q_norm/Mul_1) ebaee2e1-06be-42c6-a7b1-de29475cc753:92:232
2026-10-04 18:53:50.074998 [V:onnxruntime:, session_state.cc:1385 VerifyEachNodeIsAssignedToAnEp]   Transpose (/model/layers.6/self_attn/Transpose) ebaee2e1-06be-42c6-a7b1-de29475cc753:92:232
2026-10-04 18:53:50.074998 [V:onnxruntime:, session_state.cc:1385 VerifyEachNodeIsAssignedToAnEp]   MatMulNBits (/model/layers.6/self_attn/k_proj/MatMul_Q4) ebaee2e1-06be-42c6-a7b1-de29475cc753:92:232
2026-10-04 18:53:50.074998 [V:onnxruntime:, session_state.cc:1385 VerifyEachNodeIsAssignedToAnEp]   Reshape (/model/layers.6/self_attn/Reshape_1) ebaee2e1-06be-42c6-a7b1-de29475cc753:92:232
2026-10-04 18:53:50.074998 [V:onnxruntime:, session_state.cc:1385 VerifyEachNodeIsAssignedToAnEp]   Pow (/model/layers.6/self_attn/k_norm/Pow) ebaee2e1-06be-42c6-a7b1-de29475cc753:92:232
2026-10-04 18:53:50.075999 [V:onnxruntime:, session_state.cc:1385 VerifyEachNodeIsAssignedToAnEp]   ReduceMean (/model/layers.6/self_attn/k_norm/ReduceMean) ebaee2e1-06be-42c6-a7b1-de29475cc753:92:232
2026-10-04 18:53:50.075999 [V:onnxruntime:, session_state.cc:1385 VerifyEachNodeIsAssignedToAnEp]   Add (/model/layers.6/self_attn/k_norm/Add) ebaee2e1-06be-42c6-a7b1-de29475cc753:92:232
2026-10-04 18:53:50.075999 [V:onnxruntime:, session_state.cc:1385 VerifyEachNodeIsAssignedToAnEp]   Sqrt (/model/layers.6/self_attn/k_norm/Sqrt) ebaee2e1-06be-42c6-a7b1-de29475cc753:92:232
2026-10-04 18:53:50.075999 [V:onnxruntime:, session_state.cc:1385 VerifyEachNodeIsAssignedToAnEp]   Div (/model/layers.6/self_attn/k_norm/Div) ebaee2e1-06be-42c6-a7b1-de29475cc753:92:232
2026-10-04 18:53:50.076999 [V:onnxruntime:, session_state.cc:1385 VerifyEachNodeIsAssignedToAnEp]   Mul (/model/layers.6/self_attn/k_norm/Mul_1) ebaee2e1-06be-42c6-a7b1-de29475cc753:92:232
2026-10-04 18:53:50.076999 [V:onnxruntime:, session_state.cc:1385 VerifyEachNodeIsAssignedToAnEp]   Transpose (/model/layers.6/self_attn/Transpose_1) ebaee2e1-06be-42c6-a7b1-de29475cc753:92:232
2026-10-04 18:53:50.077998 [V:onnxruntime:, session_state.cc:1385 VerifyEachNodeIsAssignedToAnEp]   MatMulNBits (/model/layers.6/self_attn/v_proj/MatMul_Q4) ebaee2e1-06be-42c6-a7b1-de29475cc753:92:232
2026-10-04 18:53:50.077998 [V:onnxruntime:, session_state.cc:1385 VerifyEachNodeIsAssignedToAnEp]   Reshape (/model/layers.6/self_attn/Reshape_2) ebaee2e1-06be-42c6-a7b1-de29475cc753:92:232
2026-10-04 18:53:50.078999 [V:onnxruntime:, session_state.cc:1385 VerifyEachNodeIsAssignedToAnEp]   Transpose (/model/layers.6/self_attn/Transpose_2) ebaee2e1-06be-42c6-a7b1-de29475cc753:92:232
2026-10-04 18:53:50.078999 [V:onnxruntime:, session_state.cc:1385 VerifyEachNodeIsAssignedToAnEp]   Mul (/model/layers.6/self_attn/Mul) ebaee2e1-06be-42c6-a7b1-de29475cc753:92:232
2026-10-04 18:53:50.079999 [V:onnxruntime:, session_state.cc:1385 VerifyEachNodeIsAssignedToAnEp]   Shape (/model/layers.6/self_attn/Shape_2) ebaee2e1-06be-42c6-a7b1-de29475cc753:92:232
2026-10-04 18:53:50.079999 [V:onnxruntime:, session_state.cc:1385 VerifyEachNodeIsAssignedToAnEp]   Slice (/model/layers.6/self_attn/Slice) ebaee2e1-06be-42c6-a7b1-de29475cc753:92:232
2026-10-04 18:53:50.080999 [V:onnxruntime:, session_state.cc:1385 VerifyEachNodeIsAssignedToAnEp]   Slice (/model/layers.6/self_attn/Slice_1) ebaee2e1-06be-42c6-a7b1-de29475cc753:92:232
2026-10-04 18:53:50.081998 [V:onnxruntime:, session_state.cc:1385 VerifyEachNodeIsAssignedToAnEp]   Neg (/model/layers.6/self_attn/Neg) ebaee2e1-06be-42c6-a7b1-de29475cc753:92:232
2026-10-04 18:53:50.082998 [V:onnxruntime:, session_state.cc:1385 VerifyEachNodeIsAssignedToAnEp]   Concat (/model/layers.6/self_attn/Concat_3) ebaee2e1-06be-42c6-a7b1-de29475cc753:92:232
2026-10-04 18:53:50.082998 [V:onnxruntime:, session_state.cc:1385 VerifyEachNodeIsAssignedToAnEp]   Mul (/model/layers.6/self_attn/Mul_1) ebaee2e1-06be-42c6-a7b1-de29475cc753:92:232
2026-10-04 18:53:50.083999 [V:onnxruntime:, session_state.cc:1385 VerifyEachNodeIsAssignedToAnEp]   Add (/model/layers.6/self_attn/Add) ebaee2e1-06be-42c6-a7b1-de29475cc753:92:232
2026-10-04 18:53:50.083999 [V:onnxruntime:, session_state.cc:1385 VerifyEachNodeIsAssignedToAnEp]   Mul (/model/layers.6/self_attn/Mul_2) ebaee2e1-06be-42c6-a7b1-de29475cc753:92:232
2026-10-04 18:53:50.083999 [V:onnxruntime:, session_state.cc:1385 VerifyEachNodeIsAssignedToAnEp]   Shape (/model/layers.6/self_attn/Shape_3) ebaee2e1-06be-42c6-a7b1-de29475cc753:92:232
2026-10-04 18:53:50.084999 [V:onnxruntime:, session_state.cc:1385 VerifyEachNodeIsAssignedToAnEp]   Slice (/model/layers.6/self_attn/Slice_2) ebaee2e1-06be-42c6-a7b1-de29475cc753:92:232
2026-10-04 18:53:50.084999 [V:onnxruntime:, session_state.cc:1385 VerifyEachNodeIsAssignedToAnEp]   Slice (/model/layers.6/self_attn/Slice_3) ebaee2e1-06be-42c6-a7b1-de29475cc753:92:232
2026-10-04 18:53:50.084999 [V:onnxruntime:, session_state.cc:1385 VerifyEachNodeIsAssignedToAnEp]   Neg (/model/layers.6/self_attn/Neg_1) ebaee2e1-06be-42c6-a7b1-de29475cc753:92:232
2026-10-04 18:53:50.085998 [V:onnxruntime:, session_state.cc:1385 VerifyEachNodeIsAssignedToAnEp]   Concat (/model/layers.6/self_attn/Concat_4) ebaee2e1-06be-42c6-a7b1-de29475cc753:92:232
2026-10-04 18:53:50.085998 [V:onnxruntime:, session_state.cc:1385 VerifyEachNodeIsAssignedToAnEp]   Mul (/model/layers.6/self_attn/Mul_3) ebaee2e1-06be-42c6-a7b1-de29475cc753:92:232
2026-10-04 18:53:50.085998 [V:onnxruntime:, session_state.cc:1385 VerifyEachNodeIsAssignedToAnEp]   Add (/model/layers.6/self_attn/Add_1) ebaee2e1-06be-42c6-a7b1-de29475cc753:92:232
2026-10-04 18:53:50.085998 [V:onnxruntime:, session_state.cc:1385 VerifyEachNodeIsAssignedToAnEp]   Concat (/model/layers.6/self_attn/Concat_5) ebaee2e1-06be-42c6-a7b1-de29475cc753:92:232
2026-10-04 18:53:50.098998 [V:onnxruntime:, session_state.cc:1385 VerifyEachNodeIsAssignedToAnEp]   Concat (/model/layers.6/self_attn/Concat_6) ebaee2e1-06be-42c6-a7b1-de29475cc753:92:232
2026-10-04 18:53:50.099999 [V:onnxruntime:, session_state.cc:1385 VerifyEachNodeIsAssignedToAnEp]   Shape (/model/layers.6/self_attn/Shape_7) ebaee2e1-06be-42c6-a7b1-de29475cc753:92:232
2026-10-04 18:53:50.099999 [V:onnxruntime:, session_state.cc:1385 VerifyEachNodeIsAssignedToAnEp]   Unsqueeze (/model/layers.6/self_attn/Unsqueeze_10) ebaee2e1-06be-42c6-a7b1-de29475cc753:92:232
2026-10-04 18:53:50.099999 [V:onnxruntime:, session_state.cc:1385 VerifyEachNodeIsAssignedToAnEp]   Expand (/model/layers.6/self_attn/Expand) ebaee2e1-06be-42c6-a7b1-de29475cc753:92:232
2026-10-04 18:53:50.099999 [V:onnxruntime:, session_state.cc:1385 VerifyEachNodeIsAssignedToAnEp]   Reshape (/model/layers.6/self_attn/Reshape_4) ebaee2e1-06be-42c6-a7b1-de29475cc753:92:232
2026-10-04 18:53:50.099999 [V:onnxruntime:, session_state.cc:1385 VerifyEachNodeIsAssignedToAnEp]   Shape (/model/layers.6/self_attn/Shape_12) ebaee2e1-06be-42c6-a7b1-de29475cc753:92:232
2026-10-04 18:53:50.100999 [V:onnxruntime:, session_state.cc:1385 VerifyEachNodeIsAssignedToAnEp]   Unsqueeze (/model/layers.6/self_attn/Unsqueeze_19) ebaee2e1-06be-42c6-a7b1-de29475cc753:92:232
2026-10-04 18:53:50.100999 [V:onnxruntime:, session_state.cc:1385 VerifyEachNodeIsAssignedToAnEp]   Expand (/model/layers.6/self_attn/Expand_1) ebaee2e1-06be-42c6-a7b1-de29475cc753:92:232
2026-10-04 18:53:50.100999 [V:onnxruntime:, session_state.cc:1385 VerifyEachNodeIsAssignedToAnEp]   Reshape (/model/layers.6/self_attn/Reshape_6) ebaee2e1-06be-42c6-a7b1-de29475cc753:92:232
2026-10-04 18:53:50.100999 [V:onnxruntime:, session_state.cc:1385 VerifyEachNodeIsAssignedToAnEp]   Shape (/model/layers.6/self_attn/Shape_14) ebaee2e1-06be-42c6-a7b1-de29475cc753:92:232
2026-10-04 18:53:50.100999 [V:onnxruntime:, session_state.cc:1385 VerifyEachNodeIsAssignedToAnEp]   Transpose (/model/layers.6/self_attn/Transpose_3) ebaee2e1-06be-42c6-a7b1-de29475cc753:92:232
2026-10-04 18:53:50.101998 [V:onnxruntime:, session_state.cc:1385 VerifyEachNodeIsAssignedToAnEp]   Mul (/model/layers.6/self_attn/Mul_8) ebaee2e1-06be-42c6-a7b1-de29475cc753:92:232
2026-10-04 18:53:50.101998 [V:onnxruntime:, session_state.cc:1385 VerifyEachNodeIsAssignedToAnEp]   Mul (/model/layers.6/self_attn/Mul_9) ebaee2e1-06be-42c6-a7b1-de29475cc753:92:232
2026-10-04 18:53:50.101998 [V:onnxruntime:, session_state.cc:1385 VerifyEachNodeIsAssignedToAnEp]   MatMul (/model/layers.6/self_attn/MatMul) ebaee2e1-06be-42c6-a7b1-de29475cc753:92:232
2026-10-04 18:53:50.101998 [V:onnxruntime:, session_state.cc:1385 VerifyEachNodeIsAssignedToAnEp]   Where (/model/layers.6/self_attn/Where_2) ebaee2e1-06be-42c6-a7b1-de29475cc753:92:232
2026-10-04 18:53:50.102999 [V:onnxruntime:, session_state.cc:1385 VerifyEachNodeIsAssignedToAnEp]   Add (/model/layers.6/self_attn/Add_2) ebaee2e1-06be-42c6-a7b1-de29475cc753:92:232
2026-10-04 18:53:50.102999 [V:onnxruntime:, session_state.cc:1385 VerifyEachNodeIsAssignedToAnEp]   Softmax (/model/layers.6/self_attn/Softmax) ebaee2e1-06be-42c6-a7b1-de29475cc753:92:232
2026-10-04 18:53:50.102999 [V:onnxruntime:, session_state.cc:1385 VerifyEachNodeIsAssignedToAnEp]   Where (/model/layers.6/self_attn/Where_3) ebaee2e1-06be-42c6-a7b1-de29475cc753:92:232
2026-10-04 18:53:50.102999 [V:onnxruntime:, session_state.cc:1385 VerifyEachNodeIsAssignedToAnEp]   MatMul (/model/layers.6/self_attn/MatMul_1) ebaee2e1-06be-42c6-a7b1-de29475cc753:92:232
2026-10-04 18:53:50.103999 [V:onnxruntime:, session_state.cc:1385 VerifyEachNodeIsAssignedToAnEp]   Transpose (/model/layers.6/self_attn/Transpose_4) ebaee2e1-06be-42c6-a7b1-de29475cc753:92:232
2026-10-04 18:53:50.103999 [V:onnxruntime:, session_state.cc:1385 VerifyEachNodeIsAssignedToAnEp]   Reshape (/model/layers.6/self_attn/Reshape_7) ebaee2e1-06be-42c6-a7b1-de29475cc753:92:232
2026-10-04 18:53:50.103999 [V:onnxruntime:, session_state.cc:1385 VerifyEachNodeIsAssignedToAnEp]   MatMulNBits (/model/layers.6/self_attn/o_proj/MatMul_Q4) ebaee2e1-06be-42c6-a7b1-de29475cc753:92:232
2026-10-04 18:53:50.103999 [V:onnxruntime:, session_state.cc:1385 VerifyEachNodeIsAssignedToAnEp]   Add (/model/layers.6/Add) ebaee2e1-06be-42c6-a7b1-de29475cc753:92:232
2026-10-04 18:53:50.104999 [V:onnxruntime:, session_state.cc:1385 VerifyEachNodeIsAssignedToAnEp]   Pow (/model/layers.6/post_attention_layernorm/Pow) ebaee2e1-06be-42c6-a7b1-de29475cc753:92:232
2026-10-04 18:53:50.104999 [V:onnxruntime:, session_state.cc:1385 VerifyEachNodeIsAssignedToAnEp]   ReduceMean (/model/layers.6/post_attention_layernorm/ReduceMean) ebaee2e1-06be-42c6-a7b1-de29475cc753:92:232
2026-10-04 18:53:50.104999 [V:onnxruntime:, session_state.cc:1385 VerifyEachNodeIsAssignedToAnEp]   Add (/model/layers.6/post_attention_layernorm/Add) ebaee2e1-06be-42c6-a7b1-de29475cc753:92:232
2026-10-04 18:53:50.104999 [V:onnxruntime:, session_state.cc:1385 VerifyEachNodeIsAssignedToAnEp]   Sqrt (/model/layers.6/post_attention_layernorm/Sqrt) ebaee2e1-06be-42c6-a7b1-de29475cc753:92:232
2026-10-04 18:53:50.104999 [V:onnxruntime:, session_state.cc:1385 VerifyEachNodeIsAssignedToAnEp]   Div (/model/layers.6/post_attention_layernorm/Div) ebaee2e1-06be-42c6-a7b1-de29475cc753:92:232
2026-10-04 18:53:50.105998 [V:onnxruntime:, session_state.cc:1385 VerifyEachNodeIsAssignedToAnEp]   Mul (/model/layers.6/post_attention_layernorm/Mul_1) ebaee2e1-06be-42c6-a7b1-de29475cc753:92:232
2026-10-04 18:53:50.105998 [V:onnxruntime:, session_state.cc:1385 VerifyEachNodeIsAssignedToAnEp]   MatMulNBits (/model/layers.6/mlp/gate_proj/MatMul_Q4) ebaee2e1-06be-42c6-a7b1-de29475cc753:92:232
2026-10-04 18:53:50.105998 [V:onnxruntime:, session_state.cc:1385 VerifyEachNodeIsAssignedToAnEp]   MatMulNBits (/model/layers.6/mlp/up_proj/MatMul_Q4) ebaee2e1-06be-42c6-a7b1-de29475cc753:92:232
2026-10-04 18:53:50.105998 [V:onnxruntime:, session_state.cc:1385 VerifyEachNodeIsAssignedToAnEp]   Mul (/model/layers.6/mlp/Mul) ebaee2e1-06be-42c6-a7b1-de29475cc753:92:232
2026-10-04 18:53:50.105998 [V:onnxruntime:, session_state.cc:1385 VerifyEachNodeIsAssignedToAnEp]   MatMulNBits (/model/layers.6/mlp/down_proj/MatMul_Q4) ebaee2e1-06be-42c6-a7b1-de29475cc753:92:232
2026-10-04 18:53:50.106998 [V:onnxruntime:, session_state.cc:1385 VerifyEachNodeIsAssignedToAnEp]   Add (/model/layers.6/Add_1) ebaee2e1-06be-42c6-a7b1-de29475cc753:92:232
2026-10-04 18:53:50.106998 [V:onnxruntime:, session_state.cc:1385 VerifyEachNodeIsAssignedToAnEp]   Pow (/model/layers.7/input_layernorm/Pow) ebaee2e1-06be-42c6-a7b1-de29475cc753:92:232
2026-10-04 18:53:50.106998 [V:onnxruntime:, session_state.cc:1385 VerifyEachNodeIsAssignedToAnEp]   ReduceMean (/model/layers.7/input_layernorm/ReduceMean) ebaee2e1-06be-42c6-a7b1-de29475cc753:92:232
2026-10-04 18:53:50.106998 [V:onnxruntime:, session_state.cc:1385 VerifyEachNodeIsAssignedToAnEp]   Add (/model/layers.7/input_layernorm/Add) ebaee2e1-06be-42c6-a7b1-de29475cc753:92:232
2026-10-04 18:53:50.106998 [V:onnxruntime:, session_state.cc:1385 VerifyEachNodeIsAssignedToAnEp]   Sqrt (/model/layers.7/input_layernorm/Sqrt) ebaee2e1-06be-42c6-a7b1-de29475cc753:92:232
2026-10-04 18:53:50.107999 [V:onnxruntime:, session_state.cc:1385 VerifyEachNodeIsAssignedToAnEp]   Div (/model/layers.7/input_layernorm/Div) ebaee2e1-06be-42c6-a7b1-de29475cc753:92:232
2026-10-04 18:53:50.107999 [V:onnxruntime:, session_state.cc:1385 VerifyEachNodeIsAssignedToAnEp]   Mul (/model/layers.7/input_layernorm/Mul_1) ebaee2e1-06be-42c6-a7b1-de29475cc753:92:232
2026-10-04 18:53:50.107999 [V:onnxruntime:, session_state.cc:1385 VerifyEachNodeIsAssignedToAnEp]   Shape (/model/layers.7/self_attn/Shape_1) ebaee2e1-06be-42c6-a7b1-de29475cc753:92:232
2026-10-04 18:53:50.107999 [V:onnxruntime:, session_state.cc:1385 VerifyEachNodeIsAssignedToAnEp]   MatMulNBits (/model/layers.7/self_attn/q_proj/MatMul_Q4) ebaee2e1-06be-42c6-a7b1-de29475cc753:92:232
2026-10-04 18:53:50.107999 [V:onnxruntime:, session_state.cc:1385 VerifyEachNodeIsAssignedToAnEp]   Reshape (/model/layers.7/self_attn/Reshape) ebaee2e1-06be-42c6-a7b1-de29475cc753:92:232
2026-10-04 18:53:50.108999 [V:onnxruntime:, session_state.cc:1385 VerifyEachNodeIsAssignedToAnEp]   Pow (/model/layers.7/self_attn/q_norm/Pow) ebaee2e1-06be-42c6-a7b1-de29475cc753:92:232
2026-10-04 18:53:50.108999 [V:onnxruntime:, session_state.cc:1385 VerifyEachNodeIsAssignedToAnEp]   ReduceMean (/model/layers.7/self_attn/q_norm/ReduceMean) ebaee2e1-06be-42c6-a7b1-de29475cc753:92:232
2026-10-04 18:53:50.108999 [V:onnxruntime:, session_state.cc:1385 VerifyEachNodeIsAssignedToAnEp]   Add (/model/layers.7/self_attn/q_norm/Add) ebaee2e1-06be-42c6-a7b1-de29475cc753:92:232
2026-10-04 18:53:50.108999 [V:onnxruntime:, session_state.cc:1385 VerifyEachNodeIsAssignedToAnEp]   Sqrt (/model/layers.7/self_attn/q_norm/Sqrt) ebaee2e1-06be-42c6-a7b1-de29475cc753:92:232
2026-10-04 18:53:50.109998 [V:onnxruntime:, session_state.cc:1385 VerifyEachNodeIsAssignedToAnEp]   Div (/model/layers.7/self_attn/q_norm/Div) ebaee2e1-06be-42c6-a7b1-de29475cc753:92:232
2026-10-04 18:53:50.109998 [V:onnxruntime:, session_state.cc:1385 VerifyEachNodeIsAssignedToAnEp]   Mul (/model/layers.7/self_attn/q_norm/Mul_1) ebaee2e1-06be-42c6-a7b1-de29475cc753:92:232
2026-10-04 18:53:50.109998 [V:onnxruntime:, session_state.cc:1385 VerifyEachNodeIsAssignedToAnEp]   Transpose (/model/layers.7/self_attn/Transpose) ebaee2e1-06be-42c6-a7b1-de29475cc753:92:232
2026-10-04 18:53:50.109998 [V:onnxruntime:, session_state.cc:1385 VerifyEachNodeIsAssignedToAnEp]   MatMulNBits (/model/layers.7/self_attn/k_proj/MatMul_Q4) ebaee2e1-06be-42c6-a7b1-de29475cc753:92:232
2026-10-04 18:53:50.109998 [V:onnxruntime:, session_state.cc:1385 VerifyEachNodeIsAssignedToAnEp]   Reshape (/model/layers.7/self_attn/Reshape_1) ebaee2e1-06be-42c6-a7b1-de29475cc753:92:232
2026-10-04 18:53:50.110999 [V:onnxruntime:, session_state.cc:1385 VerifyEachNodeIsAssignedToAnEp]   Pow (/model/layers.7/self_attn/k_norm/Pow) ebaee2e1-06be-42c6-a7b1-de29475cc753:92:232
2026-10-04 18:53:50.110999 [V:onnxruntime:, session_state.cc:1385 VerifyEachNodeIsAssignedToAnEp]   ReduceMean (/model/layers.7/self_attn/k_norm/ReduceMean) ebaee2e1-06be-42c6-a7b1-de29475cc753:92:232
2026-10-04 18:53:50.110999 [V:onnxruntime:, session_state.cc:1385 VerifyEachNodeIsAssignedToAnEp]   Add (/model/layers.7/self_attn/k_norm/Add) ebaee2e1-06be-42c6-a7b1-de29475cc753:92:232
2026-10-04 18:53:50.110999 [V:onnxruntime:, session_state.cc:1385 VerifyEachNodeIsAssignedToAnEp]   Sqrt (/model/layers.7/self_attn/k_norm/Sqrt) ebaee2e1-06be-42c6-a7b1-de29475cc753:92:232
2026-10-04 18:53:50.110999 [V:onnxruntime:, session_state.cc:1385 VerifyEachNodeIsAssignedToAnEp]   Div (/model/layers.7/self_attn/k_norm/Div) ebaee2e1-06be-42c6-a7b1-de29475cc753:92:232
2026-10-04 18:53:50.111999 [V:onnxruntime:, session_state.cc:1385 VerifyEachNodeIsAssignedToAnEp]   Mul (/model/layers.7/self_attn/k_norm/Mul_1) ebaee2e1-06be-42c6-a7b1-de29475cc753:92:232
2026-10-04 18:53:50.111999 [V:onnxruntime:, session_state.cc:1385 VerifyEachNodeIsAssignedToAnEp]   Transpose (/model/layers.7/self_attn/Transpose_1) ebaee2e1-06be-42c6-a7b1-de29475cc753:92:232
2026-10-04 18:53:50.111999 [V:onnxruntime:, session_state.cc:1385 VerifyEachNodeIsAssignedToAnEp]   MatMulNBits (/model/layers.7/self_attn/v_proj/MatMul_Q4) ebaee2e1-06be-42c6-a7b1-de29475cc753:92:232
2026-10-04 18:53:50.112999 [V:onnxruntime:, session_state.cc:1385 VerifyEachNodeIsAssignedToAnEp]   Reshape (/model/layers.7/self_attn/Reshape_2) ebaee2e1-06be-42c6-a7b1-de29475cc753:92:232
2026-10-04 18:53:50.112999 [V:onnxruntime:, session_state.cc:1385 VerifyEachNodeIsAssignedToAnEp]   Transpose (/model/layers.7/self_attn/Transpose_2) ebaee2e1-06be-42c6-a7b1-de29475cc753:92:232
2026-10-04 18:53:50.113998 [V:onnxruntime:, session_state.cc:1385 VerifyEachNodeIsAssignedToAnEp]   Mul (/model/layers.7/self_attn/Mul) ebaee2e1-06be-42c6-a7b1-de29475cc753:92:232
2026-10-04 18:53:50.113998 [V:onnxruntime:, session_state.cc:1385 VerifyEachNodeIsAssignedToAnEp]   Shape (/model/layers.7/self_attn/Shape_2) ebaee2e1-06be-42c6-a7b1-de29475cc753:92:232
2026-10-04 18:53:50.113998 [V:onnxruntime:, session_state.cc:1385 VerifyEachNodeIsAssignedToAnEp]   Slice (/model/layers.7/self_attn/Slice) ebaee2e1-06be-42c6-a7b1-de29475cc753:92:232
2026-10-04 18:53:50.114998 [V:onnxruntime:, session_state.cc:1385 VerifyEachNodeIsAssignedToAnEp]   Slice (/model/layers.7/self_attn/Slice_1) ebaee2e1-06be-42c6-a7b1-de29475cc753:92:232
2026-10-04 18:53:50.114998 [V:onnxruntime:, session_state.cc:1385 VerifyEachNodeIsAssignedToAnEp]   Neg (/model/layers.7/self_attn/Neg) ebaee2e1-06be-42c6-a7b1-de29475cc753:92:232
2026-10-04 18:53:50.114998 [V:onnxruntime:, session_state.cc:1385 VerifyEachNodeIsAssignedToAnEp]   Concat (/model/layers.7/self_attn/Concat_3) ebaee2e1-06be-42c6-a7b1-de29475cc753:92:232
2026-10-04 18:53:50.115999 [V:onnxruntime:, session_state.cc:1385 VerifyEachNodeIsAssignedToAnEp]   Mul (/model/layers.7/self_attn/Mul_1) ebaee2e1-06be-42c6-a7b1-de29475cc753:92:232
2026-10-04 18:53:50.115999 [V:onnxruntime:, session_state.cc:1385 VerifyEachNodeIsAssignedToAnEp]   Add (/model/layers.7/self_attn/Add) ebaee2e1-06be-42c6-a7b1-de29475cc753:92:232
2026-10-04 18:53:50.115999 [V:onnxruntime:, session_state.cc:1385 VerifyEachNodeIsAssignedToAnEp]   Mul (/model/layers.7/self_attn/Mul_2) ebaee2e1-06be-42c6-a7b1-de29475cc753:92:232
2026-10-04 18:53:50.115999 [V:onnxruntime:, session_state.cc:1385 VerifyEachNodeIsAssignedToAnEp]   Shape (/model/layers.7/self_attn/Shape_3) ebaee2e1-06be-42c6-a7b1-de29475cc753:92:232
2026-10-04 18:53:50.116999 [V:onnxruntime:, session_state.cc:1385 VerifyEachNodeIsAssignedToAnEp]   Slice (/model/layers.7/self_attn/Slice_2) ebaee2e1-06be-42c6-a7b1-de29475cc753:92:232
2026-10-04 18:53:50.116999 [V:onnxruntime:, session_state.cc:1385 VerifyEachNodeIsAssignedToAnEp]   Slice (/model/layers.7/self_attn/Slice_3) ebaee2e1-06be-42c6-a7b1-de29475cc753:92:232
2026-10-04 18:53:50.116999 [V:onnxruntime:, session_state.cc:1385 VerifyEachNodeIsAssignedToAnEp]   Neg (/model/layers.7/self_attn/Neg_1) ebaee2e1-06be-42c6-a7b1-de29475cc753:92:232
2026-10-04 18:53:50.116999 [V:onnxruntime:, session_state.cc:1385 VerifyEachNodeIsAssignedToAnEp]   Concat (/model/layers.7/self_attn/Concat_4) ebaee2e1-06be-42c6-a7b1-de29475cc753:92:232
2026-10-04 18:53:50.116999 [V:onnxruntime:, session_state.cc:1385 VerifyEachNodeIsAssignedToAnEp]   Mul (/model/layers.7/self_attn/Mul_3) ebaee2e1-06be-42c6-a7b1-de29475cc753:92:232
2026-10-04 18:53:50.117998 [V:onnxruntime:, session_state.cc:1385 VerifyEachNodeIsAssignedToAnEp]   Add (/model/layers.7/self_attn/Add_1) ebaee2e1-06be-42c6-a7b1-de29475cc753:92:232
2026-10-04 18:53:50.117998 [V:onnxruntime:, session_state.cc:1385 VerifyEachNodeIsAssignedToAnEp]   Concat (/model/layers.7/self_attn/Concat_5) ebaee2e1-06be-42c6-a7b1-de29475cc753:92:232
2026-10-04 18:53:50.117998 [V:onnxruntime:, session_state.cc:1385 VerifyEachNodeIsAssignedToAnEp]   Concat (/model/layers.7/self_attn/Concat_6) ebaee2e1-06be-42c6-a7b1-de29475cc753:92:232
2026-10-04 18:53:50.117998 [V:onnxruntime:, session_state.cc:1385 VerifyEachNodeIsAssignedToAnEp]   Shape (/model/layers.7/self_attn/Shape_7) ebaee2e1-06be-42c6-a7b1-de29475cc753:92:232
2026-10-04 18:53:50.117998 [V:onnxruntime:, session_state.cc:1385 VerifyEachNodeIsAssignedToAnEp]   Unsqueeze (/model/layers.7/self_attn/Unsqueeze_10) ebaee2e1-06be-42c6-a7b1-de29475cc753:92:232
2026-10-04 18:53:50.118999 [V:onnxruntime:, session_state.cc:1385 VerifyEachNodeIsAssignedToAnEp]   Expand (/model/layers.7/self_attn/Expand) ebaee2e1-06be-42c6-a7b1-de29475cc753:92:232
2026-10-04 18:53:50.118999 [V:onnxruntime:, session_state.cc:1385 VerifyEachNodeIsAssignedToAnEp]   Reshape (/model/layers.7/self_attn/Reshape_4) ebaee2e1-06be-42c6-a7b1-de29475cc753:92:232
2026-10-04 18:53:50.118999 [V:onnxruntime:, session_state.cc:1385 VerifyEachNodeIsAssignedToAnEp]   Shape (/model/layers.7/self_attn/Shape_12) ebaee2e1-06be-42c6-a7b1-de29475cc753:92:232
2026-10-04 18:53:50.118999 [V:onnxruntime:, session_state.cc:1385 VerifyEachNodeIsAssignedToAnEp]   Unsqueeze (/model/layers.7/self_attn/Unsqueeze_19) ebaee2e1-06be-42c6-a7b1-de29475cc753:92:232
2026-10-04 18:53:50.118999 [V:onnxruntime:, session_state.cc:1385 VerifyEachNodeIsAssignedToAnEp]   Expand (/model/layers.7/self_attn/Expand_1) ebaee2e1-06be-42c6-a7b1-de29475cc753:92:232
2026-10-04 18:53:50.119999 [V:onnxruntime:, session_state.cc:1385 VerifyEachNodeIsAssignedToAnEp]   Reshape (/model/layers.7/self_attn/Reshape_6) ebaee2e1-06be-42c6-a7b1-de29475cc753:92:232
2026-10-04 18:53:50.119999 [V:onnxruntime:, session_state.cc:1385 VerifyEachNodeIsAssignedToAnEp]   Shape (/model/layers.7/self_attn/Shape_14) ebaee2e1-06be-42c6-a7b1-de29475cc753:92:232
2026-10-04 18:53:50.119999 [V:onnxruntime:, session_state.cc:1385 VerifyEachNodeIsAssignedToAnEp]   Transpose (/model/layers.7/self_attn/Transpose_3) ebaee2e1-06be-42c6-a7b1-de29475cc753:92:232
2026-10-04 18:53:50.119999 [V:onnxruntime:, session_state.cc:1385 VerifyEachNodeIsAssignedToAnEp]   Mul (/model/layers.7/self_attn/Mul_8) ebaee2e1-06be-42c6-a7b1-de29475cc753:92:232
2026-10-04 18:53:50.119999 [V:onnxruntime:, session_state.cc:1385 VerifyEachNodeIsAssignedToAnEp]   Mul (/model/layers.7/self_attn/Mul_9) ebaee2e1-06be-42c6-a7b1-de29475cc753:92:232
2026-10-04 18:53:50.120999 [V:onnxruntime:, session_state.cc:1385 VerifyEachNodeIsAssignedToAnEp]   MatMul (/model/layers.7/self_attn/MatMul) ebaee2e1-06be-42c6-a7b1-de29475cc753:92:232
2026-10-04 18:53:50.120999 [V:onnxruntime:, session_state.cc:1385 VerifyEachNodeIsAssignedToAnEp]   Where (/model/layers.7/self_attn/Where_2) ebaee2e1-06be-42c6-a7b1-de29475cc753:92:232
2026-10-04 18:53:50.120999 [V:onnxruntime:, session_state.cc:1385 VerifyEachNodeIsAssignedToAnEp]   Add (/model/layers.7/self_attn/Add_2) ebaee2e1-06be-42c6-a7b1-de29475cc753:92:232
2026-10-04 18:53:50.120999 [V:onnxruntime:, session_state.cc:1385 VerifyEachNodeIsAssignedToAnEp]   Softmax (/model/layers.7/self_attn/Softmax) ebaee2e1-06be-42c6-a7b1-de29475cc753:92:232
2026-10-04 18:53:50.120999 [V:onnxruntime:, session_state.cc:1385 VerifyEachNodeIsAssignedToAnEp]   Where (/model/layers.7/self_attn/Where_3) ebaee2e1-06be-42c6-a7b1-de29475cc753:92:232
2026-10-04 18:53:50.121998 [V:onnxruntime:, session_state.cc:1385 VerifyEachNodeIsAssignedToAnEp]   MatMul (/model/layers.7/self_attn/MatMul_1) ebaee2e1-06be-42c6-a7b1-de29475cc753:92:232
2026-10-04 18:53:50.121998 [V:onnxruntime:, session_state.cc:1385 VerifyEachNodeIsAssignedToAnEp]   Transpose (/model/layers.7/self_attn/Transpose_4) ebaee2e1-06be-42c6-a7b1-de29475cc753:92:232
2026-10-04 18:53:50.121998 [V:onnxruntime:, session_state.cc:1385 VerifyEachNodeIsAssignedToAnEp]   Reshape (/model/layers.7/self_attn/Reshape_7) ebaee2e1-06be-42c6-a7b1-de29475cc753:92:232
2026-10-04 18:53:50.121998 [V:onnxruntime:, session_state.cc:1385 VerifyEachNodeIsAssignedToAnEp]   MatMulNBits (/model/layers.7/self_attn/o_proj/MatMul_Q4) ebaee2e1-06be-42c6-a7b1-de29475cc753:92:232
2026-10-04 18:53:50.121998 [V:onnxruntime:, session_state.cc:1385 VerifyEachNodeIsAssignedToAnEp]   Add (/model/layers.7/Add) ebaee2e1-06be-42c6-a7b1-de29475cc753:92:232
2026-10-04 18:53:50.121998 [V:onnxruntime:, session_state.cc:1385 VerifyEachNodeIsAssignedToAnEp]   Pow (/model/layers.7/post_attention_layernorm/Pow) ebaee2e1-06be-42c6-a7b1-de29475cc753:92:232
2026-10-04 18:53:50.122998 [V:onnxruntime:, session_state.cc:1385 VerifyEachNodeIsAssignedToAnEp]   ReduceMean (/model/layers.7/post_attention_layernorm/ReduceMean) ebaee2e1-06be-42c6-a7b1-de29475cc753:92:232
2026-10-04 18:53:50.122998 [V:onnxruntime:, session_state.cc:1385 VerifyEachNodeIsAssignedToAnEp]   Add (/model/layers.7/post_attention_layernorm/Add) ebaee2e1-06be-42c6-a7b1-de29475cc753:92:232
2026-10-04 18:53:50.122998 [V:onnxruntime:, session_state.cc:1385 VerifyEachNodeIsAssignedToAnEp]   Sqrt (/model/layers.7/post_attention_layernorm/Sqrt) ebaee2e1-06be-42c6-a7b1-de29475cc753:92:232
2026-10-04 18:53:50.122998 [V:onnxruntime:, session_state.cc:1385 VerifyEachNodeIsAssignedToAnEp]   Div (/model/layers.7/post_attention_layernorm/Div) ebaee2e1-06be-42c6-a7b1-de29475cc753:92:232
2026-10-04 18:53:50.122998 [V:onnxruntime:, session_state.cc:1385 VerifyEachNodeIsAssignedToAnEp]   Mul (/model/layers.7/post_attention_layernorm/Mul_1) ebaee2e1-06be-42c6-a7b1-de29475cc753:92:232
2026-10-04 18:53:50.123999 [V:onnxruntime:, session_state.cc:1385 VerifyEachNodeIsAssignedToAnEp]   MatMulNBits (/model/layers.7/mlp/gate_proj/MatMul_Q4) ebaee2e1-06be-42c6-a7b1-de29475cc753:92:232
2026-10-04 18:53:50.123999 [V:onnxruntime:, session_state.cc:1385 VerifyEachNodeIsAssignedToAnEp]   MatMulNBits (/model/layers.7/mlp/up_proj/MatMul_Q4) ebaee2e1-06be-42c6-a7b1-de29475cc753:92:232
2026-10-04 18:53:50.123999 [V:onnxruntime:, session_state.cc:1385 VerifyEachNodeIsAssignedToAnEp]   Mul (/model/layers.7/mlp/Mul) ebaee2e1-06be-42c6-a7b1-de29475cc753:92:232
2026-10-04 18:53:50.128999 [V:onnxruntime:, session_state.cc:1385 VerifyEachNodeIsAssignedToAnEp]   MatMulNBits (/model/layers.7/mlp/down_proj/MatMul_Q4) ebaee2e1-06be-42c6-a7b1-de29475cc753:92:232
2026-10-04 18:53:50.129998 [V:onnxruntime:, session_state.cc:1385 VerifyEachNodeIsAssignedToAnEp]   Add (/model/layers.7/Add_1) ebaee2e1-06be-42c6-a7b1-de29475cc753:92:232
2026-10-04 18:53:50.129998 [V:onnxruntime:, session_state.cc:1385 VerifyEachNodeIsAssignedToAnEp]   Pow (/model/layers.8/input_layernorm/Pow) ebaee2e1-06be-42c6-a7b1-de29475cc753:92:232
2026-10-04 18:53:50.130998 [V:onnxruntime:, session_state.cc:1385 VerifyEachNodeIsAssignedToAnEp]   ReduceMean (/model/layers.8/input_layernorm/ReduceMean) ebaee2e1-06be-42c6-a7b1-de29475cc753:92:232
2026-10-04 18:53:50.130998 [V:onnxruntime:, session_state.cc:1385 VerifyEachNodeIsAssignedToAnEp]   Add (/model/layers.8/input_layernorm/Add) ebaee2e1-06be-42c6-a7b1-de29475cc753:92:232
2026-10-04 18:53:50.130998 [V:onnxruntime:, session_state.cc:1385 VerifyEachNodeIsAssignedToAnEp]   Sqrt (/model/layers.8/input_layernorm/Sqrt) ebaee2e1-06be-42c6-a7b1-de29475cc753:92:232
2026-10-04 18:53:50.131999 [V:onnxruntime:, session_state.cc:1385 VerifyEachNodeIsAssignedToAnEp]   Div (/model/layers.8/input_layernorm/Div) ebaee2e1-06be-42c6-a7b1-de29475cc753:92:232
2026-10-04 18:53:50.131999 [V:onnxruntime:, session_state.cc:1385 VerifyEachNodeIsAssignedToAnEp]   Mul (/model/layers.8/input_layernorm/Mul_1) ebaee2e1-06be-42c6-a7b1-de29475cc753:92:232
2026-10-04 18:53:50.132999 [V:onnxruntime:, session_state.cc:1385 VerifyEachNodeIsAssignedToAnEp]   Shape (/model/layers.8/self_attn/Shape_1) ebaee2e1-06be-42c6-a7b1-de29475cc753:92:232
2026-10-04 18:53:50.132999 [V:onnxruntime:, session_state.cc:1385 VerifyEachNodeIsAssignedToAnEp]   MatMulNBits (/model/layers.8/self_attn/q_proj/MatMul_Q4) ebaee2e1-06be-42c6-a7b1-de29475cc753:92:232
2026-10-04 18:53:50.132999 [V:onnxruntime:, session_state.cc:1385 VerifyEachNodeIsAssignedToAnEp]   Reshape (/model/layers.8/self_attn/Reshape) ebaee2e1-06be-42c6-a7b1-de29475cc753:92:232
2026-10-04 18:53:50.132999 [V:onnxruntime:, session_state.cc:1385 VerifyEachNodeIsAssignedToAnEp]   Pow (/model/layers.8/self_attn/q_norm/Pow) ebaee2e1-06be-42c6-a7b1-de29475cc753:92:232
2026-10-04 18:53:50.132999 [V:onnxruntime:, session_state.cc:1385 VerifyEachNodeIsAssignedToAnEp]   ReduceMean (/model/layers.8/self_attn/q_norm/ReduceMean) ebaee2e1-06be-42c6-a7b1-de29475cc753:92:232
2026-10-04 18:53:50.133998 [V:onnxruntime:, session_state.cc:1385 VerifyEachNodeIsAssignedToAnEp]   Add (/model/layers.8/self_attn/q_norm/Add) ebaee2e1-06be-42c6-a7b1-de29475cc753:92:232
2026-10-04 18:53:50.133998 [V:onnxruntime:, session_state.cc:1385 VerifyEachNodeIsAssignedToAnEp]   Sqrt (/model/layers.8/self_attn/q_norm/Sqrt) ebaee2e1-06be-42c6-a7b1-de29475cc753:92:232
2026-10-04 18:53:50.133998 [V:onnxruntime:, session_state.cc:1385 VerifyEachNodeIsAssignedToAnEp]   Div (/model/layers.8/self_attn/q_norm/Div) ebaee2e1-06be-42c6-a7b1-de29475cc753:92:232
2026-10-04 18:53:50.133998 [V:onnxruntime:, session_state.cc:1385 VerifyEachNodeIsAssignedToAnEp]   Mul (/model/layers.8/self_attn/q_norm/Mul_1) ebaee2e1-06be-42c6-a7b1-de29475cc753:92:232
2026-10-04 18:53:50.133998 [V:onnxruntime:, session_state.cc:1385 VerifyEachNodeIsAssignedToAnEp]   Transpose (/model/layers.8/self_attn/Transpose) ebaee2e1-06be-42c6-a7b1-de29475cc753:92:232
2026-10-04 18:53:50.134999 [V:onnxruntime:, session_state.cc:1385 VerifyEachNodeIsAssignedToAnEp]   MatMulNBits (/model/layers.8/self_attn/k_proj/MatMul_Q4) ebaee2e1-06be-42c6-a7b1-de29475cc753:92:232
2026-10-04 18:53:50.134999 [V:onnxruntime:, session_state.cc:1385 VerifyEachNodeIsAssignedToAnEp]   Reshape (/model/layers.8/self_attn/Reshape_1) ebaee2e1-06be-42c6-a7b1-de29475cc753:92:232
2026-10-04 18:53:50.134999 [V:onnxruntime:, session_state.cc:1385 VerifyEachNodeIsAssignedToAnEp]   Pow (/model/layers.8/self_attn/k_norm/Pow) ebaee2e1-06be-42c6-a7b1-de29475cc753:92:232
2026-10-04 18:53:50.134999 [V:onnxruntime:, session_state.cc:1385 VerifyEachNodeIsAssignedToAnEp]   ReduceMean (/model/layers.8/self_attn/k_norm/ReduceMean) ebaee2e1-06be-42c6-a7b1-de29475cc753:92:232
2026-10-04 18:53:50.135999 [V:onnxruntime:, session_state.cc:1385 VerifyEachNodeIsAssignedToAnEp]   Add (/model/layers.8/self_attn/k_norm/Add) ebaee2e1-06be-42c6-a7b1-de29475cc753:92:232
2026-10-04 18:53:50.135999 [V:onnxruntime:, session_state.cc:1385 VerifyEachNodeIsAssignedToAnEp]   Sqrt (/model/layers.8/self_attn/k_norm/Sqrt) ebaee2e1-06be-42c6-a7b1-de29475cc753:92:232
2026-10-04 18:53:50.135999 [V:onnxruntime:, session_state.cc:1385 VerifyEachNodeIsAssignedToAnEp]   Div (/model/layers.8/self_attn/k_norm/Div) ebaee2e1-06be-42c6-a7b1-de29475cc753:92:232
2026-10-04 18:53:50.135999 [V:onnxruntime:, session_state.cc:1385 VerifyEachNodeIsAssignedToAnEp]   Mul (/model/layers.8/self_attn/k_norm/Mul_1) ebaee2e1-06be-42c6-a7b1-de29475cc753:92:232
2026-10-04 18:53:50.135999 [V:onnxruntime:, session_state.cc:1385 VerifyEachNodeIsAssignedToAnEp]   Transpose (/model/layers.8/self_attn/Transpose_1) ebaee2e1-06be-42c6-a7b1-de29475cc753:92:232
2026-10-04 18:53:50.136999 [V:onnxruntime:, session_state.cc:1385 VerifyEachNodeIsAssignedToAnEp]   MatMulNBits (/model/layers.8/self_attn/v_proj/MatMul_Q4) ebaee2e1-06be-42c6-a7b1-de29475cc753:92:232
2026-10-04 18:53:50.136999 [V:onnxruntime:, session_state.cc:1385 VerifyEachNodeIsAssignedToAnEp]   Reshape (/model/layers.8/self_attn/Reshape_2) ebaee2e1-06be-42c6-a7b1-de29475cc753:92:232
2026-10-04 18:53:50.136999 [V:onnxruntime:, session_state.cc:1385 VerifyEachNodeIsAssignedToAnEp]   Transpose (/model/layers.8/self_attn/Transpose_2) ebaee2e1-06be-42c6-a7b1-de29475cc753:92:232
2026-10-04 18:53:50.136999 [V:onnxruntime:, session_state.cc:1385 VerifyEachNodeIsAssignedToAnEp]   Mul (/model/layers.8/self_attn/Mul) ebaee2e1-06be-42c6-a7b1-de29475cc753:92:232
2026-10-04 18:53:50.136999 [V:onnxruntime:, session_state.cc:1385 VerifyEachNodeIsAssignedToAnEp]   Shape (/model/layers.8/self_attn/Shape_2) ebaee2e1-06be-42c6-a7b1-de29475cc753:92:232
2026-10-04 18:53:50.137998 [V:onnxruntime:, session_state.cc:1385 VerifyEachNodeIsAssignedToAnEp]   Slice (/model/layers.8/self_attn/Slice) ebaee2e1-06be-42c6-a7b1-de29475cc753:92:232
2026-10-04 18:53:50.137998 [V:onnxruntime:, session_state.cc:1385 VerifyEachNodeIsAssignedToAnEp]   Slice (/model/layers.8/self_attn/Slice_1) ebaee2e1-06be-42c6-a7b1-de29475cc753:92:232
2026-10-04 18:53:50.137998 [V:onnxruntime:, session_state.cc:1385 VerifyEachNodeIsAssignedToAnEp]   Neg (/model/layers.8/self_attn/Neg) ebaee2e1-06be-42c6-a7b1-de29475cc753:92:232
2026-10-04 18:53:50.137998 [V:onnxruntime:, session_state.cc:1385 VerifyEachNodeIsAssignedToAnEp]   Concat (/model/layers.8/self_attn/Concat_3) ebaee2e1-06be-42c6-a7b1-de29475cc753:92:232
2026-10-04 18:53:50.137998 [V:onnxruntime:, session_state.cc:1385 VerifyEachNodeIsAssignedToAnEp]   Mul (/model/layers.8/self_attn/Mul_1) ebaee2e1-06be-42c6-a7b1-de29475cc753:92:232
2026-10-04 18:53:50.137998 [V:onnxruntime:, session_state.cc:1385 VerifyEachNodeIsAssignedToAnEp]   Add (/model/layers.8/self_attn/Add) ebaee2e1-06be-42c6-a7b1-de29475cc753:92:232
2026-10-04 18:53:50.138998 [V:onnxruntime:, session_state.cc:1385 VerifyEachNodeIsAssignedToAnEp]   Mul (/model/layers.8/self_attn/Mul_2) ebaee2e1-06be-42c6-a7b1-de29475cc753:92:232
2026-10-04 18:53:50.138998 [V:onnxruntime:, session_state.cc:1385 VerifyEachNodeIsAssignedToAnEp]   Shape (/model/layers.8/self_attn/Shape_3) ebaee2e1-06be-42c6-a7b1-de29475cc753:92:232
2026-10-04 18:53:50.138998 [V:onnxruntime:, session_state.cc:1385 VerifyEachNodeIsAssignedToAnEp]   Slice (/model/layers.8/self_attn/Slice_2) ebaee2e1-06be-42c6-a7b1-de29475cc753:92:232
2026-10-04 18:53:50.138998 [V:onnxruntime:, session_state.cc:1385 VerifyEachNodeIsAssignedToAnEp]   Slice (/model/layers.8/self_attn/Slice_3) ebaee2e1-06be-42c6-a7b1-de29475cc753:92:232
2026-10-04 18:53:50.138998 [V:onnxruntime:, session_state.cc:1385 VerifyEachNodeIsAssignedToAnEp]   Neg (/model/layers.8/self_attn/Neg_1) ebaee2e1-06be-42c6-a7b1-de29475cc753:92:232
2026-10-04 18:53:50.139999 [V:onnxruntime:, session_state.cc:1385 VerifyEachNodeIsAssignedToAnEp]   Concat (/model/layers.8/self_attn/Concat_4) ebaee2e1-06be-42c6-a7b1-de29475cc753:92:232
2026-10-04 18:53:50.139999 [V:onnxruntime:, session_state.cc:1385 VerifyEachNodeIsAssignedToAnEp]   Mul (/model/layers.8/self_attn/Mul_3) ebaee2e1-06be-42c6-a7b1-de29475cc753:92:232
2026-10-04 18:53:50.139999 [V:onnxruntime:, session_state.cc:1385 VerifyEachNodeIsAssignedToAnEp]   Add (/model/layers.8/self_attn/Add_1) ebaee2e1-06be-42c6-a7b1-de29475cc753:92:232
2026-10-04 18:53:50.139999 [V:onnxruntime:, session_state.cc:1385 VerifyEachNodeIsAssignedToAnEp]   Concat (/model/layers.8/self_attn/Concat_5) ebaee2e1-06be-42c6-a7b1-de29475cc753:92:232
2026-10-04 18:53:50.140999 [V:onnxruntime:, session_state.cc:1385 VerifyEachNodeIsAssignedToAnEp]   Concat (/model/layers.8/self_attn/Concat_6) ebaee2e1-06be-42c6-a7b1-de29475cc753:92:232
2026-10-04 18:53:50.140999 [V:onnxruntime:, session_state.cc:1385 VerifyEachNodeIsAssignedToAnEp]   Shape (/model/layers.8/self_attn/Shape_7) ebaee2e1-06be-42c6-a7b1-de29475cc753:92:232
2026-10-04 18:53:50.140999 [V:onnxruntime:, session_state.cc:1385 VerifyEachNodeIsAssignedToAnEp]   Unsqueeze (/model/layers.8/self_attn/Unsqueeze_10) ebaee2e1-06be-42c6-a7b1-de29475cc753:92:232
2026-10-04 18:53:50.141998 [V:onnxruntime:, session_state.cc:1385 VerifyEachNodeIsAssignedToAnEp]   Expand (/model/layers.8/self_attn/Expand) ebaee2e1-06be-42c6-a7b1-de29475cc753:92:232
2026-10-04 18:53:50.141998 [V:onnxruntime:, session_state.cc:1385 VerifyEachNodeIsAssignedToAnEp]   Reshape (/model/layers.8/self_attn/Reshape_4) ebaee2e1-06be-42c6-a7b1-de29475cc753:92:232
2026-10-04 18:53:50.141998 [V:onnxruntime:, session_state.cc:1385 VerifyEachNodeIsAssignedToAnEp]   Shape (/model/layers.8/self_attn/Shape_12) ebaee2e1-06be-42c6-a7b1-de29475cc753:92:232
2026-10-04 18:53:50.141998 [V:onnxruntime:, session_state.cc:1385 VerifyEachNodeIsAssignedToAnEp]   Unsqueeze (/model/layers.8/self_attn/Unsqueeze_19) ebaee2e1-06be-42c6-a7b1-de29475cc753:92:232
2026-10-04 18:53:50.141998 [V:onnxruntime:, session_state.cc:1385 VerifyEachNodeIsAssignedToAnEp]   Expand (/model/layers.8/self_attn/Expand_1) ebaee2e1-06be-42c6-a7b1-de29475cc753:92:232
2026-10-04 18:53:50.142999 [V:onnxruntime:, session_state.cc:1385 VerifyEachNodeIsAssignedToAnEp]   Reshape (/model/layers.8/self_attn/Reshape_6) ebaee2e1-06be-42c6-a7b1-de29475cc753:92:232
2026-10-04 18:53:50.142999 [V:onnxruntime:, session_state.cc:1385 VerifyEachNodeIsAssignedToAnEp]   Shape (/model/layers.8/self_attn/Shape_14) ebaee2e1-06be-42c6-a7b1-de29475cc753:92:232
2026-10-04 18:53:50.142999 [V:onnxruntime:, session_state.cc:1385 VerifyEachNodeIsAssignedToAnEp]   Transpose (/model/layers.8/self_attn/Transpose_3) ebaee2e1-06be-42c6-a7b1-de29475cc753:92:232
2026-10-04 18:53:50.142999 [V:onnxruntime:, session_state.cc:1385 VerifyEachNodeIsAssignedToAnEp]   Mul (/model/layers.8/self_attn/Mul_8) ebaee2e1-06be-42c6-a7b1-de29475cc753:92:232
2026-10-04 18:53:50.142999 [V:onnxruntime:, session_state.cc:1385 VerifyEachNodeIsAssignedToAnEp]   Mul (/model/layers.8/self_attn/Mul_9) ebaee2e1-06be-42c6-a7b1-de29475cc753:92:232
2026-10-04 18:53:50.142999 [V:onnxruntime:, session_state.cc:1385 VerifyEachNodeIsAssignedToAnEp]   MatMul (/model/layers.8/self_attn/MatMul) ebaee2e1-06be-42c6-a7b1-de29475cc753:92:232
2026-10-04 18:53:50.142999 [V:onnxruntime:, session_state.cc:1385 VerifyEachNodeIsAssignedToAnEp]   Where (/model/layers.8/self_attn/Where_2) ebaee2e1-06be-42c6-a7b1-de29475cc753:92:232
2026-10-04 18:53:50.143999 [V:onnxruntime:, session_state.cc:1385 VerifyEachNodeIsAssignedToAnEp]   Add (/model/layers.8/self_attn/Add_2) ebaee2e1-06be-42c6-a7b1-de29475cc753:92:232
2026-10-04 18:53:50.143999 [V:onnxruntime:, session_state.cc:1385 VerifyEachNodeIsAssignedToAnEp]   Softmax (/model/layers.8/self_attn/Softmax) ebaee2e1-06be-42c6-a7b1-de29475cc753:92:232
2026-10-04 18:53:50.143999 [V:onnxruntime:, session_state.cc:1385 VerifyEachNodeIsAssignedToAnEp]   Where (/model/layers.8/self_attn/Where_3) ebaee2e1-06be-42c6-a7b1-de29475cc753:92:232
2026-10-04 18:53:50.143999 [V:onnxruntime:, session_state.cc:1385 VerifyEachNodeIsAssignedToAnEp]   MatMul (/model/layers.8/self_attn/MatMul_1) ebaee2e1-06be-42c6-a7b1-de29475cc753:92:232
2026-10-04 18:53:50.144999 [V:onnxruntime:, session_state.cc:1385 VerifyEachNodeIsAssignedToAnEp]   Transpose (/model/layers.8/self_attn/Transpose_4) ebaee2e1-06be-42c6-a7b1-de29475cc753:92:232
2026-10-04 18:53:50.144999 [V:onnxruntime:, session_state.cc:1385 VerifyEachNodeIsAssignedToAnEp]   Reshape (/model/layers.8/self_attn/Reshape_7) ebaee2e1-06be-42c6-a7b1-de29475cc753:92:232
2026-10-04 18:53:50.144999 [V:onnxruntime:, session_state.cc:1385 VerifyEachNodeIsAssignedToAnEp]   MatMulNBits (/model/layers.8/self_attn/o_proj/MatMul_Q4) ebaee2e1-06be-42c6-a7b1-de29475cc753:92:232
2026-10-04 18:53:50.144999 [V:onnxruntime:, session_state.cc:1385 VerifyEachNodeIsAssignedToAnEp]   Add (/model/layers.8/Add) ebaee2e1-06be-42c6-a7b1-de29475cc753:92:232
2026-10-04 18:53:50.145998 [V:onnxruntime:, session_state.cc:1385 VerifyEachNodeIsAssignedToAnEp]   Pow (/model/layers.8/post_attention_layernorm/Pow) ebaee2e1-06be-42c6-a7b1-de29475cc753:92:232
2026-10-04 18:53:50.145998 [V:onnxruntime:, session_state.cc:1385 VerifyEachNodeIsAssignedToAnEp]   ReduceMean (/model/layers.8/post_attention_layernorm/ReduceMean) ebaee2e1-06be-42c6-a7b1-de29475cc753:92:232
2026-10-04 18:53:50.146998 [V:onnxruntime:, session_state.cc:1385 VerifyEachNodeIsAssignedToAnEp]   Add (/model/layers.8/post_attention_layernorm/Add) ebaee2e1-06be-42c6-a7b1-de29475cc753:92:232
2026-10-04 18:53:50.146998 [V:onnxruntime:, session_state.cc:1385 VerifyEachNodeIsAssignedToAnEp]   Sqrt (/model/layers.8/post_attention_layernorm/Sqrt) ebaee2e1-06be-42c6-a7b1-de29475cc753:92:232
2026-10-04 18:53:50.147999 [V:onnxruntime:, session_state.cc:1385 VerifyEachNodeIsAssignedToAnEp]   Div (/model/layers.8/post_attention_layernorm/Div) ebaee2e1-06be-42c6-a7b1-de29475cc753:92:232
2026-10-04 18:53:50.147999 [V:onnxruntime:, session_state.cc:1385 VerifyEachNodeIsAssignedToAnEp]   Mul (/model/layers.8/post_attention_layernorm/Mul_1) ebaee2e1-06be-42c6-a7b1-de29475cc753:92:232
2026-10-04 18:53:50.148999 [V:onnxruntime:, session_state.cc:1385 VerifyEachNodeIsAssignedToAnEp]   MatMulNBits (/model/layers.8/mlp/gate_proj/MatMul_Q4) ebaee2e1-06be-42c6-a7b1-de29475cc753:92:232
2026-10-04 18:53:50.148999 [V:onnxruntime:, session_state.cc:1385 VerifyEachNodeIsAssignedToAnEp]   MatMulNBits (/model/layers.8/mlp/up_proj/MatMul_Q4) ebaee2e1-06be-42c6-a7b1-de29475cc753:92:232
2026-10-04 18:53:50.148999 [V:onnxruntime:, session_state.cc:1385 VerifyEachNodeIsAssignedToAnEp]   Mul (/model/layers.8/mlp/Mul) ebaee2e1-06be-42c6-a7b1-de29475cc753:92:232
2026-10-04 18:53:50.148999 [V:onnxruntime:, session_state.cc:1385 VerifyEachNodeIsAssignedToAnEp]   MatMulNBits (/model/layers.8/mlp/down_proj/MatMul_Q4) ebaee2e1-06be-42c6-a7b1-de29475cc753:92:232
2026-10-04 18:53:50.149998 [V:onnxruntime:, session_state.cc:1385 VerifyEachNodeIsAssignedToAnEp]   Add (/model/layers.8/Add_1) ebaee2e1-06be-42c6-a7b1-de29475cc753:92:232
2026-10-04 18:53:50.149998 [V:onnxruntime:, session_state.cc:1385 VerifyEachNodeIsAssignedToAnEp]   Pow (/model/layers.9/input_layernorm/Pow) ebaee2e1-06be-42c6-a7b1-de29475cc753:92:232
2026-10-04 18:53:50.149998 [V:onnxruntime:, session_state.cc:1385 VerifyEachNodeIsAssignedToAnEp]   ReduceMean (/model/layers.9/input_layernorm/ReduceMean) ebaee2e1-06be-42c6-a7b1-de29475cc753:92:232
2026-10-04 18:53:50.149998 [V:onnxruntime:, session_state.cc:1385 VerifyEachNodeIsAssignedToAnEp]   Add (/model/layers.9/input_layernorm/Add) ebaee2e1-06be-42c6-a7b1-de29475cc753:92:232
2026-10-04 18:53:50.149998 [V:onnxruntime:, session_state.cc:1385 VerifyEachNodeIsAssignedToAnEp]   Sqrt (/model/layers.9/input_layernorm/Sqrt) ebaee2e1-06be-42c6-a7b1-de29475cc753:92:232
2026-10-04 18:53:50.150999 [V:onnxruntime:, session_state.cc:1385 VerifyEachNodeIsAssignedToAnEp]   Div (/model/layers.9/input_layernorm/Div) ebaee2e1-06be-42c6-a7b1-de29475cc753:92:232
2026-10-04 18:53:50.150999 [V:onnxruntime:, session_state.cc:1385 VerifyEachNodeIsAssignedToAnEp]   Mul (/model/layers.9/input_layernorm/Mul_1) ebaee2e1-06be-42c6-a7b1-de29475cc753:92:232
2026-10-04 18:53:50.150999 [V:onnxruntime:, session_state.cc:1385 VerifyEachNodeIsAssignedToAnEp]   Shape (/model/layers.9/self_attn/Shape_1) ebaee2e1-06be-42c6-a7b1-de29475cc753:92:232
2026-10-04 18:53:50.150999 [V:onnxruntime:, session_state.cc:1385 VerifyEachNodeIsAssignedToAnEp]   MatMulNBits (/model/layers.9/self_attn/q_proj/MatMul_Q4) ebaee2e1-06be-42c6-a7b1-de29475cc753:92:232
2026-10-04 18:53:50.150999 [V:onnxruntime:, session_state.cc:1385 VerifyEachNodeIsAssignedToAnEp]   Reshape (/model/layers.9/self_attn/Reshape) ebaee2e1-06be-42c6-a7b1-de29475cc753:92:232
2026-10-04 18:53:50.151999 [V:onnxruntime:, session_state.cc:1385 VerifyEachNodeIsAssignedToAnEp]   Pow (/model/layers.9/self_attn/q_norm/Pow) ebaee2e1-06be-42c6-a7b1-de29475cc753:92:232
2026-10-04 18:53:50.151999 [V:onnxruntime:, session_state.cc:1385 VerifyEachNodeIsAssignedToAnEp]   ReduceMean (/model/layers.9/self_attn/q_norm/ReduceMean) ebaee2e1-06be-42c6-a7b1-de29475cc753:92:232
2026-10-04 18:53:50.151999 [V:onnxruntime:, session_state.cc:1385 VerifyEachNodeIsAssignedToAnEp]   Add (/model/layers.9/self_attn/q_norm/Add) ebaee2e1-06be-42c6-a7b1-de29475cc753:92:232
2026-10-04 18:53:50.151999 [V:onnxruntime:, session_state.cc:1385 VerifyEachNodeIsAssignedToAnEp]   Sqrt (/model/layers.9/self_attn/q_norm/Sqrt) ebaee2e1-06be-42c6-a7b1-de29475cc753:92:232
2026-10-04 18:53:50.151999 [V:onnxruntime:, session_state.cc:1385 VerifyEachNodeIsAssignedToAnEp]   Div (/model/layers.9/self_attn/q_norm/Div) ebaee2e1-06be-42c6-a7b1-de29475cc753:92:232
2026-10-04 18:53:50.152999 [V:onnxruntime:, session_state.cc:1385 VerifyEachNodeIsAssignedToAnEp]   Mul (/model/layers.9/self_attn/q_norm/Mul_1) ebaee2e1-06be-42c6-a7b1-de29475cc753:92:232
2026-10-04 18:53:50.152999 [V:onnxruntime:, session_state.cc:1385 VerifyEachNodeIsAssignedToAnEp]   Transpose (/model/layers.9/self_attn/Transpose) ebaee2e1-06be-42c6-a7b1-de29475cc753:92:232
2026-10-04 18:53:50.152999 [V:onnxruntime:, session_state.cc:1385 VerifyEachNodeIsAssignedToAnEp]   MatMulNBits (/model/layers.9/self_attn/k_proj/MatMul_Q4) ebaee2e1-06be-42c6-a7b1-de29475cc753:92:232
2026-10-04 18:53:50.152999 [V:onnxruntime:, session_state.cc:1385 VerifyEachNodeIsAssignedToAnEp]   Reshape (/model/layers.9/self_attn/Reshape_1) ebaee2e1-06be-42c6-a7b1-de29475cc753:92:232
2026-10-04 18:53:50.152999 [V:onnxruntime:, session_state.cc:1385 VerifyEachNodeIsAssignedToAnEp]   Pow (/model/layers.9/self_attn/k_norm/Pow) ebaee2e1-06be-42c6-a7b1-de29475cc753:92:232
2026-10-04 18:53:50.152999 [V:onnxruntime:, session_state.cc:1385 VerifyEachNodeIsAssignedToAnEp]   ReduceMean (/model/layers.9/self_attn/k_norm/ReduceMean) ebaee2e1-06be-42c6-a7b1-de29475cc753:92:232
2026-10-04 18:53:50.153998 [V:onnxruntime:, session_state.cc:1385 VerifyEachNodeIsAssignedToAnEp]   Add (/model/layers.9/self_attn/k_norm/Add) ebaee2e1-06be-42c6-a7b1-de29475cc753:92:232
2026-10-04 18:53:50.153998 [V:onnxruntime:, session_state.cc:1385 VerifyEachNodeIsAssignedToAnEp]   Sqrt (/model/layers.9/self_attn/k_norm/Sqrt) ebaee2e1-06be-42c6-a7b1-de29475cc753:92:232
2026-10-04 18:53:50.153998 [V:onnxruntime:, session_state.cc:1385 VerifyEachNodeIsAssignedToAnEp]   Div (/model/layers.9/self_attn/k_norm/Div) ebaee2e1-06be-42c6-a7b1-de29475cc753:92:232
2026-10-04 18:53:50.153998 [V:onnxruntime:, session_state.cc:1385 VerifyEachNodeIsAssignedToAnEp]   Mul (/model/layers.9/self_attn/k_norm/Mul_1) ebaee2e1-06be-42c6-a7b1-de29475cc753:92:232
2026-10-04 18:53:50.153998 [V:onnxruntime:, session_state.cc:1385 VerifyEachNodeIsAssignedToAnEp]   Transpose (/model/layers.9/self_attn/Transpose_1) ebaee2e1-06be-42c6-a7b1-de29475cc753:92:232
2026-10-04 18:53:50.154998 [V:onnxruntime:, session_state.cc:1385 VerifyEachNodeIsAssignedToAnEp]   MatMulNBits (/model/layers.9/self_attn/v_proj/MatMul_Q4) ebaee2e1-06be-42c6-a7b1-de29475cc753:92:232
2026-10-04 18:53:50.154998 [V:onnxruntime:, session_state.cc:1385 VerifyEachNodeIsAssignedToAnEp]   Reshape (/model/layers.9/self_attn/Reshape_2) ebaee2e1-06be-42c6-a7b1-de29475cc753:92:232
2026-10-04 18:53:50.154998 [V:onnxruntime:, session_state.cc:1385 VerifyEachNodeIsAssignedToAnEp]   Transpose (/model/layers.9/self_attn/Transpose_2) ebaee2e1-06be-42c6-a7b1-de29475cc753:92:232
2026-10-04 18:53:50.154998 [V:onnxruntime:, session_state.cc:1385 VerifyEachNodeIsAssignedToAnEp]   Mul (/model/layers.9/self_attn/Mul) ebaee2e1-06be-42c6-a7b1-de29475cc753:92:232
2026-10-04 18:53:50.154998 [V:onnxruntime:, session_state.cc:1385 VerifyEachNodeIsAssignedToAnEp]   Shape (/model/layers.9/self_attn/Shape_2) ebaee2e1-06be-42c6-a7b1-de29475cc753:92:232
2026-10-04 18:53:50.155999 [V:onnxruntime:, session_state.cc:1385 VerifyEachNodeIsAssignedToAnEp]   Slice (/model/layers.9/self_attn/Slice) ebaee2e1-06be-42c6-a7b1-de29475cc753:92:232
2026-10-04 18:53:50.155999 [V:onnxruntime:, session_state.cc:1385 VerifyEachNodeIsAssignedToAnEp]   Slice (/model/layers.9/self_attn/Slice_1) ebaee2e1-06be-42c6-a7b1-de29475cc753:92:232
2026-10-04 18:53:50.155999 [V:onnxruntime:, session_state.cc:1385 VerifyEachNodeIsAssignedToAnEp]   Neg (/model/layers.9/self_attn/Neg) ebaee2e1-06be-42c6-a7b1-de29475cc753:92:232
2026-10-04 18:53:50.155999 [V:onnxruntime:, session_state.cc:1385 VerifyEachNodeIsAssignedToAnEp]   Concat (/model/layers.9/self_attn/Concat_3) ebaee2e1-06be-42c6-a7b1-de29475cc753:92:232
2026-10-04 18:53:50.155999 [V:onnxruntime:, session_state.cc:1385 VerifyEachNodeIsAssignedToAnEp]   Mul (/model/layers.9/self_attn/Mul_1) ebaee2e1-06be-42c6-a7b1-de29475cc753:92:232
2026-10-04 18:53:50.155999 [V:onnxruntime:, session_state.cc:1385 VerifyEachNodeIsAssignedToAnEp]   Add (/model/layers.9/self_attn/Add) ebaee2e1-06be-42c6-a7b1-de29475cc753:92:232
2026-10-04 18:53:50.156999 [V:onnxruntime:, session_state.cc:1385 VerifyEachNodeIsAssignedToAnEp]   Mul (/model/layers.9/self_attn/Mul_2) ebaee2e1-06be-42c6-a7b1-de29475cc753:92:232
2026-10-04 18:53:50.156999 [V:onnxruntime:, session_state.cc:1385 VerifyEachNodeIsAssignedToAnEp]   Shape (/model/layers.9/self_attn/Shape_3) ebaee2e1-06be-42c6-a7b1-de29475cc753:92:232
2026-10-04 18:53:50.156999 [V:onnxruntime:, session_state.cc:1385 VerifyEachNodeIsAssignedToAnEp]   Slice (/model/layers.9/self_attn/Slice_2) ebaee2e1-06be-42c6-a7b1-de29475cc753:92:232
2026-10-04 18:53:50.156999 [V:onnxruntime:, session_state.cc:1385 VerifyEachNodeIsAssignedToAnEp]   Slice (/model/layers.9/self_attn/Slice_3) ebaee2e1-06be-42c6-a7b1-de29475cc753:92:232
2026-10-04 18:53:50.157998 [V:onnxruntime:, session_state.cc:1385 VerifyEachNodeIsAssignedToAnEp]   Neg (/model/layers.9/self_attn/Neg_1) ebaee2e1-06be-42c6-a7b1-de29475cc753:92:232
2026-10-04 18:53:50.157998 [V:onnxruntime:, session_state.cc:1385 VerifyEachNodeIsAssignedToAnEp]   Concat (/model/layers.9/self_attn/Concat_4) ebaee2e1-06be-42c6-a7b1-de29475cc753:92:232
2026-10-04 18:53:50.157998 [V:onnxruntime:, session_state.cc:1385 VerifyEachNodeIsAssignedToAnEp]   Mul (/model/layers.9/self_attn/Mul_3) ebaee2e1-06be-42c6-a7b1-de29475cc753:92:232
2026-10-04 18:53:50.157998 [V:onnxruntime:, session_state.cc:1385 VerifyEachNodeIsAssignedToAnEp]   Add (/model/layers.9/self_attn/Add_1) ebaee2e1-06be-42c6-a7b1-de29475cc753:92:232
2026-10-04 18:53:50.157998 [V:onnxruntime:, session_state.cc:1385 VerifyEachNodeIsAssignedToAnEp]   Concat (/model/layers.9/self_attn/Concat_5) ebaee2e1-06be-42c6-a7b1-de29475cc753:92:232
2026-10-04 18:53:50.157998 [V:onnxruntime:, session_state.cc:1385 VerifyEachNodeIsAssignedToAnEp]   Concat (/model/layers.9/self_attn/Concat_6) ebaee2e1-06be-42c6-a7b1-de29475cc753:92:232
2026-10-04 18:53:50.158999 [V:onnxruntime:, session_state.cc:1385 VerifyEachNodeIsAssignedToAnEp]   Shape (/model/layers.9/self_attn/Shape_7) ebaee2e1-06be-42c6-a7b1-de29475cc753:92:232
2026-10-04 18:53:50.158999 [V:onnxruntime:, session_state.cc:1385 VerifyEachNodeIsAssignedToAnEp]   Unsqueeze (/model/layers.9/self_attn/Unsqueeze_10) ebaee2e1-06be-42c6-a7b1-de29475cc753:92:232
2026-10-04 18:53:50.158999 [V:onnxruntime:, session_state.cc:1385 VerifyEachNodeIsAssignedToAnEp]   Expand (/model/layers.9/self_attn/Expand) ebaee2e1-06be-42c6-a7b1-de29475cc753:92:232
2026-10-04 18:53:50.158999 [V:onnxruntime:, session_state.cc:1385 VerifyEachNodeIsAssignedToAnEp]   Reshape (/model/layers.9/self_attn/Reshape_4) ebaee2e1-06be-42c6-a7b1-de29475cc753:92:232
2026-10-04 18:53:50.158999 [V:onnxruntime:, session_state.cc:1385 VerifyEachNodeIsAssignedToAnEp]   Shape (/model/layers.9/self_attn/Shape_12) ebaee2e1-06be-42c6-a7b1-de29475cc753:92:232
2026-10-04 18:53:50.159999 [V:onnxruntime:, session_state.cc:1385 VerifyEachNodeIsAssignedToAnEp]   Unsqueeze (/model/layers.9/self_attn/Unsqueeze_19) ebaee2e1-06be-42c6-a7b1-de29475cc753:92:232
2026-10-04 18:53:50.159999 [V:onnxruntime:, session_state.cc:1385 VerifyEachNodeIsAssignedToAnEp]   Expand (/model/layers.9/self_attn/Expand_1) ebaee2e1-06be-42c6-a7b1-de29475cc753:92:232
2026-10-04 18:53:50.159999 [V:onnxruntime:, session_state.cc:1385 VerifyEachNodeIsAssignedToAnEp]   Reshape (/model/layers.9/self_attn/Reshape_6) ebaee2e1-06be-42c6-a7b1-de29475cc753:92:232
2026-10-04 18:53:50.160999 [V:onnxruntime:, session_state.cc:1385 VerifyEachNodeIsAssignedToAnEp]   Shape (/model/layers.9/self_attn/Shape_14) ebaee2e1-06be-42c6-a7b1-de29475cc753:92:232
2026-10-04 18:53:50.160999 [V:onnxruntime:, session_state.cc:1385 VerifyEachNodeIsAssignedToAnEp]   Transpose (/model/layers.9/self_attn/Transpose_3) ebaee2e1-06be-42c6-a7b1-de29475cc753:92:232
2026-10-04 18:53:50.160999 [V:onnxruntime:, session_state.cc:1385 VerifyEachNodeIsAssignedToAnEp]   Mul (/model/layers.9/self_attn/Mul_8) ebaee2e1-06be-42c6-a7b1-de29475cc753:92:232
2026-10-04 18:53:50.160999 [V:onnxruntime:, session_state.cc:1385 VerifyEachNodeIsAssignedToAnEp]   Mul (/model/layers.9/self_attn/Mul_9) ebaee2e1-06be-42c6-a7b1-de29475cc753:92:232
2026-10-04 18:53:50.161998 [V:onnxruntime:, session_state.cc:1385 VerifyEachNodeIsAssignedToAnEp]   MatMul (/model/layers.9/self_attn/MatMul) ebaee2e1-06be-42c6-a7b1-de29475cc753:92:232
2026-10-04 18:53:50.162998 [V:onnxruntime:, session_state.cc:1385 VerifyEachNodeIsAssignedToAnEp]   Where (/model/layers.9/self_attn/Where_2) ebaee2e1-06be-42c6-a7b1-de29475cc753:92:232
2026-10-04 18:53:50.163999 [V:onnxruntime:, session_state.cc:1385 VerifyEachNodeIsAssignedToAnEp]   Add (/model/layers.9/self_attn/Add_2) ebaee2e1-06be-42c6-a7b1-de29475cc753:92:232
2026-10-04 18:53:50.163999 [V:onnxruntime:, session_state.cc:1385 VerifyEachNodeIsAssignedToAnEp]   Softmax (/model/layers.9/self_attn/Softmax) ebaee2e1-06be-42c6-a7b1-de29475cc753:92:232
2026-10-04 18:53:50.164999 [V:onnxruntime:, session_state.cc:1385 VerifyEachNodeIsAssignedToAnEp]   Where (/model/layers.9/self_attn/Where_3) ebaee2e1-06be-42c6-a7b1-de29475cc753:92:232
2026-10-04 18:53:50.164999 [V:onnxruntime:, session_state.cc:1385 VerifyEachNodeIsAssignedToAnEp]   MatMul (/model/layers.9/self_attn/MatMul_1) ebaee2e1-06be-42c6-a7b1-de29475cc753:92:232
2026-10-04 18:53:50.164999 [V:onnxruntime:, session_state.cc:1385 VerifyEachNodeIsAssignedToAnEp]   Transpose (/model/layers.9/self_attn/Transpose_4) ebaee2e1-06be-42c6-a7b1-de29475cc753:92:232
2026-10-04 18:53:50.165998 [V:onnxruntime:, session_state.cc:1385 VerifyEachNodeIsAssignedToAnEp]   Reshape (/model/layers.9/self_attn/Reshape_7) ebaee2e1-06be-42c6-a7b1-de29475cc753:92:232
2026-10-04 18:53:50.165998 [V:onnxruntime:, session_state.cc:1385 VerifyEachNodeIsAssignedToAnEp]   MatMulNBits (/model/layers.9/self_attn/o_proj/MatMul_Q4) ebaee2e1-06be-42c6-a7b1-de29475cc753:92:232
2026-10-04 18:53:50.165998 [V:onnxruntime:, session_state.cc:1385 VerifyEachNodeIsAssignedToAnEp]   Add (/model/layers.9/Add) ebaee2e1-06be-42c6-a7b1-de29475cc753:92:232
2026-10-04 18:53:50.165998 [V:onnxruntime:, session_state.cc:1385 VerifyEachNodeIsAssignedToAnEp]   Pow (/model/layers.9/post_attention_layernorm/Pow) ebaee2e1-06be-42c6-a7b1-de29475cc753:92:232
2026-10-04 18:53:50.165998 [V:onnxruntime:, session_state.cc:1385 VerifyEachNodeIsAssignedToAnEp]   ReduceMean (/model/layers.9/post_attention_layernorm/ReduceMean) ebaee2e1-06be-42c6-a7b1-de29475cc753:92:232
2026-10-04 18:53:50.166999 [V:onnxruntime:, session_state.cc:1385 VerifyEachNodeIsAssignedToAnEp]   Add (/model/layers.9/post_attention_layernorm/Add) ebaee2e1-06be-42c6-a7b1-de29475cc753:92:232
2026-10-04 18:53:50.166999 [V:onnxruntime:, session_state.cc:1385 VerifyEachNodeIsAssignedToAnEp]   Sqrt (/model/layers.9/post_attention_layernorm/Sqrt) ebaee2e1-06be-42c6-a7b1-de29475cc753:92:232
2026-10-04 18:53:50.166999 [V:onnxruntime:, session_state.cc:1385 VerifyEachNodeIsAssignedToAnEp]   Div (/model/layers.9/post_attention_layernorm/Div) ebaee2e1-06be-42c6-a7b1-de29475cc753:92:232
2026-10-04 18:53:50.167999 [V:onnxruntime:, session_state.cc:1385 VerifyEachNodeIsAssignedToAnEp]   Mul (/model/layers.9/post_attention_layernorm/Mul_1) ebaee2e1-06be-42c6-a7b1-de29475cc753:92:232
2026-10-04 18:53:50.167999 [V:onnxruntime:, session_state.cc:1385 VerifyEachNodeIsAssignedToAnEp]   MatMulNBits (/model/layers.9/mlp/gate_proj/MatMul_Q4) ebaee2e1-06be-42c6-a7b1-de29475cc753:92:232
2026-10-04 18:53:50.168999 [V:onnxruntime:, session_state.cc:1385 VerifyEachNodeIsAssignedToAnEp]   MatMulNBits (/model/layers.9/mlp/up_proj/MatMul_Q4) ebaee2e1-06be-42c6-a7b1-de29475cc753:92:232
2026-10-04 18:53:50.168999 [V:onnxruntime:, session_state.cc:1385 VerifyEachNodeIsAssignedToAnEp]   Mul (/model/layers.9/mlp/Mul) ebaee2e1-06be-42c6-a7b1-de29475cc753:92:232
2026-10-04 18:53:50.168999 [V:onnxruntime:, session_state.cc:1385 VerifyEachNodeIsAssignedToAnEp]   MatMulNBits (/model/layers.9/mlp/down_proj/MatMul_Q4) ebaee2e1-06be-42c6-a7b1-de29475cc753:92:232
2026-10-04 18:53:50.169998 [V:onnxruntime:, session_state.cc:1385 VerifyEachNodeIsAssignedToAnEp]   Add (/model/layers.9/Add_1) ebaee2e1-06be-42c6-a7b1-de29475cc753:92:232
2026-10-04 18:53:50.169998 [V:onnxruntime:, session_state.cc:1385 VerifyEachNodeIsAssignedToAnEp]   Pow (/model/layers.10/input_layernorm/Pow) ebaee2e1-06be-42c6-a7b1-de29475cc753:92:232
2026-10-04 18:53:50.169998 [V:onnxruntime:, session_state.cc:1385 VerifyEachNodeIsAssignedToAnEp]   ReduceMean (/model/layers.10/input_layernorm/ReduceMean) ebaee2e1-06be-42c6-a7b1-de29475cc753:92:232
2026-10-04 18:53:50.169998 [V:onnxruntime:, session_state.cc:1385 VerifyEachNodeIsAssignedToAnEp]   Add (/model/layers.10/input_layernorm/Add) ebaee2e1-06be-42c6-a7b1-de29475cc753:92:232
2026-10-04 18:53:50.169998 [V:onnxruntime:, session_state.cc:1385 VerifyEachNodeIsAssignedToAnEp]   Sqrt (/model/layers.10/input_layernorm/Sqrt) ebaee2e1-06be-42c6-a7b1-de29475cc753:92:232
2026-10-04 18:53:50.170998 [V:onnxruntime:, session_state.cc:1385 VerifyEachNodeIsAssignedToAnEp]   Div (/model/layers.10/input_layernorm/Div) ebaee2e1-06be-42c6-a7b1-de29475cc753:92:232
2026-10-04 18:53:50.170998 [V:onnxruntime:, session_state.cc:1385 VerifyEachNodeIsAssignedToAnEp]   Mul (/model/layers.10/input_layernorm/Mul_1) ebaee2e1-06be-42c6-a7b1-de29475cc753:92:232
2026-10-04 18:53:50.170998 [V:onnxruntime:, session_state.cc:1385 VerifyEachNodeIsAssignedToAnEp]   Shape (/model/layers.10/self_attn/Shape_1) ebaee2e1-06be-42c6-a7b1-de29475cc753:92:232
2026-10-04 18:53:50.170998 [V:onnxruntime:, session_state.cc:1385 VerifyEachNodeIsAssignedToAnEp]   MatMulNBits (/model/layers.10/self_attn/q_proj/MatMul_Q4) ebaee2e1-06be-42c6-a7b1-de29475cc753:92:232
2026-10-04 18:53:50.171999 [V:onnxruntime:, session_state.cc:1385 VerifyEachNodeIsAssignedToAnEp]   Reshape (/model/layers.10/self_attn/Reshape) ebaee2e1-06be-42c6-a7b1-de29475cc753:92:232
2026-10-04 18:53:50.171999 [V:onnxruntime:, session_state.cc:1385 VerifyEachNodeIsAssignedToAnEp]   Pow (/model/layers.10/self_attn/q_norm/Pow) ebaee2e1-06be-42c6-a7b1-de29475cc753:92:232
2026-10-04 18:53:50.171999 [V:onnxruntime:, session_state.cc:1385 VerifyEachNodeIsAssignedToAnEp]   ReduceMean (/model/layers.10/self_attn/q_norm/ReduceMean) ebaee2e1-06be-42c6-a7b1-de29475cc753:92:232
2026-10-04 18:53:50.171999 [V:onnxruntime:, session_state.cc:1385 VerifyEachNodeIsAssignedToAnEp]   Add (/model/layers.10/self_attn/q_norm/Add) ebaee2e1-06be-42c6-a7b1-de29475cc753:92:232
2026-10-04 18:53:50.172999 [V:onnxruntime:, session_state.cc:1385 VerifyEachNodeIsAssignedToAnEp]   Sqrt (/model/layers.10/self_attn/q_norm/Sqrt) ebaee2e1-06be-42c6-a7b1-de29475cc753:92:232
2026-10-04 18:53:50.172999 [V:onnxruntime:, session_state.cc:1385 VerifyEachNodeIsAssignedToAnEp]   Div (/model/layers.10/self_attn/q_norm/Div) ebaee2e1-06be-42c6-a7b1-de29475cc753:92:232
2026-10-04 18:53:50.172999 [V:onnxruntime:, session_state.cc:1385 VerifyEachNodeIsAssignedToAnEp]   Mul (/model/layers.10/self_attn/q_norm/Mul_1) ebaee2e1-06be-42c6-a7b1-de29475cc753:92:232
2026-10-04 18:53:50.172999 [V:onnxruntime:, session_state.cc:1385 VerifyEachNodeIsAssignedToAnEp]   Transpose (/model/layers.10/self_attn/Transpose) ebaee2e1-06be-42c6-a7b1-de29475cc753:92:232
2026-10-04 18:53:50.173998 [V:onnxruntime:, session_state.cc:1385 VerifyEachNodeIsAssignedToAnEp]   MatMulNBits (/model/layers.10/self_attn/k_proj/MatMul_Q4) ebaee2e1-06be-42c6-a7b1-de29475cc753:92:232
2026-10-04 18:53:50.173998 [V:onnxruntime:, session_state.cc:1385 VerifyEachNodeIsAssignedToAnEp]   Reshape (/model/layers.10/self_attn/Reshape_1) ebaee2e1-06be-42c6-a7b1-de29475cc753:92:232
2026-10-04 18:53:50.173998 [V:onnxruntime:, session_state.cc:1385 VerifyEachNodeIsAssignedToAnEp]   Pow (/model/layers.10/self_attn/k_norm/Pow) ebaee2e1-06be-42c6-a7b1-de29475cc753:92:232
2026-10-04 18:53:50.173998 [V:onnxruntime:, session_state.cc:1385 VerifyEachNodeIsAssignedToAnEp]   ReduceMean (/model/layers.10/self_attn/k_norm/ReduceMean) ebaee2e1-06be-42c6-a7b1-de29475cc753:92:232
2026-10-04 18:53:50.174999 [V:onnxruntime:, session_state.cc:1385 VerifyEachNodeIsAssignedToAnEp]   Add (/model/layers.10/self_attn/k_norm/Add) ebaee2e1-06be-42c6-a7b1-de29475cc753:92:232
2026-10-04 18:53:50.174999 [V:onnxruntime:, session_state.cc:1385 VerifyEachNodeIsAssignedToAnEp]   Sqrt (/model/layers.10/self_attn/k_norm/Sqrt) ebaee2e1-06be-42c6-a7b1-de29475cc753:92:232
2026-10-04 18:53:50.174999 [V:onnxruntime:, session_state.cc:1385 VerifyEachNodeIsAssignedToAnEp]   Div (/model/layers.10/self_attn/k_norm/Div) ebaee2e1-06be-42c6-a7b1-de29475cc753:92:232
2026-10-04 18:53:50.175999 [V:onnxruntime:, session_state.cc:1385 VerifyEachNodeIsAssignedToAnEp]   Mul (/model/layers.10/self_attn/k_norm/Mul_1) ebaee2e1-06be-42c6-a7b1-de29475cc753:92:232
2026-10-04 18:53:50.176999 [V:onnxruntime:, session_state.cc:1385 VerifyEachNodeIsAssignedToAnEp]   Transpose (/model/layers.10/self_attn/Transpose_1) ebaee2e1-06be-42c6-a7b1-de29475cc753:92:232
2026-10-04 18:53:50.177998 [V:onnxruntime:, session_state.cc:1385 VerifyEachNodeIsAssignedToAnEp]   MatMulNBits (/model/layers.10/self_attn/v_proj/MatMul_Q4) ebaee2e1-06be-42c6-a7b1-de29475cc753:92:232
2026-10-04 18:53:50.178998 [V:onnxruntime:, session_state.cc:1385 VerifyEachNodeIsAssignedToAnEp]   Reshape (/model/layers.10/self_attn/Reshape_2) ebaee2e1-06be-42c6-a7b1-de29475cc753:92:232
2026-10-04 18:53:50.178998 [V:onnxruntime:, session_state.cc:1385 VerifyEachNodeIsAssignedToAnEp]   Transpose (/model/layers.10/self_attn/Transpose_2) ebaee2e1-06be-42c6-a7b1-de29475cc753:92:232
2026-10-04 18:53:50.179999 [V:onnxruntime:, session_state.cc:1385 VerifyEachNodeIsAssignedToAnEp]   Mul (/model/layers.10/self_attn/Mul) ebaee2e1-06be-42c6-a7b1-de29475cc753:92:232
2026-10-04 18:53:50.180999 [V:onnxruntime:, session_state.cc:1385 VerifyEachNodeIsAssignedToAnEp]   Shape (/model/layers.10/self_attn/Shape_2) ebaee2e1-06be-42c6-a7b1-de29475cc753:92:232
2026-10-04 18:53:50.181998 [V:onnxruntime:, session_state.cc:1385 VerifyEachNodeIsAssignedToAnEp]   Slice (/model/layers.10/self_attn/Slice) ebaee2e1-06be-42c6-a7b1-de29475cc753:92:232
2026-10-04 18:53:50.182999 [V:onnxruntime:, session_state.cc:1385 VerifyEachNodeIsAssignedToAnEp]   Slice (/model/layers.10/self_attn/Slice_1) ebaee2e1-06be-42c6-a7b1-de29475cc753:92:232
2026-10-04 18:53:50.183999 [V:onnxruntime:, session_state.cc:1385 VerifyEachNodeIsAssignedToAnEp]   Neg (/model/layers.10/self_attn/Neg) ebaee2e1-06be-42c6-a7b1-de29475cc753:92:232
2026-10-04 18:53:50.183999 [V:onnxruntime:, session_state.cc:1385 VerifyEachNodeIsAssignedToAnEp]   Concat (/model/layers.10/self_attn/Concat_3) ebaee2e1-06be-42c6-a7b1-de29475cc753:92:232
2026-10-04 18:53:50.184999 [V:onnxruntime:, session_state.cc:1385 VerifyEachNodeIsAssignedToAnEp]   Mul (/model/layers.10/self_attn/Mul_1) ebaee2e1-06be-42c6-a7b1-de29475cc753:92:232
2026-10-04 18:53:50.184999 [V:onnxruntime:, session_state.cc:1385 VerifyEachNodeIsAssignedToAnEp]   Add (/model/layers.10/self_attn/Add) ebaee2e1-06be-42c6-a7b1-de29475cc753:92:232
2026-10-04 18:53:50.185998 [V:onnxruntime:, session_state.cc:1385 VerifyEachNodeIsAssignedToAnEp]   Mul (/model/layers.10/self_attn/Mul_2) ebaee2e1-06be-42c6-a7b1-de29475cc753:92:232
2026-10-04 18:53:50.185998 [V:onnxruntime:, session_state.cc:1385 VerifyEachNodeIsAssignedToAnEp]   Shape (/model/layers.10/self_attn/Shape_3) ebaee2e1-06be-42c6-a7b1-de29475cc753:92:232
2026-10-04 18:53:50.185998 [V:onnxruntime:, session_state.cc:1385 VerifyEachNodeIsAssignedToAnEp]   Slice (/model/layers.10/self_attn/Slice_2) ebaee2e1-06be-42c6-a7b1-de29475cc753:92:232
2026-10-04 18:53:50.186998 [V:onnxruntime:, session_state.cc:1385 VerifyEachNodeIsAssignedToAnEp]   Slice (/model/layers.10/self_attn/Slice_3) ebaee2e1-06be-42c6-a7b1-de29475cc753:92:232
2026-10-04 18:53:50.200999 [V:onnxruntime:, session_state.cc:1385 VerifyEachNodeIsAssignedToAnEp]   Neg (/model/layers.10/self_attn/Neg_1) ebaee2e1-06be-42c6-a7b1-de29475cc753:92:232
2026-10-04 18:53:50.201998 [V:onnxruntime:, session_state.cc:1385 VerifyEachNodeIsAssignedToAnEp]   Concat (/model/layers.10/self_attn/Concat_4) ebaee2e1-06be-42c6-a7b1-de29475cc753:92:232
2026-10-04 18:53:50.201998 [V:onnxruntime:, session_state.cc:1385 VerifyEachNodeIsAssignedToAnEp]   Mul (/model/layers.10/self_attn/Mul_3) ebaee2e1-06be-42c6-a7b1-de29475cc753:92:232
2026-10-04 18:53:50.201998 [V:onnxruntime:, session_state.cc:1385 VerifyEachNodeIsAssignedToAnEp]   Add (/model/layers.10/self_attn/Add_1) ebaee2e1-06be-42c6-a7b1-de29475cc753:92:232
2026-10-04 18:53:50.201998 [V:onnxruntime:, session_state.cc:1385 VerifyEachNodeIsAssignedToAnEp]   Concat (/model/layers.10/self_attn/Concat_5) ebaee2e1-06be-42c6-a7b1-de29475cc753:92:232
2026-10-04 18:53:50.201998 [V:onnxruntime:, session_state.cc:1385 VerifyEachNodeIsAssignedToAnEp]   Concat (/model/layers.10/self_attn/Concat_6) ebaee2e1-06be-42c6-a7b1-de29475cc753:92:232
2026-10-04 18:53:50.202998 [V:onnxruntime:, session_state.cc:1385 VerifyEachNodeIsAssignedToAnEp]   Shape (/model/layers.10/self_attn/Shape_7) ebaee2e1-06be-42c6-a7b1-de29475cc753:92:232
2026-10-04 18:53:50.202998 [V:onnxruntime:, session_state.cc:1385 VerifyEachNodeIsAssignedToAnEp]   Unsqueeze (/model/layers.10/self_attn/Unsqueeze_10) ebaee2e1-06be-42c6-a7b1-de29475cc753:92:232
2026-10-04 18:53:50.202998 [V:onnxruntime:, session_state.cc:1385 VerifyEachNodeIsAssignedToAnEp]   Expand (/model/layers.10/self_attn/Expand) ebaee2e1-06be-42c6-a7b1-de29475cc753:92:232
2026-10-04 18:53:50.202998 [V:onnxruntime:, session_state.cc:1385 VerifyEachNodeIsAssignedToAnEp]   Reshape (/model/layers.10/self_attn/Reshape_4) ebaee2e1-06be-42c6-a7b1-de29475cc753:92:232
2026-10-04 18:53:50.202998 [V:onnxruntime:, session_state.cc:1385 VerifyEachNodeIsAssignedToAnEp]   Shape (/model/layers.10/self_attn/Shape_12) ebaee2e1-06be-42c6-a7b1-de29475cc753:92:232
2026-10-04 18:53:50.203999 [V:onnxruntime:, session_state.cc:1385 VerifyEachNodeIsAssignedToAnEp]   Unsqueeze (/model/layers.10/self_attn/Unsqueeze_19) ebaee2e1-06be-42c6-a7b1-de29475cc753:92:232
2026-10-04 18:53:50.203999 [V:onnxruntime:, session_state.cc:1385 VerifyEachNodeIsAssignedToAnEp]   Expand (/model/layers.10/self_attn/Expand_1) ebaee2e1-06be-42c6-a7b1-de29475cc753:92:232
2026-10-04 18:53:50.203999 [V:onnxruntime:, session_state.cc:1385 VerifyEachNodeIsAssignedToAnEp]   Reshape (/model/layers.10/self_attn/Reshape_6) ebaee2e1-06be-42c6-a7b1-de29475cc753:92:232
2026-10-04 18:53:50.203999 [V:onnxruntime:, session_state.cc:1385 VerifyEachNodeIsAssignedToAnEp]   Shape (/model/layers.10/self_attn/Shape_14) ebaee2e1-06be-42c6-a7b1-de29475cc753:92:232
2026-10-04 18:53:50.204999 [V:onnxruntime:, session_state.cc:1385 VerifyEachNodeIsAssignedToAnEp]   Transpose (/model/layers.10/self_attn/Transpose_3) ebaee2e1-06be-42c6-a7b1-de29475cc753:92:232
2026-10-04 18:53:50.204999 [V:onnxruntime:, session_state.cc:1385 VerifyEachNodeIsAssignedToAnEp]   Mul (/model/layers.10/self_attn/Mul_8) ebaee2e1-06be-42c6-a7b1-de29475cc753:92:232
2026-10-04 18:53:50.204999 [V:onnxruntime:, session_state.cc:1385 VerifyEachNodeIsAssignedToAnEp]   Mul (/model/layers.10/self_attn/Mul_9) ebaee2e1-06be-42c6-a7b1-de29475cc753:92:232
2026-10-04 18:53:50.204999 [V:onnxruntime:, session_state.cc:1385 VerifyEachNodeIsAssignedToAnEp]   MatMul (/model/layers.10/self_attn/MatMul) ebaee2e1-06be-42c6-a7b1-de29475cc753:92:232
2026-10-04 18:53:50.205998 [V:onnxruntime:, session_state.cc:1385 VerifyEachNodeIsAssignedToAnEp]   Where (/model/layers.10/self_attn/Where_2) ebaee2e1-06be-42c6-a7b1-de29475cc753:92:232
2026-10-04 18:53:50.205998 [V:onnxruntime:, session_state.cc:1385 VerifyEachNodeIsAssignedToAnEp]   Add (/model/layers.10/self_attn/Add_2) ebaee2e1-06be-42c6-a7b1-de29475cc753:92:232
2026-10-04 18:53:50.205998 [V:onnxruntime:, session_state.cc:1385 VerifyEachNodeIsAssignedToAnEp]   Softmax (/model/layers.10/self_attn/Softmax) ebaee2e1-06be-42c6-a7b1-de29475cc753:92:232
2026-10-04 18:53:50.205998 [V:onnxruntime:, session_state.cc:1385 VerifyEachNodeIsAssignedToAnEp]   Where (/model/layers.10/self_attn/Where_3) ebaee2e1-06be-42c6-a7b1-de29475cc753:92:232
2026-10-04 18:53:50.205998 [V:onnxruntime:, session_state.cc:1385 VerifyEachNodeIsAssignedToAnEp]   MatMul (/model/layers.10/self_attn/MatMul_1) ebaee2e1-06be-42c6-a7b1-de29475cc753:92:232
2026-10-04 18:53:50.206999 [V:onnxruntime:, session_state.cc:1385 VerifyEachNodeIsAssignedToAnEp]   Transpose (/model/layers.10/self_attn/Transpose_4) ebaee2e1-06be-42c6-a7b1-de29475cc753:92:232
2026-10-04 18:53:50.206999 [V:onnxruntime:, session_state.cc:1385 VerifyEachNodeIsAssignedToAnEp]   Reshape (/model/layers.10/self_attn/Reshape_7) ebaee2e1-06be-42c6-a7b1-de29475cc753:92:232
2026-10-04 18:53:50.206999 [V:onnxruntime:, session_state.cc:1385 VerifyEachNodeIsAssignedToAnEp]   MatMulNBits (/model/layers.10/self_attn/o_proj/MatMul_Q4) ebaee2e1-06be-42c6-a7b1-de29475cc753:92:232
2026-10-04 18:53:50.206999 [V:onnxruntime:, session_state.cc:1385 VerifyEachNodeIsAssignedToAnEp]   Add (/model/layers.10/Add) ebaee2e1-06be-42c6-a7b1-de29475cc753:92:232
2026-10-04 18:53:50.206999 [V:onnxruntime:, session_state.cc:1385 VerifyEachNodeIsAssignedToAnEp]   Pow (/model/layers.10/post_attention_layernorm/Pow) ebaee2e1-06be-42c6-a7b1-de29475cc753:92:232
2026-10-04 18:53:50.207999 [V:onnxruntime:, session_state.cc:1385 VerifyEachNodeIsAssignedToAnEp]   ReduceMean (/model/layers.10/post_attention_layernorm/ReduceMean) ebaee2e1-06be-42c6-a7b1-de29475cc753:92:232
2026-10-04 18:53:50.207999 [V:onnxruntime:, session_state.cc:1385 VerifyEachNodeIsAssignedToAnEp]   Add (/model/layers.10/post_attention_layernorm/Add) ebaee2e1-06be-42c6-a7b1-de29475cc753:92:232
2026-10-04 18:53:50.207999 [V:onnxruntime:, session_state.cc:1385 VerifyEachNodeIsAssignedToAnEp]   Sqrt (/model/layers.10/post_attention_layernorm/Sqrt) ebaee2e1-06be-42c6-a7b1-de29475cc753:92:232
2026-10-04 18:53:50.207999 [V:onnxruntime:, session_state.cc:1385 VerifyEachNodeIsAssignedToAnEp]   Div (/model/layers.10/post_attention_layernorm/Div) ebaee2e1-06be-42c6-a7b1-de29475cc753:92:232
2026-10-04 18:53:50.207999 [V:onnxruntime:, session_state.cc:1385 VerifyEachNodeIsAssignedToAnEp]   Mul (/model/layers.10/post_attention_layernorm/Mul_1) ebaee2e1-06be-42c6-a7b1-de29475cc753:92:232
2026-10-04 18:53:50.208999 [V:onnxruntime:, session_state.cc:1385 VerifyEachNodeIsAssignedToAnEp]   MatMulNBits (/model/layers.10/mlp/gate_proj/MatMul_Q4) ebaee2e1-06be-42c6-a7b1-de29475cc753:92:232
2026-10-04 18:53:50.208999 [V:onnxruntime:, session_state.cc:1385 VerifyEachNodeIsAssignedToAnEp]   MatMulNBits (/model/layers.10/mlp/up_proj/MatMul_Q4) ebaee2e1-06be-42c6-a7b1-de29475cc753:92:232
2026-10-04 18:53:50.208999 [V:onnxruntime:, session_state.cc:1385 VerifyEachNodeIsAssignedToAnEp]   Mul (/model/layers.10/mlp/Mul) ebaee2e1-06be-42c6-a7b1-de29475cc753:92:232
2026-10-04 18:53:50.208999 [V:onnxruntime:, session_state.cc:1385 VerifyEachNodeIsAssignedToAnEp]   MatMulNBits (/model/layers.10/mlp/down_proj/MatMul_Q4) ebaee2e1-06be-42c6-a7b1-de29475cc753:92:232
2026-10-04 18:53:50.208999 [V:onnxruntime:, session_state.cc:1385 VerifyEachNodeIsAssignedToAnEp]   Add (/model/layers.10/Add_1) ebaee2e1-06be-42c6-a7b1-de29475cc753:92:232
2026-10-04 18:53:50.209998 [V:onnxruntime:, session_state.cc:1385 VerifyEachNodeIsAssignedToAnEp]   Pow (/model/layers.11/input_layernorm/Pow) ebaee2e1-06be-42c6-a7b1-de29475cc753:92:232
2026-10-04 18:53:50.209998 [V:onnxruntime:, session_state.cc:1385 VerifyEachNodeIsAssignedToAnEp]   ReduceMean (/model/layers.11/input_layernorm/ReduceMean) ebaee2e1-06be-42c6-a7b1-de29475cc753:92:232
2026-10-04 18:53:50.209998 [V:onnxruntime:, session_state.cc:1385 VerifyEachNodeIsAssignedToAnEp]   Add (/model/layers.11/input_layernorm/Add) ebaee2e1-06be-42c6-a7b1-de29475cc753:92:232
2026-10-04 18:53:50.210998 [V:onnxruntime:, session_state.cc:1385 VerifyEachNodeIsAssignedToAnEp]   Sqrt (/model/layers.11/input_layernorm/Sqrt) ebaee2e1-06be-42c6-a7b1-de29475cc753:92:232
2026-10-04 18:53:50.210998 [V:onnxruntime:, session_state.cc:1385 VerifyEachNodeIsAssignedToAnEp]   Div (/model/layers.11/input_layernorm/Div) ebaee2e1-06be-42c6-a7b1-de29475cc753:92:232
2026-10-04 18:53:50.210998 [V:onnxruntime:, session_state.cc:1385 VerifyEachNodeIsAssignedToAnEp]   Mul (/model/layers.11/input_layernorm/Mul_1) ebaee2e1-06be-42c6-a7b1-de29475cc753:92:232
2026-10-04 18:53:50.211999 [V:onnxruntime:, session_state.cc:1385 VerifyEachNodeIsAssignedToAnEp]   Shape (/model/layers.11/self_attn/Shape_1) ebaee2e1-06be-42c6-a7b1-de29475cc753:92:232
2026-10-04 18:53:50.211999 [V:onnxruntime:, session_state.cc:1385 VerifyEachNodeIsAssignedToAnEp]   MatMulNBits (/model/layers.11/self_attn/q_proj/MatMul_Q4) ebaee2e1-06be-42c6-a7b1-de29475cc753:92:232
2026-10-04 18:53:50.212999 [V:onnxruntime:, session_state.cc:1385 VerifyEachNodeIsAssignedToAnEp]   Reshape (/model/layers.11/self_attn/Reshape) ebaee2e1-06be-42c6-a7b1-de29475cc753:92:232
2026-10-04 18:53:50.213998 [V:onnxruntime:, session_state.cc:1385 VerifyEachNodeIsAssignedToAnEp]   Pow (/model/layers.11/self_attn/q_norm/Pow) ebaee2e1-06be-42c6-a7b1-de29475cc753:92:232
2026-10-04 18:53:50.213998 [V:onnxruntime:, session_state.cc:1385 VerifyEachNodeIsAssignedToAnEp]   ReduceMean (/model/layers.11/self_attn/q_norm/ReduceMean) ebaee2e1-06be-42c6-a7b1-de29475cc753:92:232
2026-10-04 18:53:50.214999 [V:onnxruntime:, session_state.cc:1385 VerifyEachNodeIsAssignedToAnEp]   Add (/model/layers.11/self_attn/q_norm/Add) ebaee2e1-06be-42c6-a7b1-de29475cc753:92:232
2026-10-04 18:53:50.215999 [V:onnxruntime:, session_state.cc:1385 VerifyEachNodeIsAssignedToAnEp]   Sqrt (/model/layers.11/self_attn/q_norm/Sqrt) ebaee2e1-06be-42c6-a7b1-de29475cc753:92:232
2026-10-04 18:53:50.215999 [V:onnxruntime:, session_state.cc:1385 VerifyEachNodeIsAssignedToAnEp]   Div (/model/layers.11/self_attn/q_norm/Div) ebaee2e1-06be-42c6-a7b1-de29475cc753:92:232
2026-10-04 18:53:50.215999 [V:onnxruntime:, session_state.cc:1385 VerifyEachNodeIsAssignedToAnEp]   Mul (/model/layers.11/self_attn/q_norm/Mul_1) ebaee2e1-06be-42c6-a7b1-de29475cc753:92:232
2026-10-04 18:53:50.215999 [V:onnxruntime:, session_state.cc:1385 VerifyEachNodeIsAssignedToAnEp]   Transpose (/model/layers.11/self_attn/Transpose) ebaee2e1-06be-42c6-a7b1-de29475cc753:92:232
2026-10-04 18:53:50.216999 [V:onnxruntime:, session_state.cc:1385 VerifyEachNodeIsAssignedToAnEp]   MatMulNBits (/model/layers.11/self_attn/k_proj/MatMul_Q4) ebaee2e1-06be-42c6-a7b1-de29475cc753:92:232
2026-10-04 18:53:50.216999 [V:onnxruntime:, session_state.cc:1385 VerifyEachNodeIsAssignedToAnEp]   Reshape (/model/layers.11/self_attn/Reshape_1) ebaee2e1-06be-42c6-a7b1-de29475cc753:92:232
2026-10-04 18:53:50.216999 [V:onnxruntime:, session_state.cc:1385 VerifyEachNodeIsAssignedToAnEp]   Pow (/model/layers.11/self_attn/k_norm/Pow) ebaee2e1-06be-42c6-a7b1-de29475cc753:92:232
2026-10-04 18:53:50.216999 [V:onnxruntime:, session_state.cc:1385 VerifyEachNodeIsAssignedToAnEp]   ReduceMean (/model/layers.11/self_attn/k_norm/ReduceMean) ebaee2e1-06be-42c6-a7b1-de29475cc753:92:232
2026-10-04 18:53:50.217998 [V:onnxruntime:, session_state.cc:1385 VerifyEachNodeIsAssignedToAnEp]   Add (/model/layers.11/self_attn/k_norm/Add) ebaee2e1-06be-42c6-a7b1-de29475cc753:92:232
2026-10-04 18:53:50.217998 [V:onnxruntime:, session_state.cc:1385 VerifyEachNodeIsAssignedToAnEp]   Sqrt (/model/layers.11/self_attn/k_norm/Sqrt) ebaee2e1-06be-42c6-a7b1-de29475cc753:92:232
2026-10-04 18:53:50.217998 [V:onnxruntime:, session_state.cc:1385 VerifyEachNodeIsAssignedToAnEp]   Div (/model/layers.11/self_attn/k_norm/Div) ebaee2e1-06be-42c6-a7b1-de29475cc753:92:232
2026-10-04 18:53:50.217998 [V:onnxruntime:, session_state.cc:1385 VerifyEachNodeIsAssignedToAnEp]   Mul (/model/layers.11/self_attn/k_norm/Mul_1) ebaee2e1-06be-42c6-a7b1-de29475cc753:92:232
2026-10-04 18:53:50.217998 [V:onnxruntime:, session_state.cc:1385 VerifyEachNodeIsAssignedToAnEp]   Transpose (/model/layers.11/self_attn/Transpose_1) ebaee2e1-06be-42c6-a7b1-de29475cc753:92:232
2026-10-04 18:53:50.217998 [V:onnxruntime:, session_state.cc:1385 VerifyEachNodeIsAssignedToAnEp]   MatMulNBits (/model/layers.11/self_attn/v_proj/MatMul_Q4) ebaee2e1-06be-42c6-a7b1-de29475cc753:92:232
2026-10-04 18:53:50.218998 [V:onnxruntime:, session_state.cc:1385 VerifyEachNodeIsAssignedToAnEp]   Reshape (/model/layers.11/self_attn/Reshape_2) ebaee2e1-06be-42c6-a7b1-de29475cc753:92:232
2026-10-04 18:53:50.218998 [V:onnxruntime:, session_state.cc:1385 VerifyEachNodeIsAssignedToAnEp]   Transpose (/model/layers.11/self_attn/Transpose_2) ebaee2e1-06be-42c6-a7b1-de29475cc753:92:232
2026-10-04 18:53:50.218998 [V:onnxruntime:, session_state.cc:1385 VerifyEachNodeIsAssignedToAnEp]   Mul (/model/layers.11/self_attn/Mul) ebaee2e1-06be-42c6-a7b1-de29475cc753:92:232
2026-10-04 18:53:50.218998 [V:onnxruntime:, session_state.cc:1385 VerifyEachNodeIsAssignedToAnEp]   Shape (/model/layers.11/self_attn/Shape_2) ebaee2e1-06be-42c6-a7b1-de29475cc753:92:232
2026-10-04 18:53:50.218998 [V:onnxruntime:, session_state.cc:1385 VerifyEachNodeIsAssignedToAnEp]   Slice (/model/layers.11/self_attn/Slice) ebaee2e1-06be-42c6-a7b1-de29475cc753:92:232
2026-10-04 18:53:50.219999 [V:onnxruntime:, session_state.cc:1385 VerifyEachNodeIsAssignedToAnEp]   Slice (/model/layers.11/self_attn/Slice_1) ebaee2e1-06be-42c6-a7b1-de29475cc753:92:232
2026-10-04 18:53:50.219999 [V:onnxruntime:, session_state.cc:1385 VerifyEachNodeIsAssignedToAnEp]   Neg (/model/layers.11/self_attn/Neg) ebaee2e1-06be-42c6-a7b1-de29475cc753:92:232
2026-10-04 18:53:50.219999 [V:onnxruntime:, session_state.cc:1385 VerifyEachNodeIsAssignedToAnEp]   Concat (/model/layers.11/self_attn/Concat_3) ebaee2e1-06be-42c6-a7b1-de29475cc753:92:232
2026-10-04 18:53:50.219999 [V:onnxruntime:, session_state.cc:1385 VerifyEachNodeIsAssignedToAnEp]   Mul (/model/layers.11/self_attn/Mul_1) ebaee2e1-06be-42c6-a7b1-de29475cc753:92:232
2026-10-04 18:53:50.219999 [V:onnxruntime:, session_state.cc:1385 VerifyEachNodeIsAssignedToAnEp]   Add (/model/layers.11/self_attn/Add) ebaee2e1-06be-42c6-a7b1-de29475cc753:92:232
2026-10-04 18:53:50.220999 [V:onnxruntime:, session_state.cc:1385 VerifyEachNodeIsAssignedToAnEp]   Mul (/model/layers.11/self_attn/Mul_2) ebaee2e1-06be-42c6-a7b1-de29475cc753:92:232
2026-10-04 18:53:50.220999 [V:onnxruntime:, session_state.cc:1385 VerifyEachNodeIsAssignedToAnEp]   Shape (/model/layers.11/self_attn/Shape_3) ebaee2e1-06be-42c6-a7b1-de29475cc753:92:232
2026-10-04 18:53:50.220999 [V:onnxruntime:, session_state.cc:1385 VerifyEachNodeIsAssignedToAnEp]   Slice (/model/layers.11/self_attn/Slice_2) ebaee2e1-06be-42c6-a7b1-de29475cc753:92:232
2026-10-04 18:53:50.220999 [V:onnxruntime:, session_state.cc:1385 VerifyEachNodeIsAssignedToAnEp]   Slice (/model/layers.11/self_attn/Slice_3) ebaee2e1-06be-42c6-a7b1-de29475cc753:92:232
2026-10-04 18:53:50.220999 [V:onnxruntime:, session_state.cc:1385 VerifyEachNodeIsAssignedToAnEp]   Neg (/model/layers.11/self_attn/Neg_1) ebaee2e1-06be-42c6-a7b1-de29475cc753:92:232
2026-10-04 18:53:50.221998 [V:onnxruntime:, session_state.cc:1385 VerifyEachNodeIsAssignedToAnEp]   Concat (/model/layers.11/self_attn/Concat_4) ebaee2e1-06be-42c6-a7b1-de29475cc753:92:232
2026-10-04 18:53:50.221998 [V:onnxruntime:, session_state.cc:1385 VerifyEachNodeIsAssignedToAnEp]   Mul (/model/layers.11/self_attn/Mul_3) ebaee2e1-06be-42c6-a7b1-de29475cc753:92:232
2026-10-04 18:53:50.221998 [V:onnxruntime:, session_state.cc:1385 VerifyEachNodeIsAssignedToAnEp]   Add (/model/layers.11/self_attn/Add_1) ebaee2e1-06be-42c6-a7b1-de29475cc753:92:232
2026-10-04 18:53:50.226998 [V:onnxruntime:, session_state.cc:1385 VerifyEachNodeIsAssignedToAnEp]   Concat (/model/layers.11/self_attn/Concat_5) ebaee2e1-06be-42c6-a7b1-de29475cc753:92:232
2026-10-04 18:53:50.226998 [V:onnxruntime:, session_state.cc:1385 VerifyEachNodeIsAssignedToAnEp]   Concat (/model/layers.11/self_attn/Concat_6) ebaee2e1-06be-42c6-a7b1-de29475cc753:92:232
2026-10-04 18:53:50.226998 [V:onnxruntime:, session_state.cc:1385 VerifyEachNodeIsAssignedToAnEp]   Shape (/model/layers.11/self_attn/Shape_7) ebaee2e1-06be-42c6-a7b1-de29475cc753:92:232
2026-10-04 18:53:50.226998 [V:onnxruntime:, session_state.cc:1385 VerifyEachNodeIsAssignedToAnEp]   Unsqueeze (/model/layers.11/self_attn/Unsqueeze_10) ebaee2e1-06be-42c6-a7b1-de29475cc753:92:232
2026-10-04 18:53:50.227999 [V:onnxruntime:, session_state.cc:1385 VerifyEachNodeIsAssignedToAnEp]   Expand (/model/layers.11/self_attn/Expand) ebaee2e1-06be-42c6-a7b1-de29475cc753:92:232
2026-10-04 18:53:50.227999 [V:onnxruntime:, session_state.cc:1385 VerifyEachNodeIsAssignedToAnEp]   Reshape (/model/layers.11/self_attn/Reshape_4) ebaee2e1-06be-42c6-a7b1-de29475cc753:92:232
2026-10-04 18:53:50.227999 [V:onnxruntime:, session_state.cc:1385 VerifyEachNodeIsAssignedToAnEp]   Shape (/model/layers.11/self_attn/Shape_12) ebaee2e1-06be-42c6-a7b1-de29475cc753:92:232
2026-10-04 18:53:50.228999 [V:onnxruntime:, session_state.cc:1385 VerifyEachNodeIsAssignedToAnEp]   Unsqueeze (/model/layers.11/self_attn/Unsqueeze_19) ebaee2e1-06be-42c6-a7b1-de29475cc753:92:232
2026-10-04 18:53:50.228999 [V:onnxruntime:, session_state.cc:1385 VerifyEachNodeIsAssignedToAnEp]   Expand (/model/layers.11/self_attn/Expand_1) ebaee2e1-06be-42c6-a7b1-de29475cc753:92:232
2026-10-04 18:53:50.229998 [V:onnxruntime:, session_state.cc:1385 VerifyEachNodeIsAssignedToAnEp]   Reshape (/model/layers.11/self_attn/Reshape_6) ebaee2e1-06be-42c6-a7b1-de29475cc753:92:232
2026-10-04 18:53:50.230999 [V:onnxruntime:, session_state.cc:1385 VerifyEachNodeIsAssignedToAnEp]   Shape (/model/layers.11/self_attn/Shape_14) ebaee2e1-06be-42c6-a7b1-de29475cc753:92:232
2026-10-04 18:53:50.231999 [V:onnxruntime:, session_state.cc:1385 VerifyEachNodeIsAssignedToAnEp]   Transpose (/model/layers.11/self_attn/Transpose_3) ebaee2e1-06be-42c6-a7b1-de29475cc753:92:232
2026-10-04 18:53:50.231999 [V:onnxruntime:, session_state.cc:1385 VerifyEachNodeIsAssignedToAnEp]   Mul (/model/layers.11/self_attn/Mul_8) ebaee2e1-06be-42c6-a7b1-de29475cc753:92:232
2026-10-04 18:53:50.232999 [V:onnxruntime:, session_state.cc:1385 VerifyEachNodeIsAssignedToAnEp]   Mul (/model/layers.11/self_attn/Mul_9) ebaee2e1-06be-42c6-a7b1-de29475cc753:92:232
2026-10-04 18:53:50.232999 [V:onnxruntime:, session_state.cc:1385 VerifyEachNodeIsAssignedToAnEp]   MatMul (/model/layers.11/self_attn/MatMul) ebaee2e1-06be-42c6-a7b1-de29475cc753:92:232
2026-10-04 18:53:50.232999 [V:onnxruntime:, session_state.cc:1385 VerifyEachNodeIsAssignedToAnEp]   Where (/model/layers.11/self_attn/Where_2) ebaee2e1-06be-42c6-a7b1-de29475cc753:92:232
2026-10-04 18:53:50.233998 [V:onnxruntime:, session_state.cc:1385 VerifyEachNodeIsAssignedToAnEp]   Add (/model/layers.11/self_attn/Add_2) ebaee2e1-06be-42c6-a7b1-de29475cc753:92:232
2026-10-04 18:53:50.233998 [V:onnxruntime:, session_state.cc:1385 VerifyEachNodeIsAssignedToAnEp]   Softmax (/model/layers.11/self_attn/Softmax) ebaee2e1-06be-42c6-a7b1-de29475cc753:92:232
2026-10-04 18:53:50.233998 [V:onnxruntime:, session_state.cc:1385 VerifyEachNodeIsAssignedToAnEp]   Where (/model/layers.11/self_attn/Where_3) ebaee2e1-06be-42c6-a7b1-de29475cc753:92:232
2026-10-04 18:53:50.233998 [V:onnxruntime:, session_state.cc:1385 VerifyEachNodeIsAssignedToAnEp]   MatMul (/model/layers.11/self_attn/MatMul_1) ebaee2e1-06be-42c6-a7b1-de29475cc753:92:232
2026-10-04 18:53:50.233998 [V:onnxruntime:, session_state.cc:1385 VerifyEachNodeIsAssignedToAnEp]   Transpose (/model/layers.11/self_attn/Transpose_4) ebaee2e1-06be-42c6-a7b1-de29475cc753:92:232
2026-10-04 18:53:50.234998 [V:onnxruntime:, session_state.cc:1385 VerifyEachNodeIsAssignedToAnEp]   Reshape (/model/layers.11/self_attn/Reshape_7) ebaee2e1-06be-42c6-a7b1-de29475cc753:92:232
2026-10-04 18:53:50.234998 [V:onnxruntime:, session_state.cc:1385 VerifyEachNodeIsAssignedToAnEp]   MatMulNBits (/model/layers.11/self_attn/o_proj/MatMul_Q4) ebaee2e1-06be-42c6-a7b1-de29475cc753:92:232
2026-10-04 18:53:50.234998 [V:onnxruntime:, session_state.cc:1385 VerifyEachNodeIsAssignedToAnEp]   Add (/model/layers.11/Add) ebaee2e1-06be-42c6-a7b1-de29475cc753:92:232
2026-10-04 18:53:50.234998 [V:onnxruntime:, session_state.cc:1385 VerifyEachNodeIsAssignedToAnEp]   Pow (/model/layers.11/post_attention_layernorm/Pow) ebaee2e1-06be-42c6-a7b1-de29475cc753:92:232
2026-10-04 18:53:50.234998 [V:onnxruntime:, session_state.cc:1385 VerifyEachNodeIsAssignedToAnEp]   ReduceMean (/model/layers.11/post_attention_layernorm/ReduceMean) ebaee2e1-06be-42c6-a7b1-de29475cc753:92:232
2026-10-04 18:53:50.234998 [V:onnxruntime:, session_state.cc:1385 VerifyEachNodeIsAssignedToAnEp]   Add (/model/layers.11/post_attention_layernorm/Add) ebaee2e1-06be-42c6-a7b1-de29475cc753:92:232
2026-10-04 18:53:50.235999 [V:onnxruntime:, session_state.cc:1385 VerifyEachNodeIsAssignedToAnEp]   Sqrt (/model/layers.11/post_attention_layernorm/Sqrt) ebaee2e1-06be-42c6-a7b1-de29475cc753:92:232
2026-10-04 18:53:50.235999 [V:onnxruntime:, session_state.cc:1385 VerifyEachNodeIsAssignedToAnEp]   Div (/model/layers.11/post_attention_layernorm/Div) ebaee2e1-06be-42c6-a7b1-de29475cc753:92:232
2026-10-04 18:53:50.235999 [V:onnxruntime:, session_state.cc:1385 VerifyEachNodeIsAssignedToAnEp]   Mul (/model/layers.11/post_attention_layernorm/Mul_1) ebaee2e1-06be-42c6-a7b1-de29475cc753:92:232
2026-10-04 18:53:50.235999 [V:onnxruntime:, session_state.cc:1385 VerifyEachNodeIsAssignedToAnEp]   MatMulNBits (/model/layers.11/mlp/gate_proj/MatMul_Q4) ebaee2e1-06be-42c6-a7b1-de29475cc753:92:232
2026-10-04 18:53:50.235999 [V:onnxruntime:, session_state.cc:1385 VerifyEachNodeIsAssignedToAnEp]   MatMulNBits (/model/layers.11/mlp/up_proj/MatMul_Q4) ebaee2e1-06be-42c6-a7b1-de29475cc753:92:232
2026-10-04 18:53:50.236999 [V:onnxruntime:, session_state.cc:1385 VerifyEachNodeIsAssignedToAnEp]   Mul (/model/layers.11/mlp/Mul) ebaee2e1-06be-42c6-a7b1-de29475cc753:92:232
2026-10-04 18:53:50.236999 [V:onnxruntime:, session_state.cc:1385 VerifyEachNodeIsAssignedToAnEp]   MatMulNBits (/model/layers.11/mlp/down_proj/MatMul_Q4) ebaee2e1-06be-42c6-a7b1-de29475cc753:92:232
2026-10-04 18:53:50.236999 [V:onnxruntime:, session_state.cc:1385 VerifyEachNodeIsAssignedToAnEp]   Add (/model/layers.11/Add_1) ebaee2e1-06be-42c6-a7b1-de29475cc753:92:232
2026-10-04 18:53:50.236999 [V:onnxruntime:, session_state.cc:1385 VerifyEachNodeIsAssignedToAnEp]   Pow (/model/norm/Pow) ebaee2e1-06be-42c6-a7b1-de29475cc753:92:232
2026-10-04 18:53:50.237998 [V:onnxruntime:, session_state.cc:1385 VerifyEachNodeIsAssignedToAnEp]   ReduceMean (/model/norm/ReduceMean) ebaee2e1-06be-42c6-a7b1-de29475cc753:92:232
2026-10-04 18:53:50.237998 [V:onnxruntime:, session_state.cc:1385 VerifyEachNodeIsAssignedToAnEp]   Add (/model/norm/Add) ebaee2e1-06be-42c6-a7b1-de29475cc753:92:232
2026-10-04 18:53:50.237998 [V:onnxruntime:, session_state.cc:1385 VerifyEachNodeIsAssignedToAnEp]   Sqrt (/model/norm/Sqrt) ebaee2e1-06be-42c6-a7b1-de29475cc753:92:232
2026-10-04 18:53:50.237998 [V:onnxruntime:, session_state.cc:1385 VerifyEachNodeIsAssignedToAnEp]   Div (/model/norm/Div) ebaee2e1-06be-42c6-a7b1-de29475cc753:92:232
2026-10-04 18:53:50.237998 [V:onnxruntime:, session_state.cc:1385 VerifyEachNodeIsAssignedToAnEp]   Mul (/model/norm/Mul_1) ebaee2e1-06be-42c6-a7b1-de29475cc753:92:232
2026-10-04 18:53:50.238999 [V:onnxruntime:, session_state.cc:1385 VerifyEachNodeIsAssignedToAnEp]   MatMulNBits (/lm_head/MatMul_Q4) ebaee2e1-06be-42c6-a7b1-de29475cc753:92:232
2026-10-04 18:53:50.238999 [V:onnxruntime:, session_state.cc:1385 VerifyEachNodeIsAssignedToAnEp]   Transpose (Transpose_token_47) ebaee2e1-06be-42c6-a7b1-de29475cc753:92:232
2026-10-04 18:53:50.238999 [V:onnxruntime:, session_state.cc:1385 VerifyEachNodeIsAssignedToAnEp]   Transpose (Transpose_token_49) ebaee2e1-06be-42c6-a7b1-de29475cc753:92:232
2026-10-04 18:53:50.238999 [V:onnxruntime:, session_state.cc:1385 VerifyEachNodeIsAssignedToAnEp]   QuickGelu (/model/layers.0/mlp/act_fn/Mul/QuickGeluFusion/) ebaee2e1-06be-42c6-a7b1-de29475cc753:92:232
2026-10-04 18:53:50.238999 [V:onnxruntime:, session_state.cc:1385 VerifyEachNodeIsAssignedToAnEp]   QuickGelu (/model/layers.1/mlp/act_fn/Mul/QuickGeluFusion/) ebaee2e1-06be-42c6-a7b1-de29475cc753:92:232
2026-10-04 18:53:50.238999 [V:onnxruntime:, session_state.cc:1385 VerifyEachNodeIsAssignedToAnEp]   QuickGelu (/model/layers.2/mlp/act_fn/Mul/QuickGeluFusion/) ebaee2e1-06be-42c6-a7b1-de29475cc753:92:232
2026-10-04 18:53:50.239999 [V:onnxruntime:, session_state.cc:1385 VerifyEachNodeIsAssignedToAnEp]   QuickGelu (/model/layers.3/mlp/act_fn/Mul/QuickGeluFusion/) ebaee2e1-06be-42c6-a7b1-de29475cc753:92:232
2026-10-04 18:53:50.239999 [V:onnxruntime:, session_state.cc:1385 VerifyEachNodeIsAssignedToAnEp]   QuickGelu (/model/layers.4/mlp/act_fn/Mul/QuickGeluFusion/) ebaee2e1-06be-42c6-a7b1-de29475cc753:92:232
2026-10-04 18:53:50.239999 [V:onnxruntime:, session_state.cc:1385 VerifyEachNodeIsAssignedToAnEp]   QuickGelu (/model/layers.5/mlp/act_fn/Mul/QuickGeluFusion/) ebaee2e1-06be-42c6-a7b1-de29475cc753:92:232
2026-10-04 18:53:50.239999 [V:onnxruntime:, session_state.cc:1385 VerifyEachNodeIsAssignedToAnEp]   QuickGelu (/model/layers.6/mlp/act_fn/Mul/QuickGeluFusion/) ebaee2e1-06be-42c6-a7b1-de29475cc753:92:232
2026-10-04 18:53:50.239999 [V:onnxruntime:, session_state.cc:1385 VerifyEachNodeIsAssignedToAnEp]   QuickGelu (/model/layers.7/mlp/act_fn/Mul/QuickGeluFusion/) ebaee2e1-06be-42c6-a7b1-de29475cc753:92:232
2026-10-04 18:53:50.240999 [V:onnxruntime:, session_state.cc:1385 VerifyEachNodeIsAssignedToAnEp]   QuickGelu (/model/layers.8/mlp/act_fn/Mul/QuickGeluFusion/) ebaee2e1-06be-42c6-a7b1-de29475cc753:92:232
2026-10-04 18:53:50.240999 [V:onnxruntime:, session_state.cc:1385 VerifyEachNodeIsAssignedToAnEp]   QuickGelu (/model/layers.9/mlp/act_fn/Mul/QuickGeluFusion/) ebaee2e1-06be-42c6-a7b1-de29475cc753:92:232
2026-10-04 18:53:50.240999 [V:onnxruntime:, session_state.cc:1385 VerifyEachNodeIsAssignedToAnEp]   QuickGelu (/model/layers.10/mlp/act_fn/Mul/QuickGeluFusion/) ebaee2e1-06be-42c6-a7b1-de29475cc753:92:232
2026-10-04 18:53:50.240999 [V:onnxruntime:, session_state.cc:1385 VerifyEachNodeIsAssignedToAnEp]   QuickGelu (/model/layers.11/mlp/act_fn/Mul/QuickGeluFusion/) ebaee2e1-06be-42c6-a7b1-de29475cc753:92:232
2026-10-04 18:53:50.240999 [V:onnxruntime:, session_state.cc:1385 VerifyEachNodeIsAssignedToAnEp]   MemcpyFromHost (Memcpy) ebaee2e1-06be-42c6-a7b1-de29475cc753:92:232
2026-10-04 18:53:50.241998 [V:onnxruntime:, session_state.cc:1385 VerifyEachNodeIsAssignedToAnEp]   MemcpyFromHost (Memcpy_token_50) ebaee2e1-06be-42c6-a7b1-de29475cc753:92:232
2026-10-04 18:53:50.241998 [V:onnxruntime:, session_state.cc:1385 VerifyEachNodeIsAssignedToAnEp]   MemcpyFromHost (Memcpy_token_51) ebaee2e1-06be-42c6-a7b1-de29475cc753:92:232
2026-10-04 18:53:50.241998 [V:onnxruntime:, session_state.cc:1385 VerifyEachNodeIsAssignedToAnEp]   MemcpyFromHost (Memcpy_token_52) ebaee2e1-06be-42c6-a7b1-de29475cc753:92:232
2026-10-04 18:53:50.241998 [V:onnxruntime:, session_state.cc:1385 VerifyEachNodeIsAssignedToAnEp]   MemcpyFromHost (Memcpy_token_53) ebaee2e1-06be-42c6-a7b1-de29475cc753:92:232
2026-10-04 18:53:50.241998 [V:onnxruntime:, session_state.cc:1385 VerifyEachNodeIsAssignedToAnEp]   MemcpyFromHost (Memcpy_token_54) ebaee2e1-06be-42c6-a7b1-de29475cc753:92:232
2026-10-04 18:53:50.242998 [V:onnxruntime:, session_state.cc:1385 VerifyEachNodeIsAssignedToAnEp]   MemcpyFromHost (Memcpy_token_55) ebaee2e1-06be-42c6-a7b1-de29475cc753:92:232
2026-10-04 18:53:50.242998 [V:onnxruntime:, session_state.cc:1385 VerifyEachNodeIsAssignedToAnEp]   MemcpyFromHost (Memcpy_token_56) ebaee2e1-06be-42c6-a7b1-de29475cc753:92:232
2026-10-04 18:53:50.242998 [V:onnxruntime:, session_state.cc:1385 VerifyEachNodeIsAssignedToAnEp]   MemcpyFromHost (Memcpy_token_57) ebaee2e1-06be-42c6-a7b1-de29475cc753:92:232
2026-10-04 18:53:50.242998 [V:onnxruntime:, session_state.cc:1385 VerifyEachNodeIsAssignedToAnEp]   MemcpyFromHost (Memcpy_token_58) ebaee2e1-06be-42c6-a7b1-de29475cc753:92:232
2026-10-04 18:53:50.242998 [V:onnxruntime:, session_state.cc:1385 VerifyEachNodeIsAssignedToAnEp]   MemcpyFromHost (Memcpy_token_59) ebaee2e1-06be-42c6-a7b1-de29475cc753:92:232
2026-10-04 18:53:50.243999 [V:onnxruntime:, session_state.cc:1385 VerifyEachNodeIsAssignedToAnEp]   MemcpyFromHost (Memcpy_token_60) ebaee2e1-06be-42c6-a7b1-de29475cc753:92:232
2026-10-04 18:53:50.243999 [V:onnxruntime:, session_state.cc:1385 VerifyEachNodeIsAssignedToAnEp]   MemcpyFromHost (Memcpy_token_61) ebaee2e1-06be-42c6-a7b1-de29475cc753:92:232
2026-10-04 18:53:50.243999 [V:onnxruntime:, session_state.cc:1385 VerifyEachNodeIsAssignedToAnEp]   MemcpyFromHost (Memcpy_token_62) ebaee2e1-06be-42c6-a7b1-de29475cc753:92:232
2026-10-04 18:53:50.244999 [V:onnxruntime:, session_state.cc:1385 VerifyEachNodeIsAssignedToAnEp]   MemcpyFromHost (Memcpy_token_63) ebaee2e1-06be-42c6-a7b1-de29475cc753:92:232
2026-10-04 18:53:50.244999 [V:onnxruntime:, session_state.cc:1385 VerifyEachNodeIsAssignedToAnEp]   MemcpyFromHost (Memcpy_token_64) ebaee2e1-06be-42c6-a7b1-de29475cc753:92:232
2026-10-04 18:53:50.244999 [V:onnxruntime:, session_state.cc:1385 VerifyEachNodeIsAssignedToAnEp]   MemcpyFromHost (Memcpy_token_65) ebaee2e1-06be-42c6-a7b1-de29475cc753:92:232
2026-10-04 18:53:50.245998 [V:onnxruntime:, session_state.cc:1385 VerifyEachNodeIsAssignedToAnEp]   MemcpyFromHost (Memcpy_token_66) ebaee2e1-06be-42c6-a7b1-de29475cc753:92:232
2026-10-04 18:53:50.246999 [V:onnxruntime:, session_state.cc:1385 VerifyEachNodeIsAssignedToAnEp]   MemcpyFromHost (Memcpy_token_67) ebaee2e1-06be-42c6-a7b1-de29475cc753:92:232
2026-10-04 18:53:50.247999 [V:onnxruntime:, session_state.cc:1385 VerifyEachNodeIsAssignedToAnEp]   MemcpyFromHost (Memcpy_token_68) ebaee2e1-06be-42c6-a7b1-de29475cc753:92:232
2026-10-04 18:53:50.247999 [V:onnxruntime:, session_state.cc:1385 VerifyEachNodeIsAssignedToAnEp]   MemcpyFromHost (Memcpy_token_69) ebaee2e1-06be-42c6-a7b1-de29475cc753:92:232
2026-10-04 18:53:50.247999 [V:onnxruntime:, session_state.cc:1385 VerifyEachNodeIsAssignedToAnEp]   MemcpyFromHost (Memcpy_token_70) ebaee2e1-06be-42c6-a7b1-de29475cc753:92:232
2026-10-04 18:53:50.248999 [V:onnxruntime:, session_state.cc:1385 VerifyEachNodeIsAssignedToAnEp]   MemcpyFromHost (Memcpy_token_71) ebaee2e1-06be-42c6-a7b1-de29475cc753:92:232
2026-10-04 18:53:50.248999 [V:onnxruntime:, session_state.cc:1385 VerifyEachNodeIsAssignedToAnEp]   MemcpyFromHost (Memcpy_token_72) ebaee2e1-06be-42c6-a7b1-de29475cc753:92:232
2026-10-04 18:53:50.248999 [V:onnxruntime:, session_state.cc:1385 VerifyEachNodeIsAssignedToAnEp]   MemcpyFromHost (Memcpy_token_73) ebaee2e1-06be-42c6-a7b1-de29475cc753:92:232
2026-10-04 18:53:50.249998 [V:onnxruntime:, session_state.cc:1385 VerifyEachNodeIsAssignedToAnEp]   MemcpyFromHost (Memcpy_token_74) ebaee2e1-06be-42c6-a7b1-de29475cc753:92:232
2026-10-04 18:53:50.249998 [V:onnxruntime:, session_state.cc:1385 VerifyEachNodeIsAssignedToAnEp]   MemcpyFromHost (Memcpy_token_75) ebaee2e1-06be-42c6-a7b1-de29475cc753:92:232
2026-10-04 18:53:50.249998 [V:onnxruntime:, session_state.cc:1385 VerifyEachNodeIsAssignedToAnEp]   MemcpyFromHost (Memcpy_token_76) ebaee2e1-06be-42c6-a7b1-de29475cc753:92:232
2026-10-04 18:53:50.249998 [V:onnxruntime:, session_state.cc:1385 VerifyEachNodeIsAssignedToAnEp]   MemcpyToHost (Memcpy_token_77) ebaee2e1-06be-42c6-a7b1-de29475cc753:92:232
2026-10-04 18:53:50.249998 [V:onnxruntime:, session_state.cc:1385 VerifyEachNodeIsAssignedToAnEp]   MemcpyToHost (Memcpy_token_78) ebaee2e1-06be-42c6-a7b1-de29475cc753:92:232
2026-10-04 18:53:50.250998 [V:onnxruntime:, session_state.cc:1385 VerifyEachNodeIsAssignedToAnEp]   MemcpyToHost (Memcpy_token_79) ebaee2e1-06be-42c6-a7b1-de29475cc753:92:232
2026-10-04 18:53:50.250998 [V:onnxruntime:, session_state.cc:1385 VerifyEachNodeIsAssignedToAnEp]   MemcpyToHost (Memcpy_token_80) ebaee2e1-06be-42c6-a7b1-de29475cc753:92:232
2026-10-04 18:53:50.250998 [V:onnxruntime:, session_state.cc:1385 VerifyEachNodeIsAssignedToAnEp]   MemcpyToHost (Memcpy_token_81) ebaee2e1-06be-42c6-a7b1-de29475cc753:92:232
2026-10-04 18:53:50.250998 [V:onnxruntime:, session_state.cc:1385 VerifyEachNodeIsAssignedToAnEp]   MemcpyToHost (Memcpy_token_82) ebaee2e1-06be-42c6-a7b1-de29475cc753:92:232
2026-10-04 18:53:50.250998 [V:onnxruntime:, session_state.cc:1385 VerifyEachNodeIsAssignedToAnEp]   MemcpyToHost (Memcpy_token_83) ebaee2e1-06be-42c6-a7b1-de29475cc753:92:232
2026-10-04 18:53:50.251999 [V:onnxruntime:, session_state.cc:1385 VerifyEachNodeIsAssignedToAnEp]   MemcpyToHost (Memcpy_token_84) ebaee2e1-06be-42c6-a7b1-de29475cc753:92:232
2026-10-04 18:53:50.251999 [V:onnxruntime:, session_state.cc:1385 VerifyEachNodeIsAssignedToAnEp]   MemcpyToHost (Memcpy_token_85) ebaee2e1-06be-42c6-a7b1-de29475cc753:92:232
2026-10-04 18:53:50.251999 [V:onnxruntime:, session_state.cc:1385 VerifyEachNodeIsAssignedToAnEp]   MemcpyToHost (Memcpy_token_86) ebaee2e1-06be-42c6-a7b1-de29475cc753:92:232
2026-10-04 18:53:50.251999 [V:onnxruntime:, session_state.cc:1385 VerifyEachNodeIsAssignedToAnEp]   MemcpyToHost (Memcpy_token_87) ebaee2e1-06be-42c6-a7b1-de29475cc753:92:232
2026-10-04 18:53:50.251999 [V:onnxruntime:, session_state.cc:1385 VerifyEachNodeIsAssignedToAnEp]   MemcpyToHost (Memcpy_token_88) ebaee2e1-06be-42c6-a7b1-de29475cc753:92:232
2026-10-04 18:53:50.251999 [V:onnxruntime:, session_state.cc:1385 VerifyEachNodeIsAssignedToAnEp]   MemcpyToHost (Memcpy_token_89) ebaee2e1-06be-42c6-a7b1-de29475cc753:92:232
�[0;93m2026-10-04 18:53:50.252999 [W:onnxruntime:, session_state.cc:1397 VerifyEachNodeIsAssignedToAnEp] Some nodes were not assigned to the preferred execution providers which may or may not have an negative impact on performance. e.g. ORT explicitly assigns shape related ops to CPU to improve perf.�[m ebaee2e1-06be-42c6-a7b1-de29475cc753:92:232
2026-10-04 18:53:50.304999 [V:onnxruntime:, session_state.cc:186 CreateGraphInfo] SaveMLValueNameIndexMapping ebaee2e1-06be-42c6-a7b1-de29475cc753:92:232
2026-10-04 18:53:50.316999 [V:onnxruntime:, session_state.cc:232 CreateGraphInfo] Done saving OrtValue mappings. ebaee2e1-06be-42c6-a7b1-de29475cc753:92:232
2026-10-04 18:53:50.317998 [I:onnxruntime:, allocation_planner.cc:2653 CreateGraphPartitioner] Use DeviceBasedPartition as default ebaee2e1-06be-42c6-a7b1-de29475cc753:92:232
2026-10-04 18:53:51.000999 [I:onnxruntime:, session_state_utils.cc:263 SaveInitializedTensors] Saving initialized tensors. ebaee2e1-06be-42c6-a7b1-de29475cc753:92:232
2026-10-04 18:53:51.152999 [I:onnxruntime:, session_state_utils.cc:463 SaveInitializedTensors] Done saving initialized tensors ebaee2e1-06be-42c6-a7b1-de29475cc753:92:232
2026-10-04 18:53:51.162998 [I:onnxruntime:, inference_session.cc:3094 Initialize] Session successfully initialized. ebaee2e1-06be-42c6-a7b1-de29475cc753:92:232
